solid OpenSCAD_Model
  facet normal 0.0489209 0.998803 -0
    outer loop
      vertex 38.746 67.9904 0
      vertex 38.55 68 2.5
      vertex 38.746 67.9904 2.5
    endloop
  endfacet
  facet normal 0.0489209 0.998803 0
    outer loop
      vertex 38.55 68 2.5
      vertex 38.746 67.9904 0
      vertex 38.55 68 0
    endloop
  endfacet
  facet normal -0.740908 -0.671607 0
    outer loop
      vertex -39.9642 -71.2142 0
      vertex -40.096 -71.0688 2.5
      vertex -40.096 -71.0688 0
    endloop
  endfacet
  facet normal -0.740908 -0.671607 0
    outer loop
      vertex -40.096 -71.0688 2.5
      vertex -39.9642 -71.2142 0
      vertex -39.9642 -71.2142 2.5
    endloop
  endfacet
  facet normal -0.514196 -0.857673 0
    outer loop
      vertex -39.6611 -71.4629 0
      vertex -39.4928 -71.5638 2.5
      vertex -39.6611 -71.4629 2.5
    endloop
  endfacet
  facet normal -0.514196 -0.857673 -0
    outer loop
      vertex -39.4928 -71.5638 2.5
      vertex -39.6611 -71.4629 0
      vertex -39.4928 -71.5638 0
    endloop
  endfacet
  facet normal 0.595508 -0.80335 0
    outer loop
      vertex 39.6611 -71.4629 0
      vertex 39.8188 -71.346 2.5
      vertex 39.6611 -71.4629 2.5
    endloop
  endfacet
  facet normal 0.595508 -0.80335 0
    outer loop
      vertex 39.8188 -71.346 2.5
      vertex 39.6611 -71.4629 0
      vertex 39.8188 -71.346 0
    endloop
  endfacet
  facet normal -1 0 0
    outer loop
      vertex -40.55 -69.8 0
      vertex -40.55 66 2.5
      vertex -40.55 66 0
    endloop
  endfacet
  facet normal -1 -0 0
    outer loop
      vertex -40.55 66 2.5
      vertex -40.55 -69.8 0
      vertex -40.55 -69.8 2.5
    endloop
  endfacet
  facet normal 0.336788 -0.94158 0
    outer loop
      vertex 39.1306 -71.7139 0
      vertex 39.3154 -71.6478 2.5
      vertex 39.1306 -71.7139 2.5
    endloop
  endfacet
  facet normal 0.336788 -0.94158 0
    outer loop
      vertex 39.3154 -71.6478 2.5
      vertex 39.1306 -71.7139 0
      vertex 39.3154 -71.6478 0
    endloop
  endfacet
  facet normal 0.243015 -0.970023 0
    outer loop
      vertex 38.9402 -71.7616 0
      vertex 39.1306 -71.7139 2.5
      vertex 38.9402 -71.7616 2.5
    endloop
  endfacet
  facet normal 0.243015 -0.970023 0
    outer loop
      vertex 39.1306 -71.7139 2.5
      vertex 38.9402 -71.7616 0
      vertex 39.1306 -71.7139 0
    endloop
  endfacet
  facet normal 0 -1 0
    outer loop
      vertex -38.55 -71.8 2.5
      vertex -37.8 -71.8 1.4
      vertex -37.8 -71.8 2.5
    endloop
  endfacet
  facet normal 0 -1 0
    outer loop
      vertex -38.55 -71.8 0
      vertex -37.8 -71.8 1.4
      vertex -38.55 -71.8 2.5
    endloop
  endfacet
  facet normal 0 -1 0
    outer loop
      vertex -8 -71.8 0
      vertex -37.8 -71.8 1.4
      vertex -38.55 -71.8 0
    endloop
  endfacet
  facet normal 0 -1 0
    outer loop
      vertex -37.8 -71.8 1.4
      vertex -8 -71.8 0
      vertex -8 -71.8 1.4
    endloop
  endfacet
  facet normal 0 -1 0
    outer loop
      vertex 37.8 -71.8 1.4
      vertex 38.55 -71.8 2.5
      vertex 37.8 -71.8 2.5
    endloop
  endfacet
  facet normal 0 -1 0
    outer loop
      vertex 37.8 -71.8 1.4
      vertex 38.55 -71.8 0
      vertex 38.55 -71.8 2.5
    endloop
  endfacet
  facet normal 0 -1 0
    outer loop
      vertex 38.55 -71.8 0
      vertex 37.8 -71.8 1.4
      vertex 8 -71.8 0
    endloop
  endfacet
  facet normal 0 -1 0
    outer loop
      vertex 8 -71.8 1.4
      vertex 8 -71.8 0
      vertex 37.8 -71.8 1.4
    endloop
  endfacet
  facet normal -0.595508 0.80335 0
    outer loop
      vertex -39.6611 67.6629 0
      vertex -39.8188 67.546 2.5
      vertex -39.6611 67.6629 2.5
    endloop
  endfacet
  facet normal -0.595508 0.80335 0
    outer loop
      vertex -39.8188 67.546 2.5
      vertex -39.6611 67.6629 0
      vertex -39.8188 67.546 0
    endloop
  endfacet
  facet normal -0.146696 -0.989182 0
    outer loop
      vertex -38.9402 -71.7616 0
      vertex -38.746 -71.7904 2.5
      vertex -38.9402 -71.7616 2.5
    endloop
  endfacet
  facet normal -0.146696 -0.989182 -0
    outer loop
      vertex -38.746 -71.7904 2.5
      vertex -38.9402 -71.7616 0
      vertex -38.746 -71.7904 0
    endloop
  endfacet
  facet normal -0.427955 -0.9038 0
    outer loop
      vertex -39.4928 -71.5638 0
      vertex -39.3154 -71.6478 2.5
      vertex -39.4928 -71.5638 2.5
    endloop
  endfacet
  facet normal -0.427955 -0.9038 -0
    outer loop
      vertex -39.3154 -71.6478 2.5
      vertex -39.4928 -71.5638 0
      vertex -39.3154 -71.6478 0
    endloop
  endfacet
  facet normal -0.998803 -0.0489209 0
    outer loop
      vertex -40.5404 -69.996 0
      vertex -40.55 -69.8 2.5
      vertex -40.55 -69.8 0
    endloop
  endfacet
  facet normal -0.998803 -0.0489209 0
    outer loop
      vertex -40.55 -69.8 2.5
      vertex -40.5404 -69.996 0
      vertex -40.5404 -69.996 2.5
    endloop
  endfacet
  facet normal 0 1 0
    outer loop
      vertex 38.55 68 2.5
      vertex 21.0715 68 2.45
      vertex 21.0715 68 2.5
    endloop
  endfacet
  facet normal 0 1 0
    outer loop
      vertex 38.55 68 0
      vertex 18.9285 68 2.45
      vertex 21.0715 68 2.45
    endloop
  endfacet
  facet normal 0 1 0
    outer loop
      vertex 18.9285 68 2.45
      vertex 38.55 68 0
      vertex -18.9285 68 2.45
    endloop
  endfacet
  facet normal 0 1 0
    outer loop
      vertex -38.55 68 0
      vertex -18.9285 68 2.45
      vertex 38.55 68 0
    endloop
  endfacet
  facet normal 0 1 -0
    outer loop
      vertex 38.55 68 0
      vertex 21.0715 68 2.45
      vertex 38.55 68 2.5
    endloop
  endfacet
  facet normal 0 1 -0
    outer loop
      vertex 18.9285 68 2.45
      vertex -18.9285 68 2.5
      vertex 18.9285 68 2.5
    endloop
  endfacet
  facet normal 0 1 0
    outer loop
      vertex -18.9285 68 2.5
      vertex 18.9285 68 2.45
      vertex -18.9285 68 2.45
    endloop
  endfacet
  facet normal 0 1 -0
    outer loop
      vertex -21.0715 68 2.45
      vertex -38.55 68 2.5
      vertex -21.0715 68 2.5
    endloop
  endfacet
  facet normal 0 1 0
    outer loop
      vertex -18.9285 68 2.45
      vertex -38.55 68 0
      vertex -21.0715 68 2.45
    endloop
  endfacet
  facet normal 0 1 0
    outer loop
      vertex -21.0715 68 2.45
      vertex -38.55 68 0
      vertex -38.55 68 2.5
    endloop
  endfacet
  facet normal -0.514196 0.857673 0
    outer loop
      vertex -39.4928 67.7638 0
      vertex -39.6611 67.6629 2.5
      vertex -39.4928 67.7638 2.5
    endloop
  endfacet
  facet normal -0.514196 0.857673 0
    outer loop
      vertex -39.6611 67.6629 2.5
      vertex -39.4928 67.7638 0
      vertex -39.6611 67.6629 0
    endloop
  endfacet
  facet normal 0.514196 -0.857673 0
    outer loop
      vertex 39.4928 -71.5638 0
      vertex 39.6611 -71.4629 2.5
      vertex 39.4928 -71.5638 2.5
    endloop
  endfacet
  facet normal 0.514196 -0.857673 0
    outer loop
      vertex 39.6611 -71.4629 2.5
      vertex 39.4928 -71.5638 0
      vertex 39.6611 -71.4629 0
    endloop
  endfacet
  facet normal -0.94158 0.336788 0
    outer loop
      vertex -40.4639 66.5806 0
      vertex -40.3978 66.7654 2.5
      vertex -40.3978 66.7654 0
    endloop
  endfacet
  facet normal -0.94158 0.336788 0
    outer loop
      vertex -40.3978 66.7654 2.5
      vertex -40.4639 66.5806 0
      vertex -40.4639 66.5806 2.5
    endloop
  endfacet
  facet normal 0.671607 -0.740908 0
    outer loop
      vertex 39.8188 -71.346 0
      vertex 39.9642 -71.2142 2.5
      vertex 39.8188 -71.346 2.5
    endloop
  endfacet
  facet normal 0.671607 -0.740908 0
    outer loop
      vertex 39.9642 -71.2142 2.5
      vertex 39.8188 -71.346 0
      vertex 39.9642 -71.2142 0
    endloop
  endfacet
  facet normal -0.970023 0.243015 0
    outer loop
      vertex -40.5116 66.3902 0
      vertex -40.4639 66.5806 2.5
      vertex -40.4639 66.5806 0
    endloop
  endfacet
  facet normal -0.970023 0.243015 0
    outer loop
      vertex -40.4639 66.5806 2.5
      vertex -40.5116 66.3902 0
      vertex -40.5116 66.3902 2.5
    endloop
  endfacet
  facet normal -0.336788 -0.94158 0
    outer loop
      vertex -39.3154 -71.6478 0
      vertex -39.1306 -71.7139 2.5
      vertex -39.3154 -71.6478 2.5
    endloop
  endfacet
  facet normal -0.336788 -0.94158 -0
    outer loop
      vertex -39.1306 -71.7139 2.5
      vertex -39.3154 -71.6478 0
      vertex -39.1306 -71.7139 0
    endloop
  endfacet
  facet normal 0 0 1
    outer loop
      vertex -21.3933 67.2372 2.5
      vertex -37.8 65.3 2.5
      vertex -21.4 67.1 2.5
    endloop
  endfacet
  facet normal 0 0 1
    outer loop
      vertex -21.3731 67.3731 2.5
      vertex -37.8 65.3 2.5
      vertex -21.3933 67.2372 2.5
    endloop
  endfacet
  facet normal 0 0 1
    outer loop
      vertex -38.55 68 2.5
      vertex -21.3731 67.3731 2.5
      vertex -21.3397 67.5064 2.5
    endloop
  endfacet
  facet normal 0 0 1
    outer loop
      vertex -38.55 68 2.5
      vertex -21.3397 67.5064 2.5
      vertex -21.2934 67.6358 2.5
    endloop
  endfacet
  facet normal 0 0 1
    outer loop
      vertex -38.55 68 2.5
      vertex -21.2934 67.6358 2.5
      vertex -21.2347 67.76 2.5
    endloop
  endfacet
  facet normal 0 0 1
    outer loop
      vertex -38.55 68 2.5
      vertex -21.2347 67.76 2.5
      vertex -21.1641 67.8778 2.5
    endloop
  endfacet
  facet normal 0 0 1
    outer loop
      vertex -38.55 68 2.5
      vertex -21.1641 67.8778 2.5
      vertex -21.0822 67.9882 2.5
    endloop
  endfacet
  facet normal -0 0 1
    outer loop
      vertex -38.55 68 2.5
      vertex -21.0822 67.9882 2.5
      vertex -21.0715 68 2.5
    endloop
  endfacet
  facet normal 0 0 1
    outer loop
      vertex -21.3731 67.3731 2.5
      vertex -38.55 68 2.5
      vertex -37.8 65.3 2.5
    endloop
  endfacet
  facet normal -0 0 1
    outer loop
      vertex -38.746 67.9904 2.5
      vertex -37.8 65.3 2.5
      vertex -38.55 68 2.5
    endloop
  endfacet
  facet normal 0 0 1
    outer loop
      vertex -40.55 -69.8 2.5
      vertex -37.8 65.3 2.5
      vertex -40.55 66 2.5
    endloop
  endfacet
  facet normal -0 0 1
    outer loop
      vertex -38.9402 67.9616 2.5
      vertex -37.8 65.3 2.5
      vertex -38.746 67.9904 2.5
    endloop
  endfacet
  facet normal 0 0 1
    outer loop
      vertex -37.8 65.3 2.5
      vertex -40.55 -69.8 2.5
      vertex -37.8 -71.8 2.5
    endloop
  endfacet
  facet normal -0 0 1
    outer loop
      vertex -39.1306 67.9139 2.5
      vertex -37.8 65.3 2.5
      vertex -38.9402 67.9616 2.5
    endloop
  endfacet
  facet normal 0 0 1
    outer loop
      vertex -37.8 -71.8 2.5
      vertex -40.55 -69.8 2.5
      vertex -38.55 -71.8 2.5
    endloop
  endfacet
  facet normal -0 0 1
    outer loop
      vertex -39.3154 67.8478 2.5
      vertex -37.8 65.3 2.5
      vertex -39.1306 67.9139 2.5
    endloop
  endfacet
  facet normal 0 0 1
    outer loop
      vertex -38.55 -71.8 2.5
      vertex -40.55 -69.8 2.5
      vertex -38.746 -71.7904 2.5
    endloop
  endfacet
  facet normal -0 0 1
    outer loop
      vertex -39.4928 67.7638 2.5
      vertex -37.8 65.3 2.5
      vertex -39.3154 67.8478 2.5
    endloop
  endfacet
  facet normal 0 0 1
    outer loop
      vertex -38.746 -71.7904 2.5
      vertex -40.55 -69.8 2.5
      vertex -38.9402 -71.7616 2.5
    endloop
  endfacet
  facet normal -0 0 1
    outer loop
      vertex -39.6611 67.6629 2.5
      vertex -37.8 65.3 2.5
      vertex -39.4928 67.7638 2.5
    endloop
  endfacet
  facet normal 0 0 1
    outer loop
      vertex -38.9402 -71.7616 2.5
      vertex -40.55 -69.8 2.5
      vertex -39.1306 -71.7139 2.5
    endloop
  endfacet
  facet normal -0 0 1
    outer loop
      vertex -39.8188 67.546 2.5
      vertex -37.8 65.3 2.5
      vertex -39.6611 67.6629 2.5
    endloop
  endfacet
  facet normal 0 0 1
    outer loop
      vertex -39.1306 -71.7139 2.5
      vertex -40.55 -69.8 2.5
      vertex -39.3154 -71.6478 2.5
    endloop
  endfacet
  facet normal -0 0 1
    outer loop
      vertex -39.9642 67.4142 2.5
      vertex -37.8 65.3 2.5
      vertex -39.8188 67.546 2.5
    endloop
  endfacet
  facet normal 0 0 1
    outer loop
      vertex -39.3154 -71.6478 2.5
      vertex -40.55 -69.8 2.5
      vertex -39.4928 -71.5638 2.5
    endloop
  endfacet
  facet normal -0 0 1
    outer loop
      vertex -40.096 67.2688 2.5
      vertex -37.8 65.3 2.5
      vertex -39.9642 67.4142 2.5
    endloop
  endfacet
  facet normal 0 0 1
    outer loop
      vertex -39.4928 -71.5638 2.5
      vertex -40.55 -69.8 2.5
      vertex -39.6611 -71.4629 2.5
    endloop
  endfacet
  facet normal -0 0 1
    outer loop
      vertex -40.2129 67.1111 2.5
      vertex -37.8 65.3 2.5
      vertex -40.096 67.2688 2.5
    endloop
  endfacet
  facet normal 0 0 1
    outer loop
      vertex -39.6611 -71.4629 2.5
      vertex -40.55 -69.8 2.5
      vertex -39.8188 -71.346 2.5
    endloop
  endfacet
  facet normal -0 0 1
    outer loop
      vertex -40.3138 66.9428 2.5
      vertex -37.8 65.3 2.5
      vertex -40.2129 67.1111 2.5
    endloop
  endfacet
  facet normal 0 0 1
    outer loop
      vertex -39.8188 -71.346 2.5
      vertex -40.55 -69.8 2.5
      vertex -39.9642 -71.2142 2.5
    endloop
  endfacet
  facet normal -0 0 1
    outer loop
      vertex -40.3978 66.7654 2.5
      vertex -37.8 65.3 2.5
      vertex -40.3138 66.9428 2.5
    endloop
  endfacet
  facet normal 0 0 1
    outer loop
      vertex -39.9642 -71.2142 2.5
      vertex -40.55 -69.8 2.5
      vertex -40.096 -71.0688 2.5
    endloop
  endfacet
  facet normal -0 0 1
    outer loop
      vertex -40.4639 66.5806 2.5
      vertex -37.8 65.3 2.5
      vertex -40.3978 66.7654 2.5
    endloop
  endfacet
  facet normal 0 0 1
    outer loop
      vertex -40.096 -71.0688 2.5
      vertex -40.55 -69.8 2.5
      vertex -40.2129 -70.9111 2.5
    endloop
  endfacet
  facet normal -0 0 1
    outer loop
      vertex -40.5116 66.3902 2.5
      vertex -37.8 65.3 2.5
      vertex -40.4639 66.5806 2.5
    endloop
  endfacet
  facet normal 0 0 1
    outer loop
      vertex -40.2129 -70.9111 2.5
      vertex -40.55 -69.8 2.5
      vertex -40.3138 -70.7428 2.5
    endloop
  endfacet
  facet normal -0 0 1
    outer loop
      vertex -40.5404 66.196 2.5
      vertex -37.8 65.3 2.5
      vertex -40.5116 66.3902 2.5
    endloop
  endfacet
  facet normal 0 0 1
    outer loop
      vertex -40.3138 -70.7428 2.5
      vertex -40.55 -69.8 2.5
      vertex -40.3978 -70.5654 2.5
    endloop
  endfacet
  facet normal 0 0 1
    outer loop
      vertex -37.8 65.3 2.5
      vertex -40.5404 66.196 2.5
      vertex -40.55 66 2.5
    endloop
  endfacet
  facet normal 0 0 1
    outer loop
      vertex -40.3978 -70.5654 2.5
      vertex -40.55 -69.8 2.5
      vertex -40.4639 -70.3806 2.5
    endloop
  endfacet
  facet normal 0 0 1
    outer loop
      vertex -40.4639 -70.3806 2.5
      vertex -40.55 -69.8 2.5
      vertex -40.5116 -70.1902 2.5
    endloop
  endfacet
  facet normal 0 0 1
    outer loop
      vertex -40.5116 -70.1902 2.5
      vertex -40.55 -69.8 2.5
      vertex -40.5404 -69.996 2.5
    endloop
  endfacet
  facet normal 0 0 1
    outer loop
      vertex 18.6067 67.2372 2.5
      vertex -18.6 67.1 2.5
      vertex 18.6 67.1 2.5
    endloop
  endfacet
  facet normal 0 0 1
    outer loop
      vertex -18.6067 67.2372 2.5
      vertex 18.6067 67.2372 2.5
      vertex 18.6269 67.3731 2.5
    endloop
  endfacet
  facet normal 0 0 1
    outer loop
      vertex -18.6269 67.3731 2.5
      vertex 18.6269 67.3731 2.5
      vertex 18.6603 67.5064 2.5
    endloop
  endfacet
  facet normal 0 0 1
    outer loop
      vertex -18.6603 67.5064 2.5
      vertex 18.6603 67.5064 2.5
      vertex 18.7066 67.6358 2.5
    endloop
  endfacet
  facet normal 0 0 1
    outer loop
      vertex -18.7066 67.6358 2.5
      vertex 18.7066 67.6358 2.5
      vertex 18.7653 67.76 2.5
    endloop
  endfacet
  facet normal 0 0 1
    outer loop
      vertex -18.7653 67.76 2.5
      vertex 18.7653 67.76 2.5
      vertex 18.8359 67.8778 2.5
    endloop
  endfacet
  facet normal 0 0 1
    outer loop
      vertex -18.8359 67.8778 2.5
      vertex 18.8359 67.8778 2.5
      vertex 18.9178 67.9882 2.5
    endloop
  endfacet
  facet normal 0 0 1
    outer loop
      vertex -18.9178 67.9882 2.5
      vertex 18.9178 67.9882 2.5
      vertex 18.9285 68 2.5
    endloop
  endfacet
  facet normal 0 0 1
    outer loop
      vertex 18.6067 67.2372 2.5
      vertex -18.6067 67.2372 2.5
      vertex -18.6 67.1 2.5
    endloop
  endfacet
  facet normal 0 0 1
    outer loop
      vertex 18.6269 67.3731 2.5
      vertex -18.6269 67.3731 2.5
      vertex -18.6067 67.2372 2.5
    endloop
  endfacet
  facet normal 0 0 1
    outer loop
      vertex 18.6603 67.5064 2.5
      vertex -18.6603 67.5064 2.5
      vertex -18.6269 67.3731 2.5
    endloop
  endfacet
  facet normal 0 0 1
    outer loop
      vertex 18.7066 67.6358 2.5
      vertex -18.7066 67.6358 2.5
      vertex -18.6603 67.5064 2.5
    endloop
  endfacet
  facet normal 0 0 1
    outer loop
      vertex 18.7653 67.76 2.5
      vertex -18.7653 67.76 2.5
      vertex -18.7066 67.6358 2.5
    endloop
  endfacet
  facet normal 0 0 1
    outer loop
      vertex 18.8359 67.8778 2.5
      vertex -18.8359 67.8778 2.5
      vertex -18.7653 67.76 2.5
    endloop
  endfacet
  facet normal 0 0 1
    outer loop
      vertex 18.9178 67.9882 2.5
      vertex -18.9178 67.9882 2.5
      vertex -18.8359 67.8778 2.5
    endloop
  endfacet
  facet normal 0 -0 1
    outer loop
      vertex -18.9178 67.9882 2.5
      vertex 18.9285 68 2.5
      vertex -18.9285 68 2.5
    endloop
  endfacet
  facet normal 0 0 1
    outer loop
      vertex 37.8 65.3 2.5
      vertex 40.55 66 2.5
      vertex 40.5404 66.196 2.5
    endloop
  endfacet
  facet normal 0 0 1
    outer loop
      vertex 40.55 66 2.5
      vertex 37.8 65.3 2.5
      vertex 40.55 -69.8 2.5
    endloop
  endfacet
  facet normal 0 0 1
    outer loop
      vertex 37.8 65.3 2.5
      vertex 40.5404 66.196 2.5
      vertex 40.5116 66.3902 2.5
    endloop
  endfacet
  facet normal 0 0 1
    outer loop
      vertex 37.8 -71.8 2.5
      vertex 40.55 -69.8 2.5
      vertex 37.8 65.3 2.5
    endloop
  endfacet
  facet normal 0 0 1
    outer loop
      vertex 37.8 65.3 2.5
      vertex 40.5116 66.3902 2.5
      vertex 40.4639 66.5806 2.5
    endloop
  endfacet
  facet normal 0 -0 1
    outer loop
      vertex 38.55 -71.8 2.5
      vertex 40.55 -69.8 2.5
      vertex 37.8 -71.8 2.5
    endloop
  endfacet
  facet normal 0 0 1
    outer loop
      vertex 37.8 65.3 2.5
      vertex 40.4639 66.5806 2.5
      vertex 40.3978 66.7654 2.5
    endloop
  endfacet
  facet normal 0 0 1
    outer loop
      vertex 40.55 -69.8 2.5
      vertex 38.55 -71.8 2.5
      vertex 40.5404 -69.996 2.5
    endloop
  endfacet
  facet normal 0 0 1
    outer loop
      vertex 37.8 65.3 2.5
      vertex 40.3978 66.7654 2.5
      vertex 40.3138 66.9428 2.5
    endloop
  endfacet
  facet normal 0 0 1
    outer loop
      vertex 40.5404 -69.996 2.5
      vertex 38.55 -71.8 2.5
      vertex 40.5116 -70.1902 2.5
    endloop
  endfacet
  facet normal 0 0 1
    outer loop
      vertex 37.8 65.3 2.5
      vertex 40.3138 66.9428 2.5
      vertex 40.2129 67.1111 2.5
    endloop
  endfacet
  facet normal 0 0 1
    outer loop
      vertex 40.5116 -70.1902 2.5
      vertex 38.55 -71.8 2.5
      vertex 40.4639 -70.3806 2.5
    endloop
  endfacet
  facet normal 0 0 1
    outer loop
      vertex 37.8 65.3 2.5
      vertex 40.2129 67.1111 2.5
      vertex 40.096 67.2688 2.5
    endloop
  endfacet
  facet normal 0 0 1
    outer loop
      vertex 40.4639 -70.3806 2.5
      vertex 38.55 -71.8 2.5
      vertex 40.3978 -70.5654 2.5
    endloop
  endfacet
  facet normal 0 0 1
    outer loop
      vertex 37.8 65.3 2.5
      vertex 40.096 67.2688 2.5
      vertex 39.9642 67.4142 2.5
    endloop
  endfacet
  facet normal 0 0 1
    outer loop
      vertex 40.3978 -70.5654 2.5
      vertex 38.55 -71.8 2.5
      vertex 40.3138 -70.7428 2.5
    endloop
  endfacet
  facet normal 0 0 1
    outer loop
      vertex 37.8 65.3 2.5
      vertex 39.9642 67.4142 2.5
      vertex 39.8188 67.546 2.5
    endloop
  endfacet
  facet normal 0 0 1
    outer loop
      vertex 40.3138 -70.7428 2.5
      vertex 38.55 -71.8 2.5
      vertex 40.2129 -70.9111 2.5
    endloop
  endfacet
  facet normal 0 0 1
    outer loop
      vertex 37.8 65.3 2.5
      vertex 39.8188 67.546 2.5
      vertex 39.6611 67.6629 2.5
    endloop
  endfacet
  facet normal 0 0 1
    outer loop
      vertex 40.2129 -70.9111 2.5
      vertex 38.55 -71.8 2.5
      vertex 40.096 -71.0688 2.5
    endloop
  endfacet
  facet normal 0 0 1
    outer loop
      vertex 37.8 65.3 2.5
      vertex 39.6611 67.6629 2.5
      vertex 39.4928 67.7638 2.5
    endloop
  endfacet
  facet normal 0 0 1
    outer loop
      vertex 40.096 -71.0688 2.5
      vertex 38.55 -71.8 2.5
      vertex 39.9642 -71.2142 2.5
    endloop
  endfacet
  facet normal 0 0 1
    outer loop
      vertex 37.8 65.3 2.5
      vertex 39.4928 67.7638 2.5
      vertex 39.3154 67.8478 2.5
    endloop
  endfacet
  facet normal 0 0 1
    outer loop
      vertex 39.9642 -71.2142 2.5
      vertex 38.55 -71.8 2.5
      vertex 39.8188 -71.346 2.5
    endloop
  endfacet
  facet normal 0 0 1
    outer loop
      vertex 37.8 65.3 2.5
      vertex 39.3154 67.8478 2.5
      vertex 39.1306 67.9139 2.5
    endloop
  endfacet
  facet normal 0 0 1
    outer loop
      vertex 39.8188 -71.346 2.5
      vertex 38.55 -71.8 2.5
      vertex 39.6611 -71.4629 2.5
    endloop
  endfacet
  facet normal 0 0 1
    outer loop
      vertex 37.8 65.3 2.5
      vertex 39.1306 67.9139 2.5
      vertex 38.9402 67.9616 2.5
    endloop
  endfacet
  facet normal 0 0 1
    outer loop
      vertex 39.6611 -71.4629 2.5
      vertex 38.55 -71.8 2.5
      vertex 39.4928 -71.5638 2.5
    endloop
  endfacet
  facet normal 0 0 1
    outer loop
      vertex 37.8 65.3 2.5
      vertex 38.9402 67.9616 2.5
      vertex 38.746 67.9904 2.5
    endloop
  endfacet
  facet normal 0 0 1
    outer loop
      vertex 39.4928 -71.5638 2.5
      vertex 38.55 -71.8 2.5
      vertex 39.3154 -71.6478 2.5
    endloop
  endfacet
  facet normal 0 0 1
    outer loop
      vertex 37.8 65.3 2.5
      vertex 38.746 67.9904 2.5
      vertex 38.55 68 2.5
    endloop
  endfacet
  facet normal 0 0 1
    outer loop
      vertex 39.3154 -71.6478 2.5
      vertex 38.55 -71.8 2.5
      vertex 39.1306 -71.7139 2.5
    endloop
  endfacet
  facet normal 0 0 1
    outer loop
      vertex 39.1306 -71.7139 2.5
      vertex 38.55 -71.8 2.5
      vertex 38.9402 -71.7616 2.5
    endloop
  endfacet
  facet normal -0 0 1
    outer loop
      vertex 21.3731 67.3731 2.5
      vertex 37.8 65.3 2.5
      vertex 38.55 68 2.5
    endloop
  endfacet
  facet normal 0 0 1
    outer loop
      vertex 37.8 65.3 2.5
      vertex 21.3933 67.2372 2.5
      vertex 21.4 67.1 2.5
    endloop
  endfacet
  facet normal 0 0 1
    outer loop
      vertex 37.8 65.3 2.5
      vertex 21.3731 67.3731 2.5
      vertex 21.3933 67.2372 2.5
    endloop
  endfacet
  facet normal 0 0 1
    outer loop
      vertex 38.55 68 2.5
      vertex 21.3397 67.5064 2.5
      vertex 21.3731 67.3731 2.5
    endloop
  endfacet
  facet normal 0 0 1
    outer loop
      vertex 38.55 68 2.5
      vertex 21.2934 67.6358 2.5
      vertex 21.3397 67.5064 2.5
    endloop
  endfacet
  facet normal 0 0 1
    outer loop
      vertex 38.55 68 2.5
      vertex 21.2347 67.76 2.5
      vertex 21.2934 67.6358 2.5
    endloop
  endfacet
  facet normal 0 0 1
    outer loop
      vertex 38.55 68 2.5
      vertex 21.1641 67.8778 2.5
      vertex 21.2347 67.76 2.5
    endloop
  endfacet
  facet normal 0 0 1
    outer loop
      vertex 38.55 68 2.5
      vertex 21.0822 67.9882 2.5
      vertex 21.1641 67.8778 2.5
    endloop
  endfacet
  facet normal 0 -0 1
    outer loop
      vertex 21.0822 67.9882 2.5
      vertex 38.55 68 2.5
      vertex 21.0715 68 2.5
    endloop
  endfacet
  facet normal 0 0 1
    outer loop
      vertex 38.9402 -71.7616 2.5
      vertex 38.55 -71.8 2.5
      vertex 38.746 -71.7904 2.5
    endloop
  endfacet
  facet normal -0 0 1
    outer loop
      vertex 21.3933 66.9628 2.5
      vertex 37.8 65.3 2.5
      vertex 21.4 67.1 2.5
    endloop
  endfacet
  facet normal -0 0 1
    outer loop
      vertex 21.3731 66.8269 2.5
      vertex 37.8 65.3 2.5
      vertex 21.3933 66.9628 2.5
    endloop
  endfacet
  facet normal -0 0 1
    outer loop
      vertex 21.3397 66.6936 2.5
      vertex 37.8 65.3 2.5
      vertex 21.3731 66.8269 2.5
    endloop
  endfacet
  facet normal -0 0 1
    outer loop
      vertex 21.2934 66.5642 2.5
      vertex 37.8 65.3 2.5
      vertex 21.3397 66.6936 2.5
    endloop
  endfacet
  facet normal -0 0 1
    outer loop
      vertex 21.2347 66.44 2.5
      vertex 37.8 65.3 2.5
      vertex 21.2934 66.5642 2.5
    endloop
  endfacet
  facet normal -0 0 1
    outer loop
      vertex 21.1641 66.3222 2.5
      vertex 37.8 65.3 2.5
      vertex 21.2347 66.44 2.5
    endloop
  endfacet
  facet normal -0 0 1
    outer loop
      vertex 21.0822 66.2119 2.5
      vertex 37.8 65.3 2.5
      vertex 21.1641 66.3222 2.5
    endloop
  endfacet
  facet normal -0 0 1
    outer loop
      vertex 20.9899 66.11 2.5
      vertex 37.8 65.3 2.5
      vertex 21.0822 66.2119 2.5
    endloop
  endfacet
  facet normal -0 0 1
    outer loop
      vertex 20.8881 66.0178 2.5
      vertex 37.8 65.3 2.5
      vertex 20.9899 66.11 2.5
    endloop
  endfacet
  facet normal -0 0 1
    outer loop
      vertex 20.7778 65.9359 2.5
      vertex 37.8 65.3 2.5
      vertex 20.8881 66.0178 2.5
    endloop
  endfacet
  facet normal -0 0 1
    outer loop
      vertex 20.66 65.8653 2.5
      vertex 37.8 65.3 2.5
      vertex 20.7778 65.9359 2.5
    endloop
  endfacet
  facet normal -0 0 1
    outer loop
      vertex 20.5358 65.8066 2.5
      vertex 37.8 65.3 2.5
      vertex 20.66 65.8653 2.5
    endloop
  endfacet
  facet normal -0 0 1
    outer loop
      vertex 20.4064 65.7603 2.5
      vertex 37.8 65.3 2.5
      vertex 20.5358 65.8066 2.5
    endloop
  endfacet
  facet normal -0 0 1
    outer loop
      vertex 20.2731 65.7269 2.5
      vertex 37.8 65.3 2.5
      vertex 20.4064 65.7603 2.5
    endloop
  endfacet
  facet normal -0 0 1
    outer loop
      vertex 20.1372 65.7067 2.5
      vertex 37.8 65.3 2.5
      vertex 20.2731 65.7269 2.5
    endloop
  endfacet
  facet normal -0 0 1
    outer loop
      vertex 20 65.7 2.5
      vertex 37.8 65.3 2.5
      vertex 20.1372 65.7067 2.5
    endloop
  endfacet
  facet normal -0 0 1
    outer loop
      vertex -18.6 67.1 2.5
      vertex 18.6067 66.9628 2.5
      vertex 18.6 67.1 2.5
    endloop
  endfacet
  facet normal 0 0 1
    outer loop
      vertex -18.6067 66.9628 2.5
      vertex 18.6067 66.9628 2.5
      vertex -18.6 67.1 2.5
    endloop
  endfacet
  facet normal 0 0 1
    outer loop
      vertex 18.6067 66.9628 2.5
      vertex -18.6067 66.9628 2.5
      vertex 18.6269 66.8269 2.5
    endloop
  endfacet
  facet normal 0 0 1
    outer loop
      vertex -18.6269 66.8269 2.5
      vertex 18.6269 66.8269 2.5
      vertex -18.6067 66.9628 2.5
    endloop
  endfacet
  facet normal 0 0 1
    outer loop
      vertex 18.6269 66.8269 2.5
      vertex -18.6269 66.8269 2.5
      vertex 18.6603 66.6936 2.5
    endloop
  endfacet
  facet normal 0 0 1
    outer loop
      vertex -18.6603 66.6936 2.5
      vertex 18.6603 66.6936 2.5
      vertex -18.6269 66.8269 2.5
    endloop
  endfacet
  facet normal 0 0 1
    outer loop
      vertex 18.6603 66.6936 2.5
      vertex -18.6603 66.6936 2.5
      vertex 18.7066 66.5642 2.5
    endloop
  endfacet
  facet normal 0 0 1
    outer loop
      vertex -18.7066 66.5642 2.5
      vertex 18.7066 66.5642 2.5
      vertex -18.6603 66.6936 2.5
    endloop
  endfacet
  facet normal 0 0 1
    outer loop
      vertex 18.7066 66.5642 2.5
      vertex -18.7066 66.5642 2.5
      vertex 18.7653 66.44 2.5
    endloop
  endfacet
  facet normal 0 0 1
    outer loop
      vertex -18.7653 66.44 2.5
      vertex 18.7653 66.44 2.5
      vertex -18.7066 66.5642 2.5
    endloop
  endfacet
  facet normal 0 0 1
    outer loop
      vertex 18.7653 66.44 2.5
      vertex -18.7653 66.44 2.5
      vertex 18.8359 66.3222 2.5
    endloop
  endfacet
  facet normal 0 0 1
    outer loop
      vertex -18.8359 66.3222 2.5
      vertex 18.8359 66.3222 2.5
      vertex -18.7653 66.44 2.5
    endloop
  endfacet
  facet normal 0 0 1
    outer loop
      vertex 18.8359 66.3222 2.5
      vertex -18.8359 66.3222 2.5
      vertex 18.9178 66.2119 2.5
    endloop
  endfacet
  facet normal 0 0 1
    outer loop
      vertex -18.9178 66.2119 2.5
      vertex 18.9178 66.2119 2.5
      vertex -18.8359 66.3222 2.5
    endloop
  endfacet
  facet normal 0 0 1
    outer loop
      vertex 18.9178 66.2119 2.5
      vertex -18.9178 66.2119 2.5
      vertex 19.01 66.11 2.5
    endloop
  endfacet
  facet normal 0 0 1
    outer loop
      vertex -19.01 66.11 2.5
      vertex 19.01 66.11 2.5
      vertex -18.9178 66.2119 2.5
    endloop
  endfacet
  facet normal 0 0 1
    outer loop
      vertex 19.01 66.11 2.5
      vertex -19.01 66.11 2.5
      vertex 19.1118 66.0178 2.5
    endloop
  endfacet
  facet normal 0 0 1
    outer loop
      vertex -19.1118 66.0178 2.5
      vertex 19.1118 66.0178 2.5
      vertex -19.01 66.11 2.5
    endloop
  endfacet
  facet normal 0 0 1
    outer loop
      vertex 19.1118 66.0178 2.5
      vertex -19.1118 66.0178 2.5
      vertex 19.2222 65.9359 2.5
    endloop
  endfacet
  facet normal 0 0 1
    outer loop
      vertex -19.2222 65.9359 2.5
      vertex 19.2222 65.9359 2.5
      vertex -19.1118 66.0178 2.5
    endloop
  endfacet
  facet normal 0 0 1
    outer loop
      vertex 19.2222 65.9359 2.5
      vertex -19.2222 65.9359 2.5
      vertex 19.34 65.8653 2.5
    endloop
  endfacet
  facet normal 0 0 1
    outer loop
      vertex -19.34 65.8653 2.5
      vertex 19.34 65.8653 2.5
      vertex -19.2222 65.9359 2.5
    endloop
  endfacet
  facet normal 0 0 1
    outer loop
      vertex 19.34 65.8653 2.5
      vertex -19.34 65.8653 2.5
      vertex 19.4642 65.8066 2.5
    endloop
  endfacet
  facet normal 0 0 1
    outer loop
      vertex -19.4642 65.8066 2.5
      vertex 19.4642 65.8066 2.5
      vertex -19.34 65.8653 2.5
    endloop
  endfacet
  facet normal 0 0 1
    outer loop
      vertex 19.4642 65.8066 2.5
      vertex -19.4642 65.8066 2.5
      vertex 19.5936 65.7603 2.5
    endloop
  endfacet
  facet normal 0 0 1
    outer loop
      vertex -19.5936 65.7603 2.5
      vertex 19.5936 65.7603 2.5
      vertex -19.4642 65.8066 2.5
    endloop
  endfacet
  facet normal 0 0 1
    outer loop
      vertex 19.5936 65.7603 2.5
      vertex -19.5936 65.7603 2.5
      vertex 19.7269 65.7269 2.5
    endloop
  endfacet
  facet normal 0 0 1
    outer loop
      vertex -19.7269 65.7269 2.5
      vertex 19.7269 65.7269 2.5
      vertex -19.5936 65.7603 2.5
    endloop
  endfacet
  facet normal 0 0 1
    outer loop
      vertex 19.7269 65.7269 2.5
      vertex -19.7269 65.7269 2.5
      vertex 19.8628 65.7067 2.5
    endloop
  endfacet
  facet normal 0 0 1
    outer loop
      vertex -19.8628 65.7067 2.5
      vertex 19.8628 65.7067 2.5
      vertex -19.7269 65.7269 2.5
    endloop
  endfacet
  facet normal 0 0 1
    outer loop
      vertex 19.8628 65.7067 2.5
      vertex -19.8628 65.7067 2.5
      vertex 20 65.7 2.5
    endloop
  endfacet
  facet normal 0 0 1
    outer loop
      vertex -20 65.7 2.5
      vertex 20 65.7 2.5
      vertex -19.8628 65.7067 2.5
    endloop
  endfacet
  facet normal 0 0 1
    outer loop
      vertex 20 65.7 2.5
      vertex -20 65.7 2.5
      vertex 37.8 65.3 2.5
    endloop
  endfacet
  facet normal 0 0 1
    outer loop
      vertex -20 65.7 2.5
      vertex -37.8 65.3 2.5
      vertex 37.8 65.3 2.5
    endloop
  endfacet
  facet normal 0 0 1
    outer loop
      vertex -20.1372 65.7067 2.5
      vertex -37.8 65.3 2.5
      vertex -20 65.7 2.5
    endloop
  endfacet
  facet normal 0 0 1
    outer loop
      vertex -20.2731 65.7269 2.5
      vertex -37.8 65.3 2.5
      vertex -20.1372 65.7067 2.5
    endloop
  endfacet
  facet normal 0 0 1
    outer loop
      vertex -20.4064 65.7603 2.5
      vertex -37.8 65.3 2.5
      vertex -20.2731 65.7269 2.5
    endloop
  endfacet
  facet normal 0 0 1
    outer loop
      vertex -20.5358 65.8066 2.5
      vertex -37.8 65.3 2.5
      vertex -20.4064 65.7603 2.5
    endloop
  endfacet
  facet normal 0 0 1
    outer loop
      vertex -20.66 65.8653 2.5
      vertex -37.8 65.3 2.5
      vertex -20.5358 65.8066 2.5
    endloop
  endfacet
  facet normal 0 0 1
    outer loop
      vertex -20.7778 65.9359 2.5
      vertex -37.8 65.3 2.5
      vertex -20.66 65.8653 2.5
    endloop
  endfacet
  facet normal 0 0 1
    outer loop
      vertex -20.8881 66.0178 2.5
      vertex -37.8 65.3 2.5
      vertex -20.7778 65.9359 2.5
    endloop
  endfacet
  facet normal 0 0 1
    outer loop
      vertex -20.9899 66.11 2.5
      vertex -37.8 65.3 2.5
      vertex -20.8881 66.0178 2.5
    endloop
  endfacet
  facet normal 0 0 1
    outer loop
      vertex -21.0822 66.2119 2.5
      vertex -37.8 65.3 2.5
      vertex -20.9899 66.11 2.5
    endloop
  endfacet
  facet normal 0 0 1
    outer loop
      vertex -21.1641 66.3222 2.5
      vertex -37.8 65.3 2.5
      vertex -21.0822 66.2119 2.5
    endloop
  endfacet
  facet normal 0 0 1
    outer loop
      vertex -21.2347 66.44 2.5
      vertex -37.8 65.3 2.5
      vertex -21.1641 66.3222 2.5
    endloop
  endfacet
  facet normal 0 0 1
    outer loop
      vertex -21.2934 66.5642 2.5
      vertex -37.8 65.3 2.5
      vertex -21.2347 66.44 2.5
    endloop
  endfacet
  facet normal 0 0 1
    outer loop
      vertex -21.3397 66.6936 2.5
      vertex -37.8 65.3 2.5
      vertex -21.2934 66.5642 2.5
    endloop
  endfacet
  facet normal 0 0 1
    outer loop
      vertex -21.3731 66.8269 2.5
      vertex -37.8 65.3 2.5
      vertex -21.3397 66.6936 2.5
    endloop
  endfacet
  facet normal 0 0 1
    outer loop
      vertex -21.3933 66.9628 2.5
      vertex -37.8 65.3 2.5
      vertex -21.3731 66.8269 2.5
    endloop
  endfacet
  facet normal 0 0 1
    outer loop
      vertex -37.8 65.3 2.5
      vertex -21.3933 66.9628 2.5
      vertex -21.4 67.1 2.5
    endloop
  endfacet
  facet normal -0.427955 0.9038 0
    outer loop
      vertex -39.3154 67.8478 0
      vertex -39.4928 67.7638 2.5
      vertex -39.3154 67.8478 2.5
    endloop
  endfacet
  facet normal -0.427955 0.9038 0
    outer loop
      vertex -39.4928 67.7638 2.5
      vertex -39.3154 67.8478 0
      vertex -39.4928 67.7638 0
    endloop
  endfacet
  facet normal -0.857673 -0.514196 0
    outer loop
      vertex -40.2129 -70.9111 0
      vertex -40.3138 -70.7428 2.5
      vertex -40.3138 -70.7428 0
    endloop
  endfacet
  facet normal -0.857673 -0.514196 0
    outer loop
      vertex -40.3138 -70.7428 2.5
      vertex -40.2129 -70.9111 0
      vertex -40.2129 -70.9111 2.5
    endloop
  endfacet
  facet normal 0.970023 -0.243015 0
    outer loop
      vertex 40.4639 -70.3806 2.5
      vertex 40.5116 -70.1902 0
      vertex 40.5116 -70.1902 2.5
    endloop
  endfacet
  facet normal 0.970023 -0.243015 0
    outer loop
      vertex 40.5116 -70.1902 0
      vertex 40.4639 -70.3806 2.5
      vertex 40.4639 -70.3806 0
    endloop
  endfacet
  facet normal -0.0489209 -0.998803 0
    outer loop
      vertex -38.746 -71.7904 0
      vertex -38.55 -71.8 2.5
      vertex -38.746 -71.7904 2.5
    endloop
  endfacet
  facet normal -0.0489209 -0.998803 -0
    outer loop
      vertex -38.55 -71.8 2.5
      vertex -38.746 -71.7904 0
      vertex -38.55 -71.8 0
    endloop
  endfacet
  facet normal 0.0489209 -0.998803 0
    outer loop
      vertex 38.55 -71.8 0
      vertex 38.746 -71.7904 2.5
      vertex 38.55 -71.8 2.5
    endloop
  endfacet
  facet normal 0.0489209 -0.998803 0
    outer loop
      vertex 38.746 -71.7904 2.5
      vertex 38.55 -71.8 0
      vertex 38.746 -71.7904 0
    endloop
  endfacet
  facet normal 0.998803 -0.0489209 0
    outer loop
      vertex 40.5404 -69.996 2.5
      vertex 40.55 -69.8 0
      vertex 40.55 -69.8 2.5
    endloop
  endfacet
  facet normal 0.998803 -0.0489209 0
    outer loop
      vertex 40.55 -69.8 0
      vertex 40.5404 -69.996 2.5
      vertex 40.5404 -69.996 0
    endloop
  endfacet
  facet normal -0.970023 -0.243015 0
    outer loop
      vertex -40.4639 -70.3806 0
      vertex -40.5116 -70.1902 2.5
      vertex -40.5116 -70.1902 0
    endloop
  endfacet
  facet normal -0.970023 -0.243015 0
    outer loop
      vertex -40.5116 -70.1902 2.5
      vertex -40.4639 -70.3806 0
      vertex -40.4639 -70.3806 2.5
    endloop
  endfacet
  facet normal 0.740908 -0.671607 0
    outer loop
      vertex 39.9642 -71.2142 2.5
      vertex 40.096 -71.0688 0
      vertex 40.096 -71.0688 2.5
    endloop
  endfacet
  facet normal 0.740908 -0.671607 0
    outer loop
      vertex 40.096 -71.0688 0
      vertex 39.9642 -71.2142 2.5
      vertex 39.9642 -71.2142 0
    endloop
  endfacet
  facet normal 0.998803 0.0489209 0
    outer loop
      vertex 40.55 66 2.5
      vertex 40.5404 66.196 0
      vertex 40.5404 66.196 2.5
    endloop
  endfacet
  facet normal 0.998803 0.0489209 0
    outer loop
      vertex 40.5404 66.196 0
      vertex 40.55 66 2.5
      vertex 40.55 66 0
    endloop
  endfacet
  facet normal 1 -0 0
    outer loop
      vertex 40.55 -69.8 2.5
      vertex 40.55 66 0
      vertex 40.55 66 2.5
    endloop
  endfacet
  facet normal 1 0 0
    outer loop
      vertex 40.55 66 0
      vertex 40.55 -69.8 2.5
      vertex 40.55 -69.8 0
    endloop
  endfacet
  facet normal -0.0489209 0.998803 0
    outer loop
      vertex -38.55 68 0
      vertex -38.746 67.9904 2.5
      vertex -38.55 68 2.5
    endloop
  endfacet
  facet normal -0.0489209 0.998803 0
    outer loop
      vertex -38.746 67.9904 2.5
      vertex -38.55 68 0
      vertex -38.746 67.9904 0
    endloop
  endfacet
  facet normal -0.336788 0.94158 0
    outer loop
      vertex -39.1306 67.9139 0
      vertex -39.3154 67.8478 2.5
      vertex -39.1306 67.9139 2.5
    endloop
  endfacet
  facet normal -0.336788 0.94158 0
    outer loop
      vertex -39.3154 67.8478 2.5
      vertex -39.1306 67.9139 0
      vertex -39.3154 67.8478 0
    endloop
  endfacet
  facet normal 0.80335 -0.595508 0
    outer loop
      vertex 40.096 -71.0688 2.5
      vertex 40.2129 -70.9111 0
      vertex 40.2129 -70.9111 2.5
    endloop
  endfacet
  facet normal 0.80335 -0.595508 0
    outer loop
      vertex 40.2129 -70.9111 0
      vertex 40.096 -71.0688 2.5
      vertex 40.096 -71.0688 0
    endloop
  endfacet
  facet normal -0.671607 -0.740908 0
    outer loop
      vertex -39.9642 -71.2142 0
      vertex -39.8188 -71.346 2.5
      vertex -39.9642 -71.2142 2.5
    endloop
  endfacet
  facet normal -0.671607 -0.740908 -0
    outer loop
      vertex -39.8188 -71.346 2.5
      vertex -39.9642 -71.2142 0
      vertex -39.8188 -71.346 0
    endloop
  endfacet
  facet normal 0.989182 -0.146696 0
    outer loop
      vertex 40.5116 -70.1902 2.5
      vertex 40.5404 -69.996 0
      vertex 40.5404 -69.996 2.5
    endloop
  endfacet
  facet normal 0.989182 -0.146696 0
    outer loop
      vertex 40.5404 -69.996 0
      vertex 40.5116 -70.1902 2.5
      vertex 40.5116 -70.1902 0
    endloop
  endfacet
  facet normal 0.857673 -0.514196 0
    outer loop
      vertex 40.2129 -70.9111 2.5
      vertex 40.3138 -70.7428 0
      vertex 40.3138 -70.7428 2.5
    endloop
  endfacet
  facet normal 0.857673 -0.514196 0
    outer loop
      vertex 40.3138 -70.7428 0
      vertex 40.2129 -70.9111 2.5
      vertex 40.2129 -70.9111 0
    endloop
  endfacet
  facet normal 0.94158 -0.336788 0
    outer loop
      vertex 40.3978 -70.5654 2.5
      vertex 40.4639 -70.3806 0
      vertex 40.4639 -70.3806 2.5
    endloop
  endfacet
  facet normal 0.94158 -0.336788 0
    outer loop
      vertex 40.4639 -70.3806 0
      vertex 40.3978 -70.5654 2.5
      vertex 40.3978 -70.5654 0
    endloop
  endfacet
  facet normal 0.514196 0.857673 -0
    outer loop
      vertex 39.6611 67.6629 0
      vertex 39.4928 67.7638 2.5
      vertex 39.6611 67.6629 2.5
    endloop
  endfacet
  facet normal 0.514196 0.857673 0
    outer loop
      vertex 39.4928 67.7638 2.5
      vertex 39.6611 67.6629 0
      vertex 39.4928 67.7638 0
    endloop
  endfacet
  facet normal -0.989182 -0.146696 0
    outer loop
      vertex -40.5116 -70.1902 0
      vertex -40.5404 -69.996 2.5
      vertex -40.5404 -69.996 0
    endloop
  endfacet
  facet normal -0.989182 -0.146696 0
    outer loop
      vertex -40.5404 -69.996 2.5
      vertex -40.5116 -70.1902 0
      vertex -40.5116 -70.1902 2.5
    endloop
  endfacet
  facet normal -0.80335 0.595508 0
    outer loop
      vertex -40.2129 67.1111 0
      vertex -40.096 67.2688 2.5
      vertex -40.096 67.2688 0
    endloop
  endfacet
  facet normal -0.80335 0.595508 0
    outer loop
      vertex -40.096 67.2688 2.5
      vertex -40.2129 67.1111 0
      vertex -40.2129 67.1111 2.5
    endloop
  endfacet
  facet normal -0.998803 0.0489209 0
    outer loop
      vertex -40.55 66 0
      vertex -40.5404 66.196 2.5
      vertex -40.5404 66.196 0
    endloop
  endfacet
  facet normal -0.998803 0.0489209 0
    outer loop
      vertex -40.5404 66.196 2.5
      vertex -40.55 66 0
      vertex -40.55 66 2.5
    endloop
  endfacet
  facet normal -0.857673 0.514196 0
    outer loop
      vertex -40.3138 66.9428 0
      vertex -40.2129 67.1111 2.5
      vertex -40.2129 67.1111 0
    endloop
  endfacet
  facet normal -0.857673 0.514196 0
    outer loop
      vertex -40.2129 67.1111 2.5
      vertex -40.3138 66.9428 0
      vertex -40.3138 66.9428 2.5
    endloop
  endfacet
  facet normal -0.94158 -0.336788 0
    outer loop
      vertex -40.3978 -70.5654 0
      vertex -40.4639 -70.3806 2.5
      vertex -40.4639 -70.3806 0
    endloop
  endfacet
  facet normal -0.94158 -0.336788 0
    outer loop
      vertex -40.4639 -70.3806 2.5
      vertex -40.3978 -70.5654 0
      vertex -40.3978 -70.5654 2.5
    endloop
  endfacet
  facet normal -0.989182 0.146696 0
    outer loop
      vertex -40.5404 66.196 0
      vertex -40.5116 66.3902 2.5
      vertex -40.5116 66.3902 0
    endloop
  endfacet
  facet normal -0.989182 0.146696 0
    outer loop
      vertex -40.5116 66.3902 2.5
      vertex -40.5404 66.196 0
      vertex -40.5404 66.196 2.5
    endloop
  endfacet
  facet normal -0.595508 -0.80335 0
    outer loop
      vertex -39.8188 -71.346 0
      vertex -39.6611 -71.4629 2.5
      vertex -39.8188 -71.346 2.5
    endloop
  endfacet
  facet normal -0.595508 -0.80335 -0
    outer loop
      vertex -39.6611 -71.4629 2.5
      vertex -39.8188 -71.346 0
      vertex -39.6611 -71.4629 0
    endloop
  endfacet
  facet normal -0.9038 0.427955 0
    outer loop
      vertex -40.3978 66.7654 0
      vertex -40.3138 66.9428 2.5
      vertex -40.3138 66.9428 0
    endloop
  endfacet
  facet normal -0.9038 0.427955 0
    outer loop
      vertex -40.3138 66.9428 2.5
      vertex -40.3978 66.7654 0
      vertex -40.3978 66.7654 2.5
    endloop
  endfacet
  facet normal 0.989182 0.146696 0
    outer loop
      vertex 40.5404 66.196 2.5
      vertex 40.5116 66.3902 0
      vertex 40.5116 66.3902 2.5
    endloop
  endfacet
  facet normal 0.989182 0.146696 0
    outer loop
      vertex 40.5116 66.3902 0
      vertex 40.5404 66.196 2.5
      vertex 40.5404 66.196 0
    endloop
  endfacet
  facet normal 0.80335 0.595508 0
    outer loop
      vertex 40.2129 67.1111 2.5
      vertex 40.096 67.2688 0
      vertex 40.096 67.2688 2.5
    endloop
  endfacet
  facet normal 0.80335 0.595508 0
    outer loop
      vertex 40.096 67.2688 0
      vertex 40.2129 67.1111 2.5
      vertex 40.2129 67.1111 0
    endloop
  endfacet
  facet normal -0.9038 -0.427955 0
    outer loop
      vertex -40.3138 -70.7428 0
      vertex -40.3978 -70.5654 2.5
      vertex -40.3978 -70.5654 0
    endloop
  endfacet
  facet normal -0.9038 -0.427955 0
    outer loop
      vertex -40.3978 -70.5654 2.5
      vertex -40.3138 -70.7428 0
      vertex -40.3138 -70.7428 2.5
    endloop
  endfacet
  facet normal 0.427955 -0.9038 0
    outer loop
      vertex 39.3154 -71.6478 0
      vertex 39.4928 -71.5638 2.5
      vertex 39.3154 -71.6478 2.5
    endloop
  endfacet
  facet normal 0.427955 -0.9038 0
    outer loop
      vertex 39.4928 -71.5638 2.5
      vertex 39.3154 -71.6478 0
      vertex 39.4928 -71.5638 0
    endloop
  endfacet
  facet normal 0.970023 0.243015 0
    outer loop
      vertex 40.5116 66.3902 2.5
      vertex 40.4639 66.5806 0
      vertex 40.4639 66.5806 2.5
    endloop
  endfacet
  facet normal 0.970023 0.243015 0
    outer loop
      vertex 40.4639 66.5806 0
      vertex 40.5116 66.3902 2.5
      vertex 40.5116 66.3902 0
    endloop
  endfacet
  facet normal -0.740908 0.671607 0
    outer loop
      vertex -40.096 67.2688 0
      vertex -39.9642 67.4142 2.5
      vertex -39.9642 67.4142 0
    endloop
  endfacet
  facet normal -0.740908 0.671607 0
    outer loop
      vertex -39.9642 67.4142 2.5
      vertex -40.096 67.2688 0
      vertex -40.096 67.2688 2.5
    endloop
  endfacet
  facet normal -0.243015 0.970023 0
    outer loop
      vertex -38.9402 67.9616 0
      vertex -39.1306 67.9139 2.5
      vertex -38.9402 67.9616 2.5
    endloop
  endfacet
  facet normal -0.243015 0.970023 0
    outer loop
      vertex -39.1306 67.9139 2.5
      vertex -38.9402 67.9616 0
      vertex -39.1306 67.9139 0
    endloop
  endfacet
  facet normal 0.146696 -0.989182 0
    outer loop
      vertex 38.746 -71.7904 0
      vertex 38.9402 -71.7616 2.5
      vertex 38.746 -71.7904 2.5
    endloop
  endfacet
  facet normal 0.146696 -0.989182 0
    outer loop
      vertex 38.9402 -71.7616 2.5
      vertex 38.746 -71.7904 0
      vertex 38.9402 -71.7616 0
    endloop
  endfacet
  facet normal 0.146696 0.989182 -0
    outer loop
      vertex 38.9402 67.9616 0
      vertex 38.746 67.9904 2.5
      vertex 38.9402 67.9616 2.5
    endloop
  endfacet
  facet normal 0.146696 0.989182 0
    outer loop
      vertex 38.746 67.9904 2.5
      vertex 38.9402 67.9616 0
      vertex 38.746 67.9904 0
    endloop
  endfacet
  facet normal 0.336788 0.94158 -0
    outer loop
      vertex 39.3154 67.8478 0
      vertex 39.1306 67.9139 2.5
      vertex 39.3154 67.8478 2.5
    endloop
  endfacet
  facet normal 0.336788 0.94158 0
    outer loop
      vertex 39.1306 67.9139 2.5
      vertex 39.3154 67.8478 0
      vertex 39.1306 67.9139 0
    endloop
  endfacet
  facet normal -0.243015 -0.970023 0
    outer loop
      vertex -39.1306 -71.7139 0
      vertex -38.9402 -71.7616 2.5
      vertex -39.1306 -71.7139 2.5
    endloop
  endfacet
  facet normal -0.243015 -0.970023 -0
    outer loop
      vertex -38.9402 -71.7616 2.5
      vertex -39.1306 -71.7139 0
      vertex -38.9402 -71.7616 0
    endloop
  endfacet
  facet normal 0.671607 0.740908 -0
    outer loop
      vertex 39.9642 67.4142 0
      vertex 39.8188 67.546 2.5
      vertex 39.9642 67.4142 2.5
    endloop
  endfacet
  facet normal 0.671607 0.740908 0
    outer loop
      vertex 39.8188 67.546 2.5
      vertex 39.9642 67.4142 0
      vertex 39.8188 67.546 0
    endloop
  endfacet
  facet normal 0.427955 0.9038 -0
    outer loop
      vertex 39.4928 67.7638 0
      vertex 39.3154 67.8478 2.5
      vertex 39.4928 67.7638 2.5
    endloop
  endfacet
  facet normal 0.427955 0.9038 0
    outer loop
      vertex 39.3154 67.8478 2.5
      vertex 39.4928 67.7638 0
      vertex 39.3154 67.8478 0
    endloop
  endfacet
  facet normal 0 0 -1
    outer loop
      vertex 38.55 -71.8 0
      vertex 40.55 -69.8 0
      vertex 40.5404 -69.996 0
    endloop
  endfacet
  facet normal 0 0 -1
    outer loop
      vertex 40.55 -69.8 0
      vertex 34.8 -60.3 0
      vertex 40.55 66 0
    endloop
  endfacet
  facet normal 0 0 -1
    outer loop
      vertex 38.55 -71.8 0
      vertex 40.5404 -69.996 0
      vertex 40.5116 -70.1902 0
    endloop
  endfacet
  facet normal 0 0 -1
    outer loop
      vertex 34.8 60.3 0
      vertex 40.55 66 0
      vertex 34.8 -60.3 0
    endloop
  endfacet
  facet normal 0 0 -1
    outer loop
      vertex 38.55 -71.8 0
      vertex 40.5116 -70.1902 0
      vertex 40.4639 -70.3806 0
    endloop
  endfacet
  facet normal 0 0 -1
    outer loop
      vertex 34.7904 60.496 0
      vertex 40.55 66 0
      vertex 34.8 60.3 0
    endloop
  endfacet
  facet normal 0 0 -1
    outer loop
      vertex 38.55 -71.8 0
      vertex 40.4639 -70.3806 0
      vertex 40.3978 -70.5654 0
    endloop
  endfacet
  facet normal 0 0 -1
    outer loop
      vertex 34.7616 60.6902 0
      vertex 40.55 66 0
      vertex 34.7904 60.496 0
    endloop
  endfacet
  facet normal 0 0 -1
    outer loop
      vertex 38.55 -71.8 0
      vertex 40.3978 -70.5654 0
      vertex 40.3138 -70.7428 0
    endloop
  endfacet
  facet normal 0 0 -1
    outer loop
      vertex 34.7139 60.8806 0
      vertex 40.55 66 0
      vertex 34.7616 60.6902 0
    endloop
  endfacet
  facet normal 0 0 -1
    outer loop
      vertex 38.55 -71.8 0
      vertex 40.3138 -70.7428 0
      vertex 40.2129 -70.9111 0
    endloop
  endfacet
  facet normal 0 0 -1
    outer loop
      vertex 34.6478 61.0654 0
      vertex 40.55 66 0
      vertex 34.7139 60.8806 0
    endloop
  endfacet
  facet normal 0 0 -1
    outer loop
      vertex 38.55 -71.8 0
      vertex 40.2129 -70.9111 0
      vertex 40.096 -71.0688 0
    endloop
  endfacet
  facet normal 0 0 -1
    outer loop
      vertex 34.5638 61.2428 0
      vertex 40.55 66 0
      vertex 34.6478 61.0654 0
    endloop
  endfacet
  facet normal 0 0 -1
    outer loop
      vertex 38.55 -71.8 0
      vertex 40.096 -71.0688 0
      vertex 39.9642 -71.2142 0
    endloop
  endfacet
  facet normal 0 0 -1
    outer loop
      vertex 34.4629 61.4111 0
      vertex 40.55 66 0
      vertex 34.5638 61.2428 0
    endloop
  endfacet
  facet normal 0 0 -1
    outer loop
      vertex 38.55 -71.8 0
      vertex 39.9642 -71.2142 0
      vertex 39.8188 -71.346 0
    endloop
  endfacet
  facet normal 0 0 -1
    outer loop
      vertex 34.346 61.5688 0
      vertex 40.55 66 0
      vertex 34.4629 61.4111 0
    endloop
  endfacet
  facet normal 0 0 -1
    outer loop
      vertex 38.55 -71.8 0
      vertex 39.8188 -71.346 0
      vertex 39.6611 -71.4629 0
    endloop
  endfacet
  facet normal 0 0 -1
    outer loop
      vertex 34.2142 61.7142 0
      vertex 40.55 66 0
      vertex 34.346 61.5688 0
    endloop
  endfacet
  facet normal 0 0 -1
    outer loop
      vertex 38.55 -71.8 0
      vertex 39.6611 -71.4629 0
      vertex 39.4928 -71.5638 0
    endloop
  endfacet
  facet normal 0 -0 -1
    outer loop
      vertex 38.55 68 0
      vertex 40.55 66 0
      vertex 34.2142 61.7142 0
    endloop
  endfacet
  facet normal 0 0 -1
    outer loop
      vertex 38.55 -71.8 0
      vertex 39.4928 -71.5638 0
      vertex 39.3154 -71.6478 0
    endloop
  endfacet
  facet normal 0 0 -1
    outer loop
      vertex 40.55 66 0
      vertex 38.55 68 0
      vertex 40.5404 66.196 0
    endloop
  endfacet
  facet normal 0 0 -1
    outer loop
      vertex 38.55 -71.8 0
      vertex 39.3154 -71.6478 0
      vertex 39.1306 -71.7139 0
    endloop
  endfacet
  facet normal 0 0 -1
    outer loop
      vertex 40.5116 66.3902 0
      vertex 38.55 68 0
      vertex 40.4639 66.5806 0
    endloop
  endfacet
  facet normal 0 0 -1
    outer loop
      vertex 38.55 -71.8 0
      vertex 39.1306 -71.7139 0
      vertex 38.9402 -71.7616 0
    endloop
  endfacet
  facet normal 0 0 -1
    outer loop
      vertex 40.4639 66.5806 0
      vertex 38.55 68 0
      vertex 40.3978 66.7654 0
    endloop
  endfacet
  facet normal 0 0 -1
    outer loop
      vertex 38.55 -71.8 0
      vertex 38.9402 -71.7616 0
      vertex 38.746 -71.7904 0
    endloop
  endfacet
  facet normal 0 0 -1
    outer loop
      vertex 40.3978 66.7654 0
      vertex 38.55 68 0
      vertex 40.3138 66.9428 0
    endloop
  endfacet
  facet normal 0 0 -1
    outer loop
      vertex 33.5654 -62.1478 0
      vertex 40.55 -69.8 0
      vertex 38.55 -71.8 0
    endloop
  endfacet
  facet normal 0 0 -1
    outer loop
      vertex 40.3138 66.9428 0
      vertex 38.55 68 0
      vertex 40.2129 67.1111 0
    endloop
  endfacet
  facet normal 0 0 -1
    outer loop
      vertex 40.096 67.2688 0
      vertex 38.55 68 0
      vertex 39.9642 67.4142 0
    endloop
  endfacet
  facet normal 0 0 -1
    outer loop
      vertex 40.55 -69.8 0
      vertex 34.7904 -60.496 0
      vertex 34.8 -60.3 0
    endloop
  endfacet
  facet normal 0 0 -1
    outer loop
      vertex 40.55 -69.8 0
      vertex 34.7616 -60.6902 0
      vertex 34.7904 -60.496 0
    endloop
  endfacet
  facet normal 0 0 -1
    outer loop
      vertex 40.55 -69.8 0
      vertex 34.7139 -60.8806 0
      vertex 34.7616 -60.6902 0
    endloop
  endfacet
  facet normal 0 0 -1
    outer loop
      vertex 40.55 -69.8 0
      vertex 34.6478 -61.0654 0
      vertex 34.7139 -60.8806 0
    endloop
  endfacet
  facet normal 0 0 -1
    outer loop
      vertex 40.55 -69.8 0
      vertex 34.5638 -61.2428 0
      vertex 34.6478 -61.0654 0
    endloop
  endfacet
  facet normal 0 0 -1
    outer loop
      vertex 40.55 -69.8 0
      vertex 34.4629 -61.4111 0
      vertex 34.5638 -61.2428 0
    endloop
  endfacet
  facet normal 0 0 -1
    outer loop
      vertex 40.55 -69.8 0
      vertex 34.346 -61.5688 0
      vertex 34.4629 -61.4111 0
    endloop
  endfacet
  facet normal 0 0 -1
    outer loop
      vertex 40.55 -69.8 0
      vertex 34.2142 -61.7142 0
      vertex 34.346 -61.5688 0
    endloop
  endfacet
  facet normal 0 0 -1
    outer loop
      vertex 40.55 -69.8 0
      vertex 34.0688 -61.846 0
      vertex 34.2142 -61.7142 0
    endloop
  endfacet
  facet normal 0 0 -1
    outer loop
      vertex 40.55 -69.8 0
      vertex 33.9111 -61.9629 0
      vertex 34.0688 -61.846 0
    endloop
  endfacet
  facet normal 0 0 -1
    outer loop
      vertex 40.55 -69.8 0
      vertex 33.7428 -62.0638 0
      vertex 33.9111 -61.9629 0
    endloop
  endfacet
  facet normal 0 0 -1
    outer loop
      vertex 40.55 -69.8 0
      vertex 33.5654 -62.1478 0
      vertex 33.7428 -62.0638 0
    endloop
  endfacet
  facet normal 0 0 -1
    outer loop
      vertex 38.55 -71.8 0
      vertex 33.3806 -62.2139 0
      vertex 33.5654 -62.1478 0
    endloop
  endfacet
  facet normal 0 0 -1
    outer loop
      vertex 38.55 -71.8 0
      vertex 33.1902 -62.2616 0
      vertex 33.3806 -62.2139 0
    endloop
  endfacet
  facet normal 0 0 -1
    outer loop
      vertex 38.55 -71.8 0
      vertex 32.996 -62.2904 0
      vertex 33.1902 -62.2616 0
    endloop
  endfacet
  facet normal 0 0 -1
    outer loop
      vertex 38.55 -71.8 0
      vertex 32.8 -62.3 0
      vertex 32.996 -62.2904 0
    endloop
  endfacet
  facet normal 0 0 -1
    outer loop
      vertex 8 -71.8 0
      vertex 32.8 -62.3 0
      vertex 38.55 -71.8 0
    endloop
  endfacet
  facet normal 0 0 -1
    outer loop
      vertex 7.96148 -71.0159 0
      vertex 32.8 -62.3 0
      vertex 8 -71.8 0
    endloop
  endfacet
  facet normal 0 0 -1
    outer loop
      vertex 7.84628 -70.2393 0
      vertex 32.8 -62.3 0
      vertex 7.96148 -71.0159 0
    endloop
  endfacet
  facet normal 0 0 -1
    outer loop
      vertex 7.65552 -69.4777 0
      vertex 32.8 -62.3 0
      vertex 7.84628 -70.2393 0
    endloop
  endfacet
  facet normal 0 0 -1
    outer loop
      vertex 7.39104 -68.7385 0
      vertex 32.8 -62.3 0
      vertex 7.65552 -69.4777 0
    endloop
  endfacet
  facet normal 0 0 -1
    outer loop
      vertex 7.05537 -68.0288 0
      vertex 32.8 -62.3 0
      vertex 7.39104 -68.7385 0
    endloop
  endfacet
  facet normal 0 0 -1
    outer loop
      vertex 6.65176 -67.3554 0
      vertex 32.8 -62.3 0
      vertex 7.05537 -68.0288 0
    endloop
  endfacet
  facet normal 0 0 -1
    outer loop
      vertex 6.18408 -66.7249 0
      vertex 32.8 -62.3 0
      vertex 6.65176 -67.3554 0
    endloop
  endfacet
  facet normal 0 0 -1
    outer loop
      vertex 5.65685 -66.1431 0
      vertex 32.8 -62.3 0
      vertex 6.18408 -66.7249 0
    endloop
  endfacet
  facet normal 0 0 -1
    outer loop
      vertex 5.07515 -65.6159 0
      vertex 32.8 -62.3 0
      vertex 5.65685 -66.1431 0
    endloop
  endfacet
  facet normal 0 0 -1
    outer loop
      vertex 4.44456 -65.1482 0
      vertex 32.8 -62.3 0
      vertex 5.07515 -65.6159 0
    endloop
  endfacet
  facet normal 0 0 -1
    outer loop
      vertex 3.77117 -64.7446 0
      vertex 32.8 -62.3 0
      vertex 4.44456 -65.1482 0
    endloop
  endfacet
  facet normal 0 0 -1
    outer loop
      vertex 3.06147 -64.409 0
      vertex 32.8 -62.3 0
      vertex 3.77117 -64.7446 0
    endloop
  endfacet
  facet normal 0 0 -1
    outer loop
      vertex 2.32228 -64.1445 0
      vertex 32.8 -62.3 0
      vertex 3.06147 -64.409 0
    endloop
  endfacet
  facet normal 0 0 -1
    outer loop
      vertex 1.56072 -63.9537 0
      vertex 32.8 -62.3 0
      vertex 2.32228 -64.1445 0
    endloop
  endfacet
  facet normal 0 0 -1
    outer loop
      vertex 0.784137 -63.8385 0
      vertex 32.8 -62.3 0
      vertex 1.56072 -63.9537 0
    endloop
  endfacet
  facet normal 0 0 -1
    outer loop
      vertex 0 -63.8 0
      vertex 32.8 -62.3 0
      vertex 0.784137 -63.8385 0
    endloop
  endfacet
  facet normal 0 0 -1
    outer loop
      vertex 0 -63.8 0
      vertex -32.8 -62.3 0
      vertex 32.8 -62.3 0
    endloop
  endfacet
  facet normal 0 0 -1
    outer loop
      vertex -0.784137 -63.8385 0
      vertex -32.8 -62.3 0
      vertex 0 -63.8 0
    endloop
  endfacet
  facet normal 0 0 -1
    outer loop
      vertex -1.56072 -63.9537 0
      vertex -32.8 -62.3 0
      vertex -0.784137 -63.8385 0
    endloop
  endfacet
  facet normal 0 0 -1
    outer loop
      vertex -2.32228 -64.1445 0
      vertex -32.8 -62.3 0
      vertex -1.56072 -63.9537 0
    endloop
  endfacet
  facet normal 0 0 -1
    outer loop
      vertex -3.06147 -64.409 0
      vertex -32.8 -62.3 0
      vertex -2.32228 -64.1445 0
    endloop
  endfacet
  facet normal 0 0 -1
    outer loop
      vertex -3.77117 -64.7446 0
      vertex -32.8 -62.3 0
      vertex -3.06147 -64.409 0
    endloop
  endfacet
  facet normal 0 0 -1
    outer loop
      vertex -4.44456 -65.1482 0
      vertex -32.8 -62.3 0
      vertex -3.77117 -64.7446 0
    endloop
  endfacet
  facet normal 0 0 -1
    outer loop
      vertex -5.07515 -65.6159 0
      vertex -32.8 -62.3 0
      vertex -4.44456 -65.1482 0
    endloop
  endfacet
  facet normal 0 0 -1
    outer loop
      vertex -5.65685 -66.1431 0
      vertex -32.8 -62.3 0
      vertex -5.07515 -65.6159 0
    endloop
  endfacet
  facet normal 0 0 -1
    outer loop
      vertex -6.18408 -66.7249 0
      vertex -32.8 -62.3 0
      vertex -5.65685 -66.1431 0
    endloop
  endfacet
  facet normal 0 0 -1
    outer loop
      vertex -6.65176 -67.3554 0
      vertex -32.8 -62.3 0
      vertex -6.18408 -66.7249 0
    endloop
  endfacet
  facet normal 0 0 -1
    outer loop
      vertex -7.05537 -68.0288 0
      vertex -32.8 -62.3 0
      vertex -6.65176 -67.3554 0
    endloop
  endfacet
  facet normal 0 0 -1
    outer loop
      vertex -7.39104 -68.7385 0
      vertex -32.8 -62.3 0
      vertex -7.05537 -68.0288 0
    endloop
  endfacet
  facet normal 0 0 -1
    outer loop
      vertex -7.65552 -69.4777 0
      vertex -32.8 -62.3 0
      vertex -7.39104 -68.7385 0
    endloop
  endfacet
  facet normal 0 0 -1
    outer loop
      vertex -7.84628 -70.2393 0
      vertex -32.8 -62.3 0
      vertex -7.65552 -69.4777 0
    endloop
  endfacet
  facet normal 0 0 -1
    outer loop
      vertex -7.96148 -71.0159 0
      vertex -32.8 -62.3 0
      vertex -7.84628 -70.2393 0
    endloop
  endfacet
  facet normal 0 0 -1
    outer loop
      vertex -8 -71.8 0
      vertex -32.8 -62.3 0
      vertex -7.96148 -71.0159 0
    endloop
  endfacet
  facet normal 0 0 -1
    outer loop
      vertex -38.55 -71.8 0
      vertex -32.8 -62.3 0
      vertex -8 -71.8 0
    endloop
  endfacet
  facet normal -0 0 -1
    outer loop
      vertex -32.8 -62.3 0
      vertex -38.55 -71.8 0
      vertex -32.996 -62.2904 0
    endloop
  endfacet
  facet normal -0 0 -1
    outer loop
      vertex -32.996 -62.2904 0
      vertex -38.55 -71.8 0
      vertex -33.1902 -62.2616 0
    endloop
  endfacet
  facet normal -0 0 -1
    outer loop
      vertex -33.1902 -62.2616 0
      vertex -38.55 -71.8 0
      vertex -33.3806 -62.2139 0
    endloop
  endfacet
  facet normal -0 0 -1
    outer loop
      vertex -34.7904 -60.496 0
      vertex -40.55 -69.8 0
      vertex -34.8 -60.3 0
    endloop
  endfacet
  facet normal -0 0 -1
    outer loop
      vertex -34.7616 -60.6902 0
      vertex -40.55 -69.8 0
      vertex -34.7904 -60.496 0
    endloop
  endfacet
  facet normal -0 0 -1
    outer loop
      vertex -34.7139 -60.8806 0
      vertex -40.55 -69.8 0
      vertex -34.7616 -60.6902 0
    endloop
  endfacet
  facet normal -0 0 -1
    outer loop
      vertex -34.6478 -61.0654 0
      vertex -40.55 -69.8 0
      vertex -34.7139 -60.8806 0
    endloop
  endfacet
  facet normal -0 0 -1
    outer loop
      vertex -34.5638 -61.2428 0
      vertex -40.55 -69.8 0
      vertex -34.6478 -61.0654 0
    endloop
  endfacet
  facet normal -0 0 -1
    outer loop
      vertex -34.4629 -61.4111 0
      vertex -40.55 -69.8 0
      vertex -34.5638 -61.2428 0
    endloop
  endfacet
  facet normal -0 0 -1
    outer loop
      vertex -34.346 -61.5688 0
      vertex -40.55 -69.8 0
      vertex -34.4629 -61.4111 0
    endloop
  endfacet
  facet normal -0 0 -1
    outer loop
      vertex -34.2142 -61.7142 0
      vertex -40.55 -69.8 0
      vertex -34.346 -61.5688 0
    endloop
  endfacet
  facet normal -0 0 -1
    outer loop
      vertex -34.0688 -61.846 0
      vertex -40.55 -69.8 0
      vertex -34.2142 -61.7142 0
    endloop
  endfacet
  facet normal -0 0 -1
    outer loop
      vertex -33.9111 -61.9629 0
      vertex -40.55 -69.8 0
      vertex -34.0688 -61.846 0
    endloop
  endfacet
  facet normal -0 0 -1
    outer loop
      vertex -33.7428 -62.0638 0
      vertex -40.55 -69.8 0
      vertex -33.9111 -61.9629 0
    endloop
  endfacet
  facet normal -0 0 -1
    outer loop
      vertex -33.5654 -62.1478 0
      vertex -40.55 -69.8 0
      vertex -33.7428 -62.0638 0
    endloop
  endfacet
  facet normal 0 0 -1
    outer loop
      vertex -40.55 -69.8 0
      vertex -33.5654 -62.1478 0
      vertex -38.55 -71.8 0
    endloop
  endfacet
  facet normal -0 0 -1
    outer loop
      vertex -33.3806 -62.2139 0
      vertex -38.55 -71.8 0
      vertex -33.5654 -62.1478 0
    endloop
  endfacet
  facet normal 0 0 -1
    outer loop
      vertex 39.9642 67.4142 0
      vertex 38.55 68 0
      vertex 39.8188 67.546 0
    endloop
  endfacet
  facet normal 0 0 -1
    outer loop
      vertex 39.8188 67.546 0
      vertex 38.55 68 0
      vertex 39.6611 67.6629 0
    endloop
  endfacet
  facet normal 0 0 -1
    outer loop
      vertex 39.6611 67.6629 0
      vertex 38.55 68 0
      vertex 39.4928 67.7638 0
    endloop
  endfacet
  facet normal 0 0 -1
    outer loop
      vertex 39.4928 67.7638 0
      vertex 38.55 68 0
      vertex 39.3154 67.8478 0
    endloop
  endfacet
  facet normal 0 0 -1
    outer loop
      vertex 39.1306 67.9139 0
      vertex 38.55 68 0
      vertex 38.9402 67.9616 0
    endloop
  endfacet
  facet normal 0 0 -1
    outer loop
      vertex 38.9402 67.9616 0
      vertex 38.55 68 0
      vertex 38.746 67.9904 0
    endloop
  endfacet
  facet normal 0 0 -1
    outer loop
      vertex 39.3154 67.8478 0
      vertex 38.55 68 0
      vertex 39.1306 67.9139 0
    endloop
  endfacet
  facet normal 0 0 -1
    outer loop
      vertex 40.2129 67.1111 0
      vertex 38.55 68 0
      vertex 40.096 67.2688 0
    endloop
  endfacet
  facet normal 0 0 -1
    outer loop
      vertex 40.5404 66.196 0
      vertex 38.55 68 0
      vertex 40.5116 66.3902 0
    endloop
  endfacet
  facet normal 0 0 -1
    outer loop
      vertex 34.0688 61.846 0
      vertex 38.55 68 0
      vertex 34.2142 61.7142 0
    endloop
  endfacet
  facet normal 0 0 -1
    outer loop
      vertex 33.9111 61.9629 0
      vertex 38.55 68 0
      vertex 34.0688 61.846 0
    endloop
  endfacet
  facet normal 0 0 -1
    outer loop
      vertex 33.7428 62.0638 0
      vertex 38.55 68 0
      vertex 33.9111 61.9629 0
    endloop
  endfacet
  facet normal 0 0 -1
    outer loop
      vertex 33.5654 62.1478 0
      vertex 38.55 68 0
      vertex 33.7428 62.0638 0
    endloop
  endfacet
  facet normal 0 0 -1
    outer loop
      vertex 33.3806 62.2139 0
      vertex 38.55 68 0
      vertex 33.5654 62.1478 0
    endloop
  endfacet
  facet normal 0 0 -1
    outer loop
      vertex 33.1902 62.2616 0
      vertex 38.55 68 0
      vertex 33.3806 62.2139 0
    endloop
  endfacet
  facet normal 0 0 -1
    outer loop
      vertex 32.996 62.2904 0
      vertex 38.55 68 0
      vertex 33.1902 62.2616 0
    endloop
  endfacet
  facet normal 0 0 -1
    outer loop
      vertex 32.8 62.3 0
      vertex 38.55 68 0
      vertex 32.996 62.2904 0
    endloop
  endfacet
  facet normal 0 0 -1
    outer loop
      vertex -32.8 62.3 0
      vertex 38.55 68 0
      vertex 32.8 62.3 0
    endloop
  endfacet
  facet normal 0 0 -1
    outer loop
      vertex -38.55 68 0
      vertex -32.8 62.3 0
      vertex -32.996 62.2904 0
    endloop
  endfacet
  facet normal 0 0 -1
    outer loop
      vertex -32.8 62.3 0
      vertex -38.55 68 0
      vertex 38.55 68 0
    endloop
  endfacet
  facet normal 0 0 -1
    outer loop
      vertex -33.1902 62.2616 0
      vertex -38.55 68 0
      vertex -32.996 62.2904 0
    endloop
  endfacet
  facet normal 0 0 -1
    outer loop
      vertex -33.3806 62.2139 0
      vertex -38.55 68 0
      vertex -33.1902 62.2616 0
    endloop
  endfacet
  facet normal 0 0 -1
    outer loop
      vertex -33.5654 62.1478 0
      vertex -38.55 68 0
      vertex -33.3806 62.2139 0
    endloop
  endfacet
  facet normal 0 0 -1
    outer loop
      vertex -33.7428 62.0638 0
      vertex -38.55 68 0
      vertex -33.5654 62.1478 0
    endloop
  endfacet
  facet normal 0 0 -1
    outer loop
      vertex -33.9111 61.9629 0
      vertex -38.55 68 0
      vertex -33.7428 62.0638 0
    endloop
  endfacet
  facet normal 0 0 -1
    outer loop
      vertex -34.0688 61.846 0
      vertex -38.55 68 0
      vertex -33.9111 61.9629 0
    endloop
  endfacet
  facet normal 0 0 -1
    outer loop
      vertex -34.2142 61.7142 0
      vertex -38.55 68 0
      vertex -34.0688 61.846 0
    endloop
  endfacet
  facet normal 0 0 -1
    outer loop
      vertex -40.55 66 0
      vertex -34.2142 61.7142 0
      vertex -34.346 61.5688 0
    endloop
  endfacet
  facet normal 0 0 -1
    outer loop
      vertex -40.55 66 0
      vertex -34.346 61.5688 0
      vertex -34.4629 61.4111 0
    endloop
  endfacet
  facet normal 0 0 -1
    outer loop
      vertex -40.55 66 0
      vertex -34.4629 61.4111 0
      vertex -34.5638 61.2428 0
    endloop
  endfacet
  facet normal 0 0 -1
    outer loop
      vertex -40.55 66 0
      vertex -34.5638 61.2428 0
      vertex -34.6478 61.0654 0
    endloop
  endfacet
  facet normal 0 0 -1
    outer loop
      vertex -40.55 66 0
      vertex -34.6478 61.0654 0
      vertex -34.7139 60.8806 0
    endloop
  endfacet
  facet normal 0 0 -1
    outer loop
      vertex -40.55 66 0
      vertex -34.7139 60.8806 0
      vertex -34.7616 60.6902 0
    endloop
  endfacet
  facet normal 0 0 -1
    outer loop
      vertex -40.55 66 0
      vertex -34.7616 60.6902 0
      vertex -34.7904 60.496 0
    endloop
  endfacet
  facet normal 0 0 -1
    outer loop
      vertex -40.55 66 0
      vertex -34.7904 60.496 0
      vertex -34.8 60.3 0
    endloop
  endfacet
  facet normal 0 0 -1
    outer loop
      vertex -40.55 66 0
      vertex -34.8 -60.3 0
      vertex -40.55 -69.8 0
    endloop
  endfacet
  facet normal 0 0 -1
    outer loop
      vertex -40.55 -69.8 0
      vertex -38.55 -71.8 0
      vertex -38.746 -71.7904 0
    endloop
  endfacet
  facet normal 0 0 -1
    outer loop
      vertex -34.8 -60.3 0
      vertex -40.55 66 0
      vertex -34.8 60.3 0
    endloop
  endfacet
  facet normal 0 0 -1
    outer loop
      vertex -40.55 -69.8 0
      vertex -38.746 -71.7904 0
      vertex -38.9402 -71.7616 0
    endloop
  endfacet
  facet normal 0 0 -1
    outer loop
      vertex -34.2142 61.7142 0
      vertex -40.55 66 0
      vertex -38.55 68 0
    endloop
  endfacet
  facet normal 0 0 -1
    outer loop
      vertex -40.55 -69.8 0
      vertex -38.9402 -71.7616 0
      vertex -39.1306 -71.7139 0
    endloop
  endfacet
  facet normal 0 0 -1
    outer loop
      vertex -38.55 68 0
      vertex -40.55 66 0
      vertex -38.746 67.9904 0
    endloop
  endfacet
  facet normal 0 0 -1
    outer loop
      vertex -40.55 -69.8 0
      vertex -39.1306 -71.7139 0
      vertex -39.3154 -71.6478 0
    endloop
  endfacet
  facet normal 0 0 -1
    outer loop
      vertex -38.746 67.9904 0
      vertex -40.55 66 0
      vertex -38.9402 67.9616 0
    endloop
  endfacet
  facet normal 0 0 -1
    outer loop
      vertex -40.55 -69.8 0
      vertex -39.3154 -71.6478 0
      vertex -39.4928 -71.5638 0
    endloop
  endfacet
  facet normal 0 0 -1
    outer loop
      vertex -38.9402 67.9616 0
      vertex -40.55 66 0
      vertex -39.1306 67.9139 0
    endloop
  endfacet
  facet normal 0 0 -1
    outer loop
      vertex -40.55 -69.8 0
      vertex -39.4928 -71.5638 0
      vertex -39.6611 -71.4629 0
    endloop
  endfacet
  facet normal 0 0 -1
    outer loop
      vertex -39.1306 67.9139 0
      vertex -40.55 66 0
      vertex -39.3154 67.8478 0
    endloop
  endfacet
  facet normal 0 0 -1
    outer loop
      vertex -40.55 -69.8 0
      vertex -39.6611 -71.4629 0
      vertex -39.8188 -71.346 0
    endloop
  endfacet
  facet normal 0 0 -1
    outer loop
      vertex -39.3154 67.8478 0
      vertex -40.55 66 0
      vertex -39.4928 67.7638 0
    endloop
  endfacet
  facet normal 0 0 -1
    outer loop
      vertex -40.55 -69.8 0
      vertex -39.8188 -71.346 0
      vertex -39.9642 -71.2142 0
    endloop
  endfacet
  facet normal 0 0 -1
    outer loop
      vertex -39.4928 67.7638 0
      vertex -40.55 66 0
      vertex -39.6611 67.6629 0
    endloop
  endfacet
  facet normal 0 0 -1
    outer loop
      vertex -40.55 -69.8 0
      vertex -39.9642 -71.2142 0
      vertex -40.096 -71.0688 0
    endloop
  endfacet
  facet normal 0 0 -1
    outer loop
      vertex -39.6611 67.6629 0
      vertex -40.55 66 0
      vertex -39.8188 67.546 0
    endloop
  endfacet
  facet normal 0 0 -1
    outer loop
      vertex -40.55 -69.8 0
      vertex -40.096 -71.0688 0
      vertex -40.2129 -70.9111 0
    endloop
  endfacet
  facet normal 0 0 -1
    outer loop
      vertex -39.8188 67.546 0
      vertex -40.55 66 0
      vertex -39.9642 67.4142 0
    endloop
  endfacet
  facet normal 0 0 -1
    outer loop
      vertex -40.55 -69.8 0
      vertex -40.2129 -70.9111 0
      vertex -40.3138 -70.7428 0
    endloop
  endfacet
  facet normal 0 0 -1
    outer loop
      vertex -39.9642 67.4142 0
      vertex -40.55 66 0
      vertex -40.096 67.2688 0
    endloop
  endfacet
  facet normal 0 0 -1
    outer loop
      vertex -40.55 -69.8 0
      vertex -40.3138 -70.7428 0
      vertex -40.3978 -70.5654 0
    endloop
  endfacet
  facet normal 0 0 -1
    outer loop
      vertex -40.096 67.2688 0
      vertex -40.55 66 0
      vertex -40.2129 67.1111 0
    endloop
  endfacet
  facet normal 0 0 -1
    outer loop
      vertex -40.55 -69.8 0
      vertex -40.3978 -70.5654 0
      vertex -40.4639 -70.3806 0
    endloop
  endfacet
  facet normal 0 0 -1
    outer loop
      vertex -40.2129 67.1111 0
      vertex -40.55 66 0
      vertex -40.3138 66.9428 0
    endloop
  endfacet
  facet normal 0 0 -1
    outer loop
      vertex -40.55 -69.8 0
      vertex -40.4639 -70.3806 0
      vertex -40.5116 -70.1902 0
    endloop
  endfacet
  facet normal 0 0 -1
    outer loop
      vertex -40.3138 66.9428 0
      vertex -40.55 66 0
      vertex -40.3978 66.7654 0
    endloop
  endfacet
  facet normal 0 0 -1
    outer loop
      vertex -40.55 -69.8 0
      vertex -40.5116 -70.1902 0
      vertex -40.5404 -69.996 0
    endloop
  endfacet
  facet normal 0 0 -1
    outer loop
      vertex -40.3978 66.7654 0
      vertex -40.55 66 0
      vertex -40.4639 66.5806 0
    endloop
  endfacet
  facet normal 0 0 -1
    outer loop
      vertex -40.4639 66.5806 0
      vertex -40.55 66 0
      vertex -40.5116 66.3902 0
    endloop
  endfacet
  facet normal 0 0 -1
    outer loop
      vertex -40.5116 66.3902 0
      vertex -40.55 66 0
      vertex -40.5404 66.196 0
    endloop
  endfacet
  facet normal -0.80335 -0.595508 0
    outer loop
      vertex -40.096 -71.0688 0
      vertex -40.2129 -70.9111 2.5
      vertex -40.2129 -70.9111 0
    endloop
  endfacet
  facet normal -0.80335 -0.595508 0
    outer loop
      vertex -40.2129 -70.9111 2.5
      vertex -40.096 -71.0688 0
      vertex -40.096 -71.0688 2.5
    endloop
  endfacet
  facet normal 0.9038 -0.427955 0
    outer loop
      vertex 40.3138 -70.7428 2.5
      vertex 40.3978 -70.5654 0
      vertex 40.3978 -70.5654 2.5
    endloop
  endfacet
  facet normal 0.9038 -0.427955 0
    outer loop
      vertex 40.3978 -70.5654 0
      vertex 40.3138 -70.7428 2.5
      vertex 40.3138 -70.7428 0
    endloop
  endfacet
  facet normal 0.740908 0.671607 0
    outer loop
      vertex 40.096 67.2688 2.5
      vertex 39.9642 67.4142 0
      vertex 39.9642 67.4142 2.5
    endloop
  endfacet
  facet normal 0.740908 0.671607 0
    outer loop
      vertex 39.9642 67.4142 0
      vertex 40.096 67.2688 2.5
      vertex 40.096 67.2688 0
    endloop
  endfacet
  facet normal 0.94158 0.336788 0
    outer loop
      vertex 40.4639 66.5806 2.5
      vertex 40.3978 66.7654 0
      vertex 40.3978 66.7654 2.5
    endloop
  endfacet
  facet normal 0.94158 0.336788 0
    outer loop
      vertex 40.3978 66.7654 0
      vertex 40.4639 66.5806 2.5
      vertex 40.4639 66.5806 0
    endloop
  endfacet
  facet normal 0.595508 0.80335 -0
    outer loop
      vertex 39.8188 67.546 0
      vertex 39.6611 67.6629 2.5
      vertex 39.8188 67.546 2.5
    endloop
  endfacet
  facet normal 0.595508 0.80335 0
    outer loop
      vertex 39.6611 67.6629 2.5
      vertex 39.8188 67.546 0
      vertex 39.6611 67.6629 0
    endloop
  endfacet
  facet normal -0.146696 0.989182 0
    outer loop
      vertex -38.746 67.9904 0
      vertex -38.9402 67.9616 2.5
      vertex -38.746 67.9904 2.5
    endloop
  endfacet
  facet normal -0.146696 0.989182 0
    outer loop
      vertex -38.9402 67.9616 2.5
      vertex -38.746 67.9904 0
      vertex -38.9402 67.9616 0
    endloop
  endfacet
  facet normal 0.243015 0.970023 -0
    outer loop
      vertex 39.1306 67.9139 0
      vertex 38.9402 67.9616 2.5
      vertex 39.1306 67.9139 2.5
    endloop
  endfacet
  facet normal 0.243015 0.970023 0
    outer loop
      vertex 38.9402 67.9616 2.5
      vertex 39.1306 67.9139 0
      vertex 38.9402 67.9616 0
    endloop
  endfacet
  facet normal 0.9038 0.427955 0
    outer loop
      vertex 40.3978 66.7654 2.5
      vertex 40.3138 66.9428 0
      vertex 40.3138 66.9428 2.5
    endloop
  endfacet
  facet normal 0.9038 0.427955 0
    outer loop
      vertex 40.3138 66.9428 0
      vertex 40.3978 66.7654 2.5
      vertex 40.3978 66.7654 0
    endloop
  endfacet
  facet normal 0.857673 0.514196 0
    outer loop
      vertex 40.3138 66.9428 2.5
      vertex 40.2129 67.1111 0
      vertex 40.2129 67.1111 2.5
    endloop
  endfacet
  facet normal 0.857673 0.514196 0
    outer loop
      vertex 40.2129 67.1111 0
      vertex 40.3138 66.9428 2.5
      vertex 40.3138 66.9428 0
    endloop
  endfacet
  facet normal -0.671607 0.740908 0
    outer loop
      vertex -39.8188 67.546 0
      vertex -39.9642 67.4142 2.5
      vertex -39.8188 67.546 2.5
    endloop
  endfacet
  facet normal -0.671607 0.740908 0
    outer loop
      vertex -39.9642 67.4142 2.5
      vertex -39.8188 67.546 0
      vertex -39.9642 67.4142 0
    endloop
  endfacet
  facet normal -1 0 0
    outer loop
      vertex 37.8 -71.8 1.4
      vertex 37.8 65.3 2.5
      vertex 37.8 65.3 1.4
    endloop
  endfacet
  facet normal -1 -0 0
    outer loop
      vertex 37.8 65.3 2.5
      vertex 37.8 -71.8 1.4
      vertex 37.8 -71.8 2.5
    endloop
  endfacet
  facet normal 0 0 1
    outer loop
      vertex 32.8 -62.3 1.4
      vertex 25.4205 -68.7425 1.4
      vertex 25.4281 -68.8 1.4
    endloop
  endfacet
  facet normal 0 0 1
    outer loop
      vertex 32.8 -62.3 1.4
      vertex 25.4135 -68.6892 1.4
      vertex 25.4205 -68.7425 1.4
    endloop
  endfacet
  facet normal 0 0 1
    outer loop
      vertex 32.8 -62.3 1.4
      vertex 25.3929 -68.6396 1.4
      vertex 25.4135 -68.6892 1.4
    endloop
  endfacet
  facet normal 0 0 1
    outer loop
      vertex 32.8 -62.3 1.4
      vertex 25.3707 -68.586 1.4
      vertex 25.3929 -68.6396 1.4
    endloop
  endfacet
  facet normal 0 0 1
    outer loop
      vertex 32.8 -62.3 1.4
      vertex 25.3354 -68.5399 1.4
      vertex 25.3707 -68.586 1.4
    endloop
  endfacet
  facet normal 0 0 1
    outer loop
      vertex 32.8 -62.3 1.4
      vertex 25.3027 -68.4973 1.4
      vertex 25.3354 -68.5399 1.4
    endloop
  endfacet
  facet normal 0 0 1
    outer loop
      vertex 32.8 -62.3 1.4
      vertex 25.2567 -68.462 1.4
      vertex 25.3027 -68.4973 1.4
    endloop
  endfacet
  facet normal 0 0 1
    outer loop
      vertex 32.8 -62.3 1.4
      vertex 25.214 -68.4293 1.4
      vertex 25.2567 -68.462 1.4
    endloop
  endfacet
  facet normal 0 0 1
    outer loop
      vertex 32.8 -62.3 1.4
      vertex 25.1604 -68.4071 1.4
      vertex 25.214 -68.4293 1.4
    endloop
  endfacet
  facet normal 0 0 1
    outer loop
      vertex 32.8 -62.3 1.4
      vertex 25.1108 -68.3865 1.4
      vertex 25.1604 -68.4071 1.4
    endloop
  endfacet
  facet normal 0 0 1
    outer loop
      vertex 32.8 -62.3 1.4
      vertex 25.0533 -68.3789 1.4
      vertex 25.1108 -68.3865 1.4
    endloop
  endfacet
  facet normal 0 0 1
    outer loop
      vertex 32.8 -62.3 1.4
      vertex 25 -68.3719 1.4
      vertex 25.0533 -68.3789 1.4
    endloop
  endfacet
  facet normal 0 0 1
    outer loop
      vertex 32.8 -62.3 1.4
      vertex 24.9467 -68.3789 1.4
      vertex 25 -68.3719 1.4
    endloop
  endfacet
  facet normal 0 0 1
    outer loop
      vertex 32.8 -62.3 1.4
      vertex 24.8892 -68.3865 1.4
      vertex 24.9467 -68.3789 1.4
    endloop
  endfacet
  facet normal 0 0 1
    outer loop
      vertex 32.8 -62.3 1.4
      vertex 24.8396 -68.4071 1.4
      vertex 24.8892 -68.3865 1.4
    endloop
  endfacet
  facet normal 0 0 1
    outer loop
      vertex 32.8 -62.3 1.4
      vertex 24.786 -68.4293 1.4
      vertex 24.8396 -68.4071 1.4
    endloop
  endfacet
  facet normal 0 0 -1
    outer loop
      vertex 24.786 -68.4293 1.4
      vertex 24.6973 -68.4973 1.4
      vertex 24.7433 -68.462 1.4
    endloop
  endfacet
  facet normal 0 0 -1
    outer loop
      vertex 24.6973 -68.4973 1.4
      vertex 24.6293 -68.586 1.4
      vertex 24.6646 -68.5399 1.4
    endloop
  endfacet
  facet normal 0 0 1
    outer loop
      vertex 24.5865 -68.6892 1.4
      vertex 24.5719 -68.8 1.4
      vertex 24.5795 -68.7425 1.4
    endloop
  endfacet
  facet normal 0 0 1
    outer loop
      vertex 7.65552 -69.4777 1.4
      vertex 24.5719 -68.8 1.4
      vertex 24.5865 -68.6892 1.4
    endloop
  endfacet
  facet normal 0 0 1
    outer loop
      vertex 7.39104 -68.7385 1.4
      vertex 24.5865 -68.6892 1.4
      vertex 24.6071 -68.6396 1.4
    endloop
  endfacet
  facet normal 0 0 1
    outer loop
      vertex 7.39104 -68.7385 1.4
      vertex 24.6071 -68.6396 1.4
      vertex 24.6293 -68.586 1.4
    endloop
  endfacet
  facet normal 0 0 1
    outer loop
      vertex 6.65176 -67.3554 1.4
      vertex 24.6293 -68.586 1.4
      vertex 24.6973 -68.4973 1.4
    endloop
  endfacet
  facet normal 0 0 1
    outer loop
      vertex 6.18408 -66.7249 1.4
      vertex 24.6973 -68.4973 1.4
      vertex 24.786 -68.4293 1.4
    endloop
  endfacet
  facet normal -0 0 1
    outer loop
      vertex 5.07515 -65.6159 1.4
      vertex 24.786 -68.4293 1.4
      vertex 32.8 -62.3 1.4
    endloop
  endfacet
  facet normal 0 0 1
    outer loop
      vertex 24.5719 -68.8 1.4
      vertex 7.96148 -71.0159 1.4
      vertex 8 -71.8 1.4
    endloop
  endfacet
  facet normal 0 0 1
    outer loop
      vertex 24.5719 -68.8 1.4
      vertex 7.84628 -70.2393 1.4
      vertex 7.96148 -71.0159 1.4
    endloop
  endfacet
  facet normal 0 0 1
    outer loop
      vertex 24.5719 -68.8 1.4
      vertex 7.65552 -69.4777 1.4
      vertex 7.84628 -70.2393 1.4
    endloop
  endfacet
  facet normal 0 0 1
    outer loop
      vertex 24.5865 -68.6892 1.4
      vertex 7.39104 -68.7385 1.4
      vertex 7.65552 -69.4777 1.4
    endloop
  endfacet
  facet normal 0 0 1
    outer loop
      vertex 24.6293 -68.586 1.4
      vertex 7.05537 -68.0288 1.4
      vertex 7.39104 -68.7385 1.4
    endloop
  endfacet
  facet normal 0 0 1
    outer loop
      vertex 24.6293 -68.586 1.4
      vertex 6.65176 -67.3554 1.4
      vertex 7.05537 -68.0288 1.4
    endloop
  endfacet
  facet normal 0 0 1
    outer loop
      vertex 24.6973 -68.4973 1.4
      vertex 6.18408 -66.7249 1.4
      vertex 6.65176 -67.3554 1.4
    endloop
  endfacet
  facet normal 0 0 1
    outer loop
      vertex 24.786 -68.4293 1.4
      vertex 5.65685 -66.1431 1.4
      vertex 6.18408 -66.7249 1.4
    endloop
  endfacet
  facet normal 0 0 1
    outer loop
      vertex 24.786 -68.4293 1.4
      vertex 5.07515 -65.6159 1.4
      vertex 5.65685 -66.1431 1.4
    endloop
  endfacet
  facet normal 0 0 1
    outer loop
      vertex 32.8 -62.3 1.4
      vertex 4.44456 -65.1482 1.4
      vertex 5.07515 -65.6159 1.4
    endloop
  endfacet
  facet normal 0 0 1
    outer loop
      vertex 32.8 -62.3 1.4
      vertex 3.77117 -64.7446 1.4
      vertex 4.44456 -65.1482 1.4
    endloop
  endfacet
  facet normal 0 0 1
    outer loop
      vertex 32.8 -62.3 1.4
      vertex 3.06147 -64.409 1.4
      vertex 3.77117 -64.7446 1.4
    endloop
  endfacet
  facet normal 0 0 1
    outer loop
      vertex 32.8 -62.3 1.4
      vertex 2.32228 -64.1445 1.4
      vertex 3.06147 -64.409 1.4
    endloop
  endfacet
  facet normal 0 0 1
    outer loop
      vertex 32.8 -62.3 1.4
      vertex 1.56072 -63.9537 1.4
      vertex 2.32228 -64.1445 1.4
    endloop
  endfacet
  facet normal 0 0 1
    outer loop
      vertex 32.8 -62.3 1.4
      vertex 0.784137 -63.8385 1.4
      vertex 1.56072 -63.9537 1.4
    endloop
  endfacet
  facet normal 0 0 1
    outer loop
      vertex 32.8 -62.3 1.4
      vertex 0 -63.8 1.4
      vertex 0.784137 -63.8385 1.4
    endloop
  endfacet
  facet normal -0 0 1
    outer loop
      vertex -24.5795 -68.8575 1.4
      vertex -7.96148 -71.0159 1.4
      vertex -24.5719 -68.8 1.4
    endloop
  endfacet
  facet normal 0 0 1
    outer loop
      vertex -7.84628 -70.2393 1.4
      vertex -24.5719 -68.8 1.4
      vertex -7.96148 -71.0159 1.4
    endloop
  endfacet
  facet normal 0 0 1
    outer loop
      vertex -7.65552 -69.4777 1.4
      vertex -24.5719 -68.8 1.4
      vertex -7.84628 -70.2393 1.4
    endloop
  endfacet
  facet normal 0 0 1
    outer loop
      vertex -24.5865 -68.6892 1.4
      vertex -7.65552 -69.4777 1.4
      vertex -7.39104 -68.7385 1.4
    endloop
  endfacet
  facet normal -0 0 1
    outer loop
      vertex -24.6293 -68.586 1.4
      vertex -7.39104 -68.7385 1.4
      vertex -7.05537 -68.0288 1.4
    endloop
  endfacet
  facet normal 0 0 1
    outer loop
      vertex -24.6293 -68.586 1.4
      vertex -7.05537 -68.0288 1.4
      vertex -6.65176 -67.3554 1.4
    endloop
  endfacet
  facet normal 0 0 1
    outer loop
      vertex -24.6973 -68.4973 1.4
      vertex -6.65176 -67.3554 1.4
      vertex -6.18408 -66.7249 1.4
    endloop
  endfacet
  facet normal 0 0 1
    outer loop
      vertex -24.786 -68.4293 1.4
      vertex -6.18408 -66.7249 1.4
      vertex -5.65685 -66.1431 1.4
    endloop
  endfacet
  facet normal 0 0 1
    outer loop
      vertex -24.786 -68.4293 1.4
      vertex -5.65685 -66.1431 1.4
      vertex -5.07515 -65.6159 1.4
    endloop
  endfacet
  facet normal 0 0 1
    outer loop
      vertex -32.8 -62.3 1.4
      vertex -5.07515 -65.6159 1.4
      vertex -4.44456 -65.1482 1.4
    endloop
  endfacet
  facet normal 0 0 1
    outer loop
      vertex -32.8 -62.3 1.4
      vertex -4.44456 -65.1482 1.4
      vertex -3.77117 -64.7446 1.4
    endloop
  endfacet
  facet normal 0 0 1
    outer loop
      vertex -32.8 -62.3 1.4
      vertex -3.77117 -64.7446 1.4
      vertex -3.06147 -64.409 1.4
    endloop
  endfacet
  facet normal 0 0 1
    outer loop
      vertex -32.8 -62.3 1.4
      vertex -3.06147 -64.409 1.4
      vertex -2.32228 -64.1445 1.4
    endloop
  endfacet
  facet normal 0 0 1
    outer loop
      vertex -32.8 -62.3 1.4
      vertex -2.32228 -64.1445 1.4
      vertex -1.56072 -63.9537 1.4
    endloop
  endfacet
  facet normal 0 0 1
    outer loop
      vertex -7.65552 -69.4777 1.4
      vertex -24.5795 -68.7425 1.4
      vertex -24.5719 -68.8 1.4
    endloop
  endfacet
  facet normal 0 0 1
    outer loop
      vertex -7.65552 -69.4777 1.4
      vertex -24.5865 -68.6892 1.4
      vertex -24.5795 -68.7425 1.4
    endloop
  endfacet
  facet normal 0 0 1
    outer loop
      vertex -7.39104 -68.7385 1.4
      vertex -24.6071 -68.6396 1.4
      vertex -24.5865 -68.6892 1.4
    endloop
  endfacet
  facet normal 0 0 1
    outer loop
      vertex -7.39104 -68.7385 1.4
      vertex -24.6293 -68.586 1.4
      vertex -24.6071 -68.6396 1.4
    endloop
  endfacet
  facet normal 0 0 1
    outer loop
      vertex -6.65176 -67.3554 1.4
      vertex -24.6646 -68.5399 1.4
      vertex -24.6293 -68.586 1.4
    endloop
  endfacet
  facet normal 0 0 1
    outer loop
      vertex -6.65176 -67.3554 1.4
      vertex -24.6973 -68.4973 1.4
      vertex -24.6646 -68.5399 1.4
    endloop
  endfacet
  facet normal 0 0 1
    outer loop
      vertex -6.18408 -66.7249 1.4
      vertex -24.7433 -68.462 1.4
      vertex -24.6973 -68.4973 1.4
    endloop
  endfacet
  facet normal 0 0 1
    outer loop
      vertex -6.18408 -66.7249 1.4
      vertex -24.786 -68.4293 1.4
      vertex -24.7433 -68.462 1.4
    endloop
  endfacet
  facet normal 0 0 1
    outer loop
      vertex -5.07515 -65.6159 1.4
      vertex -32.8 -62.3 1.4
      vertex -24.786 -68.4293 1.4
    endloop
  endfacet
  facet normal 0 0 1
    outer loop
      vertex -24.786 -68.4293 1.4
      vertex -32.8 -62.3 1.4
      vertex -24.8396 -68.4071 1.4
    endloop
  endfacet
  facet normal 0 0 1
    outer loop
      vertex -24.8396 -68.4071 1.4
      vertex -32.8 -62.3 1.4
      vertex -24.8892 -68.3865 1.4
    endloop
  endfacet
  facet normal 0 0 1
    outer loop
      vertex -24.8892 -68.3865 1.4
      vertex -32.8 -62.3 1.4
      vertex -24.9467 -68.3789 1.4
    endloop
  endfacet
  facet normal 0 0 1
    outer loop
      vertex -24.9467 -68.3789 1.4
      vertex -32.8 -62.3 1.4
      vertex -25 -68.3719 1.4
    endloop
  endfacet
  facet normal 0 0 1
    outer loop
      vertex -25 -68.3719 1.4
      vertex -32.8 -62.3 1.4
      vertex -25.0533 -68.3789 1.4
    endloop
  endfacet
  facet normal 0 0 1
    outer loop
      vertex -32.8 -62.3 1.4
      vertex -25.2567 -68.462 1.4
      vertex -25.214 -68.4293 1.4
    endloop
  endfacet
  facet normal 0 0 1
    outer loop
      vertex -32.8 -62.3 1.4
      vertex -25.3354 -68.5399 1.4
      vertex -25.3027 -68.4973 1.4
    endloop
  endfacet
  facet normal 0 0 1
    outer loop
      vertex -25.4135 -68.6892 1.4
      vertex -25.4281 -68.8 1.4
      vertex -25.4205 -68.7425 1.4
    endloop
  endfacet
  facet normal 0 0 1
    outer loop
      vertex -25.4135 -68.6892 1.4
      vertex -32.8 -62.3 1.4
      vertex -25.4281 -68.8 1.4
    endloop
  endfacet
  facet normal 0 0 1
    outer loop
      vertex -25.3929 -68.6396 1.4
      vertex -32.8 -62.3 1.4
      vertex -25.4135 -68.6892 1.4
    endloop
  endfacet
  facet normal 0 0 1
    outer loop
      vertex -25.3707 -68.586 1.4
      vertex -32.8 -62.3 1.4
      vertex -25.3929 -68.6396 1.4
    endloop
  endfacet
  facet normal 0 0 1
    outer loop
      vertex -25.3354 -68.5399 1.4
      vertex -32.8 -62.3 1.4
      vertex -25.3707 -68.586 1.4
    endloop
  endfacet
  facet normal 0 0 1
    outer loop
      vertex -25.2567 -68.462 1.4
      vertex -32.8 -62.3 1.4
      vertex -25.3027 -68.4973 1.4
    endloop
  endfacet
  facet normal 0 0 1
    outer loop
      vertex -25.1604 -68.4071 1.4
      vertex -32.8 -62.3 1.4
      vertex -25.214 -68.4293 1.4
    endloop
  endfacet
  facet normal 0 0 1
    outer loop
      vertex -25.1108 -68.3865 1.4
      vertex -32.8 -62.3 1.4
      vertex -25.1604 -68.4071 1.4
    endloop
  endfacet
  facet normal 0 0 1
    outer loop
      vertex -25.0533 -68.3789 1.4
      vertex -32.8 -62.3 1.4
      vertex -25.1108 -68.3865 1.4
    endloop
  endfacet
  facet normal 0 0 1
    outer loop
      vertex -0.784137 -63.8385 1.4
      vertex -32.8 -62.3 1.4
      vertex -1.56072 -63.9537 1.4
    endloop
  endfacet
  facet normal 0 0 1
    outer loop
      vertex 0 -63.8 1.4
      vertex -32.8 -62.3 1.4
      vertex -0.784137 -63.8385 1.4
    endloop
  endfacet
  facet normal -0 0 1
    outer loop
      vertex -32.8 -62.3 1.4
      vertex 0 -63.8 1.4
      vertex 32.8 -62.3 1.4
    endloop
  endfacet
  facet normal 0 0 1
    outer loop
      vertex 34.8 -60.3 1.4
      vertex 37.8 65.3 1.4
      vertex 34.8 60.3 1.4
    endloop
  endfacet
  facet normal 0 0 1
    outer loop
      vertex 37.8 65.3 1.4
      vertex 34.7904 60.496 1.4
      vertex 34.8 60.3 1.4
    endloop
  endfacet
  facet normal 0 0 1
    outer loop
      vertex 37.8 65.3 1.4
      vertex 34.7616 60.6902 1.4
      vertex 34.7904 60.496 1.4
    endloop
  endfacet
  facet normal 0 0 1
    outer loop
      vertex 37.8 65.3 1.4
      vertex 34.7139 60.8806 1.4
      vertex 34.7616 60.6902 1.4
    endloop
  endfacet
  facet normal 0 0 1
    outer loop
      vertex 37.8 65.3 1.4
      vertex 34.6478 61.0654 1.4
      vertex 34.7139 60.8806 1.4
    endloop
  endfacet
  facet normal 0 0 1
    outer loop
      vertex 37.8 65.3 1.4
      vertex 34.5638 61.2428 1.4
      vertex 34.6478 61.0654 1.4
    endloop
  endfacet
  facet normal 0 0 1
    outer loop
      vertex 37.8 65.3 1.4
      vertex 34.4629 61.4111 1.4
      vertex 34.5638 61.2428 1.4
    endloop
  endfacet
  facet normal 0 0 1
    outer loop
      vertex 37.8 65.3 1.4
      vertex 34.346 61.5688 1.4
      vertex 34.4629 61.4111 1.4
    endloop
  endfacet
  facet normal 0 0 1
    outer loop
      vertex 37.8 65.3 1.4
      vertex 34.2142 61.7142 1.4
      vertex 34.346 61.5688 1.4
    endloop
  endfacet
  facet normal 0 0 1
    outer loop
      vertex 37.8 65.3 1.4
      vertex 34.0688 61.846 1.4
      vertex 34.2142 61.7142 1.4
    endloop
  endfacet
  facet normal 0 0 1
    outer loop
      vertex 37.8 65.3 1.4
      vertex 33.9111 61.9629 1.4
      vertex 34.0688 61.846 1.4
    endloop
  endfacet
  facet normal 0 0 1
    outer loop
      vertex 37.8 65.3 1.4
      vertex 33.7428 62.0638 1.4
      vertex 33.9111 61.9629 1.4
    endloop
  endfacet
  facet normal 0 0 1
    outer loop
      vertex 37.8 65.3 1.4
      vertex 33.5654 62.1478 1.4
      vertex 33.7428 62.0638 1.4
    endloop
  endfacet
  facet normal 0 0 1
    outer loop
      vertex 37.8 65.3 1.4
      vertex 33.3806 62.2139 1.4
      vertex 33.5654 62.1478 1.4
    endloop
  endfacet
  facet normal 0 0 1
    outer loop
      vertex 37.8 65.3 1.4
      vertex 33.1902 62.2616 1.4
      vertex 33.3806 62.2139 1.4
    endloop
  endfacet
  facet normal 0 0 1
    outer loop
      vertex 37.8 65.3 1.4
      vertex 32.996 62.2904 1.4
      vertex 33.1902 62.2616 1.4
    endloop
  endfacet
  facet normal 0 0 1
    outer loop
      vertex 37.8 65.3 1.4
      vertex 32.8 62.3 1.4
      vertex 32.996 62.2904 1.4
    endloop
  endfacet
  facet normal 0 0 1
    outer loop
      vertex 37.8 65.3 1.4
      vertex -32.8 62.3 1.4
      vertex 32.8 62.3 1.4
    endloop
  endfacet
  facet normal 0 0 1
    outer loop
      vertex -34.8 60.3 1.4
      vertex -37.8 65.3 1.4
      vertex -34.8 -60.3 1.4
    endloop
  endfacet
  facet normal 0 0 1
    outer loop
      vertex -34.7904 60.496 1.4
      vertex -37.8 65.3 1.4
      vertex -34.8 60.3 1.4
    endloop
  endfacet
  facet normal 0 0 1
    outer loop
      vertex -34.7616 60.6902 1.4
      vertex -37.8 65.3 1.4
      vertex -34.7904 60.496 1.4
    endloop
  endfacet
  facet normal 0 0 1
    outer loop
      vertex -34.7139 60.8806 1.4
      vertex -37.8 65.3 1.4
      vertex -34.7616 60.6902 1.4
    endloop
  endfacet
  facet normal 0 0 1
    outer loop
      vertex -34.6478 61.0654 1.4
      vertex -37.8 65.3 1.4
      vertex -34.7139 60.8806 1.4
    endloop
  endfacet
  facet normal 0 0 1
    outer loop
      vertex -34.5638 61.2428 1.4
      vertex -37.8 65.3 1.4
      vertex -34.6478 61.0654 1.4
    endloop
  endfacet
  facet normal 0 0 1
    outer loop
      vertex -34.4629 61.4111 1.4
      vertex -37.8 65.3 1.4
      vertex -34.5638 61.2428 1.4
    endloop
  endfacet
  facet normal 0 0 1
    outer loop
      vertex -34.346 61.5688 1.4
      vertex -37.8 65.3 1.4
      vertex -34.4629 61.4111 1.4
    endloop
  endfacet
  facet normal 0 0 1
    outer loop
      vertex -34.2142 61.7142 1.4
      vertex -37.8 65.3 1.4
      vertex -34.346 61.5688 1.4
    endloop
  endfacet
  facet normal 0 0 1
    outer loop
      vertex -34.0688 61.846 1.4
      vertex -37.8 65.3 1.4
      vertex -34.2142 61.7142 1.4
    endloop
  endfacet
  facet normal 0 0 1
    outer loop
      vertex -33.9111 61.9629 1.4
      vertex -37.8 65.3 1.4
      vertex -34.0688 61.846 1.4
    endloop
  endfacet
  facet normal 0 0 1
    outer loop
      vertex -33.7428 62.0638 1.4
      vertex -37.8 65.3 1.4
      vertex -33.9111 61.9629 1.4
    endloop
  endfacet
  facet normal 0 0 1
    outer loop
      vertex -33.5654 62.1478 1.4
      vertex -37.8 65.3 1.4
      vertex -33.7428 62.0638 1.4
    endloop
  endfacet
  facet normal 0 0 1
    outer loop
      vertex -33.3806 62.2139 1.4
      vertex -37.8 65.3 1.4
      vertex -33.5654 62.1478 1.4
    endloop
  endfacet
  facet normal 0 0 1
    outer loop
      vertex -33.1902 62.2616 1.4
      vertex -37.8 65.3 1.4
      vertex -33.3806 62.2139 1.4
    endloop
  endfacet
  facet normal 0 0 1
    outer loop
      vertex -32.996 62.2904 1.4
      vertex -37.8 65.3 1.4
      vertex -33.1902 62.2616 1.4
    endloop
  endfacet
  facet normal 0 0 1
    outer loop
      vertex -32.8 62.3 1.4
      vertex -37.8 65.3 1.4
      vertex -32.996 62.2904 1.4
    endloop
  endfacet
  facet normal -0 0 1
    outer loop
      vertex -37.8 65.3 1.4
      vertex -32.8 62.3 1.4
      vertex 37.8 65.3 1.4
    endloop
  endfacet
  facet normal 0 0 1
    outer loop
      vertex 37.8 65.3 1.4
      vertex 34.8 -60.3 1.4
      vertex 37.8 -71.8 1.4
    endloop
  endfacet
  facet normal -0 0 1
    outer loop
      vertex 34.7904 -60.496 1.4
      vertex 37.8 -71.8 1.4
      vertex 34.8 -60.3 1.4
    endloop
  endfacet
  facet normal -0 0 1
    outer loop
      vertex 34.7616 -60.6902 1.4
      vertex 37.8 -71.8 1.4
      vertex 34.7904 -60.496 1.4
    endloop
  endfacet
  facet normal -0 0 1
    outer loop
      vertex 34.7139 -60.8806 1.4
      vertex 37.8 -71.8 1.4
      vertex 34.7616 -60.6902 1.4
    endloop
  endfacet
  facet normal -0 0 1
    outer loop
      vertex 34.6478 -61.0654 1.4
      vertex 37.8 -71.8 1.4
      vertex 34.7139 -60.8806 1.4
    endloop
  endfacet
  facet normal -0 0 1
    outer loop
      vertex 34.5638 -61.2428 1.4
      vertex 37.8 -71.8 1.4
      vertex 34.6478 -61.0654 1.4
    endloop
  endfacet
  facet normal -0 0 1
    outer loop
      vertex 34.4629 -61.4111 1.4
      vertex 37.8 -71.8 1.4
      vertex 34.5638 -61.2428 1.4
    endloop
  endfacet
  facet normal -0 0 1
    outer loop
      vertex 34.346 -61.5688 1.4
      vertex 37.8 -71.8 1.4
      vertex 34.4629 -61.4111 1.4
    endloop
  endfacet
  facet normal -0 0 1
    outer loop
      vertex 34.2142 -61.7142 1.4
      vertex 37.8 -71.8 1.4
      vertex 34.346 -61.5688 1.4
    endloop
  endfacet
  facet normal -0 0 1
    outer loop
      vertex 34.0688 -61.846 1.4
      vertex 37.8 -71.8 1.4
      vertex 34.2142 -61.7142 1.4
    endloop
  endfacet
  facet normal -0 0 1
    outer loop
      vertex 33.9111 -61.9629 1.4
      vertex 37.8 -71.8 1.4
      vertex 34.0688 -61.846 1.4
    endloop
  endfacet
  facet normal -0 0 1
    outer loop
      vertex 33.7428 -62.0638 1.4
      vertex 37.8 -71.8 1.4
      vertex 33.9111 -61.9629 1.4
    endloop
  endfacet
  facet normal -0 0 1
    outer loop
      vertex 33.5654 -62.1478 1.4
      vertex 37.8 -71.8 1.4
      vertex 33.7428 -62.0638 1.4
    endloop
  endfacet
  facet normal -0 0 1
    outer loop
      vertex 33.3806 -62.2139 1.4
      vertex 37.8 -71.8 1.4
      vertex 33.5654 -62.1478 1.4
    endloop
  endfacet
  facet normal -0 0 1
    outer loop
      vertex 33.1902 -62.2616 1.4
      vertex 37.8 -71.8 1.4
      vertex 33.3806 -62.2139 1.4
    endloop
  endfacet
  facet normal -0 0 1
    outer loop
      vertex 32.996 -62.2904 1.4
      vertex 37.8 -71.8 1.4
      vertex 33.1902 -62.2616 1.4
    endloop
  endfacet
  facet normal -0 0 1
    outer loop
      vertex 32.8 -62.3 1.4
      vertex 37.8 -71.8 1.4
      vertex 32.996 -62.2904 1.4
    endloop
  endfacet
  facet normal -0 0 1
    outer loop
      vertex 25.4281 -68.8 1.4
      vertex 37.8 -71.8 1.4
      vertex 32.8 -62.3 1.4
    endloop
  endfacet
  facet normal -0 0 1
    outer loop
      vertex 25.4205 -68.8575 1.4
      vertex 37.8 -71.8 1.4
      vertex 25.4281 -68.8 1.4
    endloop
  endfacet
  facet normal -0 0 1
    outer loop
      vertex 25.4135 -68.9108 1.4
      vertex 37.8 -71.8 1.4
      vertex 25.4205 -68.8575 1.4
    endloop
  endfacet
  facet normal -0 0 1
    outer loop
      vertex 25.3929 -68.9604 1.4
      vertex 37.8 -71.8 1.4
      vertex 25.4135 -68.9108 1.4
    endloop
  endfacet
  facet normal -0 0 1
    outer loop
      vertex 25.3707 -69.014 1.4
      vertex 37.8 -71.8 1.4
      vertex 25.3929 -68.9604 1.4
    endloop
  endfacet
  facet normal -0 0 1
    outer loop
      vertex 25.3354 -69.0601 1.4
      vertex 37.8 -71.8 1.4
      vertex 25.3707 -69.014 1.4
    endloop
  endfacet
  facet normal -0 0 1
    outer loop
      vertex 25.3027 -69.1027 1.4
      vertex 37.8 -71.8 1.4
      vertex 25.3354 -69.0601 1.4
    endloop
  endfacet
  facet normal -0 0 1
    outer loop
      vertex 25.2601 -69.1354 1.4
      vertex 37.8 -71.8 1.4
      vertex 25.3027 -69.1027 1.4
    endloop
  endfacet
  facet normal -0 0 1
    outer loop
      vertex 25.214 -69.1707 1.4
      vertex 37.8 -71.8 1.4
      vertex 25.2601 -69.1354 1.4
    endloop
  endfacet
  facet normal -0 0 1
    outer loop
      vertex 25.1644 -69.1913 1.4
      vertex 37.8 -71.8 1.4
      vertex 25.214 -69.1707 1.4
    endloop
  endfacet
  facet normal -0 0 1
    outer loop
      vertex 25.1108 -69.2135 1.4
      vertex 37.8 -71.8 1.4
      vertex 25.1644 -69.1913 1.4
    endloop
  endfacet
  facet normal -0 0 1
    outer loop
      vertex 25.0533 -69.2211 1.4
      vertex 37.8 -71.8 1.4
      vertex 25.1108 -69.2135 1.4
    endloop
  endfacet
  facet normal -0 0 1
    outer loop
      vertex 25 -69.2281 1.4
      vertex 37.8 -71.8 1.4
      vertex 25.0533 -69.2211 1.4
    endloop
  endfacet
  facet normal 0 0 1
    outer loop
      vertex 8 -71.8 1.4
      vertex 25 -69.2281 1.4
      vertex 24.9467 -69.2211 1.4
    endloop
  endfacet
  facet normal 0 0 1
    outer loop
      vertex 8 -71.8 1.4
      vertex 24.9467 -69.2211 1.4
      vertex 24.8892 -69.2135 1.4
    endloop
  endfacet
  facet normal 0 0 -1
    outer loop
      vertex 24.786 -69.1707 1.4
      vertex 24.8892 -69.2135 1.4
      vertex 24.8356 -69.1913 1.4
    endloop
  endfacet
  facet normal 0 0 -1
    outer loop
      vertex 24.6293 -69.014 1.4
      vertex 24.6973 -69.1027 1.4
      vertex 24.6646 -69.0601 1.4
    endloop
  endfacet
  facet normal 0 0 1
    outer loop
      vertex 24.5719 -68.8 1.4
      vertex 24.5865 -68.9108 1.4
      vertex 24.5795 -68.8575 1.4
    endloop
  endfacet
  facet normal 0 0 1
    outer loop
      vertex 25 -69.2281 1.4
      vertex 8 -71.8 1.4
      vertex 37.8 -71.8 1.4
    endloop
  endfacet
  facet normal 0 0 1
    outer loop
      vertex 24.786 -69.1707 1.4
      vertex 8 -71.8 1.4
      vertex 24.8892 -69.2135 1.4
    endloop
  endfacet
  facet normal 0 0 1
    outer loop
      vertex 24.7399 -69.1354 1.4
      vertex 8 -71.8 1.4
      vertex 24.786 -69.1707 1.4
    endloop
  endfacet
  facet normal 0 0 1
    outer loop
      vertex 24.6973 -69.1027 1.4
      vertex 8 -71.8 1.4
      vertex 24.7399 -69.1354 1.4
    endloop
  endfacet
  facet normal 0 0 1
    outer loop
      vertex 24.6293 -69.014 1.4
      vertex 8 -71.8 1.4
      vertex 24.6973 -69.1027 1.4
    endloop
  endfacet
  facet normal 0 0 1
    outer loop
      vertex 24.6071 -68.9604 1.4
      vertex 8 -71.8 1.4
      vertex 24.6293 -69.014 1.4
    endloop
  endfacet
  facet normal 0 0 1
    outer loop
      vertex 24.5865 -68.9108 1.4
      vertex 8 -71.8 1.4
      vertex 24.6071 -68.9604 1.4
    endloop
  endfacet
  facet normal 0 0 1
    outer loop
      vertex 8 -71.8 1.4
      vertex 24.5865 -68.9108 1.4
      vertex 24.5719 -68.8 1.4
    endloop
  endfacet
  facet normal -0 0 1
    outer loop
      vertex -24.5865 -68.9108 1.4
      vertex -7.96148 -71.0159 1.4
      vertex -24.5795 -68.8575 1.4
    endloop
  endfacet
  facet normal 0 0 1
    outer loop
      vertex -7.96148 -71.0159 1.4
      vertex -24.5865 -68.9108 1.4
      vertex -8 -71.8 1.4
    endloop
  endfacet
  facet normal -0 0 1
    outer loop
      vertex -24.6071 -68.9604 1.4
      vertex -8 -71.8 1.4
      vertex -24.5865 -68.9108 1.4
    endloop
  endfacet
  facet normal -0 0 1
    outer loop
      vertex -24.6293 -69.014 1.4
      vertex -8 -71.8 1.4
      vertex -24.6071 -68.9604 1.4
    endloop
  endfacet
  facet normal -0 0 1
    outer loop
      vertex -24.6646 -69.0601 1.4
      vertex -8 -71.8 1.4
      vertex -24.6293 -69.014 1.4
    endloop
  endfacet
  facet normal -0 0 1
    outer loop
      vertex -24.6973 -69.1027 1.4
      vertex -8 -71.8 1.4
      vertex -24.6646 -69.0601 1.4
    endloop
  endfacet
  facet normal -0 0 1
    outer loop
      vertex -24.7399 -69.1354 1.4
      vertex -8 -71.8 1.4
      vertex -24.6973 -69.1027 1.4
    endloop
  endfacet
  facet normal -0 0 1
    outer loop
      vertex -24.786 -69.1707 1.4
      vertex -8 -71.8 1.4
      vertex -24.7399 -69.1354 1.4
    endloop
  endfacet
  facet normal -0 0 1
    outer loop
      vertex -24.8356 -69.1913 1.4
      vertex -8 -71.8 1.4
      vertex -24.786 -69.1707 1.4
    endloop
  endfacet
  facet normal -0 0 1
    outer loop
      vertex -24.8892 -69.2135 1.4
      vertex -8 -71.8 1.4
      vertex -24.8356 -69.1913 1.4
    endloop
  endfacet
  facet normal -0 0 1
    outer loop
      vertex -24.9467 -69.2211 1.4
      vertex -8 -71.8 1.4
      vertex -24.8892 -69.2135 1.4
    endloop
  endfacet
  facet normal -0 0 1
    outer loop
      vertex -25 -69.2281 1.4
      vertex -8 -71.8 1.4
      vertex -24.9467 -69.2211 1.4
    endloop
  endfacet
  facet normal 0 0 1
    outer loop
      vertex -37.8 -71.8 1.4
      vertex -25 -69.2281 1.4
      vertex -25.0533 -69.2211 1.4
    endloop
  endfacet
  facet normal 0 0 1
    outer loop
      vertex -37.8 -71.8 1.4
      vertex -25.0533 -69.2211 1.4
      vertex -25.1108 -69.2135 1.4
    endloop
  endfacet
  facet normal 0 0 -1
    outer loop
      vertex -25.214 -69.1707 1.4
      vertex -25.1108 -69.2135 1.4
      vertex -25.1644 -69.1913 1.4
    endloop
  endfacet
  facet normal 0 0 -1
    outer loop
      vertex -25.3707 -69.014 1.4
      vertex -25.3027 -69.1027 1.4
      vertex -25.3354 -69.0601 1.4
    endloop
  endfacet
  facet normal 0 0 1
    outer loop
      vertex -25.4281 -68.8 1.4
      vertex -25.4135 -68.9108 1.4
      vertex -25.4205 -68.8575 1.4
    endloop
  endfacet
  facet normal 0 0 1
    outer loop
      vertex -37.8 -71.8 1.4
      vertex -25.4281 -68.8 1.4
      vertex -32.8 -62.3 1.4
    endloop
  endfacet
  facet normal 0 0 1
    outer loop
      vertex -25.4281 -68.8 1.4
      vertex -37.8 -71.8 1.4
      vertex -25.4135 -68.9108 1.4
    endloop
  endfacet
  facet normal 0 0 1
    outer loop
      vertex -25.4135 -68.9108 1.4
      vertex -37.8 -71.8 1.4
      vertex -25.3929 -68.9604 1.4
    endloop
  endfacet
  facet normal 0 0 1
    outer loop
      vertex -25.3929 -68.9604 1.4
      vertex -37.8 -71.8 1.4
      vertex -25.3707 -69.014 1.4
    endloop
  endfacet
  facet normal 0 0 1
    outer loop
      vertex -37.8 -71.8 1.4
      vertex -32.8 -62.3 1.4
      vertex -32.996 -62.2904 1.4
    endloop
  endfacet
  facet normal 0 0 1
    outer loop
      vertex -37.8 -71.8 1.4
      vertex -32.996 -62.2904 1.4
      vertex -33.1902 -62.2616 1.4
    endloop
  endfacet
  facet normal 0 0 1
    outer loop
      vertex -37.8 -71.8 1.4
      vertex -33.1902 -62.2616 1.4
      vertex -33.3806 -62.2139 1.4
    endloop
  endfacet
  facet normal 0 0 1
    outer loop
      vertex -37.8 -71.8 1.4
      vertex -33.3806 -62.2139 1.4
      vertex -33.5654 -62.1478 1.4
    endloop
  endfacet
  facet normal 0 0 1
    outer loop
      vertex -37.8 -71.8 1.4
      vertex -33.5654 -62.1478 1.4
      vertex -33.7428 -62.0638 1.4
    endloop
  endfacet
  facet normal 0 0 1
    outer loop
      vertex -37.8 -71.8 1.4
      vertex -33.7428 -62.0638 1.4
      vertex -33.9111 -61.9629 1.4
    endloop
  endfacet
  facet normal 0 0 1
    outer loop
      vertex -37.8 -71.8 1.4
      vertex -33.9111 -61.9629 1.4
      vertex -34.0688 -61.846 1.4
    endloop
  endfacet
  facet normal 0 0 1
    outer loop
      vertex -25 -69.2281 1.4
      vertex -37.8 -71.8 1.4
      vertex -8 -71.8 1.4
    endloop
  endfacet
  facet normal 0 0 1
    outer loop
      vertex -25.214 -69.1707 1.4
      vertex -37.8 -71.8 1.4
      vertex -25.1108 -69.2135 1.4
    endloop
  endfacet
  facet normal 0 0 1
    outer loop
      vertex -25.2601 -69.1354 1.4
      vertex -37.8 -71.8 1.4
      vertex -25.214 -69.1707 1.4
    endloop
  endfacet
  facet normal 0 0 1
    outer loop
      vertex -25.3027 -69.1027 1.4
      vertex -37.8 -71.8 1.4
      vertex -25.2601 -69.1354 1.4
    endloop
  endfacet
  facet normal 0 0 1
    outer loop
      vertex -25.3707 -69.014 1.4
      vertex -37.8 -71.8 1.4
      vertex -25.3027 -69.1027 1.4
    endloop
  endfacet
  facet normal 0 0 1
    outer loop
      vertex -34.2142 -61.7142 1.4
      vertex -37.8 -71.8 1.4
      vertex -34.0688 -61.846 1.4
    endloop
  endfacet
  facet normal 0 0 1
    outer loop
      vertex -34.346 -61.5688 1.4
      vertex -37.8 -71.8 1.4
      vertex -34.2142 -61.7142 1.4
    endloop
  endfacet
  facet normal 0 0 1
    outer loop
      vertex -34.4629 -61.4111 1.4
      vertex -37.8 -71.8 1.4
      vertex -34.346 -61.5688 1.4
    endloop
  endfacet
  facet normal 0 0 1
    outer loop
      vertex -34.5638 -61.2428 1.4
      vertex -37.8 -71.8 1.4
      vertex -34.4629 -61.4111 1.4
    endloop
  endfacet
  facet normal 0 0 1
    outer loop
      vertex -34.6478 -61.0654 1.4
      vertex -37.8 -71.8 1.4
      vertex -34.5638 -61.2428 1.4
    endloop
  endfacet
  facet normal 0 0 1
    outer loop
      vertex -34.7139 -60.8806 1.4
      vertex -37.8 -71.8 1.4
      vertex -34.6478 -61.0654 1.4
    endloop
  endfacet
  facet normal 0 0 1
    outer loop
      vertex -34.7616 -60.6902 1.4
      vertex -37.8 -71.8 1.4
      vertex -34.7139 -60.8806 1.4
    endloop
  endfacet
  facet normal 0 0 1
    outer loop
      vertex -34.7904 -60.496 1.4
      vertex -37.8 -71.8 1.4
      vertex -34.7616 -60.6902 1.4
    endloop
  endfacet
  facet normal 0 0 1
    outer loop
      vertex -34.8 -60.3 1.4
      vertex -37.8 -71.8 1.4
      vertex -34.7904 -60.496 1.4
    endloop
  endfacet
  facet normal 0 0 1
    outer loop
      vertex -37.8 -71.8 1.4
      vertex -34.8 -60.3 1.4
      vertex -37.8 65.3 1.4
    endloop
  endfacet
  facet normal 1 -0 0
    outer loop
      vertex -37.8 -71.8 2.5
      vertex -37.8 65.3 1.4
      vertex -37.8 65.3 2.5
    endloop
  endfacet
  facet normal 1 0 0
    outer loop
      vertex -37.8 65.3 1.4
      vertex -37.8 -71.8 2.5
      vertex -37.8 -71.8 1.4
    endloop
  endfacet
  facet normal 0 -1 0
    outer loop
      vertex -37.8 65.3 1.4
      vertex 37.8 65.3 2.5
      vertex -37.8 65.3 2.5
    endloop
  endfacet
  facet normal 0 -1 -0
    outer loop
      vertex 37.8 65.3 2.5
      vertex -37.8 65.3 1.4
      vertex 37.8 65.3 1.4
    endloop
  endfacet
  facet normal -0.0489209 -0.998803 0
    outer loop
      vertex 32.8 62.3 0
      vertex 32.996 62.2904 1.4
      vertex 32.8 62.3 1.4
    endloop
  endfacet
  facet normal -0.0489209 -0.998803 -0
    outer loop
      vertex 32.996 62.2904 1.4
      vertex 32.8 62.3 0
      vertex 32.996 62.2904 0
    endloop
  endfacet
  facet normal 0.740908 0.671607 0
    outer loop
      vertex -34.2142 -61.7142 1.4
      vertex -34.346 -61.5688 0
      vertex -34.346 -61.5688 1.4
    endloop
  endfacet
  facet normal 0.740908 0.671607 0
    outer loop
      vertex -34.346 -61.5688 0
      vertex -34.2142 -61.7142 1.4
      vertex -34.2142 -61.7142 0
    endloop
  endfacet
  facet normal 0.514196 0.857673 -0
    outer loop
      vertex -33.7428 -62.0638 0
      vertex -33.9111 -61.9629 1.4
      vertex -33.7428 -62.0638 1.4
    endloop
  endfacet
  facet normal 0.514196 0.857673 0
    outer loop
      vertex -33.9111 -61.9629 1.4
      vertex -33.7428 -62.0638 0
      vertex -33.9111 -61.9629 0
    endloop
  endfacet
  facet normal -0.595508 0.80335 0
    outer loop
      vertex 34.0688 -61.846 0
      vertex 33.9111 -61.9629 1.4
      vertex 34.0688 -61.846 1.4
    endloop
  endfacet
  facet normal -0.595508 0.80335 0
    outer loop
      vertex 33.9111 -61.9629 1.4
      vertex 34.0688 -61.846 0
      vertex 33.9111 -61.9629 0
    endloop
  endfacet
  facet normal 1 -0 0
    outer loop
      vertex -34.8 -60.3 1.4
      vertex -34.8 60.3 0
      vertex -34.8 60.3 1.4
    endloop
  endfacet
  facet normal 1 0 0
    outer loop
      vertex -34.8 60.3 0
      vertex -34.8 -60.3 1.4
      vertex -34.8 -60.3 0
    endloop
  endfacet
  facet normal -0.336788 0.94158 0
    outer loop
      vertex 33.5654 -62.1478 0
      vertex 33.3806 -62.2139 1.4
      vertex 33.5654 -62.1478 1.4
    endloop
  endfacet
  facet normal -0.336788 0.94158 0
    outer loop
      vertex 33.3806 -62.2139 1.4
      vertex 33.5654 -62.1478 0
      vertex 33.3806 -62.2139 0
    endloop
  endfacet
  facet normal -0.243015 0.970023 0
    outer loop
      vertex 33.3806 -62.2139 0
      vertex 33.1902 -62.2616 1.4
      vertex 33.3806 -62.2139 1.4
    endloop
  endfacet
  facet normal -0.243015 0.970023 0
    outer loop
      vertex 33.1902 -62.2616 1.4
      vertex 33.3806 -62.2139 0
      vertex 33.1902 -62.2616 0
    endloop
  endfacet
  facet normal 0 1 -0
    outer loop
      vertex 32.8 -62.3 0
      vertex -32.8 -62.3 1.4
      vertex 32.8 -62.3 1.4
    endloop
  endfacet
  facet normal 0 1 0
    outer loop
      vertex -32.8 -62.3 1.4
      vertex 32.8 -62.3 0
      vertex -32.8 -62.3 0
    endloop
  endfacet
  facet normal 0.595508 -0.80335 0
    outer loop
      vertex -34.0688 61.846 0
      vertex -33.9111 61.9629 1.4
      vertex -34.0688 61.846 1.4
    endloop
  endfacet
  facet normal 0.595508 -0.80335 0
    outer loop
      vertex -33.9111 61.9629 1.4
      vertex -34.0688 61.846 0
      vertex -33.9111 61.9629 0
    endloop
  endfacet
  facet normal 0.146696 0.989182 -0
    outer loop
      vertex -32.996 -62.2904 0
      vertex -33.1902 -62.2616 1.4
      vertex -32.996 -62.2904 1.4
    endloop
  endfacet
  facet normal 0.146696 0.989182 0
    outer loop
      vertex -33.1902 -62.2616 1.4
      vertex -32.996 -62.2904 0
      vertex -33.1902 -62.2616 0
    endloop
  endfacet
  facet normal 0.427955 0.9038 -0
    outer loop
      vertex -33.5654 -62.1478 0
      vertex -33.7428 -62.0638 1.4
      vertex -33.5654 -62.1478 1.4
    endloop
  endfacet
  facet normal 0.427955 0.9038 0
    outer loop
      vertex -33.7428 -62.0638 1.4
      vertex -33.5654 -62.1478 0
      vertex -33.7428 -62.0638 0
    endloop
  endfacet
  facet normal 0.998803 0.0489209 0
    outer loop
      vertex -34.7904 -60.496 1.4
      vertex -34.8 -60.3 0
      vertex -34.8 -60.3 1.4
    endloop
  endfacet
  facet normal 0.998803 0.0489209 0
    outer loop
      vertex -34.8 -60.3 0
      vertex -34.7904 -60.496 1.4
      vertex -34.7904 -60.496 0
    endloop
  endfacet
  facet normal 0 -1 0
    outer loop
      vertex -32.8 62.3 0
      vertex 32.8 62.3 1.4
      vertex -32.8 62.3 1.4
    endloop
  endfacet
  facet normal 0 -1 -0
    outer loop
      vertex 32.8 62.3 1.4
      vertex -32.8 62.3 0
      vertex 32.8 62.3 0
    endloop
  endfacet
  facet normal 0.514196 -0.857673 0
    outer loop
      vertex -33.9111 61.9629 0
      vertex -33.7428 62.0638 1.4
      vertex -33.9111 61.9629 1.4
    endloop
  endfacet
  facet normal 0.514196 -0.857673 0
    outer loop
      vertex -33.7428 62.0638 1.4
      vertex -33.9111 61.9629 0
      vertex -33.7428 62.0638 0
    endloop
  endfacet
  facet normal -0.514196 0.857673 0
    outer loop
      vertex 33.9111 -61.9629 0
      vertex 33.7428 -62.0638 1.4
      vertex 33.9111 -61.9629 1.4
    endloop
  endfacet
  facet normal -0.514196 0.857673 0
    outer loop
      vertex 33.7428 -62.0638 1.4
      vertex 33.9111 -61.9629 0
      vertex 33.7428 -62.0638 0
    endloop
  endfacet
  facet normal 0.94158 -0.336788 0
    outer loop
      vertex -34.7139 60.8806 1.4
      vertex -34.6478 61.0654 0
      vertex -34.6478 61.0654 1.4
    endloop
  endfacet
  facet normal 0.94158 -0.336788 0
    outer loop
      vertex -34.6478 61.0654 0
      vertex -34.7139 60.8806 1.4
      vertex -34.7139 60.8806 0
    endloop
  endfacet
  facet normal -0.671607 0.740908 0
    outer loop
      vertex 34.2142 -61.7142 0
      vertex 34.0688 -61.846 1.4
      vertex 34.2142 -61.7142 1.4
    endloop
  endfacet
  facet normal -0.671607 0.740908 0
    outer loop
      vertex 34.0688 -61.846 1.4
      vertex 34.2142 -61.7142 0
      vertex 34.0688 -61.846 0
    endloop
  endfacet
  facet normal 0.970023 -0.243015 0
    outer loop
      vertex -34.7616 60.6902 1.4
      vertex -34.7139 60.8806 0
      vertex -34.7139 60.8806 1.4
    endloop
  endfacet
  facet normal 0.970023 -0.243015 0
    outer loop
      vertex -34.7139 60.8806 0
      vertex -34.7616 60.6902 1.4
      vertex -34.7616 60.6902 0
    endloop
  endfacet
  facet normal 0.336788 0.94158 -0
    outer loop
      vertex -33.3806 -62.2139 0
      vertex -33.5654 -62.1478 1.4
      vertex -33.3806 -62.2139 1.4
    endloop
  endfacet
  facet normal 0.336788 0.94158 0
    outer loop
      vertex -33.5654 -62.1478 1.4
      vertex -33.3806 -62.2139 0
      vertex -33.5654 -62.1478 0
    endloop
  endfacet
  facet normal 0.427955 -0.9038 0
    outer loop
      vertex -33.7428 62.0638 0
      vertex -33.5654 62.1478 1.4
      vertex -33.7428 62.0638 1.4
    endloop
  endfacet
  facet normal 0.427955 -0.9038 0
    outer loop
      vertex -33.5654 62.1478 1.4
      vertex -33.7428 62.0638 0
      vertex -33.5654 62.1478 0
    endloop
  endfacet
  facet normal 0.857673 0.514196 0
    outer loop
      vertex -34.4629 -61.4111 1.4
      vertex -34.5638 -61.2428 0
      vertex -34.5638 -61.2428 1.4
    endloop
  endfacet
  facet normal 0.857673 0.514196 0
    outer loop
      vertex -34.5638 -61.2428 0
      vertex -34.4629 -61.4111 1.4
      vertex -34.4629 -61.4111 0
    endloop
  endfacet
  facet normal -0.970023 0.243015 0
    outer loop
      vertex 34.7139 -60.8806 0
      vertex 34.7616 -60.6902 1.4
      vertex 34.7616 -60.6902 0
    endloop
  endfacet
  facet normal -0.970023 0.243015 0
    outer loop
      vertex 34.7616 -60.6902 1.4
      vertex 34.7139 -60.8806 0
      vertex 34.7139 -60.8806 1.4
    endloop
  endfacet
  facet normal 0.0489209 0.998803 -0
    outer loop
      vertex -32.8 -62.3 0
      vertex -32.996 -62.2904 1.4
      vertex -32.8 -62.3 1.4
    endloop
  endfacet
  facet normal 0.0489209 0.998803 0
    outer loop
      vertex -32.996 -62.2904 1.4
      vertex -32.8 -62.3 0
      vertex -32.996 -62.2904 0
    endloop
  endfacet
  facet normal -0.0489209 0.998803 0
    outer loop
      vertex 32.996 -62.2904 0
      vertex 32.8 -62.3 1.4
      vertex 32.996 -62.2904 1.4
    endloop
  endfacet
  facet normal -0.0489209 0.998803 0
    outer loop
      vertex 32.8 -62.3 1.4
      vertex 32.996 -62.2904 0
      vertex 32.8 -62.3 0
    endloop
  endfacet
  facet normal -0.998803 0.0489209 0
    outer loop
      vertex 34.7904 -60.496 0
      vertex 34.8 -60.3 1.4
      vertex 34.8 -60.3 0
    endloop
  endfacet
  facet normal -0.998803 0.0489209 0
    outer loop
      vertex 34.8 -60.3 1.4
      vertex 34.7904 -60.496 0
      vertex 34.7904 -60.496 1.4
    endloop
  endfacet
  facet normal 0.970023 0.243015 0
    outer loop
      vertex -34.7139 -60.8806 1.4
      vertex -34.7616 -60.6902 0
      vertex -34.7616 -60.6902 1.4
    endloop
  endfacet
  facet normal 0.970023 0.243015 0
    outer loop
      vertex -34.7616 -60.6902 0
      vertex -34.7139 -60.8806 1.4
      vertex -34.7139 -60.8806 0
    endloop
  endfacet
  facet normal -0.740908 0.671607 0
    outer loop
      vertex 34.2142 -61.7142 0
      vertex 34.346 -61.5688 1.4
      vertex 34.346 -61.5688 0
    endloop
  endfacet
  facet normal -0.740908 0.671607 0
    outer loop
      vertex 34.346 -61.5688 1.4
      vertex 34.2142 -61.7142 0
      vertex 34.2142 -61.7142 1.4
    endloop
  endfacet
  facet normal -0.998803 -0.0489209 0
    outer loop
      vertex 34.8 60.3 0
      vertex 34.7904 60.496 1.4
      vertex 34.7904 60.496 0
    endloop
  endfacet
  facet normal -0.998803 -0.0489209 0
    outer loop
      vertex 34.7904 60.496 1.4
      vertex 34.8 60.3 0
      vertex 34.8 60.3 1.4
    endloop
  endfacet
  facet normal -1 0 0
    outer loop
      vertex 34.8 -60.3 0
      vertex 34.8 60.3 1.4
      vertex 34.8 60.3 0
    endloop
  endfacet
  facet normal -1 -0 0
    outer loop
      vertex 34.8 60.3 1.4
      vertex 34.8 -60.3 0
      vertex 34.8 -60.3 1.4
    endloop
  endfacet
  facet normal 0.0489209 -0.998803 0
    outer loop
      vertex -32.996 62.2904 0
      vertex -32.8 62.3 1.4
      vertex -32.996 62.2904 1.4
    endloop
  endfacet
  facet normal 0.0489209 -0.998803 0
    outer loop
      vertex -32.8 62.3 1.4
      vertex -32.996 62.2904 0
      vertex -32.8 62.3 0
    endloop
  endfacet
  facet normal 0.336788 -0.94158 0
    outer loop
      vertex -33.5654 62.1478 0
      vertex -33.3806 62.2139 1.4
      vertex -33.5654 62.1478 1.4
    endloop
  endfacet
  facet normal 0.336788 -0.94158 0
    outer loop
      vertex -33.3806 62.2139 1.4
      vertex -33.5654 62.1478 0
      vertex -33.3806 62.2139 0
    endloop
  endfacet
  facet normal -0.80335 0.595508 0
    outer loop
      vertex 34.346 -61.5688 0
      vertex 34.4629 -61.4111 1.4
      vertex 34.4629 -61.4111 0
    endloop
  endfacet
  facet normal -0.80335 0.595508 0
    outer loop
      vertex 34.4629 -61.4111 1.4
      vertex 34.346 -61.5688 0
      vertex 34.346 -61.5688 1.4
    endloop
  endfacet
  facet normal 0.671607 0.740908 -0
    outer loop
      vertex -34.0688 -61.846 0
      vertex -34.2142 -61.7142 1.4
      vertex -34.0688 -61.846 1.4
    endloop
  endfacet
  facet normal 0.671607 0.740908 0
    outer loop
      vertex -34.2142 -61.7142 1.4
      vertex -34.0688 -61.846 0
      vertex -34.2142 -61.7142 0
    endloop
  endfacet
  facet normal -0.989182 0.146696 0
    outer loop
      vertex 34.7616 -60.6902 0
      vertex 34.7904 -60.496 1.4
      vertex 34.7904 -60.496 0
    endloop
  endfacet
  facet normal -0.989182 0.146696 0
    outer loop
      vertex 34.7904 -60.496 1.4
      vertex 34.7616 -60.6902 0
      vertex 34.7616 -60.6902 1.4
    endloop
  endfacet
  facet normal -0.857673 0.514196 0
    outer loop
      vertex 34.4629 -61.4111 0
      vertex 34.5638 -61.2428 1.4
      vertex 34.5638 -61.2428 0
    endloop
  endfacet
  facet normal -0.857673 0.514196 0
    outer loop
      vertex 34.5638 -61.2428 1.4
      vertex 34.4629 -61.4111 0
      vertex 34.4629 -61.4111 1.4
    endloop
  endfacet
  facet normal -0.94158 0.336788 0
    outer loop
      vertex 34.6478 -61.0654 0
      vertex 34.7139 -60.8806 1.4
      vertex 34.7139 -60.8806 0
    endloop
  endfacet
  facet normal -0.94158 0.336788 0
    outer loop
      vertex 34.7139 -60.8806 1.4
      vertex 34.6478 -61.0654 0
      vertex 34.6478 -61.0654 1.4
    endloop
  endfacet
  facet normal -0.514196 -0.857673 0
    outer loop
      vertex 33.7428 62.0638 0
      vertex 33.9111 61.9629 1.4
      vertex 33.7428 62.0638 1.4
    endloop
  endfacet
  facet normal -0.514196 -0.857673 -0
    outer loop
      vertex 33.9111 61.9629 1.4
      vertex 33.7428 62.0638 0
      vertex 33.9111 61.9629 0
    endloop
  endfacet
  facet normal 0.989182 0.146696 0
    outer loop
      vertex -34.7616 -60.6902 1.4
      vertex -34.7904 -60.496 0
      vertex -34.7904 -60.496 1.4
    endloop
  endfacet
  facet normal 0.989182 0.146696 0
    outer loop
      vertex -34.7904 -60.496 0
      vertex -34.7616 -60.6902 1.4
      vertex -34.7616 -60.6902 0
    endloop
  endfacet
  facet normal 0.80335 -0.595508 0
    outer loop
      vertex -34.4629 61.4111 1.4
      vertex -34.346 61.5688 0
      vertex -34.346 61.5688 1.4
    endloop
  endfacet
  facet normal 0.80335 -0.595508 0
    outer loop
      vertex -34.346 61.5688 0
      vertex -34.4629 61.4111 1.4
      vertex -34.4629 61.4111 0
    endloop
  endfacet
  facet normal 0.998803 -0.0489209 0
    outer loop
      vertex -34.8 60.3 1.4
      vertex -34.7904 60.496 0
      vertex -34.7904 60.496 1.4
    endloop
  endfacet
  facet normal 0.998803 -0.0489209 0
    outer loop
      vertex -34.7904 60.496 0
      vertex -34.8 60.3 1.4
      vertex -34.8 60.3 0
    endloop
  endfacet
  facet normal 0.857673 -0.514196 0
    outer loop
      vertex -34.5638 61.2428 1.4
      vertex -34.4629 61.4111 0
      vertex -34.4629 61.4111 1.4
    endloop
  endfacet
  facet normal 0.857673 -0.514196 0
    outer loop
      vertex -34.4629 61.4111 0
      vertex -34.5638 61.2428 1.4
      vertex -34.5638 61.2428 0
    endloop
  endfacet
  facet normal 0.94158 0.336788 0
    outer loop
      vertex -34.6478 -61.0654 1.4
      vertex -34.7139 -60.8806 0
      vertex -34.7139 -60.8806 1.4
    endloop
  endfacet
  facet normal 0.94158 0.336788 0
    outer loop
      vertex -34.7139 -60.8806 0
      vertex -34.6478 -61.0654 1.4
      vertex -34.6478 -61.0654 0
    endloop
  endfacet
  facet normal 0.989182 -0.146696 0
    outer loop
      vertex -34.7904 60.496 1.4
      vertex -34.7616 60.6902 0
      vertex -34.7616 60.6902 1.4
    endloop
  endfacet
  facet normal 0.989182 -0.146696 0
    outer loop
      vertex -34.7616 60.6902 0
      vertex -34.7904 60.496 1.4
      vertex -34.7904 60.496 0
    endloop
  endfacet
  facet normal 0.595508 0.80335 -0
    outer loop
      vertex -33.9111 -61.9629 0
      vertex -34.0688 -61.846 1.4
      vertex -33.9111 -61.9629 1.4
    endloop
  endfacet
  facet normal 0.595508 0.80335 0
    outer loop
      vertex -34.0688 -61.846 1.4
      vertex -33.9111 -61.9629 0
      vertex -34.0688 -61.846 0
    endloop
  endfacet
  facet normal 0.9038 -0.427955 0
    outer loop
      vertex -34.6478 61.0654 1.4
      vertex -34.5638 61.2428 0
      vertex -34.5638 61.2428 1.4
    endloop
  endfacet
  facet normal 0.9038 -0.427955 0
    outer loop
      vertex -34.5638 61.2428 0
      vertex -34.6478 61.0654 1.4
      vertex -34.6478 61.0654 0
    endloop
  endfacet
  facet normal -0.989182 -0.146696 0
    outer loop
      vertex 34.7904 60.496 0
      vertex 34.7616 60.6902 1.4
      vertex 34.7616 60.6902 0
    endloop
  endfacet
  facet normal -0.989182 -0.146696 0
    outer loop
      vertex 34.7616 60.6902 1.4
      vertex 34.7904 60.496 0
      vertex 34.7904 60.496 1.4
    endloop
  endfacet
  facet normal -0.80335 -0.595508 0
    outer loop
      vertex 34.4629 61.4111 0
      vertex 34.346 61.5688 1.4
      vertex 34.346 61.5688 0
    endloop
  endfacet
  facet normal -0.80335 -0.595508 0
    outer loop
      vertex 34.346 61.5688 1.4
      vertex 34.4629 61.4111 0
      vertex 34.4629 61.4111 1.4
    endloop
  endfacet
  facet normal -0.427955 -0.9038 0
    outer loop
      vertex 33.5654 62.1478 0
      vertex 33.7428 62.0638 1.4
      vertex 33.5654 62.1478 1.4
    endloop
  endfacet
  facet normal -0.427955 -0.9038 -0
    outer loop
      vertex 33.7428 62.0638 1.4
      vertex 33.5654 62.1478 0
      vertex 33.7428 62.0638 0
    endloop
  endfacet
  facet normal 0.9038 0.427955 0
    outer loop
      vertex -34.5638 -61.2428 1.4
      vertex -34.6478 -61.0654 0
      vertex -34.6478 -61.0654 1.4
    endloop
  endfacet
  facet normal 0.9038 0.427955 0
    outer loop
      vertex -34.6478 -61.0654 0
      vertex -34.5638 -61.2428 1.4
      vertex -34.5638 -61.2428 0
    endloop
  endfacet
  facet normal -0.427955 0.9038 0
    outer loop
      vertex 33.7428 -62.0638 0
      vertex 33.5654 -62.1478 1.4
      vertex 33.7428 -62.0638 1.4
    endloop
  endfacet
  facet normal -0.427955 0.9038 0
    outer loop
      vertex 33.5654 -62.1478 1.4
      vertex 33.7428 -62.0638 0
      vertex 33.5654 -62.1478 0
    endloop
  endfacet
  facet normal -0.970023 -0.243015 0
    outer loop
      vertex 34.7616 60.6902 0
      vertex 34.7139 60.8806 1.4
      vertex 34.7139 60.8806 0
    endloop
  endfacet
  facet normal -0.970023 -0.243015 0
    outer loop
      vertex 34.7139 60.8806 1.4
      vertex 34.7616 60.6902 0
      vertex 34.7616 60.6902 1.4
    endloop
  endfacet
  facet normal 0.740908 -0.671607 0
    outer loop
      vertex -34.346 61.5688 1.4
      vertex -34.2142 61.7142 0
      vertex -34.2142 61.7142 1.4
    endloop
  endfacet
  facet normal 0.740908 -0.671607 0
    outer loop
      vertex -34.2142 61.7142 0
      vertex -34.346 61.5688 1.4
      vertex -34.346 61.5688 0
    endloop
  endfacet
  facet normal 0.243015 -0.970023 0
    outer loop
      vertex -33.3806 62.2139 0
      vertex -33.1902 62.2616 1.4
      vertex -33.3806 62.2139 1.4
    endloop
  endfacet
  facet normal 0.243015 -0.970023 0
    outer loop
      vertex -33.1902 62.2616 1.4
      vertex -33.3806 62.2139 0
      vertex -33.1902 62.2616 0
    endloop
  endfacet
  facet normal -0.146696 0.989182 0
    outer loop
      vertex 33.1902 -62.2616 0
      vertex 32.996 -62.2904 1.4
      vertex 33.1902 -62.2616 1.4
    endloop
  endfacet
  facet normal -0.146696 0.989182 0
    outer loop
      vertex 32.996 -62.2904 1.4
      vertex 33.1902 -62.2616 0
      vertex 32.996 -62.2904 0
    endloop
  endfacet
  facet normal -0.146696 -0.989182 0
    outer loop
      vertex 32.996 62.2904 0
      vertex 33.1902 62.2616 1.4
      vertex 32.996 62.2904 1.4
    endloop
  endfacet
  facet normal -0.146696 -0.989182 -0
    outer loop
      vertex 33.1902 62.2616 1.4
      vertex 32.996 62.2904 0
      vertex 33.1902 62.2616 0
    endloop
  endfacet
  facet normal -0.336788 -0.94158 0
    outer loop
      vertex 33.3806 62.2139 0
      vertex 33.5654 62.1478 1.4
      vertex 33.3806 62.2139 1.4
    endloop
  endfacet
  facet normal -0.336788 -0.94158 -0
    outer loop
      vertex 33.5654 62.1478 1.4
      vertex 33.3806 62.2139 0
      vertex 33.5654 62.1478 0
    endloop
  endfacet
  facet normal 0.243015 0.970023 -0
    outer loop
      vertex -33.1902 -62.2616 0
      vertex -33.3806 -62.2139 1.4
      vertex -33.1902 -62.2616 1.4
    endloop
  endfacet
  facet normal 0.243015 0.970023 0
    outer loop
      vertex -33.3806 -62.2139 1.4
      vertex -33.1902 -62.2616 0
      vertex -33.3806 -62.2139 0
    endloop
  endfacet
  facet normal -0.671607 -0.740908 0
    outer loop
      vertex 34.0688 61.846 0
      vertex 34.2142 61.7142 1.4
      vertex 34.0688 61.846 1.4
    endloop
  endfacet
  facet normal -0.671607 -0.740908 -0
    outer loop
      vertex 34.2142 61.7142 1.4
      vertex 34.0688 61.846 0
      vertex 34.2142 61.7142 0
    endloop
  endfacet
  facet normal 0.80335 0.595508 0
    outer loop
      vertex -34.346 -61.5688 1.4
      vertex -34.4629 -61.4111 0
      vertex -34.4629 -61.4111 1.4
    endloop
  endfacet
  facet normal 0.80335 0.595508 0
    outer loop
      vertex -34.4629 -61.4111 0
      vertex -34.346 -61.5688 1.4
      vertex -34.346 -61.5688 0
    endloop
  endfacet
  facet normal -0.9038 0.427955 0
    outer loop
      vertex 34.5638 -61.2428 0
      vertex 34.6478 -61.0654 1.4
      vertex 34.6478 -61.0654 0
    endloop
  endfacet
  facet normal -0.9038 0.427955 0
    outer loop
      vertex 34.6478 -61.0654 1.4
      vertex 34.5638 -61.2428 0
      vertex 34.5638 -61.2428 1.4
    endloop
  endfacet
  facet normal -0.94158 -0.336788 0
    outer loop
      vertex 34.7139 60.8806 0
      vertex 34.6478 61.0654 1.4
      vertex 34.6478 61.0654 0
    endloop
  endfacet
  facet normal -0.94158 -0.336788 0
    outer loop
      vertex 34.6478 61.0654 1.4
      vertex 34.7139 60.8806 0
      vertex 34.7139 60.8806 1.4
    endloop
  endfacet
  facet normal -0.595508 -0.80335 0
    outer loop
      vertex 33.9111 61.9629 0
      vertex 34.0688 61.846 1.4
      vertex 33.9111 61.9629 1.4
    endloop
  endfacet
  facet normal -0.595508 -0.80335 -0
    outer loop
      vertex 34.0688 61.846 1.4
      vertex 33.9111 61.9629 0
      vertex 34.0688 61.846 0
    endloop
  endfacet
  facet normal 0.146696 -0.989182 0
    outer loop
      vertex -33.1902 62.2616 0
      vertex -32.996 62.2904 1.4
      vertex -33.1902 62.2616 1.4
    endloop
  endfacet
  facet normal 0.146696 -0.989182 0
    outer loop
      vertex -32.996 62.2904 1.4
      vertex -33.1902 62.2616 0
      vertex -32.996 62.2904 0
    endloop
  endfacet
  facet normal -0.243015 -0.970023 0
    outer loop
      vertex 33.1902 62.2616 0
      vertex 33.3806 62.2139 1.4
      vertex 33.1902 62.2616 1.4
    endloop
  endfacet
  facet normal -0.243015 -0.970023 -0
    outer loop
      vertex 33.3806 62.2139 1.4
      vertex 33.1902 62.2616 0
      vertex 33.3806 62.2139 0
    endloop
  endfacet
  facet normal -0.9038 -0.427955 0
    outer loop
      vertex 34.6478 61.0654 0
      vertex 34.5638 61.2428 1.4
      vertex 34.5638 61.2428 0
    endloop
  endfacet
  facet normal -0.9038 -0.427955 0
    outer loop
      vertex 34.5638 61.2428 1.4
      vertex 34.6478 61.0654 0
      vertex 34.6478 61.0654 1.4
    endloop
  endfacet
  facet normal -0.740908 -0.671607 0
    outer loop
      vertex 34.346 61.5688 0
      vertex 34.2142 61.7142 1.4
      vertex 34.2142 61.7142 0
    endloop
  endfacet
  facet normal -0.740908 -0.671607 0
    outer loop
      vertex 34.2142 61.7142 1.4
      vertex 34.346 61.5688 0
      vertex 34.346 61.5688 1.4
    endloop
  endfacet
  facet normal -0.857673 -0.514196 0
    outer loop
      vertex 34.5638 61.2428 0
      vertex 34.4629 61.4111 1.4
      vertex 34.4629 61.4111 0
    endloop
  endfacet
  facet normal -0.857673 -0.514196 0
    outer loop
      vertex 34.4629 61.4111 1.4
      vertex 34.5638 61.2428 0
      vertex 34.5638 61.2428 1.4
    endloop
  endfacet
  facet normal 0.671607 -0.740908 0
    outer loop
      vertex -34.2142 61.7142 0
      vertex -34.0688 61.846 1.4
      vertex -34.2142 61.7142 1.4
    endloop
  endfacet
  facet normal 0.671607 -0.740908 0
    outer loop
      vertex -34.0688 61.846 1.4
      vertex -34.2142 61.7142 0
      vertex -34.0688 61.846 0
    endloop
  endfacet
  facet normal 0.514089 -0.857737 0
    outer loop
      vertex -4.44456 -65.1482 0
      vertex -3.77117 -64.7446 1.4
      vertex -4.44456 -65.1482 1.4
    endloop
  endfacet
  facet normal 0.514089 -0.857737 0
    outer loop
      vertex -3.77117 -64.7446 1.4
      vertex -4.44456 -65.1482 0
      vertex -3.77117 -64.7446 0
    endloop
  endfacet
  facet normal 0.243027 -0.970019 0
    outer loop
      vertex -2.32228 -64.1445 0
      vertex -1.56072 -63.9537 1.4
      vertex -2.32228 -64.1445 1.4
    endloop
  endfacet
  facet normal 0.243027 -0.970019 0
    outer loop
      vertex -1.56072 -63.9537 1.4
      vertex -2.32228 -64.1445 0
      vertex -1.56072 -63.9537 0
    endloop
  endfacet
  facet normal -0.989176 -0.146733 0
    outer loop
      vertex 7.96148 -71.0159 0
      vertex 7.84628 -70.2393 1.4
      vertex 7.84628 -70.2393 0
    endloop
  endfacet
  facet normal -0.989176 -0.146733 0
    outer loop
      vertex 7.84628 -70.2393 1.4
      vertex 7.96148 -71.0159 0
      vertex 7.96148 -71.0159 1.4
    endloop
  endfacet
  facet normal -0.243027 -0.970019 0
    outer loop
      vertex 1.56072 -63.9537 0
      vertex 2.32228 -64.1445 1.4
      vertex 1.56072 -63.9537 1.4
    endloop
  endfacet
  facet normal -0.243027 -0.970019 -0
    outer loop
      vertex 2.32228 -64.1445 1.4
      vertex 1.56072 -63.9537 0
      vertex 2.32228 -64.1445 0
    endloop
  endfacet
  facet normal -0.336905 -0.941539 0
    outer loop
      vertex 2.32228 -64.1445 0
      vertex 3.06147 -64.409 1.4
      vertex 2.32228 -64.1445 1.4
    endloop
  endfacet
  facet normal -0.336905 -0.941539 -0
    outer loop
      vertex 3.06147 -64.409 1.4
      vertex 2.32228 -64.1445 0
      vertex 3.06147 -64.409 0
    endloop
  endfacet
  facet normal 0.803165 -0.595756 0
    outer loop
      vertex -6.65176 -67.3554 1.4
      vertex -6.18408 -66.7249 0
      vertex -6.18408 -66.7249 1.4
    endloop
  endfacet
  facet normal 0.803165 -0.595756 0
    outer loop
      vertex -6.18408 -66.7249 0
      vertex -6.65176 -67.3554 1.4
      vertex -6.65176 -67.3554 0
    endloop
  endfacet
  facet normal -0.941548 -0.336879 0
    outer loop
      vertex 7.65552 -69.4777 0
      vertex 7.39104 -68.7385 1.4
      vertex 7.39104 -68.7385 0
    endloop
  endfacet
  facet normal -0.941548 -0.336879 0
    outer loop
      vertex 7.39104 -68.7385 1.4
      vertex 7.65552 -69.4777 0
      vertex 7.65552 -69.4777 1.4
    endloop
  endfacet
  facet normal 0.941548 -0.336879 0
    outer loop
      vertex -7.65552 -69.4777 1.4
      vertex -7.39104 -68.7385 0
      vertex -7.39104 -68.7385 1.4
    endloop
  endfacet
  facet normal 0.941548 -0.336879 0
    outer loop
      vertex -7.39104 -68.7385 0
      vertex -7.65552 -69.4777 1.4
      vertex -7.65552 -69.4777 0
    endloop
  endfacet
  facet normal 0.0490395 -0.998797 0
    outer loop
      vertex -0.784137 -63.8385 0
      vertex 0 -63.8 1.4
      vertex -0.784137 -63.8385 1.4
    endloop
  endfacet
  facet normal 0.0490395 -0.998797 0
    outer loop
      vertex 0 -63.8 1.4
      vertex -0.784137 -63.8385 0
      vertex 0 -63.8 0
    endloop
  endfacet
  facet normal -0.970035 -0.242967 0
    outer loop
      vertex 7.84628 -70.2393 0
      vertex 7.65552 -69.4777 1.4
      vertex 7.65552 -69.4777 0
    endloop
  endfacet
  facet normal -0.970035 -0.242967 0
    outer loop
      vertex 7.65552 -69.4777 1.4
      vertex 7.84628 -70.2393 0
      vertex 7.84628 -70.2393 1.4
    endloop
  endfacet
  facet normal -0.427489 -0.90402 0
    outer loop
      vertex 3.06147 -64.409 0
      vertex 3.77117 -64.7446 1.4
      vertex 3.06147 -64.409 1.4
    endloop
  endfacet
  facet normal -0.427489 -0.90402 -0
    outer loop
      vertex 3.77117 -64.7446 1.4
      vertex 3.06147 -64.409 0
      vertex 3.77117 -64.7446 0
    endloop
  endfacet
  facet normal -0.0490395 -0.998797 0
    outer loop
      vertex 0 -63.8 0
      vertex 0.784137 -63.8385 1.4
      vertex 0 -63.8 1.4
    endloop
  endfacet
  facet normal -0.0490395 -0.998797 -0
    outer loop
      vertex 0.784137 -63.8385 1.4
      vertex 0 -63.8 0
      vertex 0.784137 -63.8385 0
    endloop
  endfacet
  facet normal -0.998795 -0.0490672 0
    outer loop
      vertex 8 -71.8 0
      vertex 7.96148 -71.0159 1.4
      vertex 7.96148 -71.0159 0
    endloop
  endfacet
  facet normal -0.998795 -0.0490672 0
    outer loop
      vertex 7.96148 -71.0159 1.4
      vertex 8 -71.8 0
      vertex 8 -71.8 1.4
    endloop
  endfacet
  facet normal 0.857734 -0.514093 0
    outer loop
      vertex -7.05537 -68.0288 1.4
      vertex -6.65176 -67.3554 0
      vertex -6.65176 -67.3554 1.4
    endloop
  endfacet
  facet normal 0.857734 -0.514093 0
    outer loop
      vertex -6.65176 -67.3554 0
      vertex -7.05537 -68.0288 1.4
      vertex -7.05537 -68.0288 0
    endloop
  endfacet
  facet normal -0.146736 -0.989176 0
    outer loop
      vertex 0.784137 -63.8385 0
      vertex 1.56072 -63.9537 1.4
      vertex 0.784137 -63.8385 1.4
    endloop
  endfacet
  facet normal -0.146736 -0.989176 -0
    outer loop
      vertex 1.56072 -63.9537 1.4
      vertex 0.784137 -63.8385 0
      vertex 1.56072 -63.9537 0
    endloop
  endfacet
  facet normal -0.803165 -0.595756 0
    outer loop
      vertex 6.65176 -67.3554 0
      vertex 6.18408 -66.7249 1.4
      vertex 6.18408 -66.7249 0
    endloop
  endfacet
  facet normal -0.803165 -0.595756 0
    outer loop
      vertex 6.18408 -66.7249 1.4
      vertex 6.65176 -67.3554 0
      vertex 6.65176 -67.3554 1.4
    endloop
  endfacet
  facet normal -0.857734 -0.514093 0
    outer loop
      vertex 7.05537 -68.0288 0
      vertex 6.65176 -67.3554 1.4
      vertex 6.65176 -67.3554 0
    endloop
  endfacet
  facet normal -0.857734 -0.514093 0
    outer loop
      vertex 6.65176 -67.3554 1.4
      vertex 7.05537 -68.0288 0
      vertex 7.05537 -68.0288 1.4
    endloop
  endfacet
  facet normal -0.741004 -0.671501 0
    outer loop
      vertex 6.18408 -66.7249 0
      vertex 5.65685 -66.1431 1.4
      vertex 5.65685 -66.1431 0
    endloop
  endfacet
  facet normal -0.741004 -0.671501 0
    outer loop
      vertex 5.65685 -66.1431 1.4
      vertex 6.18408 -66.7249 0
      vertex 6.18408 -66.7249 1.4
    endloop
  endfacet
  facet normal 0.970035 -0.242967 0
    outer loop
      vertex -7.84628 -70.2393 1.4
      vertex -7.65552 -69.4777 0
      vertex -7.65552 -69.4777 1.4
    endloop
  endfacet
  facet normal 0.970035 -0.242967 0
    outer loop
      vertex -7.65552 -69.4777 0
      vertex -7.84628 -70.2393 1.4
      vertex -7.84628 -70.2393 0
    endloop
  endfacet
  facet normal 0.998795 -0.0490672 0
    outer loop
      vertex -8 -71.8 1.4
      vertex -7.96148 -71.0159 0
      vertex -7.96148 -71.0159 1.4
    endloop
  endfacet
  facet normal 0.998795 -0.0490672 0
    outer loop
      vertex -7.96148 -71.0159 0
      vertex -8 -71.8 1.4
      vertex -8 -71.8 0
    endloop
  endfacet
  facet normal -0.595718 -0.803194 0
    outer loop
      vertex 4.44456 -65.1482 0
      vertex 5.07515 -65.6159 1.4
      vertex 4.44456 -65.1482 1.4
    endloop
  endfacet
  facet normal -0.595718 -0.803194 -0
    outer loop
      vertex 5.07515 -65.6159 1.4
      vertex 4.44456 -65.1482 0
      vertex 5.07515 -65.6159 0
    endloop
  endfacet
  facet normal 0.741004 -0.671501 0
    outer loop
      vertex -6.18408 -66.7249 1.4
      vertex -5.65685 -66.1431 0
      vertex -5.65685 -66.1431 1.4
    endloop
  endfacet
  facet normal 0.741004 -0.671501 0
    outer loop
      vertex -5.65685 -66.1431 0
      vertex -6.18408 -66.7249 1.4
      vertex -6.18408 -66.7249 0
    endloop
  endfacet
  facet normal -0.671543 -0.740965 0
    outer loop
      vertex 5.07515 -65.6159 0
      vertex 5.65685 -66.1431 1.4
      vertex 5.07515 -65.6159 1.4
    endloop
  endfacet
  facet normal -0.671543 -0.740965 -0
    outer loop
      vertex 5.65685 -66.1431 1.4
      vertex 5.07515 -65.6159 0
      vertex 5.65685 -66.1431 0
    endloop
  endfacet
  facet normal 0.989176 -0.146733 0
    outer loop
      vertex -7.96148 -71.0159 1.4
      vertex -7.84628 -70.2393 0
      vertex -7.84628 -70.2393 1.4
    endloop
  endfacet
  facet normal 0.989176 -0.146733 0
    outer loop
      vertex -7.84628 -70.2393 0
      vertex -7.96148 -71.0159 1.4
      vertex -7.96148 -71.0159 0
    endloop
  endfacet
  facet normal 0.336905 -0.941539 0
    outer loop
      vertex -3.06147 -64.409 0
      vertex -2.32228 -64.1445 1.4
      vertex -3.06147 -64.409 1.4
    endloop
  endfacet
  facet normal 0.336905 -0.941539 0
    outer loop
      vertex -2.32228 -64.1445 1.4
      vertex -3.06147 -64.409 0
      vertex -2.32228 -64.1445 0
    endloop
  endfacet
  facet normal -0.514089 -0.857737 0
    outer loop
      vertex 3.77117 -64.7446 0
      vertex 4.44456 -65.1482 1.4
      vertex 3.77117 -64.7446 1.4
    endloop
  endfacet
  facet normal -0.514089 -0.857737 -0
    outer loop
      vertex 4.44456 -65.1482 1.4
      vertex 3.77117 -64.7446 0
      vertex 4.44456 -65.1482 0
    endloop
  endfacet
  facet normal 0.671543 -0.740965 0
    outer loop
      vertex -5.65685 -66.1431 0
      vertex -5.07515 -65.6159 1.4
      vertex -5.65685 -66.1431 1.4
    endloop
  endfacet
  facet normal 0.671543 -0.740965 0
    outer loop
      vertex -5.07515 -65.6159 1.4
      vertex -5.65685 -66.1431 0
      vertex -5.07515 -65.6159 0
    endloop
  endfacet
  facet normal -0.903986 -0.427562 0
    outer loop
      vertex 7.39104 -68.7385 0
      vertex 7.05537 -68.0288 1.4
      vertex 7.05537 -68.0288 0
    endloop
  endfacet
  facet normal -0.903986 -0.427562 0
    outer loop
      vertex 7.05537 -68.0288 1.4
      vertex 7.39104 -68.7385 0
      vertex 7.39104 -68.7385 1.4
    endloop
  endfacet
  facet normal 0.903986 -0.427562 0
    outer loop
      vertex -7.39104 -68.7385 1.4
      vertex -7.05537 -68.0288 0
      vertex -7.05537 -68.0288 1.4
    endloop
  endfacet
  facet normal 0.903986 -0.427562 0
    outer loop
      vertex -7.05537 -68.0288 0
      vertex -7.39104 -68.7385 1.4
      vertex -7.39104 -68.7385 0
    endloop
  endfacet
  facet normal 0.427489 -0.90402 0
    outer loop
      vertex -3.77117 -64.7446 0
      vertex -3.06147 -64.409 1.4
      vertex -3.77117 -64.7446 1.4
    endloop
  endfacet
  facet normal 0.427489 -0.90402 0
    outer loop
      vertex -3.06147 -64.409 1.4
      vertex -3.77117 -64.7446 0
      vertex -3.06147 -64.409 0
    endloop
  endfacet
  facet normal 0.146736 -0.989176 0
    outer loop
      vertex -1.56072 -63.9537 0
      vertex -0.784137 -63.8385 1.4
      vertex -1.56072 -63.9537 1.4
    endloop
  endfacet
  facet normal 0.146736 -0.989176 0
    outer loop
      vertex -0.784137 -63.8385 1.4
      vertex -1.56072 -63.9537 0
      vertex -0.784137 -63.8385 0
    endloop
  endfacet
  facet normal 0.595718 -0.803194 0
    outer loop
      vertex -5.07515 -65.6159 0
      vertex -4.44456 -65.1482 1.4
      vertex -5.07515 -65.6159 1.4
    endloop
  endfacet
  facet normal 0.595718 -0.803194 0
    outer loop
      vertex -4.44456 -65.1482 1.4
      vertex -5.07515 -65.6159 0
      vertex -4.44456 -65.1482 0
    endloop
  endfacet
  facet normal 0.989133 -0.147023 0
    outer loop
      vertex -18.6269 66.8269 3.5
      vertex -18.6067 66.9628 2.5
      vertex -18.6067 66.9628 3.5
    endloop
  endfacet
  facet normal 0.989133 -0.147023 0
    outer loop
      vertex -18.6067 66.9628 2.5
      vertex -18.6269 66.8269 3.5
      vertex -18.6269 66.8269 2.5
    endloop
  endfacet
  facet normal 0.99881 -0.0487757 0
    outer loop
      vertex -18.6067 66.9628 3.5
      vertex -18.6 67.1 2.5
      vertex -18.6 67.1 3.5
    endloop
  endfacet
  facet normal 0.99881 -0.0487757 0
    outer loop
      vertex -18.6 67.1 2.5
      vertex -18.6067 66.9628 3.5
      vertex -18.6067 66.9628 2.5
    endloop
  endfacet
  facet normal -0.671295 -0.741191 0
    outer loop
      vertex -20.9899 66.11 2.5
      vertex -20.8881 66.0178 3.5
      vertex -20.9899 66.11 3.5
    endloop
  endfacet
  facet normal -0.671295 -0.741191 -0
    outer loop
      vertex -20.8881 66.0178 3.5
      vertex -20.9899 66.11 2.5
      vertex -20.8881 66.0178 2.5
    endloop
  endfacet
  facet normal 0.514067 0.85775 -0
    outer loop
      vertex -19.2222 68.2641 2.45
      vertex -19.34 68.3347 3.5
      vertex -19.2222 68.2641 3.5
    endloop
  endfacet
  facet normal 0.514067 0.85775 0
    outer loop
      vertex -19.34 68.3347 3.5
      vertex -19.2222 68.2641 2.45
      vertex -19.34 68.3347 2.45
    endloop
  endfacet
  facet normal 0.514067 -0.85775 0
    outer loop
      vertex -19.34 65.8653 2.5
      vertex -19.2222 65.9359 3.5
      vertex -19.34 65.8653 3.5
    endloop
  endfacet
  facet normal 0.514067 -0.85775 0
    outer loop
      vertex -19.2222 65.9359 3.5
      vertex -19.34 65.8653 2.5
      vertex -19.2222 65.9359 2.5
    endloop
  endfacet
  facet normal 0.989133 0.147023 0
    outer loop
      vertex -18.6067 67.2372 3.5
      vertex -18.6269 67.3731 2.5
      vertex -18.6269 67.3731 3.5
    endloop
  endfacet
  facet normal 0.989133 0.147023 0
    outer loop
      vertex -18.6269 67.3731 2.5
      vertex -18.6067 67.2372 3.5
      vertex -18.6067 67.2372 2.5
    endloop
  endfacet
  facet normal -0.85775 0.514067 0
    outer loop
      vertex -21.2347 67.76 2.5
      vertex -21.1641 67.8778 3.5
      vertex -21.1641 67.8778 2.5
    endloop
  endfacet
  facet normal -0.85775 0.514067 0
    outer loop
      vertex -21.1641 67.8778 3.5
      vertex -21.2347 67.76 2.5
      vertex -21.2347 67.76 3.5
    endloop
  endfacet
  facet normal 0.147023 0.989133 -0
    outer loop
      vertex -19.7269 68.4731 2.45
      vertex -19.8628 68.4933 3.5
      vertex -19.7269 68.4731 3.5
    endloop
  endfacet
  facet normal 0.147023 0.989133 0
    outer loop
      vertex -19.8628 68.4933 3.5
      vertex -19.7269 68.4731 2.45
      vertex -19.8628 68.4933 2.45
    endloop
  endfacet
  facet normal -0.904108 0.427304 0
    outer loop
      vertex -21.2934 67.6358 2.5
      vertex -21.2347 67.76 3.5
      vertex -21.2347 67.76 2.5
    endloop
  endfacet
  facet normal -0.904108 0.427304 0
    outer loop
      vertex -21.2347 67.76 3.5
      vertex -21.2934 67.6358 2.5
      vertex -21.2934 67.6358 3.5
    endloop
  endfacet
  facet normal -0.427304 0.904108 0
    outer loop
      vertex -20.5358 68.3934 2.45
      vertex -20.66 68.3347 3.5
      vertex -20.5358 68.3934 3.5
    endloop
  endfacet
  facet normal -0.427304 0.904108 0
    outer loop
      vertex -20.66 68.3347 3.5
      vertex -20.5358 68.3934 2.45
      vertex -20.66 68.3347 2.45
    endloop
  endfacet
  facet normal -0.243049 -0.970014 0
    outer loop
      vertex -20.4064 65.7603 2.5
      vertex -20.2731 65.7269 3.5
      vertex -20.4064 65.7603 3.5
    endloop
  endfacet
  facet normal -0.243049 -0.970014 -0
    outer loop
      vertex -20.2731 65.7269 3.5
      vertex -20.4064 65.7603 2.5
      vertex -20.2731 65.7269 2.5
    endloop
  endfacet
  facet normal 0.427304 -0.904108 0
    outer loop
      vertex -19.4642 65.8066 2.5
      vertex -19.34 65.8653 3.5
      vertex -19.4642 65.8066 3.5
    endloop
  endfacet
  facet normal 0.427304 -0.904108 0
    outer loop
      vertex -19.34 65.8653 3.5
      vertex -19.4642 65.8066 2.5
      vertex -19.34 65.8653 2.5
    endloop
  endfacet
  facet normal 0.595802 0.803132 -0
    outer loop
      vertex -19.1118 68.1822 2.45
      vertex -19.2222 68.2641 3.5
      vertex -19.1118 68.1822 3.5
    endloop
  endfacet
  facet normal 0.595802 0.803132 0
    outer loop
      vertex -19.2222 68.2641 3.5
      vertex -19.1118 68.1822 2.45
      vertex -19.2222 68.2641 2.45
    endloop
  endfacet
  facet normal -0.803132 0.595802 0
    outer loop
      vertex -21.1641 67.8778 2.5
      vertex -21.0822 67.9882 3.5
      vertex -21.0822 67.9882 2.5
    endloop
  endfacet
  facet normal -0.803132 0.595802 0
    outer loop
      vertex -21.0822 67.9882 3.5
      vertex -21.1641 67.8778 2.5
      vertex -21.1641 67.8778 3.5
    endloop
  endfacet
  facet normal 0.336889 0.941544 -0
    outer loop
      vertex -19.4642 68.3934 2.45
      vertex -19.5936 68.4397 3.5
      vertex -19.4642 68.3934 3.5
    endloop
  endfacet
  facet normal 0.336889 0.941544 0
    outer loop
      vertex -19.5936 68.4397 3.5
      vertex -19.4642 68.3934 2.45
      vertex -19.5936 68.4397 2.45
    endloop
  endfacet
  facet normal 0.336889 -0.941544 0
    outer loop
      vertex -19.5936 65.7603 2.5
      vertex -19.4642 65.8066 3.5
      vertex -19.5936 65.7603 3.5
    endloop
  endfacet
  facet normal 0.336889 -0.941544 0
    outer loop
      vertex -19.4642 65.8066 3.5
      vertex -19.5936 65.7603 2.5
      vertex -19.4642 65.8066 2.5
    endloop
  endfacet
  facet normal -0.147023 0.989133 0
    outer loop
      vertex -20.1372 68.4933 2.45
      vertex -20.2731 68.4731 3.5
      vertex -20.1372 68.4933 3.5
    endloop
  endfacet
  facet normal -0.147023 0.989133 0
    outer loop
      vertex -20.2731 68.4731 3.5
      vertex -20.1372 68.4933 2.45
      vertex -20.2731 68.4731 2.45
    endloop
  endfacet
  facet normal -0.59615 -0.802873 0
    outer loop
      vertex -20.8881 66.0178 2.5
      vertex -20.7778 65.9359 3.5
      vertex -20.8881 66.0178 3.5
    endloop
  endfacet
  facet normal -0.59615 -0.802873 -0
    outer loop
      vertex -20.7778 65.9359 3.5
      vertex -20.8881 66.0178 2.5
      vertex -20.7778 65.9359 2.5
    endloop
  endfacet
  facet normal 0.941544 -0.336889 0
    outer loop
      vertex -18.7066 66.5642 3.5
      vertex -18.6603 66.6936 2.5
      vertex -18.6603 66.6936 3.5
    endloop
  endfacet
  facet normal 0.941544 -0.336889 0
    outer loop
      vertex -18.6603 66.6936 2.5
      vertex -18.7066 66.5642 3.5
      vertex -18.7066 66.5642 2.5
    endloop
  endfacet
  facet normal -0.243049 0.970014 0
    outer loop
      vertex -20.2731 68.4731 2.45
      vertex -20.4064 68.4397 3.5
      vertex -20.2731 68.4731 3.5
    endloop
  endfacet
  facet normal -0.243049 0.970014 0
    outer loop
      vertex -20.4064 68.4397 3.5
      vertex -20.2731 68.4731 2.45
      vertex -20.4064 68.4397 2.45
    endloop
  endfacet
  facet normal -0.59615 0.802873 0
    outer loop
      vertex -20.7778 68.2641 2.45
      vertex -20.8881 68.1822 3.5
      vertex -20.7778 68.2641 3.5
    endloop
  endfacet
  facet normal -0.59615 0.802873 0
    outer loop
      vertex -20.8881 68.1822 3.5
      vertex -20.7778 68.2641 2.45
      vertex -20.8881 68.1822 2.45
    endloop
  endfacet
  facet normal 0.85775 0.514067 0
    outer loop
      vertex -18.7653 67.76 3.5
      vertex -18.8359 67.8778 2.5
      vertex -18.8359 67.8778 3.5
    endloop
  endfacet
  facet normal 0.85775 0.514067 0
    outer loop
      vertex -18.8359 67.8778 2.5
      vertex -18.7653 67.76 3.5
      vertex -18.7653 67.76 2.5
    endloop
  endfacet
  facet normal 0.671295 0.741191 -0
    outer loop
      vertex -19.01 68.09 2.45
      vertex -19.1118 68.1822 3.5
      vertex -19.01 68.09 3.5
    endloop
  endfacet
  facet normal 0.671295 0.741191 0
    outer loop
      vertex -19.1118 68.1822 3.5
      vertex -19.01 68.09 2.45
      vertex -19.1118 68.1822 2.45
    endloop
  endfacet
  facet normal -0.970014 -0.243049 0
    outer loop
      vertex -21.3397 66.6936 2.5
      vertex -21.3731 66.8269 3.5
      vertex -21.3731 66.8269 2.5
    endloop
  endfacet
  facet normal -0.970014 -0.243049 0
    outer loop
      vertex -21.3731 66.8269 3.5
      vertex -21.3397 66.6936 2.5
      vertex -21.3397 66.6936 3.5
    endloop
  endfacet
  facet normal -0.740833 0.671689 0
    outer loop
      vertex -21.0715 68 2.5
      vertex -20.9899 68.09 2.45
      vertex -21.0715 68 2.45
    endloop
  endfacet
  facet normal -0.740833 0.671689 0
    outer loop
      vertex -20.9899 68.09 2.45
      vertex -21.0715 68 2.5
      vertex -20.9899 68.09 3.5
    endloop
  endfacet
  facet normal -0.740792 0.671735 0
    outer loop
      vertex -21.0822 67.9882 3.5
      vertex -21.0715 68 2.5
      vertex -21.0822 67.9882 2.5
    endloop
  endfacet
  facet normal -0.740829 0.671694 -8.73275e-07
    outer loop
      vertex -21.0715 68 2.5
      vertex -21.0822 67.9882 3.5
      vertex -20.9899 68.09 3.5
    endloop
  endfacet
  facet normal 0.0487757 0.99881 -0
    outer loop
      vertex -19.8628 68.4933 2.45
      vertex -20 68.5 3.5
      vertex -19.8628 68.4933 3.5
    endloop
  endfacet
  facet normal 0.0487757 0.99881 0
    outer loop
      vertex -20 68.5 3.5
      vertex -19.8628 68.4933 2.45
      vertex -20 68.5 2.45
    endloop
  endfacet
  facet normal 0.802873 -0.59615 0
    outer loop
      vertex -18.9178 66.2119 3.5
      vertex -18.8359 66.3222 2.5
      vertex -18.8359 66.3222 3.5
    endloop
  endfacet
  facet normal 0.802873 -0.59615 0
    outer loop
      vertex -18.8359 66.3222 2.5
      vertex -18.9178 66.2119 3.5
      vertex -18.9178 66.2119 2.5
    endloop
  endfacet
  facet normal 0.904108 -0.427304 0
    outer loop
      vertex -18.7653 66.44 3.5
      vertex -18.7066 66.5642 2.5
      vertex -18.7066 66.5642 3.5
    endloop
  endfacet
  facet normal 0.904108 -0.427304 0
    outer loop
      vertex -18.7066 66.5642 2.5
      vertex -18.7653 66.44 3.5
      vertex -18.7653 66.44 2.5
    endloop
  endfacet
  facet normal 0.803132 0.595802 0
    outer loop
      vertex -18.8359 67.8778 3.5
      vertex -18.9178 67.9882 2.5
      vertex -18.9178 67.9882 3.5
    endloop
  endfacet
  facet normal 0.803132 0.595802 0
    outer loop
      vertex -18.9178 67.9882 2.5
      vertex -18.8359 67.8778 3.5
      vertex -18.8359 67.8778 2.5
    endloop
  endfacet
  facet normal -0.0487757 -0.99881 0
    outer loop
      vertex -20.1372 65.7067 2.5
      vertex -20 65.7 3.5
      vertex -20.1372 65.7067 3.5
    endloop
  endfacet
  facet normal -0.0487757 -0.99881 -0
    outer loop
      vertex -20 65.7 3.5
      vertex -20.1372 65.7067 2.5
      vertex -20 65.7 2.5
    endloop
  endfacet
  facet normal 0.741519 -0.670932 0
    outer loop
      vertex -19.01 66.11 3.5
      vertex -18.9178 66.2119 2.5
      vertex -18.9178 66.2119 3.5
    endloop
  endfacet
  facet normal 0.741519 -0.670932 0
    outer loop
      vertex -18.9178 66.2119 2.5
      vertex -19.01 66.11 3.5
      vertex -19.01 66.11 2.5
    endloop
  endfacet
  facet normal -0.147023 -0.989133 0
    outer loop
      vertex -20.2731 65.7269 2.5
      vertex -20.1372 65.7067 3.5
      vertex -20.2731 65.7269 3.5
    endloop
  endfacet
  facet normal -0.147023 -0.989133 -0
    outer loop
      vertex -20.1372 65.7067 3.5
      vertex -20.2731 65.7269 2.5
      vertex -20.1372 65.7067 2.5
    endloop
  endfacet
  facet normal -0.941544 0.336889 0
    outer loop
      vertex -21.3397 67.5064 2.5
      vertex -21.2934 67.6358 3.5
      vertex -21.2934 67.6358 2.5
    endloop
  endfacet
  facet normal -0.941544 0.336889 0
    outer loop
      vertex -21.2934 67.6358 3.5
      vertex -21.3397 67.5064 2.5
      vertex -21.3397 67.5064 3.5
    endloop
  endfacet
  facet normal -0.970014 0.243049 0
    outer loop
      vertex -21.3731 67.3731 2.5
      vertex -21.3397 67.5064 3.5
      vertex -21.3397 67.5064 2.5
    endloop
  endfacet
  facet normal -0.970014 0.243049 0
    outer loop
      vertex -21.3397 67.5064 3.5
      vertex -21.3731 67.3731 2.5
      vertex -21.3731 67.3731 3.5
    endloop
  endfacet
  facet normal -0.989133 0.147023 0
    outer loop
      vertex -21.3933 67.2372 2.5
      vertex -21.3731 67.3731 3.5
      vertex -21.3731 67.3731 2.5
    endloop
  endfacet
  facet normal -0.989133 0.147023 0
    outer loop
      vertex -21.3731 67.3731 3.5
      vertex -21.3933 67.2372 2.5
      vertex -21.3933 67.2372 3.5
    endloop
  endfacet
  facet normal 0.970014 0.243049 0
    outer loop
      vertex -18.6269 67.3731 3.5
      vertex -18.6603 67.5064 2.5
      vertex -18.6603 67.5064 3.5
    endloop
  endfacet
  facet normal 0.970014 0.243049 0
    outer loop
      vertex -18.6603 67.5064 2.5
      vertex -18.6269 67.3731 3.5
      vertex -18.6269 67.3731 2.5
    endloop
  endfacet
  facet normal 0.85775 -0.514067 0
    outer loop
      vertex -18.8359 66.3222 3.5
      vertex -18.7653 66.44 2.5
      vertex -18.7653 66.44 3.5
    endloop
  endfacet
  facet normal 0.85775 -0.514067 0
    outer loop
      vertex -18.7653 66.44 2.5
      vertex -18.8359 66.3222 3.5
      vertex -18.8359 66.3222 2.5
    endloop
  endfacet
  facet normal 0.671295 -0.741191 0
    outer loop
      vertex -19.1118 66.0178 2.5
      vertex -19.01 66.11 3.5
      vertex -19.1118 66.0178 3.5
    endloop
  endfacet
  facet normal 0.671295 -0.741191 0
    outer loop
      vertex -19.01 66.11 3.5
      vertex -19.1118 66.0178 2.5
      vertex -19.01 66.11 2.5
    endloop
  endfacet
  facet normal -0.99881 -0.0487757 0
    outer loop
      vertex -21.3933 66.9628 2.5
      vertex -21.4 67.1 3.5
      vertex -21.4 67.1 2.5
    endloop
  endfacet
  facet normal -0.99881 -0.0487757 0
    outer loop
      vertex -21.4 67.1 3.5
      vertex -21.3933 66.9628 2.5
      vertex -21.3933 66.9628 3.5
    endloop
  endfacet
  facet normal 0.970014 -0.243049 0
    outer loop
      vertex -18.6603 66.6936 3.5
      vertex -18.6269 66.8269 2.5
      vertex -18.6269 66.8269 3.5
    endloop
  endfacet
  facet normal 0.970014 -0.243049 0
    outer loop
      vertex -18.6269 66.8269 2.5
      vertex -18.6603 66.6936 3.5
      vertex -18.6603 66.6936 2.5
    endloop
  endfacet
  facet normal -0.904108 -0.427304 0
    outer loop
      vertex -21.2347 66.44 2.5
      vertex -21.2934 66.5642 3.5
      vertex -21.2934 66.5642 2.5
    endloop
  endfacet
  facet normal -0.904108 -0.427304 0
    outer loop
      vertex -21.2934 66.5642 3.5
      vertex -21.2347 66.44 2.5
      vertex -21.2347 66.44 3.5
    endloop
  endfacet
  facet normal -0.336889 0.941544 0
    outer loop
      vertex -20.4064 68.4397 2.45
      vertex -20.5358 68.3934 3.5
      vertex -20.4064 68.4397 3.5
    endloop
  endfacet
  facet normal -0.336889 0.941544 0
    outer loop
      vertex -20.5358 68.3934 3.5
      vertex -20.4064 68.4397 2.45
      vertex -20.5358 68.3934 2.45
    endloop
  endfacet
  facet normal -0.514067 -0.85775 0
    outer loop
      vertex -20.7778 65.9359 2.5
      vertex -20.66 65.8653 3.5
      vertex -20.7778 65.9359 3.5
    endloop
  endfacet
  facet normal -0.514067 -0.85775 -0
    outer loop
      vertex -20.66 65.8653 3.5
      vertex -20.7778 65.9359 2.5
      vertex -20.66 65.8653 2.5
    endloop
  endfacet
  facet normal -0.0487757 0.99881 0
    outer loop
      vertex -20 68.5 2.45
      vertex -20.1372 68.4933 3.5
      vertex -20 68.5 3.5
    endloop
  endfacet
  facet normal -0.0487757 0.99881 0
    outer loop
      vertex -20.1372 68.4933 3.5
      vertex -20 68.5 2.45
      vertex -20.1372 68.4933 2.45
    endloop
  endfacet
  facet normal 0.0487757 -0.99881 0
    outer loop
      vertex -20 65.7 2.5
      vertex -19.8628 65.7067 3.5
      vertex -20 65.7 3.5
    endloop
  endfacet
  facet normal 0.0487757 -0.99881 0
    outer loop
      vertex -19.8628 65.7067 3.5
      vertex -20 65.7 2.5
      vertex -19.8628 65.7067 2.5
    endloop
  endfacet
  facet normal -0.427304 -0.904108 0
    outer loop
      vertex -20.66 65.8653 2.5
      vertex -20.5358 65.8066 3.5
      vertex -20.66 65.8653 3.5
    endloop
  endfacet
  facet normal -0.427304 -0.904108 -0
    outer loop
      vertex -20.5358 65.8066 3.5
      vertex -20.66 65.8653 2.5
      vertex -20.5358 65.8066 2.5
    endloop
  endfacet
  facet normal -0.514067 0.85775 0
    outer loop
      vertex -20.66 68.3347 2.45
      vertex -20.7778 68.2641 3.5
      vertex -20.66 68.3347 3.5
    endloop
  endfacet
  facet normal -0.514067 0.85775 0
    outer loop
      vertex -20.7778 68.2641 3.5
      vertex -20.66 68.3347 2.45
      vertex -20.7778 68.2641 2.45
    endloop
  endfacet
  facet normal 0.595802 -0.803132 0
    outer loop
      vertex -19.2222 65.9359 2.5
      vertex -19.1118 66.0178 3.5
      vertex -19.2222 65.9359 3.5
    endloop
  endfacet
  facet normal 0.595802 -0.803132 0
    outer loop
      vertex -19.1118 66.0178 3.5
      vertex -19.2222 65.9359 2.5
      vertex -19.1118 66.0178 2.5
    endloop
  endfacet
  facet normal -0.336889 -0.941544 0
    outer loop
      vertex -20.5358 65.8066 2.5
      vertex -20.4064 65.7603 3.5
      vertex -20.5358 65.8066 3.5
    endloop
  endfacet
  facet normal -0.336889 -0.941544 -0
    outer loop
      vertex -20.4064 65.7603 3.5
      vertex -20.5358 65.8066 2.5
      vertex -20.4064 65.7603 2.5
    endloop
  endfacet
  facet normal -0.989133 -0.147023 0
    outer loop
      vertex -21.3731 66.8269 2.5
      vertex -21.3933 66.9628 3.5
      vertex -21.3933 66.9628 2.5
    endloop
  endfacet
  facet normal -0.989133 -0.147023 0
    outer loop
      vertex -21.3933 66.9628 3.5
      vertex -21.3731 66.8269 2.5
      vertex -21.3731 66.8269 3.5
    endloop
  endfacet
  facet normal 0.99881 0.0487757 0
    outer loop
      vertex -18.6 67.1 3.5
      vertex -18.6067 67.2372 2.5
      vertex -18.6067 67.2372 3.5
    endloop
  endfacet
  facet normal 0.99881 0.0487757 0
    outer loop
      vertex -18.6067 67.2372 2.5
      vertex -18.6 67.1 3.5
      vertex -18.6 67.1 2.5
    endloop
  endfacet
  facet normal 0 0 1
    outer loop
      vertex -18.6067 67.2372 3.5
      vertex -18.6067 66.9628 3.5
      vertex -18.6 67.1 3.5
    endloop
  endfacet
  facet normal 0 0 1
    outer loop
      vertex -18.6269 67.3731 3.5
      vertex -18.6067 66.9628 3.5
      vertex -18.6067 67.2372 3.5
    endloop
  endfacet
  facet normal 0 0 1
    outer loop
      vertex -18.6269 67.3731 3.5
      vertex -18.6269 66.8269 3.5
      vertex -18.6067 66.9628 3.5
    endloop
  endfacet
  facet normal 0 0 1
    outer loop
      vertex -18.6603 67.5064 3.5
      vertex -18.6269 66.8269 3.5
      vertex -18.6269 67.3731 3.5
    endloop
  endfacet
  facet normal 0 0 1
    outer loop
      vertex -18.6603 67.5064 3.5
      vertex -18.6603 66.6936 3.5
      vertex -18.6269 66.8269 3.5
    endloop
  endfacet
  facet normal 0 0 1
    outer loop
      vertex -18.7066 67.6358 3.5
      vertex -18.6603 66.6936 3.5
      vertex -18.6603 67.5064 3.5
    endloop
  endfacet
  facet normal 0 0 1
    outer loop
      vertex -18.7066 67.6358 3.5
      vertex -18.7066 66.5642 3.5
      vertex -18.6603 66.6936 3.5
    endloop
  endfacet
  facet normal 0 0 1
    outer loop
      vertex -18.7653 67.76 3.5
      vertex -18.7066 66.5642 3.5
      vertex -18.7066 67.6358 3.5
    endloop
  endfacet
  facet normal 0 0 1
    outer loop
      vertex -18.7653 67.76 3.5
      vertex -18.7653 66.44 3.5
      vertex -18.7066 66.5642 3.5
    endloop
  endfacet
  facet normal 0 0 1
    outer loop
      vertex -18.8359 67.8778 3.5
      vertex -18.7653 66.44 3.5
      vertex -18.7653 67.76 3.5
    endloop
  endfacet
  facet normal 0 0 1
    outer loop
      vertex -18.8359 67.8778 3.5
      vertex -18.8359 66.3222 3.5
      vertex -18.7653 66.44 3.5
    endloop
  endfacet
  facet normal 0 0 1
    outer loop
      vertex -18.9178 67.9882 3.5
      vertex -18.8359 66.3222 3.5
      vertex -18.8359 67.8778 3.5
    endloop
  endfacet
  facet normal 0 0 1
    outer loop
      vertex -18.9178 67.9882 3.5
      vertex -18.9178 66.2119 3.5
      vertex -18.8359 66.3222 3.5
    endloop
  endfacet
  facet normal 0 0 1
    outer loop
      vertex -19.01 68.09 3.5
      vertex -18.9178 66.2119 3.5
      vertex -18.9178 67.9882 3.5
    endloop
  endfacet
  facet normal 0 0 1
    outer loop
      vertex -19.01 68.09 3.5
      vertex -19.01 66.11 3.5
      vertex -18.9178 66.2119 3.5
    endloop
  endfacet
  facet normal 0 0 1
    outer loop
      vertex -19.1118 68.1822 3.5
      vertex -19.01 66.11 3.5
      vertex -19.01 68.09 3.5
    endloop
  endfacet
  facet normal 0 0 1
    outer loop
      vertex -19.1118 68.1822 3.5
      vertex -19.1118 66.0178 3.5
      vertex -19.01 66.11 3.5
    endloop
  endfacet
  facet normal 0 0 1
    outer loop
      vertex -19.2222 68.2641 3.5
      vertex -19.1118 66.0178 3.5
      vertex -19.1118 68.1822 3.5
    endloop
  endfacet
  facet normal 0 0 1
    outer loop
      vertex -19.2222 68.2641 3.5
      vertex -19.2222 65.9359 3.5
      vertex -19.1118 66.0178 3.5
    endloop
  endfacet
  facet normal 0 0 1
    outer loop
      vertex -19.34 68.3347 3.5
      vertex -19.2222 65.9359 3.5
      vertex -19.2222 68.2641 3.5
    endloop
  endfacet
  facet normal 0 0 1
    outer loop
      vertex -19.34 68.3347 3.5
      vertex -19.34 65.8653 3.5
      vertex -19.2222 65.9359 3.5
    endloop
  endfacet
  facet normal 0 0 1
    outer loop
      vertex -19.4642 68.3934 3.5
      vertex -19.34 65.8653 3.5
      vertex -19.34 68.3347 3.5
    endloop
  endfacet
  facet normal 0 0 1
    outer loop
      vertex -19.4642 68.3934 3.5
      vertex -19.4642 65.8066 3.5
      vertex -19.34 65.8653 3.5
    endloop
  endfacet
  facet normal 0 0 1
    outer loop
      vertex -19.5936 68.4397 3.5
      vertex -19.4642 65.8066 3.5
      vertex -19.4642 68.3934 3.5
    endloop
  endfacet
  facet normal 0 0 1
    outer loop
      vertex -19.5936 68.4397 3.5
      vertex -19.5936 65.7603 3.5
      vertex -19.4642 65.8066 3.5
    endloop
  endfacet
  facet normal 0 0 1
    outer loop
      vertex -19.7269 68.4731 3.5
      vertex -19.5936 65.7603 3.5
      vertex -19.5936 68.4397 3.5
    endloop
  endfacet
  facet normal 0 0 1
    outer loop
      vertex -19.7269 68.4731 3.5
      vertex -19.7269 65.7269 3.5
      vertex -19.5936 65.7603 3.5
    endloop
  endfacet
  facet normal 0 0 1
    outer loop
      vertex -19.8628 68.4933 3.5
      vertex -19.7269 65.7269 3.5
      vertex -19.7269 68.4731 3.5
    endloop
  endfacet
  facet normal 0 0 1
    outer loop
      vertex -19.8628 68.4933 3.5
      vertex -19.8628 65.7067 3.5
      vertex -19.7269 65.7269 3.5
    endloop
  endfacet
  facet normal 0 0 1
    outer loop
      vertex -20 68.5 3.5
      vertex -19.8628 65.7067 3.5
      vertex -19.8628 68.4933 3.5
    endloop
  endfacet
  facet normal 0 0 1
    outer loop
      vertex -20 68.5 3.5
      vertex -20 65.7 3.5
      vertex -19.8628 65.7067 3.5
    endloop
  endfacet
  facet normal -0 0 1
    outer loop
      vertex -20.1372 68.4933 3.5
      vertex -20 65.7 3.5
      vertex -20 68.5 3.5
    endloop
  endfacet
  facet normal 0 0 1
    outer loop
      vertex -20.1372 68.4933 3.5
      vertex -20.1372 65.7067 3.5
      vertex -20 65.7 3.5
    endloop
  endfacet
  facet normal -0 0 1
    outer loop
      vertex -20.2731 68.4731 3.5
      vertex -20.1372 65.7067 3.5
      vertex -20.1372 68.4933 3.5
    endloop
  endfacet
  facet normal 0 0 1
    outer loop
      vertex -20.2731 68.4731 3.5
      vertex -20.2731 65.7269 3.5
      vertex -20.1372 65.7067 3.5
    endloop
  endfacet
  facet normal -0 0 1
    outer loop
      vertex -20.4064 68.4397 3.5
      vertex -20.2731 65.7269 3.5
      vertex -20.2731 68.4731 3.5
    endloop
  endfacet
  facet normal 0 0 1
    outer loop
      vertex -20.4064 68.4397 3.5
      vertex -20.4064 65.7603 3.5
      vertex -20.2731 65.7269 3.5
    endloop
  endfacet
  facet normal -0 0 1
    outer loop
      vertex -20.5358 68.3934 3.5
      vertex -20.4064 65.7603 3.5
      vertex -20.4064 68.4397 3.5
    endloop
  endfacet
  facet normal 0 0 1
    outer loop
      vertex -20.5358 68.3934 3.5
      vertex -20.5358 65.8066 3.5
      vertex -20.4064 65.7603 3.5
    endloop
  endfacet
  facet normal -0 0 1
    outer loop
      vertex -20.66 68.3347 3.5
      vertex -20.5358 65.8066 3.5
      vertex -20.5358 68.3934 3.5
    endloop
  endfacet
  facet normal 0 0 1
    outer loop
      vertex -20.66 68.3347 3.5
      vertex -20.66 65.8653 3.5
      vertex -20.5358 65.8066 3.5
    endloop
  endfacet
  facet normal -0 0 1
    outer loop
      vertex -20.7778 68.2641 3.5
      vertex -20.66 65.8653 3.5
      vertex -20.66 68.3347 3.5
    endloop
  endfacet
  facet normal 0 0 1
    outer loop
      vertex -20.7778 68.2641 3.5
      vertex -20.7778 65.9359 3.5
      vertex -20.66 65.8653 3.5
    endloop
  endfacet
  facet normal -0 0 1
    outer loop
      vertex -20.8881 68.1822 3.5
      vertex -20.7778 65.9359 3.5
      vertex -20.7778 68.2641 3.5
    endloop
  endfacet
  facet normal 0 0 1
    outer loop
      vertex -20.8881 68.1822 3.5
      vertex -20.8881 66.0178 3.5
      vertex -20.7778 65.9359 3.5
    endloop
  endfacet
  facet normal -0 0 1
    outer loop
      vertex -20.9899 68.09 3.5
      vertex -20.8881 66.0178 3.5
      vertex -20.8881 68.1822 3.5
    endloop
  endfacet
  facet normal 0 0 1
    outer loop
      vertex -20.9899 68.09 3.5
      vertex -20.9899 66.11 3.5
      vertex -20.8881 66.0178 3.5
    endloop
  endfacet
  facet normal -0 0 1
    outer loop
      vertex -21.0822 67.9882 3.5
      vertex -20.9899 66.11 3.5
      vertex -20.9899 68.09 3.5
    endloop
  endfacet
  facet normal 0 0 1
    outer loop
      vertex -21.0822 67.9882 3.5
      vertex -21.0822 66.2119 3.5
      vertex -20.9899 66.11 3.5
    endloop
  endfacet
  facet normal -0 0 1
    outer loop
      vertex -21.1641 67.8778 3.5
      vertex -21.0822 66.2119 3.5
      vertex -21.0822 67.9882 3.5
    endloop
  endfacet
  facet normal 0 0 1
    outer loop
      vertex -21.1641 67.8778 3.5
      vertex -21.1641 66.3222 3.5
      vertex -21.0822 66.2119 3.5
    endloop
  endfacet
  facet normal -0 0 1
    outer loop
      vertex -21.2347 67.76 3.5
      vertex -21.1641 66.3222 3.5
      vertex -21.1641 67.8778 3.5
    endloop
  endfacet
  facet normal 0 0 1
    outer loop
      vertex -21.2347 67.76 3.5
      vertex -21.2347 66.44 3.5
      vertex -21.1641 66.3222 3.5
    endloop
  endfacet
  facet normal -0 0 1
    outer loop
      vertex -21.2934 67.6358 3.5
      vertex -21.2347 66.44 3.5
      vertex -21.2347 67.76 3.5
    endloop
  endfacet
  facet normal 0 0 1
    outer loop
      vertex -21.2934 67.6358 3.5
      vertex -21.2934 66.5642 3.5
      vertex -21.2347 66.44 3.5
    endloop
  endfacet
  facet normal -0 0 1
    outer loop
      vertex -21.3397 67.5064 3.5
      vertex -21.2934 66.5642 3.5
      vertex -21.2934 67.6358 3.5
    endloop
  endfacet
  facet normal 0 0 1
    outer loop
      vertex -21.3397 67.5064 3.5
      vertex -21.3397 66.6936 3.5
      vertex -21.2934 66.5642 3.5
    endloop
  endfacet
  facet normal -0 0 1
    outer loop
      vertex -21.3731 67.3731 3.5
      vertex -21.3397 66.6936 3.5
      vertex -21.3397 67.5064 3.5
    endloop
  endfacet
  facet normal 0 0 1
    outer loop
      vertex -21.3731 67.3731 3.5
      vertex -21.3731 66.8269 3.5
      vertex -21.3397 66.6936 3.5
    endloop
  endfacet
  facet normal -0 0 1
    outer loop
      vertex -21.3933 67.2372 3.5
      vertex -21.3731 66.8269 3.5
      vertex -21.3731 67.3731 3.5
    endloop
  endfacet
  facet normal 0 0 1
    outer loop
      vertex -21.3933 67.2372 3.5
      vertex -21.3933 66.9628 3.5
      vertex -21.3731 66.8269 3.5
    endloop
  endfacet
  facet normal 0 -0 1
    outer loop
      vertex -21.3933 66.9628 3.5
      vertex -21.3933 67.2372 3.5
      vertex -21.4 67.1 3.5
    endloop
  endfacet
  facet normal -0.99881 0.0487757 0
    outer loop
      vertex -21.4 67.1 2.5
      vertex -21.3933 67.2372 3.5
      vertex -21.3933 67.2372 2.5
    endloop
  endfacet
  facet normal -0.99881 0.0487757 0
    outer loop
      vertex -21.3933 67.2372 3.5
      vertex -21.4 67.1 2.5
      vertex -21.4 67.1 3.5
    endloop
  endfacet
  facet normal 0.243049 -0.970014 0
    outer loop
      vertex -19.7269 65.7269 2.5
      vertex -19.5936 65.7603 3.5
      vertex -19.7269 65.7269 3.5
    endloop
  endfacet
  facet normal 0.243049 -0.970014 0
    outer loop
      vertex -19.5936 65.7603 3.5
      vertex -19.7269 65.7269 2.5
      vertex -19.5936 65.7603 2.5
    endloop
  endfacet
  facet normal 0.427304 0.904108 -0
    outer loop
      vertex -19.34 68.3347 2.45
      vertex -19.4642 68.3934 3.5
      vertex -19.34 68.3347 3.5
    endloop
  endfacet
  facet normal 0.427304 0.904108 0
    outer loop
      vertex -19.4642 68.3934 3.5
      vertex -19.34 68.3347 2.45
      vertex -19.4642 68.3934 2.45
    endloop
  endfacet
  facet normal 0.941544 0.336889 0
    outer loop
      vertex -18.6603 67.5064 3.5
      vertex -18.7066 67.6358 2.5
      vertex -18.7066 67.6358 3.5
    endloop
  endfacet
  facet normal 0.941544 0.336889 0
    outer loop
      vertex -18.7066 67.6358 2.5
      vertex -18.6603 67.5064 3.5
      vertex -18.6603 67.5064 2.5
    endloop
  endfacet
  facet normal 0.904108 0.427304 0
    outer loop
      vertex -18.7066 67.6358 3.5
      vertex -18.7653 67.76 2.5
      vertex -18.7653 67.76 3.5
    endloop
  endfacet
  facet normal 0.904108 0.427304 0
    outer loop
      vertex -18.7653 67.76 2.5
      vertex -18.7066 67.6358 3.5
      vertex -18.7066 67.6358 2.5
    endloop
  endfacet
  facet normal -0.941544 -0.336889 0
    outer loop
      vertex -21.2934 66.5642 2.5
      vertex -21.3397 66.6936 3.5
      vertex -21.3397 66.6936 2.5
    endloop
  endfacet
  facet normal -0.941544 -0.336889 0
    outer loop
      vertex -21.3397 66.6936 3.5
      vertex -21.2934 66.5642 2.5
      vertex -21.2934 66.5642 3.5
    endloop
  endfacet
  facet normal -0.85775 -0.514067 0
    outer loop
      vertex -21.1641 66.3222 2.5
      vertex -21.2347 66.44 3.5
      vertex -21.2347 66.44 2.5
    endloop
  endfacet
  facet normal -0.85775 -0.514067 0
    outer loop
      vertex -21.2347 66.44 3.5
      vertex -21.1641 66.3222 2.5
      vertex -21.1641 66.3222 3.5
    endloop
  endfacet
  facet normal -0.802873 -0.59615 0
    outer loop
      vertex -21.0822 66.2119 2.5
      vertex -21.1641 66.3222 3.5
      vertex -21.1641 66.3222 2.5
    endloop
  endfacet
  facet normal -0.802873 -0.59615 0
    outer loop
      vertex -21.1641 66.3222 3.5
      vertex -21.0822 66.2119 2.5
      vertex -21.0822 66.2119 3.5
    endloop
  endfacet
  facet normal 0.147023 -0.989133 0
    outer loop
      vertex -19.8628 65.7067 2.5
      vertex -19.7269 65.7269 3.5
      vertex -19.8628 65.7067 3.5
    endloop
  endfacet
  facet normal 0.147023 -0.989133 0
    outer loop
      vertex -19.7269 65.7269 3.5
      vertex -19.8628 65.7067 2.5
      vertex -19.7269 65.7269 2.5
    endloop
  endfacet
  facet normal 0.741243 0.671237 0
    outer loop
      vertex -19.01 68.09 3.5
      vertex -18.9285 68 2.5
      vertex -19.01 68.09 2.45
    endloop
  endfacet
  facet normal 0.741191 0.671295 -9.46511e-06
    outer loop
      vertex -18.9178 67.9882 3.5
      vertex -18.9285 68 2.5
      vertex -19.01 68.09 3.5
    endloop
  endfacet
  facet normal 0.740792 0.671735 0
    outer loop
      vertex -18.9285 68 2.5
      vertex -18.9178 67.9882 3.5
      vertex -18.9178 67.9882 2.5
    endloop
  endfacet
  facet normal 0.741243 0.671237 0
    outer loop
      vertex -19.01 68.09 2.45
      vertex -18.9285 68 2.5
      vertex -18.9285 68 2.45
    endloop
  endfacet
  facet normal 0 0 -1
    outer loop
      vertex -18.9285 68 2.45
      vertex -19.1118 68.1822 2.45
      vertex -19.01 68.09 2.45
    endloop
  endfacet
  facet normal 0 0 -1
    outer loop
      vertex -18.9285 68 2.45
      vertex -19.2222 68.2641 2.45
      vertex -19.1118 68.1822 2.45
    endloop
  endfacet
  facet normal 0 0 -1
    outer loop
      vertex -18.9285 68 2.45
      vertex -19.34 68.3347 2.45
      vertex -19.2222 68.2641 2.45
    endloop
  endfacet
  facet normal 0 0 -1
    outer loop
      vertex -18.9285 68 2.45
      vertex -19.4642 68.3934 2.45
      vertex -19.34 68.3347 2.45
    endloop
  endfacet
  facet normal 0 0 -1
    outer loop
      vertex -18.9285 68 2.45
      vertex -19.5936 68.4397 2.45
      vertex -19.4642 68.3934 2.45
    endloop
  endfacet
  facet normal 0 0 -1
    outer loop
      vertex -18.9285 68 2.45
      vertex -19.7269 68.4731 2.45
      vertex -19.5936 68.4397 2.45
    endloop
  endfacet
  facet normal 0 0 -1
    outer loop
      vertex -18.9285 68 2.45
      vertex -19.8628 68.4933 2.45
      vertex -19.7269 68.4731 2.45
    endloop
  endfacet
  facet normal 0 0 -1
    outer loop
      vertex -18.9285 68 2.45
      vertex -20 68.5 2.45
      vertex -19.8628 68.4933 2.45
    endloop
  endfacet
  facet normal 0 0 -1
    outer loop
      vertex -18.9285 68 2.45
      vertex -20.1372 68.4933 2.45
      vertex -20 68.5 2.45
    endloop
  endfacet
  facet normal 0 0 -1
    outer loop
      vertex -18.9285 68 2.45
      vertex -20.2731 68.4731 2.45
      vertex -20.1372 68.4933 2.45
    endloop
  endfacet
  facet normal 0 0 -1
    outer loop
      vertex -18.9285 68 2.45
      vertex -20.4064 68.4397 2.45
      vertex -20.2731 68.4731 2.45
    endloop
  endfacet
  facet normal 0 0 -1
    outer loop
      vertex -18.9285 68 2.45
      vertex -20.5358 68.3934 2.45
      vertex -20.4064 68.4397 2.45
    endloop
  endfacet
  facet normal 0 0 -1
    outer loop
      vertex -18.9285 68 2.45
      vertex -20.66 68.3347 2.45
      vertex -20.5358 68.3934 2.45
    endloop
  endfacet
  facet normal 0 0 -1
    outer loop
      vertex -18.9285 68 2.45
      vertex -20.7778 68.2641 2.45
      vertex -20.66 68.3347 2.45
    endloop
  endfacet
  facet normal 0 0 -1
    outer loop
      vertex -18.9285 68 2.45
      vertex -20.8881 68.1822 2.45
      vertex -20.7778 68.2641 2.45
    endloop
  endfacet
  facet normal 0 0 -1
    outer loop
      vertex -18.9285 68 2.45
      vertex -20.9899 68.09 2.45
      vertex -20.8881 68.1822 2.45
    endloop
  endfacet
  facet normal 0 -0 -1
    outer loop
      vertex -20.9899 68.09 2.45
      vertex -18.9285 68 2.45
      vertex -21.0715 68 2.45
    endloop
  endfacet
  facet normal 0.243049 0.970014 -0
    outer loop
      vertex -19.5936 68.4397 2.45
      vertex -19.7269 68.4731 3.5
      vertex -19.5936 68.4397 3.5
    endloop
  endfacet
  facet normal 0.243049 0.970014 0
    outer loop
      vertex -19.7269 68.4731 3.5
      vertex -19.5936 68.4397 2.45
      vertex -19.7269 68.4731 2.45
    endloop
  endfacet
  facet normal -0.741157 -0.671332 0
    outer loop
      vertex -20.9899 66.11 2.5
      vertex -21.0822 66.2119 3.5
      vertex -21.0822 66.2119 2.5
    endloop
  endfacet
  facet normal -0.741157 -0.671332 0
    outer loop
      vertex -21.0822 66.2119 3.5
      vertex -20.9899 66.11 2.5
      vertex -20.9899 66.11 3.5
    endloop
  endfacet
  facet normal -0.671295 0.741191 0
    outer loop
      vertex -20.8881 68.1822 2.45
      vertex -20.9899 68.09 3.5
      vertex -20.8881 68.1822 3.5
    endloop
  endfacet
  facet normal -0.671295 0.741191 0
    outer loop
      vertex -20.9899 68.09 3.5
      vertex -20.8881 68.1822 2.45
      vertex -20.9899 68.09 2.45
    endloop
  endfacet
  facet normal 0.741157 -0.671332 0
    outer loop
      vertex 20.9899 66.11 3.5
      vertex 21.0822 66.2119 2.5
      vertex 21.0822 66.2119 3.5
    endloop
  endfacet
  facet normal 0.741157 -0.671332 0
    outer loop
      vertex 21.0822 66.2119 2.5
      vertex 20.9899 66.11 3.5
      vertex 20.9899 66.11 2.5
    endloop
  endfacet
  facet normal 0.989133 -0.147023 0
    outer loop
      vertex 21.3731 66.8269 3.5
      vertex 21.3933 66.9628 2.5
      vertex 21.3933 66.9628 3.5
    endloop
  endfacet
  facet normal 0.989133 -0.147023 0
    outer loop
      vertex 21.3933 66.9628 2.5
      vertex 21.3731 66.8269 3.5
      vertex 21.3731 66.8269 2.5
    endloop
  endfacet
  facet normal 0.99881 -0.0487757 0
    outer loop
      vertex 21.3933 66.9628 3.5
      vertex 21.4 67.1 2.5
      vertex 21.4 67.1 3.5
    endloop
  endfacet
  facet normal 0.99881 -0.0487757 0
    outer loop
      vertex 21.4 67.1 2.5
      vertex 21.3933 66.9628 3.5
      vertex 21.3933 66.9628 2.5
    endloop
  endfacet
  facet normal 0.243049 0.970014 -0
    outer loop
      vertex 20.4064 68.4397 2.45
      vertex 20.2731 68.4731 3.5
      vertex 20.4064 68.4397 3.5
    endloop
  endfacet
  facet normal 0.243049 0.970014 0
    outer loop
      vertex 20.2731 68.4731 3.5
      vertex 20.4064 68.4397 2.45
      vertex 20.2731 68.4731 2.45
    endloop
  endfacet
  facet normal 0.59615 -0.802873 0
    outer loop
      vertex 20.7778 65.9359 2.5
      vertex 20.8881 66.0178 3.5
      vertex 20.7778 65.9359 3.5
    endloop
  endfacet
  facet normal 0.59615 -0.802873 0
    outer loop
      vertex 20.8881 66.0178 3.5
      vertex 20.7778 65.9359 2.5
      vertex 20.8881 66.0178 2.5
    endloop
  endfacet
  facet normal 0.427304 0.904108 -0
    outer loop
      vertex 20.66 68.3347 2.45
      vertex 20.5358 68.3934 3.5
      vertex 20.66 68.3347 3.5
    endloop
  endfacet
  facet normal 0.427304 0.904108 0
    outer loop
      vertex 20.5358 68.3934 3.5
      vertex 20.66 68.3347 2.45
      vertex 20.5358 68.3934 2.45
    endloop
  endfacet
  facet normal -0.99881 0.0487757 0
    outer loop
      vertex 18.6 67.1 2.5
      vertex 18.6067 67.2372 3.5
      vertex 18.6067 67.2372 2.5
    endloop
  endfacet
  facet normal -0.99881 0.0487757 0
    outer loop
      vertex 18.6067 67.2372 3.5
      vertex 18.6 67.1 2.5
      vertex 18.6 67.1 3.5
    endloop
  endfacet
  facet normal -0.671295 -0.741191 0
    outer loop
      vertex 19.01 66.11 2.5
      vertex 19.1118 66.0178 3.5
      vertex 19.01 66.11 3.5
    endloop
  endfacet
  facet normal -0.671295 -0.741191 -0
    outer loop
      vertex 19.1118 66.0178 3.5
      vertex 19.01 66.11 2.5
      vertex 19.1118 66.0178 2.5
    endloop
  endfacet
  facet normal -0.970014 0.243049 0
    outer loop
      vertex 18.6269 67.3731 2.5
      vertex 18.6603 67.5064 3.5
      vertex 18.6603 67.5064 2.5
    endloop
  endfacet
  facet normal -0.970014 0.243049 0
    outer loop
      vertex 18.6603 67.5064 3.5
      vertex 18.6269 67.3731 2.5
      vertex 18.6269 67.3731 3.5
    endloop
  endfacet
  facet normal 0.802873 -0.59615 0
    outer loop
      vertex 21.0822 66.2119 3.5
      vertex 21.1641 66.3222 2.5
      vertex 21.1641 66.3222 3.5
    endloop
  endfacet
  facet normal 0.802873 -0.59615 0
    outer loop
      vertex 21.1641 66.3222 2.5
      vertex 21.0822 66.2119 3.5
      vertex 21.0822 66.2119 2.5
    endloop
  endfacet
  facet normal 0.99881 0.0487757 0
    outer loop
      vertex 21.4 67.1 3.5
      vertex 21.3933 67.2372 2.5
      vertex 21.3933 67.2372 3.5
    endloop
  endfacet
  facet normal 0.99881 0.0487757 0
    outer loop
      vertex 21.3933 67.2372 2.5
      vertex 21.4 67.1 3.5
      vertex 21.4 67.1 2.5
    endloop
  endfacet
  facet normal -0.941544 0.336889 0
    outer loop
      vertex 18.6603 67.5064 2.5
      vertex 18.7066 67.6358 3.5
      vertex 18.7066 67.6358 2.5
    endloop
  endfacet
  facet normal -0.941544 0.336889 0
    outer loop
      vertex 18.7066 67.6358 3.5
      vertex 18.6603 67.5064 2.5
      vertex 18.6603 67.5064 3.5
    endloop
  endfacet
  facet normal 0.941544 0.336889 0
    outer loop
      vertex 21.3397 67.5064 3.5
      vertex 21.2934 67.6358 2.5
      vertex 21.2934 67.6358 3.5
    endloop
  endfacet
  facet normal 0.941544 0.336889 0
    outer loop
      vertex 21.2934 67.6358 2.5
      vertex 21.3397 67.5064 3.5
      vertex 21.3397 67.5064 2.5
    endloop
  endfacet
  facet normal 0.514067 -0.85775 0
    outer loop
      vertex 20.66 65.8653 2.5
      vertex 20.7778 65.9359 3.5
      vertex 20.66 65.8653 3.5
    endloop
  endfacet
  facet normal 0.514067 -0.85775 0
    outer loop
      vertex 20.7778 65.9359 3.5
      vertex 20.66 65.8653 2.5
      vertex 20.7778 65.9359 2.5
    endloop
  endfacet
  facet normal -0.243049 -0.970014 0
    outer loop
      vertex 19.5936 65.7603 2.5
      vertex 19.7269 65.7269 3.5
      vertex 19.5936 65.7603 3.5
    endloop
  endfacet
  facet normal -0.243049 -0.970014 -0
    outer loop
      vertex 19.7269 65.7269 3.5
      vertex 19.5936 65.7603 2.5
      vertex 19.7269 65.7269 2.5
    endloop
  endfacet
  facet normal -0.595802 0.803132 0
    outer loop
      vertex 19.2222 68.2641 2.45
      vertex 19.1118 68.1822 3.5
      vertex 19.2222 68.2641 3.5
    endloop
  endfacet
  facet normal -0.595802 0.803132 0
    outer loop
      vertex 19.1118 68.1822 3.5
      vertex 19.2222 68.2641 2.45
      vertex 19.1118 68.1822 2.45
    endloop
  endfacet
  facet normal 0.427304 -0.904108 0
    outer loop
      vertex 20.5358 65.8066 2.5
      vertex 20.66 65.8653 3.5
      vertex 20.5358 65.8066 3.5
    endloop
  endfacet
  facet normal 0.427304 -0.904108 0
    outer loop
      vertex 20.66 65.8653 3.5
      vertex 20.5358 65.8066 2.5
      vertex 20.66 65.8653 2.5
    endloop
  endfacet
  facet normal 0.671295 -0.741191 0
    outer loop
      vertex 20.8881 66.0178 2.5
      vertex 20.9899 66.11 3.5
      vertex 20.8881 66.0178 3.5
    endloop
  endfacet
  facet normal 0.671295 -0.741191 0
    outer loop
      vertex 20.9899 66.11 3.5
      vertex 20.8881 66.0178 2.5
      vertex 20.9899 66.11 2.5
    endloop
  endfacet
  facet normal 0 0 1
    outer loop
      vertex 21.3933 67.2372 3.5
      vertex 21.3933 66.9628 3.5
      vertex 21.4 67.1 3.5
    endloop
  endfacet
  facet normal 0 0 1
    outer loop
      vertex 21.3731 67.3731 3.5
      vertex 21.3933 66.9628 3.5
      vertex 21.3933 67.2372 3.5
    endloop
  endfacet
  facet normal 0 0 1
    outer loop
      vertex 21.3731 67.3731 3.5
      vertex 21.3731 66.8269 3.5
      vertex 21.3933 66.9628 3.5
    endloop
  endfacet
  facet normal 0 0 1
    outer loop
      vertex 21.3397 67.5064 3.5
      vertex 21.3731 66.8269 3.5
      vertex 21.3731 67.3731 3.5
    endloop
  endfacet
  facet normal 0 0 1
    outer loop
      vertex 21.3397 67.5064 3.5
      vertex 21.3397 66.6936 3.5
      vertex 21.3731 66.8269 3.5
    endloop
  endfacet
  facet normal 0 0 1
    outer loop
      vertex 21.2934 67.6358 3.5
      vertex 21.3397 66.6936 3.5
      vertex 21.3397 67.5064 3.5
    endloop
  endfacet
  facet normal 0 0 1
    outer loop
      vertex 21.2934 67.6358 3.5
      vertex 21.2934 66.5642 3.5
      vertex 21.3397 66.6936 3.5
    endloop
  endfacet
  facet normal 0 0 1
    outer loop
      vertex 21.2347 67.76 3.5
      vertex 21.2934 66.5642 3.5
      vertex 21.2934 67.6358 3.5
    endloop
  endfacet
  facet normal 0 0 1
    outer loop
      vertex 21.2347 67.76 3.5
      vertex 21.2347 66.44 3.5
      vertex 21.2934 66.5642 3.5
    endloop
  endfacet
  facet normal 0 0 1
    outer loop
      vertex 21.1641 67.8778 3.5
      vertex 21.2347 66.44 3.5
      vertex 21.2347 67.76 3.5
    endloop
  endfacet
  facet normal 0 0 1
    outer loop
      vertex 21.1641 67.8778 3.5
      vertex 21.1641 66.3222 3.5
      vertex 21.2347 66.44 3.5
    endloop
  endfacet
  facet normal 0 0 1
    outer loop
      vertex 21.0822 67.9882 3.5
      vertex 21.1641 66.3222 3.5
      vertex 21.1641 67.8778 3.5
    endloop
  endfacet
  facet normal 0 0 1
    outer loop
      vertex 21.0822 67.9882 3.5
      vertex 21.0822 66.2119 3.5
      vertex 21.1641 66.3222 3.5
    endloop
  endfacet
  facet normal 0 0 1
    outer loop
      vertex 20.9899 68.09 3.5
      vertex 21.0822 66.2119 3.5
      vertex 21.0822 67.9882 3.5
    endloop
  endfacet
  facet normal 0 0 1
    outer loop
      vertex 20.9899 68.09 3.5
      vertex 20.9899 66.11 3.5
      vertex 21.0822 66.2119 3.5
    endloop
  endfacet
  facet normal 0 0 1
    outer loop
      vertex 20.8881 68.1822 3.5
      vertex 20.9899 66.11 3.5
      vertex 20.9899 68.09 3.5
    endloop
  endfacet
  facet normal 0 0 1
    outer loop
      vertex 20.8881 68.1822 3.5
      vertex 20.8881 66.0178 3.5
      vertex 20.9899 66.11 3.5
    endloop
  endfacet
  facet normal 0 0 1
    outer loop
      vertex 20.7778 68.2641 3.5
      vertex 20.8881 66.0178 3.5
      vertex 20.8881 68.1822 3.5
    endloop
  endfacet
  facet normal 0 0 1
    outer loop
      vertex 20.7778 68.2641 3.5
      vertex 20.7778 65.9359 3.5
      vertex 20.8881 66.0178 3.5
    endloop
  endfacet
  facet normal 0 0 1
    outer loop
      vertex 20.66 68.3347 3.5
      vertex 20.7778 65.9359 3.5
      vertex 20.7778 68.2641 3.5
    endloop
  endfacet
  facet normal 0 0 1
    outer loop
      vertex 20.66 68.3347 3.5
      vertex 20.66 65.8653 3.5
      vertex 20.7778 65.9359 3.5
    endloop
  endfacet
  facet normal 0 0 1
    outer loop
      vertex 20.5358 68.3934 3.5
      vertex 20.66 65.8653 3.5
      vertex 20.66 68.3347 3.5
    endloop
  endfacet
  facet normal 0 0 1
    outer loop
      vertex 20.5358 68.3934 3.5
      vertex 20.5358 65.8066 3.5
      vertex 20.66 65.8653 3.5
    endloop
  endfacet
  facet normal 0 0 1
    outer loop
      vertex 20.4064 68.4397 3.5
      vertex 20.5358 65.8066 3.5
      vertex 20.5358 68.3934 3.5
    endloop
  endfacet
  facet normal 0 0 1
    outer loop
      vertex 20.4064 68.4397 3.5
      vertex 20.4064 65.7603 3.5
      vertex 20.5358 65.8066 3.5
    endloop
  endfacet
  facet normal 0 0 1
    outer loop
      vertex 20.2731 68.4731 3.5
      vertex 20.4064 65.7603 3.5
      vertex 20.4064 68.4397 3.5
    endloop
  endfacet
  facet normal 0 0 1
    outer loop
      vertex 20.2731 68.4731 3.5
      vertex 20.2731 65.7269 3.5
      vertex 20.4064 65.7603 3.5
    endloop
  endfacet
  facet normal 0 0 1
    outer loop
      vertex 20.1372 68.4933 3.5
      vertex 20.2731 65.7269 3.5
      vertex 20.2731 68.4731 3.5
    endloop
  endfacet
  facet normal 0 0 1
    outer loop
      vertex 20.1372 68.4933 3.5
      vertex 20.1372 65.7067 3.5
      vertex 20.2731 65.7269 3.5
    endloop
  endfacet
  facet normal 0 0 1
    outer loop
      vertex 20 68.5 3.5
      vertex 20.1372 65.7067 3.5
      vertex 20.1372 68.4933 3.5
    endloop
  endfacet
  facet normal 0 0 1
    outer loop
      vertex 20 68.5 3.5
      vertex 20 65.7 3.5
      vertex 20.1372 65.7067 3.5
    endloop
  endfacet
  facet normal -0 0 1
    outer loop
      vertex 19.8628 68.4933 3.5
      vertex 20 65.7 3.5
      vertex 20 68.5 3.5
    endloop
  endfacet
  facet normal 0 0 1
    outer loop
      vertex 19.8628 68.4933 3.5
      vertex 19.8628 65.7067 3.5
      vertex 20 65.7 3.5
    endloop
  endfacet
  facet normal -0 0 1
    outer loop
      vertex 19.7269 68.4731 3.5
      vertex 19.8628 65.7067 3.5
      vertex 19.8628 68.4933 3.5
    endloop
  endfacet
  facet normal 0 0 1
    outer loop
      vertex 19.7269 68.4731 3.5
      vertex 19.7269 65.7269 3.5
      vertex 19.8628 65.7067 3.5
    endloop
  endfacet
  facet normal -0 0 1
    outer loop
      vertex 19.5936 68.4397 3.5
      vertex 19.7269 65.7269 3.5
      vertex 19.7269 68.4731 3.5
    endloop
  endfacet
  facet normal 0 0 1
    outer loop
      vertex 19.5936 68.4397 3.5
      vertex 19.5936 65.7603 3.5
      vertex 19.7269 65.7269 3.5
    endloop
  endfacet
  facet normal -0 0 1
    outer loop
      vertex 19.4642 68.3934 3.5
      vertex 19.5936 65.7603 3.5
      vertex 19.5936 68.4397 3.5
    endloop
  endfacet
  facet normal 0 0 1
    outer loop
      vertex 19.4642 68.3934 3.5
      vertex 19.4642 65.8066 3.5
      vertex 19.5936 65.7603 3.5
    endloop
  endfacet
  facet normal -0 0 1
    outer loop
      vertex 19.34 68.3347 3.5
      vertex 19.4642 65.8066 3.5
      vertex 19.4642 68.3934 3.5
    endloop
  endfacet
  facet normal 0 0 1
    outer loop
      vertex 19.34 68.3347 3.5
      vertex 19.34 65.8653 3.5
      vertex 19.4642 65.8066 3.5
    endloop
  endfacet
  facet normal -0 0 1
    outer loop
      vertex 19.2222 68.2641 3.5
      vertex 19.34 65.8653 3.5
      vertex 19.34 68.3347 3.5
    endloop
  endfacet
  facet normal 0 0 1
    outer loop
      vertex 19.2222 68.2641 3.5
      vertex 19.2222 65.9359 3.5
      vertex 19.34 65.8653 3.5
    endloop
  endfacet
  facet normal -0 0 1
    outer loop
      vertex 19.1118 68.1822 3.5
      vertex 19.2222 65.9359 3.5
      vertex 19.2222 68.2641 3.5
    endloop
  endfacet
  facet normal 0 0 1
    outer loop
      vertex 19.1118 68.1822 3.5
      vertex 19.1118 66.0178 3.5
      vertex 19.2222 65.9359 3.5
    endloop
  endfacet
  facet normal -0 0 1
    outer loop
      vertex 19.01 68.09 3.5
      vertex 19.1118 66.0178 3.5
      vertex 19.1118 68.1822 3.5
    endloop
  endfacet
  facet normal 0 0 1
    outer loop
      vertex 19.01 68.09 3.5
      vertex 19.01 66.11 3.5
      vertex 19.1118 66.0178 3.5
    endloop
  endfacet
  facet normal -0 0 1
    outer loop
      vertex 18.9178 67.9882 3.5
      vertex 19.01 66.11 3.5
      vertex 19.01 68.09 3.5
    endloop
  endfacet
  facet normal 0 0 1
    outer loop
      vertex 18.9178 67.9882 3.5
      vertex 18.9178 66.2119 3.5
      vertex 19.01 66.11 3.5
    endloop
  endfacet
  facet normal -0 0 1
    outer loop
      vertex 18.8359 67.8778 3.5
      vertex 18.9178 66.2119 3.5
      vertex 18.9178 67.9882 3.5
    endloop
  endfacet
  facet normal 0 0 1
    outer loop
      vertex 18.8359 67.8778 3.5
      vertex 18.8359 66.3222 3.5
      vertex 18.9178 66.2119 3.5
    endloop
  endfacet
  facet normal -0 0 1
    outer loop
      vertex 18.7653 67.76 3.5
      vertex 18.8359 66.3222 3.5
      vertex 18.8359 67.8778 3.5
    endloop
  endfacet
  facet normal 0 0 1
    outer loop
      vertex 18.7653 67.76 3.5
      vertex 18.7653 66.44 3.5
      vertex 18.8359 66.3222 3.5
    endloop
  endfacet
  facet normal -0 0 1
    outer loop
      vertex 18.7066 67.6358 3.5
      vertex 18.7653 66.44 3.5
      vertex 18.7653 67.76 3.5
    endloop
  endfacet
  facet normal 0 0 1
    outer loop
      vertex 18.7066 67.6358 3.5
      vertex 18.7066 66.5642 3.5
      vertex 18.7653 66.44 3.5
    endloop
  endfacet
  facet normal -0 0 1
    outer loop
      vertex 18.6603 67.5064 3.5
      vertex 18.7066 66.5642 3.5
      vertex 18.7066 67.6358 3.5
    endloop
  endfacet
  facet normal 0 0 1
    outer loop
      vertex 18.6603 67.5064 3.5
      vertex 18.6603 66.6936 3.5
      vertex 18.7066 66.5642 3.5
    endloop
  endfacet
  facet normal -0 0 1
    outer loop
      vertex 18.6269 67.3731 3.5
      vertex 18.6603 66.6936 3.5
      vertex 18.6603 67.5064 3.5
    endloop
  endfacet
  facet normal 0 0 1
    outer loop
      vertex 18.6269 67.3731 3.5
      vertex 18.6269 66.8269 3.5
      vertex 18.6603 66.6936 3.5
    endloop
  endfacet
  facet normal -0 0 1
    outer loop
      vertex 18.6067 67.2372 3.5
      vertex 18.6269 66.8269 3.5
      vertex 18.6269 67.3731 3.5
    endloop
  endfacet
  facet normal 0 0 1
    outer loop
      vertex 18.6067 67.2372 3.5
      vertex 18.6067 66.9628 3.5
      vertex 18.6269 66.8269 3.5
    endloop
  endfacet
  facet normal 0 -0 1
    outer loop
      vertex 18.6067 66.9628 3.5
      vertex 18.6067 67.2372 3.5
      vertex 18.6 67.1 3.5
    endloop
  endfacet
  facet normal 0.85775 -0.514067 0
    outer loop
      vertex 21.1641 66.3222 3.5
      vertex 21.2347 66.44 2.5
      vertex 21.2347 66.44 3.5
    endloop
  endfacet
  facet normal 0.85775 -0.514067 0
    outer loop
      vertex 21.2347 66.44 2.5
      vertex 21.1641 66.3222 3.5
      vertex 21.1641 66.3222 2.5
    endloop
  endfacet
  facet normal 0.904108 -0.427304 0
    outer loop
      vertex 21.2347 66.44 3.5
      vertex 21.2934 66.5642 2.5
      vertex 21.2934 66.5642 3.5
    endloop
  endfacet
  facet normal 0.904108 -0.427304 0
    outer loop
      vertex 21.2934 66.5642 2.5
      vertex 21.2347 66.44 3.5
      vertex 21.2347 66.44 2.5
    endloop
  endfacet
  facet normal 0.243049 -0.970014 0
    outer loop
      vertex 20.2731 65.7269 2.5
      vertex 20.4064 65.7603 3.5
      vertex 20.2731 65.7269 3.5
    endloop
  endfacet
  facet normal 0.243049 -0.970014 0
    outer loop
      vertex 20.4064 65.7603 3.5
      vertex 20.2731 65.7269 2.5
      vertex 20.4064 65.7603 2.5
    endloop
  endfacet
  facet normal -0.970014 -0.243049 0
    outer loop
      vertex 18.6603 66.6936 2.5
      vertex 18.6269 66.8269 3.5
      vertex 18.6269 66.8269 2.5
    endloop
  endfacet
  facet normal -0.970014 -0.243049 0
    outer loop
      vertex 18.6269 66.8269 3.5
      vertex 18.6603 66.6936 2.5
      vertex 18.6603 66.6936 3.5
    endloop
  endfacet
  facet normal 0.941544 -0.336889 0
    outer loop
      vertex 21.2934 66.5642 3.5
      vertex 21.3397 66.6936 2.5
      vertex 21.3397 66.6936 3.5
    endloop
  endfacet
  facet normal 0.941544 -0.336889 0
    outer loop
      vertex 21.3397 66.6936 2.5
      vertex 21.2934 66.5642 3.5
      vertex 21.2934 66.5642 2.5
    endloop
  endfacet
  facet normal 0.514067 0.85775 -0
    outer loop
      vertex 20.7778 68.2641 2.45
      vertex 20.66 68.3347 3.5
      vertex 20.7778 68.2641 3.5
    endloop
  endfacet
  facet normal 0.514067 0.85775 0
    outer loop
      vertex 20.66 68.3347 3.5
      vertex 20.7778 68.2641 2.45
      vertex 20.66 68.3347 2.45
    endloop
  endfacet
  facet normal -0.904108 0.427304 0
    outer loop
      vertex 18.7066 67.6358 2.5
      vertex 18.7653 67.76 3.5
      vertex 18.7653 67.76 2.5
    endloop
  endfacet
  facet normal -0.904108 0.427304 0
    outer loop
      vertex 18.7653 67.76 3.5
      vertex 18.7066 67.6358 2.5
      vertex 18.7066 67.6358 3.5
    endloop
  endfacet
  facet normal -0.0487757 -0.99881 0
    outer loop
      vertex 19.8628 65.7067 2.5
      vertex 20 65.7 3.5
      vertex 19.8628 65.7067 3.5
    endloop
  endfacet
  facet normal -0.0487757 -0.99881 -0
    outer loop
      vertex 20 65.7 3.5
      vertex 19.8628 65.7067 2.5
      vertex 20 65.7 2.5
    endloop
  endfacet
  facet normal -0.595802 -0.803132 0
    outer loop
      vertex 19.1118 66.0178 2.5
      vertex 19.2222 65.9359 3.5
      vertex 19.1118 66.0178 3.5
    endloop
  endfacet
  facet normal -0.595802 -0.803132 -0
    outer loop
      vertex 19.2222 65.9359 3.5
      vertex 19.1118 66.0178 2.5
      vertex 19.2222 65.9359 2.5
    endloop
  endfacet
  facet normal -0.514067 -0.85775 0
    outer loop
      vertex 19.2222 65.9359 2.5
      vertex 19.34 65.8653 3.5
      vertex 19.2222 65.9359 3.5
    endloop
  endfacet
  facet normal -0.514067 -0.85775 -0
    outer loop
      vertex 19.34 65.8653 3.5
      vertex 19.2222 65.9359 2.5
      vertex 19.34 65.8653 2.5
    endloop
  endfacet
  facet normal -0.427304 0.904108 0
    outer loop
      vertex 19.4642 68.3934 2.45
      vertex 19.34 68.3347 3.5
      vertex 19.4642 68.3934 3.5
    endloop
  endfacet
  facet normal -0.427304 0.904108 0
    outer loop
      vertex 19.34 68.3347 3.5
      vertex 19.4642 68.3934 2.45
      vertex 19.34 68.3347 2.45
    endloop
  endfacet
  facet normal 0.147023 -0.989133 0
    outer loop
      vertex 20.1372 65.7067 2.5
      vertex 20.2731 65.7269 3.5
      vertex 20.1372 65.7067 3.5
    endloop
  endfacet
  facet normal 0.147023 -0.989133 0
    outer loop
      vertex 20.2731 65.7269 3.5
      vertex 20.1372 65.7067 2.5
      vertex 20.2731 65.7269 2.5
    endloop
  endfacet
  facet normal -0.741519 -0.670932 0
    outer loop
      vertex 19.01 66.11 2.5
      vertex 18.9178 66.2119 3.5
      vertex 18.9178 66.2119 2.5
    endloop
  endfacet
  facet normal -0.741519 -0.670932 0
    outer loop
      vertex 18.9178 66.2119 3.5
      vertex 19.01 66.11 2.5
      vertex 19.01 66.11 3.5
    endloop
  endfacet
  facet normal -0.147023 -0.989133 0
    outer loop
      vertex 19.7269 65.7269 2.5
      vertex 19.8628 65.7067 3.5
      vertex 19.7269 65.7269 3.5
    endloop
  endfacet
  facet normal -0.147023 -0.989133 -0
    outer loop
      vertex 19.8628 65.7067 3.5
      vertex 19.7269 65.7269 2.5
      vertex 19.8628 65.7067 2.5
    endloop
  endfacet
  facet normal 0.970014 0.243049 0
    outer loop
      vertex 21.3731 67.3731 3.5
      vertex 21.3397 67.5064 2.5
      vertex 21.3397 67.5064 3.5
    endloop
  endfacet
  facet normal 0.970014 0.243049 0
    outer loop
      vertex 21.3397 67.5064 2.5
      vertex 21.3731 67.3731 3.5
      vertex 21.3731 67.3731 2.5
    endloop
  endfacet
  facet normal 0.0487757 0.99881 -0
    outer loop
      vertex 20.1372 68.4933 2.45
      vertex 20 68.5 3.5
      vertex 20.1372 68.4933 3.5
    endloop
  endfacet
  facet normal 0.0487757 0.99881 0
    outer loop
      vertex 20 68.5 3.5
      vertex 20.1372 68.4933 2.45
      vertex 20 68.5 2.45
    endloop
  endfacet
  facet normal 0.904108 0.427304 0
    outer loop
      vertex 21.2934 67.6358 3.5
      vertex 21.2347 67.76 2.5
      vertex 21.2347 67.76 3.5
    endloop
  endfacet
  facet normal 0.904108 0.427304 0
    outer loop
      vertex 21.2347 67.76 2.5
      vertex 21.2934 67.6358 3.5
      vertex 21.2934 67.6358 2.5
    endloop
  endfacet
  facet normal 0.803132 0.595802 0
    outer loop
      vertex 21.1641 67.8778 3.5
      vertex 21.0822 67.9882 2.5
      vertex 21.0822 67.9882 3.5
    endloop
  endfacet
  facet normal 0.803132 0.595802 0
    outer loop
      vertex 21.0822 67.9882 2.5
      vertex 21.1641 67.8778 3.5
      vertex 21.1641 67.8778 2.5
    endloop
  endfacet
  facet normal 0.147023 0.989133 -0
    outer loop
      vertex 20.2731 68.4731 2.45
      vertex 20.1372 68.4933 3.5
      vertex 20.2731 68.4731 3.5
    endloop
  endfacet
  facet normal 0.147023 0.989133 0
    outer loop
      vertex 20.1372 68.4933 3.5
      vertex 20.2731 68.4731 2.45
      vertex 20.1372 68.4933 2.45
    endloop
  endfacet
  facet normal 0.85775 0.514067 0
    outer loop
      vertex 21.2347 67.76 3.5
      vertex 21.1641 67.8778 2.5
      vertex 21.1641 67.8778 3.5
    endloop
  endfacet
  facet normal 0.85775 0.514067 0
    outer loop
      vertex 21.1641 67.8778 2.5
      vertex 21.2347 67.76 3.5
      vertex 21.2347 67.76 2.5
    endloop
  endfacet
  facet normal -0.147023 0.989133 0
    outer loop
      vertex 19.8628 68.4933 2.45
      vertex 19.7269 68.4731 3.5
      vertex 19.8628 68.4933 3.5
    endloop
  endfacet
  facet normal -0.147023 0.989133 0
    outer loop
      vertex 19.7269 68.4731 3.5
      vertex 19.8628 68.4933 2.45
      vertex 19.7269 68.4731 2.45
    endloop
  endfacet
  facet normal -0.989133 -0.147023 0
    outer loop
      vertex 18.6269 66.8269 2.5
      vertex 18.6067 66.9628 3.5
      vertex 18.6067 66.9628 2.5
    endloop
  endfacet
  facet normal -0.989133 -0.147023 0
    outer loop
      vertex 18.6067 66.9628 3.5
      vertex 18.6269 66.8269 2.5
      vertex 18.6269 66.8269 3.5
    endloop
  endfacet
  facet normal 0.336889 0.941544 -0
    outer loop
      vertex 20.5358 68.3934 2.45
      vertex 20.4064 68.4397 3.5
      vertex 20.5358 68.3934 3.5
    endloop
  endfacet
  facet normal 0.336889 0.941544 0
    outer loop
      vertex 20.4064 68.4397 3.5
      vertex 20.5358 68.3934 2.45
      vertex 20.4064 68.4397 2.45
    endloop
  endfacet
  facet normal -0.85775 -0.514067 0
    outer loop
      vertex 18.8359 66.3222 2.5
      vertex 18.7653 66.44 3.5
      vertex 18.7653 66.44 2.5
    endloop
  endfacet
  facet normal -0.85775 -0.514067 0
    outer loop
      vertex 18.7653 66.44 3.5
      vertex 18.8359 66.3222 2.5
      vertex 18.8359 66.3222 3.5
    endloop
  endfacet
  facet normal -0.243049 0.970014 0
    outer loop
      vertex 19.7269 68.4731 2.45
      vertex 19.5936 68.4397 3.5
      vertex 19.7269 68.4731 3.5
    endloop
  endfacet
  facet normal -0.243049 0.970014 0
    outer loop
      vertex 19.5936 68.4397 3.5
      vertex 19.7269 68.4731 2.45
      vertex 19.5936 68.4397 2.45
    endloop
  endfacet
  facet normal 0.970014 -0.243049 0
    outer loop
      vertex 21.3397 66.6936 3.5
      vertex 21.3731 66.8269 2.5
      vertex 21.3731 66.8269 3.5
    endloop
  endfacet
  facet normal 0.970014 -0.243049 0
    outer loop
      vertex 21.3731 66.8269 2.5
      vertex 21.3397 66.6936 3.5
      vertex 21.3397 66.6936 2.5
    endloop
  endfacet
  facet normal -0.427304 -0.904108 0
    outer loop
      vertex 19.34 65.8653 2.5
      vertex 19.4642 65.8066 3.5
      vertex 19.34 65.8653 3.5
    endloop
  endfacet
  facet normal -0.427304 -0.904108 -0
    outer loop
      vertex 19.4642 65.8066 3.5
      vertex 19.34 65.8653 2.5
      vertex 19.4642 65.8066 2.5
    endloop
  endfacet
  facet normal -0.741243 0.671237 0
    outer loop
      vertex 18.9285 68 2.5
      vertex 19.01 68.09 2.45
      vertex 18.9285 68 2.45
    endloop
  endfacet
  facet normal -0.741243 0.671237 0
    outer loop
      vertex 19.01 68.09 2.45
      vertex 18.9285 68 2.5
      vertex 19.01 68.09 3.5
    endloop
  endfacet
  facet normal -0.740792 0.671735 0
    outer loop
      vertex 18.9178 67.9882 3.5
      vertex 18.9285 68 2.5
      vertex 18.9178 67.9882 2.5
    endloop
  endfacet
  facet normal -0.741191 0.671295 -9.46511e-06
    outer loop
      vertex 18.9285 68 2.5
      vertex 18.9178 67.9882 3.5
      vertex 19.01 68.09 3.5
    endloop
  endfacet
  facet normal -0.85775 0.514067 0
    outer loop
      vertex 18.7653 67.76 2.5
      vertex 18.8359 67.8778 3.5
      vertex 18.8359 67.8778 2.5
    endloop
  endfacet
  facet normal -0.85775 0.514067 0
    outer loop
      vertex 18.8359 67.8778 3.5
      vertex 18.7653 67.76 2.5
      vertex 18.7653 67.76 3.5
    endloop
  endfacet
  facet normal -0.336889 -0.941544 0
    outer loop
      vertex 19.4642 65.8066 2.5
      vertex 19.5936 65.7603 3.5
      vertex 19.4642 65.8066 3.5
    endloop
  endfacet
  facet normal -0.336889 -0.941544 -0
    outer loop
      vertex 19.5936 65.7603 3.5
      vertex 19.4642 65.8066 2.5
      vertex 19.5936 65.7603 2.5
    endloop
  endfacet
  facet normal -0.514067 0.85775 0
    outer loop
      vertex 19.34 68.3347 2.45
      vertex 19.2222 68.2641 3.5
      vertex 19.34 68.3347 3.5
    endloop
  endfacet
  facet normal -0.514067 0.85775 0
    outer loop
      vertex 19.2222 68.2641 3.5
      vertex 19.34 68.3347 2.45
      vertex 19.2222 68.2641 2.45
    endloop
  endfacet
  facet normal 0.671295 0.741191 -0
    outer loop
      vertex 20.9899 68.09 2.45
      vertex 20.8881 68.1822 3.5
      vertex 20.9899 68.09 3.5
    endloop
  endfacet
  facet normal 0.671295 0.741191 0
    outer loop
      vertex 20.8881 68.1822 3.5
      vertex 20.9899 68.09 2.45
      vertex 20.8881 68.1822 2.45
    endloop
  endfacet
  facet normal -0.904108 -0.427304 0
    outer loop
      vertex 18.7653 66.44 2.5
      vertex 18.7066 66.5642 3.5
      vertex 18.7066 66.5642 2.5
    endloop
  endfacet
  facet normal -0.904108 -0.427304 0
    outer loop
      vertex 18.7066 66.5642 3.5
      vertex 18.7653 66.44 2.5
      vertex 18.7653 66.44 3.5
    endloop
  endfacet
  facet normal -0.941544 -0.336889 0
    outer loop
      vertex 18.7066 66.5642 2.5
      vertex 18.6603 66.6936 3.5
      vertex 18.6603 66.6936 2.5
    endloop
  endfacet
  facet normal -0.941544 -0.336889 0
    outer loop
      vertex 18.6603 66.6936 3.5
      vertex 18.7066 66.5642 2.5
      vertex 18.7066 66.5642 3.5
    endloop
  endfacet
  facet normal 0.336889 -0.941544 0
    outer loop
      vertex 20.4064 65.7603 2.5
      vertex 20.5358 65.8066 3.5
      vertex 20.4064 65.7603 3.5
    endloop
  endfacet
  facet normal 0.336889 -0.941544 0
    outer loop
      vertex 20.5358 65.8066 3.5
      vertex 20.4064 65.7603 2.5
      vertex 20.5358 65.8066 2.5
    endloop
  endfacet
  facet normal -0.803132 0.595802 0
    outer loop
      vertex 18.8359 67.8778 2.5
      vertex 18.9178 67.9882 3.5
      vertex 18.9178 67.9882 2.5
    endloop
  endfacet
  facet normal -0.803132 0.595802 0
    outer loop
      vertex 18.9178 67.9882 3.5
      vertex 18.8359 67.8778 2.5
      vertex 18.8359 67.8778 3.5
    endloop
  endfacet
  facet normal 0.989133 0.147023 0
    outer loop
      vertex 21.3933 67.2372 3.5
      vertex 21.3731 67.3731 2.5
      vertex 21.3731 67.3731 3.5
    endloop
  endfacet
  facet normal 0.989133 0.147023 0
    outer loop
      vertex 21.3731 67.3731 2.5
      vertex 21.3933 67.2372 3.5
      vertex 21.3933 67.2372 2.5
    endloop
  endfacet
  facet normal -0.989133 0.147023 0
    outer loop
      vertex 18.6067 67.2372 2.5
      vertex 18.6269 67.3731 3.5
      vertex 18.6269 67.3731 2.5
    endloop
  endfacet
  facet normal -0.989133 0.147023 0
    outer loop
      vertex 18.6269 67.3731 3.5
      vertex 18.6067 67.2372 2.5
      vertex 18.6067 67.2372 3.5
    endloop
  endfacet
  facet normal 0.0487757 -0.99881 0
    outer loop
      vertex 20 65.7 2.5
      vertex 20.1372 65.7067 3.5
      vertex 20 65.7 3.5
    endloop
  endfacet
  facet normal 0.0487757 -0.99881 0
    outer loop
      vertex 20.1372 65.7067 3.5
      vertex 20 65.7 2.5
      vertex 20.1372 65.7067 2.5
    endloop
  endfacet
  facet normal 0.59615 0.802873 -0
    outer loop
      vertex 20.8881 68.1822 2.45
      vertex 20.7778 68.2641 3.5
      vertex 20.8881 68.1822 3.5
    endloop
  endfacet
  facet normal 0.59615 0.802873 0
    outer loop
      vertex 20.7778 68.2641 3.5
      vertex 20.8881 68.1822 2.45
      vertex 20.7778 68.2641 2.45
    endloop
  endfacet
  facet normal -0.671295 0.741191 0
    outer loop
      vertex 19.1118 68.1822 2.45
      vertex 19.01 68.09 3.5
      vertex 19.1118 68.1822 3.5
    endloop
  endfacet
  facet normal -0.671295 0.741191 0
    outer loop
      vertex 19.01 68.09 3.5
      vertex 19.1118 68.1822 2.45
      vertex 19.01 68.09 2.45
    endloop
  endfacet
  facet normal -0.802873 -0.59615 0
    outer loop
      vertex 18.9178 66.2119 2.5
      vertex 18.8359 66.3222 3.5
      vertex 18.8359 66.3222 2.5
    endloop
  endfacet
  facet normal -0.802873 -0.59615 0
    outer loop
      vertex 18.8359 66.3222 3.5
      vertex 18.9178 66.2119 2.5
      vertex 18.9178 66.2119 3.5
    endloop
  endfacet
  facet normal 0 0 -1
    outer loop
      vertex 21.0715 68 2.45
      vertex 20.8881 68.1822 2.45
      vertex 20.9899 68.09 2.45
    endloop
  endfacet
  facet normal 0 0 -1
    outer loop
      vertex 21.0715 68 2.45
      vertex 20.7778 68.2641 2.45
      vertex 20.8881 68.1822 2.45
    endloop
  endfacet
  facet normal 0 0 -1
    outer loop
      vertex 21.0715 68 2.45
      vertex 20.66 68.3347 2.45
      vertex 20.7778 68.2641 2.45
    endloop
  endfacet
  facet normal 0 0 -1
    outer loop
      vertex 21.0715 68 2.45
      vertex 20.5358 68.3934 2.45
      vertex 20.66 68.3347 2.45
    endloop
  endfacet
  facet normal 0 0 -1
    outer loop
      vertex 21.0715 68 2.45
      vertex 20.4064 68.4397 2.45
      vertex 20.5358 68.3934 2.45
    endloop
  endfacet
  facet normal 0 0 -1
    outer loop
      vertex 21.0715 68 2.45
      vertex 20.2731 68.4731 2.45
      vertex 20.4064 68.4397 2.45
    endloop
  endfacet
  facet normal 0 0 -1
    outer loop
      vertex 21.0715 68 2.45
      vertex 20.1372 68.4933 2.45
      vertex 20.2731 68.4731 2.45
    endloop
  endfacet
  facet normal 0 0 -1
    outer loop
      vertex 21.0715 68 2.45
      vertex 20 68.5 2.45
      vertex 20.1372 68.4933 2.45
    endloop
  endfacet
  facet normal 0 0 -1
    outer loop
      vertex 21.0715 68 2.45
      vertex 19.8628 68.4933 2.45
      vertex 20 68.5 2.45
    endloop
  endfacet
  facet normal 0 0 -1
    outer loop
      vertex 21.0715 68 2.45
      vertex 19.7269 68.4731 2.45
      vertex 19.8628 68.4933 2.45
    endloop
  endfacet
  facet normal 0 0 -1
    outer loop
      vertex 21.0715 68 2.45
      vertex 19.5936 68.4397 2.45
      vertex 19.7269 68.4731 2.45
    endloop
  endfacet
  facet normal 0 0 -1
    outer loop
      vertex 21.0715 68 2.45
      vertex 19.4642 68.3934 2.45
      vertex 19.5936 68.4397 2.45
    endloop
  endfacet
  facet normal 0 0 -1
    outer loop
      vertex 21.0715 68 2.45
      vertex 19.34 68.3347 2.45
      vertex 19.4642 68.3934 2.45
    endloop
  endfacet
  facet normal 0 0 -1
    outer loop
      vertex 21.0715 68 2.45
      vertex 19.2222 68.2641 2.45
      vertex 19.34 68.3347 2.45
    endloop
  endfacet
  facet normal 0 0 -1
    outer loop
      vertex 21.0715 68 2.45
      vertex 19.1118 68.1822 2.45
      vertex 19.2222 68.2641 2.45
    endloop
  endfacet
  facet normal 0 0 -1
    outer loop
      vertex 21.0715 68 2.45
      vertex 19.01 68.09 2.45
      vertex 19.1118 68.1822 2.45
    endloop
  endfacet
  facet normal 0 -0 -1
    outer loop
      vertex 19.01 68.09 2.45
      vertex 21.0715 68 2.45
      vertex 18.9285 68 2.45
    endloop
  endfacet
  facet normal -0.0487757 0.99881 0
    outer loop
      vertex 20 68.5 2.45
      vertex 19.8628 68.4933 3.5
      vertex 20 68.5 3.5
    endloop
  endfacet
  facet normal -0.0487757 0.99881 0
    outer loop
      vertex 19.8628 68.4933 3.5
      vertex 20 68.5 2.45
      vertex 19.8628 68.4933 2.45
    endloop
  endfacet
  facet normal -0.99881 -0.0487757 0
    outer loop
      vertex 18.6067 66.9628 2.5
      vertex 18.6 67.1 3.5
      vertex 18.6 67.1 2.5
    endloop
  endfacet
  facet normal -0.99881 -0.0487757 0
    outer loop
      vertex 18.6 67.1 3.5
      vertex 18.6067 66.9628 2.5
      vertex 18.6067 66.9628 3.5
    endloop
  endfacet
  facet normal -0.336889 0.941544 0
    outer loop
      vertex 19.5936 68.4397 2.45
      vertex 19.4642 68.3934 3.5
      vertex 19.5936 68.4397 3.5
    endloop
  endfacet
  facet normal -0.336889 0.941544 0
    outer loop
      vertex 19.4642 68.3934 3.5
      vertex 19.5936 68.4397 2.45
      vertex 19.4642 68.3934 2.45
    endloop
  endfacet
  facet normal 0.740833 0.671689 0
    outer loop
      vertex 20.9899 68.09 3.5
      vertex 21.0715 68 2.5
      vertex 20.9899 68.09 2.45
    endloop
  endfacet
  facet normal 0.740829 0.671694 -8.73275e-07
    outer loop
      vertex 21.0822 67.9882 3.5
      vertex 21.0715 68 2.5
      vertex 20.9899 68.09 3.5
    endloop
  endfacet
  facet normal 0.740792 0.671735 0
    outer loop
      vertex 21.0715 68 2.5
      vertex 21.0822 67.9882 3.5
      vertex 21.0822 67.9882 2.5
    endloop
  endfacet
  facet normal 0.740833 0.671689 0
    outer loop
      vertex 20.9899 68.09 2.45
      vertex 21.0715 68 2.5
      vertex 21.0715 68 2.45
    endloop
  endfacet
  facet normal 0.0658178 -0.498696 0.864274
    outer loop
      vertex -24.9212 -69.094 1.54668
      vertex -25 -68.9913 1.61194
      vertex -25 -69.1044 1.54668
    endloop
  endfacet
  facet normal 0.52758 -0.688992 0.49694
    outer loop
      vertex -24.7399 -69.1354 1.4
      vertex -24.8017 -69.1435 1.45438
      vertex -24.786 -69.1707 1.4
    endloop
  endfacet
  facet normal 0.860724 -0.113143 0.49634
    outer loop
      vertex -24.6168 -68.9027 1.45438
      vertex -24.5795 -68.8575 1.4
      vertex -24.6033 -68.8 1.45438
    endloop
  endfacet
  facet normal 0.860698 -0.113037 0.496409
    outer loop
      vertex -24.5795 -68.8575 1.4
      vertex -24.6168 -68.9027 1.45438
      vertex -24.5865 -68.9108 1.4
    endloop
  endfacet
  facet normal -0.655928 0.271665 0.704242
    outer loop
      vertex -25.2636 -68.6478 1.54668
      vertex -25.3832 -68.6973 1.45438
      vertex -25.294 -68.7212 1.54668
    endloop
  endfacet
  facet normal -0.113005 0.860453 0.496841
    outer loop
      vertex -25.0533 -68.3789 1.4
      vertex -25 -68.4033 1.45438
      vertex -25 -68.3719 1.4
    endloop
  endfacet
  facet normal -0.1131 0.8604 0.496911
    outer loop
      vertex -25 -68.4033 1.45438
      vertex -25.0533 -68.3789 1.4
      vertex -25.1027 -68.4168 1.45438
    endloop
  endfacet
  facet normal 0.704072 -0.0925508 0.704072
    outer loop
      vertex -24.6033 -68.8 1.45438
      vertex -24.6956 -68.8 1.54668
      vertex -24.6168 -68.9027 1.45438
    endloop
  endfacet
  facet normal 0.655978 0.272409 0.703908
    outer loop
      vertex -24.6565 -68.6017 1.45438
      vertex -24.7364 -68.6478 1.54668
      vertex -24.6168 -68.6973 1.45438
    endloop
  endfacet
  facet normal 0.0658321 0.498805 0.864211
    outer loop
      vertex -24.9212 -68.506 1.54668
      vertex -25 -68.4956 1.54668
      vertex -24.9505 -68.6152 1.61194
    endloop
  endfacet
  facet normal -0.241064 -0.0996605 0.965379
    outer loop
      vertex -25.063 -68.8169 1.64572
      vertex -25.1848 -68.8495 1.61194
      vertex -25.1657 -68.8957 1.61194
    endloop
  endfacet
  facet normal -0.399134 -0.306636 0.864098
    outer loop
      vertex -25.1353 -68.9353 1.61194
      vertex -25.2636 -68.9522 1.54668
      vertex -25.2152 -69.0152 1.54668
    endloop
  endfacet
  facet normal -0.1131 -0.8604 0.496911
    outer loop
      vertex -25.0533 -69.2211 1.4
      vertex -25 -69.1967 1.45438
      vertex -25.1027 -69.1832 1.45438
    endloop
  endfacet
  facet normal -0.113005 -0.860453 0.496841
    outer loop
      vertex -25 -69.1967 1.45438
      vertex -25.0533 -69.2211 1.4
      vertex -25 -69.2281 1.4
    endloop
  endfacet
  facet normal -0.272299 0.655712 0.704198
    outer loop
      vertex -25.1027 -68.4168 1.45438
      vertex -25.1983 -68.4565 1.45438
      vertex -25.0788 -68.506 1.54668
    endloop
  endfacet
  facet normal 0.09292 0.704048 0.704048
    outer loop
      vertex -24.9212 -68.506 1.54668
      vertex -25 -68.4033 1.45438
      vertex -25 -68.4956 1.54668
    endloop
  endfacet
  facet normal -0.271808 -0.656274 0.703864
    outer loop
      vertex -25.1522 -69.0636 1.54668
      vertex -25.1983 -69.1435 1.45438
      vertex -25.0788 -69.094 1.54668
    endloop
  endfacet
  facet normal -0.52836 0.688514 0.496774
    outer loop
      vertex -25.2567 -68.462 1.4
      vertex -25.3027 -68.4973 1.4
      vertex -25.2805 -68.5195 1.45438
    endloop
  endfacet
  facet normal -0.498696 0.0658178 0.864274
    outer loop
      vertex -25.294 -68.7212 1.54668
      vertex -25.3044 -68.8 1.54668
      vertex -25.1913 -68.8 1.61194
    endloop
  endfacet
  facet normal -0.704072 -0.0925508 0.704072
    outer loop
      vertex -25.3044 -68.8 1.54668
      vertex -25.3967 -68.8 1.45438
      vertex -25.3832 -68.9027 1.45438
    endloop
  endfacet
  facet normal 0.801769 0.332952 0.496295
    outer loop
      vertex -24.6168 -68.6973 1.45438
      vertex -24.6071 -68.6396 1.4
      vertex -24.6565 -68.6017 1.45438
    endloop
  endfacet
  facet normal 0.801741 0.332981 0.496321
    outer loop
      vertex -24.6071 -68.6396 1.4
      vertex -24.6168 -68.6973 1.45438
      vertex -24.5865 -68.6892 1.4
    endloop
  endfacet
  facet normal -0.860698 0.113037 0.496409
    outer loop
      vertex -25.4205 -68.7425 1.4
      vertex -25.3832 -68.6973 1.45438
      vertex -25.4135 -68.6892 1.4
    endloop
  endfacet
  facet normal -0.860724 0.113143 0.49634
    outer loop
      vertex -25.3832 -68.6973 1.45438
      vertex -25.4205 -68.7425 1.4
      vertex -25.3967 -68.8 1.45438
    endloop
  endfacet
  facet normal 0.655928 -0.271665 0.704242
    outer loop
      vertex -24.706 -68.8788 1.54668
      vertex -24.7364 -68.9522 1.54668
      vertex -24.6168 -68.9027 1.45438
    endloop
  endfacet
  facet normal 0.271808 0.656274 0.703864
    outer loop
      vertex -24.8017 -68.4565 1.45438
      vertex -24.9212 -68.506 1.54668
      vertex -24.8478 -68.5364 1.54668
    endloop
  endfacet
  facet normal 0.258338 -0.0351584 0.965415
    outer loop
      vertex -24.9347 -68.8 1.64572
      vertex -24.937 -68.8169 1.64572
      vertex -24.8152 -68.8495 1.61194
    endloop
  endfacet
  facet normal 0.332072 0.80176 0.4969
    outer loop
      vertex -24.786 -68.4293 1.4
      vertex -24.8396 -68.4071 1.4
      vertex -24.8017 -68.4565 1.45438
    endloop
  endfacet
  facet normal 0.431888 -0.563511 0.704221
    outer loop
      vertex -24.7848 -69.0152 1.54668
      vertex -24.8017 -69.1435 1.45438
      vertex -24.7195 -69.0805 1.45438
    endloop
  endfacet
  facet normal -0.563511 -0.431888 0.704221
    outer loop
      vertex -25.2152 -69.0152 1.54668
      vertex -25.3435 -68.9983 1.45438
      vertex -25.2805 -69.0805 1.45438
    endloop
  endfacet
  facet normal -0.399134 0.306636 0.864098
    outer loop
      vertex -25.2152 -68.5848 1.54668
      vertex -25.2636 -68.6478 1.54668
      vertex -25.1353 -68.6647 1.61194
    endloop
  endfacet
  facet normal -0.0351584 -0.258338 0.965415
    outer loop
      vertex -25.0169 -68.863 1.64572
      vertex -25.0495 -68.9848 1.61194
      vertex -25 -68.8653 1.64572
    endloop
  endfacet
  facet normal -0.113746 -0.860581 0.49645
    outer loop
      vertex -25.1027 -69.1832 1.45438
      vertex -25.1108 -69.2135 1.4
      vertex -25.0533 -69.2211 1.4
    endloop
  endfacet
  facet normal 0.306636 -0.399134 0.864098
    outer loop
      vertex -24.7848 -69.0152 1.54668
      vertex -24.8647 -68.9353 1.61194
      vertex -24.8478 -69.0636 1.54668
    endloop
  endfacet
  facet normal -0.49888 -0.0655095 0.864192
    outer loop
      vertex -25.1913 -68.8 1.61194
      vertex -25.294 -68.8788 1.54668
      vertex -25.1848 -68.8495 1.61194
    endloop
  endfacet
  facet normal 0.801741 -0.332981 0.496321
    outer loop
      vertex -24.6168 -68.9027 1.45438
      vertex -24.6071 -68.9604 1.4
      vertex -24.5865 -68.9108 1.4
    endloop
  endfacet
  facet normal 0.801769 -0.332952 0.496295
    outer loop
      vertex -24.6071 -68.9604 1.4
      vertex -24.6168 -68.9027 1.45438
      vertex -24.6565 -68.9983 1.45438
    endloop
  endfacet
  facet normal -0.860382 -0.11372 0.4968
    outer loop
      vertex -25.3967 -68.8 1.45438
      vertex -25.4281 -68.8 1.4
      vertex -25.4205 -68.8575 1.4
    endloop
  endfacet
  facet normal -0.688992 -0.52758 0.49694
    outer loop
      vertex -25.3435 -68.9983 1.45438
      vertex -25.3707 -69.014 1.4
      vertex -25.3354 -69.0601 1.4
    endloop
  endfacet
  facet normal 0.192514 0.464821 0.864222
    outer loop
      vertex -24.9212 -68.506 1.54668
      vertex -24.9505 -68.6152 1.61194
      vertex -24.8478 -68.5364 1.54668
    endloop
  endfacet
  facet normal -0.0925301 0.703914 0.704232
    outer loop
      vertex -25 -68.4033 1.45438
      vertex -25.1027 -68.4168 1.45438
      vertex -25.0788 -68.506 1.54668
    endloop
  endfacet
  facet normal -0.271808 0.656274 0.703864
    outer loop
      vertex -25.0788 -68.506 1.54668
      vertex -25.1983 -68.4565 1.45438
      vertex -25.1522 -68.5364 1.54668
    endloop
  endfacet
  facet normal 0.527783 -0.688631 0.497225
    outer loop
      vertex -24.7399 -69.1354 1.4
      vertex -24.7195 -69.0805 1.45438
      vertex -24.8017 -69.1435 1.45438
    endloop
  endfacet
  facet normal 0.52845 -0.68844 0.496781
    outer loop
      vertex -24.7195 -69.0805 1.45438
      vertex -24.7399 -69.1354 1.4
      vertex -24.6973 -69.1027 1.4
    endloop
  endfacet
  facet normal 0.399134 -0.306636 0.864098
    outer loop
      vertex -24.7364 -68.9522 1.54668
      vertex -24.8647 -68.9353 1.61194
      vertex -24.7848 -69.0152 1.54668
    endloop
  endfacet
  facet normal 0.655978 -0.272409 0.703908
    outer loop
      vertex -24.6168 -68.9027 1.45438
      vertex -24.7364 -68.9522 1.54668
      vertex -24.6565 -68.9983 1.45438
    endloop
  endfacet
  facet normal 0.563335 -0.432784 0.703812
    outer loop
      vertex -24.7364 -68.9522 1.54668
      vertex -24.7848 -69.0152 1.54668
      vertex -24.6565 -68.9983 1.45438
    endloop
  endfacet
  facet normal 0.306636 0.399134 0.864098
    outer loop
      vertex -24.8478 -68.5364 1.54668
      vertex -24.8647 -68.6647 1.61194
      vertex -24.7848 -68.5848 1.54668
    endloop
  endfacet
  facet normal 0.399183 -0.306443 0.864144
    outer loop
      vertex -24.8343 -68.8957 1.61194
      vertex -24.8647 -68.9353 1.61194
      vertex -24.7364 -68.9522 1.54668
    endloop
  endfacet
  facet normal 0.860382 0.11372 0.4968
    outer loop
      vertex -24.5795 -68.7425 1.4
      vertex -24.6033 -68.8 1.45438
      vertex -24.5719 -68.8 1.4
    endloop
  endfacet
  facet normal -0.860724 -0.113143 0.49634
    outer loop
      vertex -25.4205 -68.8575 1.4
      vertex -25.3832 -68.9027 1.45438
      vertex -25.3967 -68.8 1.45438
    endloop
  endfacet
  facet normal -0.860698 -0.113037 0.496409
    outer loop
      vertex -25.3832 -68.9027 1.45438
      vertex -25.4205 -68.8575 1.4
      vertex -25.4135 -68.9108 1.4
    endloop
  endfacet
  facet normal -0.25879 0.0352199 0.965291
    outer loop
      vertex -25.063 -68.7831 1.64572
      vertex -25.1913 -68.8 1.61194
      vertex -25.0653 -68.8 1.64572
    endloop
  endfacet
  facet normal 0.159192 -0.206644 0.965379
    outer loop
      vertex -24.9539 -68.8461 1.64572
      vertex -24.9674 -68.8565 1.64572
      vertex -24.9043 -68.9657 1.61194
    endloop
  endfacet
  facet normal -0.703842 0.0928929 0.704256
    outer loop
      vertex -25.294 -68.7212 1.54668
      vertex -25.3832 -68.6973 1.45438
      vertex -25.3044 -68.8 1.54668
    endloop
  endfacet
  facet normal -0.704072 0.0925508 0.704072
    outer loop
      vertex -25.3832 -68.6973 1.45438
      vertex -25.3967 -68.8 1.45438
      vertex -25.3044 -68.8 1.54668
    endloop
  endfacet
  facet normal 0.113005 -0.860453 0.496841
    outer loop
      vertex -24.9467 -69.2211 1.4
      vertex -25 -69.1967 1.45438
      vertex -25 -69.2281 1.4
    endloop
  endfacet
  facet normal 0.1131 -0.8604 0.496911
    outer loop
      vertex -25 -69.1967 1.45438
      vertex -24.9467 -69.2211 1.4
      vertex -24.8973 -69.1832 1.45438
    endloop
  endfacet
  facet normal 0.113746 -0.860581 0.49645
    outer loop
      vertex -24.8973 -69.1832 1.45438
      vertex -24.9467 -69.2211 1.4
      vertex -24.8892 -69.2135 1.4
    endloop
  endfacet
  facet normal -0.0925508 -0.704072 0.704072
    outer loop
      vertex -25 -69.1044 1.54668
      vertex -25.1027 -69.1832 1.45438
      vertex -25 -69.1967 1.45438
    endloop
  endfacet
  facet normal -0.80176 0.332072 0.4969
    outer loop
      vertex -25.3707 -68.586 1.4
      vertex -25.3929 -68.6396 1.4
      vertex -25.3435 -68.6017 1.45438
    endloop
  endfacet
  facet normal -0.0996541 0.241048 0.965383
    outer loop
      vertex -25.0495 -68.6152 1.61194
      vertex -25.0957 -68.6343 1.61194
      vertex -25.0326 -68.7435 1.64572
    endloop
  endfacet
  facet normal 0.399183 0.306443 0.864144
    outer loop
      vertex -24.7364 -68.6478 1.54668
      vertex -24.8647 -68.6647 1.61194
      vertex -24.8343 -68.7043 1.61194
    endloop
  endfacet
  facet normal 0.332952 0.801769 0.496295
    outer loop
      vertex -24.8396 -68.4071 1.4
      vertex -24.8973 -68.4168 1.45438
      vertex -24.8017 -68.4565 1.45438
    endloop
  endfacet
  facet normal 0.332981 0.801741 0.496321
    outer loop
      vertex -24.8973 -68.4168 1.45438
      vertex -24.8396 -68.4071 1.4
      vertex -24.8892 -68.3865 1.4
    endloop
  endfacet
  facet normal 0.527802 0.688656 0.497169
    outer loop
      vertex -24.7433 -68.462 1.4
      vertex -24.8017 -68.4565 1.45438
      vertex -24.7195 -68.5195 1.45438
    endloop
  endfacet
  facet normal 0.527616 0.688966 0.496937
    outer loop
      vertex -24.8017 -68.4565 1.45438
      vertex -24.7433 -68.462 1.4
      vertex -24.786 -68.4293 1.4
    endloop
  endfacet
  facet normal 0.113746 0.860581 0.49645
    outer loop
      vertex -24.8892 -68.3865 1.4
      vertex -24.9467 -68.3789 1.4
      vertex -24.8973 -68.4168 1.45438
    endloop
  endfacet
  facet normal 0.19227 0.465072 0.864141
    outer loop
      vertex -24.8478 -68.5364 1.54668
      vertex -24.9505 -68.6152 1.61194
      vertex -24.9043 -68.6343 1.61194
    endloop
  endfacet
  facet normal -0.0654868 0.498707 0.864293
    outer loop
      vertex -25 -68.4956 1.54668
      vertex -25.0495 -68.6152 1.61194
      vertex -25 -68.6087 1.61194
    endloop
  endfacet
  facet normal -0.432505 0.562971 0.704275
    outer loop
      vertex -25.1522 -68.5364 1.54668
      vertex -25.2805 -68.5195 1.45438
      vertex -25.2152 -68.5848 1.54668
    endloop
  endfacet
  facet normal -0.655978 0.272409 0.703908
    outer loop
      vertex -25.3435 -68.6017 1.45438
      vertex -25.3832 -68.6973 1.45438
      vertex -25.2636 -68.6478 1.54668
    endloop
  endfacet
  facet normal 0.19227 -0.465072 0.864141
    outer loop
      vertex -24.9043 -68.9657 1.61194
      vertex -24.9505 -68.9848 1.61194
      vertex -24.8478 -69.0636 1.54668
    endloop
  endfacet
  facet normal -0.0658178 -0.498696 0.864274
    outer loop
      vertex -25 -68.9913 1.61194
      vertex -25.0788 -69.094 1.54668
      vertex -25 -69.1044 1.54668
    endloop
  endfacet
  facet normal 0.49888 -0.0655095 0.864192
    outer loop
      vertex -24.8087 -68.8 1.61194
      vertex -24.8152 -68.8495 1.61194
      vertex -24.706 -68.8788 1.54668
    endloop
  endfacet
  facet normal 0.258647 0.0339637 0.965375
    outer loop
      vertex -24.8152 -68.7505 1.61194
      vertex -24.937 -68.7831 1.64572
      vertex -24.8087 -68.8 1.61194
    endloop
  endfacet
  facet normal 0.498696 0.0658178 0.864274
    outer loop
      vertex -24.706 -68.7212 1.54668
      vertex -24.8087 -68.8 1.61194
      vertex -24.6956 -68.8 1.54668
    endloop
  endfacet
  facet normal 0.399134 0.306636 0.864098
    outer loop
      vertex -24.7848 -68.5848 1.54668
      vertex -24.8647 -68.6647 1.61194
      vertex -24.7364 -68.6478 1.54668
    endloop
  endfacet
  facet normal 0.704072 0.0925508 0.704072
    outer loop
      vertex -24.6168 -68.6973 1.45438
      vertex -24.6956 -68.8 1.54668
      vertex -24.6033 -68.8 1.45438
    endloop
  endfacet
  facet normal 0.860698 0.113037 0.496409
    outer loop
      vertex -24.6168 -68.6973 1.45438
      vertex -24.5795 -68.7425 1.4
      vertex -24.5865 -68.6892 1.4
    endloop
  endfacet
  facet normal 0.860724 0.113143 0.49634
    outer loop
      vertex -24.5795 -68.7425 1.4
      vertex -24.6168 -68.6973 1.45438
      vertex -24.6033 -68.8 1.45438
    endloop
  endfacet
  facet normal 0.860382 -0.11372 0.4968
    outer loop
      vertex -24.5719 -68.8 1.4
      vertex -24.6033 -68.8 1.45438
      vertex -24.5795 -68.8575 1.4
    endloop
  endfacet
  facet normal -0.860382 0.11372 0.4968
    outer loop
      vertex -25.4205 -68.7425 1.4
      vertex -25.4281 -68.8 1.4
      vertex -25.3967 -68.8 1.45438
    endloop
  endfacet
  facet normal -0.563335 -0.432784 0.703812
    outer loop
      vertex -25.2636 -68.9522 1.54668
      vertex -25.3435 -68.9983 1.45438
      vertex -25.2152 -69.0152 1.54668
    endloop
  endfacet
  facet normal 0.206825 0.158775 0.965409
    outer loop
      vertex -24.8647 -68.6647 1.61194
      vertex -24.9539 -68.7539 1.64572
      vertex -24.8343 -68.7043 1.61194
    endloop
  endfacet
  facet normal -0.206644 0.159192 0.965379
    outer loop
      vertex -25.0461 -68.7539 1.64572
      vertex -25.1657 -68.7043 1.61194
      vertex -25.0565 -68.7674 1.64572
    endloop
  endfacet
  facet normal -0.0997887 0.241028 0.965374
    outer loop
      vertex -25.0169 -68.737 1.64572
      vertex -25.0495 -68.6152 1.61194
      vertex -25.0326 -68.7435 1.64572
    endloop
  endfacet
  facet normal -0.332844 -0.80141 0.496947
    outer loop
      vertex -25.1644 -69.1913 1.4
      vertex -25.1983 -69.1435 1.45438
      vertex -25.214 -69.1707 1.4
    endloop
  endfacet
  facet normal -0.332803 -0.801411 0.496973
    outer loop
      vertex -25.1983 -69.1435 1.45438
      vertex -25.1644 -69.1913 1.4
      vertex -25.1027 -69.1832 1.45438
    endloop
  endfacet
  facet normal -0.655978 -0.272409 0.703908
    outer loop
      vertex -25.2636 -68.9522 1.54668
      vertex -25.3832 -68.9027 1.45438
      vertex -25.3435 -68.9983 1.45438
    endloop
  endfacet
  facet normal -0.0928929 -0.703842 0.704256
    outer loop
      vertex -25.0788 -69.094 1.54668
      vertex -25.1027 -69.1832 1.45438
      vertex -25 -69.1044 1.54668
    endloop
  endfacet
  facet normal 0.306443 -0.399183 0.864144
    outer loop
      vertex -24.8647 -68.9353 1.61194
      vertex -24.9043 -68.9657 1.61194
      vertex -24.8478 -69.0636 1.54668
    endloop
  endfacet
  facet normal 0.332188 -0.80204 0.496369
    outer loop
      vertex -24.8356 -69.1913 1.4
      vertex -24.8973 -69.1832 1.45438
      vertex -24.8892 -69.2135 1.4
    endloop
  endfacet
  facet normal -0.272299 -0.655712 0.704198
    outer loop
      vertex -25.0788 -69.094 1.54668
      vertex -25.1983 -69.1435 1.45438
      vertex -25.1027 -69.1832 1.45438
    endloop
  endfacet
  facet normal -0.332188 -0.80204 0.496369
    outer loop
      vertex -25.1027 -69.1832 1.45438
      vertex -25.1644 -69.1913 1.4
      vertex -25.1108 -69.2135 1.4
    endloop
  endfacet
  facet normal -0.527616 0.688966 0.496937
    outer loop
      vertex -25.2567 -68.462 1.4
      vertex -25.1983 -68.4565 1.45438
      vertex -25.214 -68.4293 1.4
    endloop
  endfacet
  facet normal -0.527802 0.688656 0.497169
    outer loop
      vertex -25.1983 -68.4565 1.45438
      vertex -25.2567 -68.462 1.4
      vertex -25.2805 -68.5195 1.45438
    endloop
  endfacet
  facet normal -0.801741 0.332981 0.496321
    outer loop
      vertex -25.3832 -68.6973 1.45438
      vertex -25.3929 -68.6396 1.4
      vertex -25.4135 -68.6892 1.4
    endloop
  endfacet
  facet normal -0.801769 0.332952 0.496295
    outer loop
      vertex -25.3929 -68.6396 1.4
      vertex -25.3832 -68.6973 1.45438
      vertex -25.3435 -68.6017 1.45438
    endloop
  endfacet
  facet normal 0.562971 0.432505 0.704275
    outer loop
      vertex -24.7195 -68.5195 1.45438
      vertex -24.7848 -68.5848 1.54668
      vertex -24.7364 -68.6478 1.54668
    endloop
  endfacet
  facet normal 0.563791 0.432103 0.703866
    outer loop
      vertex -24.7195 -68.5195 1.45438
      vertex -24.7364 -68.6478 1.54668
      vertex -24.6565 -68.6017 1.45438
    endloop
  endfacet
  facet normal 0.0654868 0.498707 0.864293
    outer loop
      vertex -24.9505 -68.6152 1.61194
      vertex -25 -68.4956 1.54668
      vertex -25 -68.6087 1.61194
    endloop
  endfacet
  facet normal -0.0658321 0.498805 0.864211
    outer loop
      vertex -25 -68.4956 1.54668
      vertex -25.0788 -68.506 1.54668
      vertex -25.0495 -68.6152 1.61194
    endloop
  endfacet
  facet normal -0.158809 0.20687 0.965394
    outer loop
      vertex -25.0957 -68.6343 1.61194
      vertex -25.1353 -68.6647 1.61194
      vertex -25.0326 -68.7435 1.64572
    endloop
  endfacet
  facet normal 0.033984 0.258801 0.965333
    outer loop
      vertex -24.9505 -68.6152 1.61194
      vertex -25 -68.6087 1.61194
      vertex -25 -68.7347 1.64572
    endloop
  endfacet
  facet normal -0.158775 -0.206825 0.965409
    outer loop
      vertex -25.0461 -68.8461 1.64572
      vertex -25.1353 -68.9353 1.61194
      vertex -25.0957 -68.9657 1.61194
    endloop
  endfacet
  facet normal 0.306443 0.399183 0.864144
    outer loop
      vertex -24.8478 -68.5364 1.54668
      vertex -24.9043 -68.6343 1.61194
      vertex -24.8647 -68.6647 1.61194
    endloop
  endfacet
  facet normal 0.1131 0.8604 0.496911
    outer loop
      vertex -24.9467 -68.3789 1.4
      vertex -25 -68.4033 1.45438
      vertex -24.8973 -68.4168 1.45438
    endloop
  endfacet
  facet normal 0.113005 0.860453 0.496841
    outer loop
      vertex -25 -68.4033 1.45438
      vertex -24.9467 -68.3789 1.4
      vertex -25 -68.3719 1.4
    endloop
  endfacet
  facet normal -0.113746 0.860581 0.49645
    outer loop
      vertex -25.0533 -68.3789 1.4
      vertex -25.1108 -68.3865 1.4
      vertex -25.1027 -68.4168 1.45438
    endloop
  endfacet
  facet normal 0.192514 -0.464821 0.864222
    outer loop
      vertex -24.8478 -69.0636 1.54668
      vertex -24.9505 -68.9848 1.61194
      vertex -24.9212 -69.094 1.54668
    endloop
  endfacet
  facet normal 0.703842 -0.0928929 0.704256
    outer loop
      vertex -24.6956 -68.8 1.54668
      vertex -24.706 -68.8788 1.54668
      vertex -24.6168 -68.9027 1.45438
    endloop
  endfacet
  facet normal 0.49888 0.0655095 0.864192
    outer loop
      vertex -24.706 -68.7212 1.54668
      vertex -24.8152 -68.7505 1.61194
      vertex -24.8087 -68.8 1.61194
    endloop
  endfacet
  facet normal 0.498696 -0.0658178 0.864274
    outer loop
      vertex -24.6956 -68.8 1.54668
      vertex -24.8087 -68.8 1.61194
      vertex -24.706 -68.8788 1.54668
    endloop
  endfacet
  facet normal 0.688631 -0.527783 0.497225
    outer loop
      vertex -24.7195 -69.0805 1.45438
      vertex -24.6646 -69.0601 1.4
      vertex -24.6565 -68.9983 1.45438
    endloop
  endfacet
  facet normal 0.68844 -0.52845 0.496781
    outer loop
      vertex -24.6646 -69.0601 1.4
      vertex -24.7195 -69.0805 1.45438
      vertex -24.6973 -69.1027 1.4
    endloop
  endfacet
  facet normal 0.563511 -0.431888 0.704221
    outer loop
      vertex -24.6565 -68.9983 1.45438
      vertex -24.7848 -69.0152 1.54668
      vertex -24.7195 -69.0805 1.45438
    endloop
  endfacet
  facet normal 0.432103 0.563791 0.703866
    outer loop
      vertex -24.8017 -68.4565 1.45438
      vertex -24.8478 -68.5364 1.54668
      vertex -24.7195 -68.5195 1.45438
    endloop
  endfacet
  facet normal 0.432505 0.562971 0.704275
    outer loop
      vertex -24.7195 -68.5195 1.45438
      vertex -24.8478 -68.5364 1.54668
      vertex -24.7848 -68.5848 1.54668
    endloop
  endfacet
  facet normal 0.80176 -0.332072 0.4969
    outer loop
      vertex -24.6071 -68.9604 1.4
      vertex -24.6565 -68.9983 1.45438
      vertex -24.6293 -69.014 1.4
    endloop
  endfacet
  facet normal 0.688992 -0.52758 0.49694
    outer loop
      vertex -24.6565 -68.9983 1.45438
      vertex -24.6646 -69.0601 1.4
      vertex -24.6293 -69.014 1.4
    endloop
  endfacet
  facet normal -0.464915 0.192205 0.86424
    outer loop
      vertex -25.1657 -68.7043 1.61194
      vertex -25.294 -68.7212 1.54668
      vertex -25.1848 -68.7505 1.61194
    endloop
  endfacet
  facet normal -0.49888 0.0655095 0.864192
    outer loop
      vertex -25.1848 -68.7505 1.61194
      vertex -25.294 -68.7212 1.54668
      vertex -25.1913 -68.8 1.61194
    endloop
  endfacet
  facet normal -0.703842 -0.0928929 0.704256
    outer loop
      vertex -25.3044 -68.8 1.54668
      vertex -25.3832 -68.9027 1.45438
      vertex -25.294 -68.8788 1.54668
    endloop
  endfacet
  facet normal -0.498696 -0.0658178 0.864274
    outer loop
      vertex -25.1913 -68.8 1.61194
      vertex -25.3044 -68.8 1.54668
      vertex -25.294 -68.8788 1.54668
    endloop
  endfacet
  facet normal -0.258338 -0.0351584 0.965415
    outer loop
      vertex -25.0653 -68.8 1.64572
      vertex -25.1848 -68.8495 1.61194
      vertex -25.063 -68.8169 1.64572
    endloop
  endfacet
  facet normal -0.464915 -0.192205 0.86424
    outer loop
      vertex -25.1848 -68.8495 1.61194
      vertex -25.294 -68.8788 1.54668
      vertex -25.1657 -68.8957 1.61194
    endloop
  endfacet
  facet normal -0.206825 -0.158775 0.965409
    outer loop
      vertex -25.0461 -68.8461 1.64572
      vertex -25.1657 -68.8957 1.61194
      vertex -25.1353 -68.9353 1.61194
    endloop
  endfacet
  facet normal 0.159092 0.206513 0.965423
    outer loop
      vertex -24.8647 -68.6647 1.61194
      vertex -24.9674 -68.7435 1.64572
      vertex -24.9539 -68.7539 1.64572
    endloop
  endfacet
  facet normal 0.033984 -0.258801 0.965333
    outer loop
      vertex -24.9505 -68.9848 1.61194
      vertex -25 -68.8653 1.64572
      vertex -25 -68.9913 1.61194
    endloop
  endfacet
  facet normal 0.0655095 -0.49888 0.864192
    outer loop
      vertex -24.9505 -68.9848 1.61194
      vertex -25 -68.9913 1.61194
      vertex -24.9212 -69.094 1.54668
    endloop
  endfacet
  facet normal -0.801741 -0.332981 0.496321
    outer loop
      vertex -25.3929 -68.9604 1.4
      vertex -25.3832 -68.9027 1.45438
      vertex -25.4135 -68.9108 1.4
    endloop
  endfacet
  facet normal -0.801769 -0.332952 0.496295
    outer loop
      vertex -25.3832 -68.9027 1.45438
      vertex -25.3929 -68.9604 1.4
      vertex -25.3435 -68.9983 1.45438
    endloop
  endfacet
  facet normal -0.399183 -0.306443 0.864144
    outer loop
      vertex -25.1657 -68.8957 1.61194
      vertex -25.2636 -68.9522 1.54668
      vertex -25.1353 -68.9353 1.61194
    endloop
  endfacet
  facet normal 0.271808 -0.656274 0.703864
    outer loop
      vertex -24.8478 -69.0636 1.54668
      vertex -24.9212 -69.094 1.54668
      vertex -24.8017 -69.1435 1.45438
    endloop
  endfacet
  facet normal 0.432784 -0.563335 0.703812
    outer loop
      vertex -24.7848 -69.0152 1.54668
      vertex -24.8478 -69.0636 1.54668
      vertex -24.8017 -69.1435 1.45438
    endloop
  endfacet
  facet normal 0.332803 -0.801411 0.496973
    outer loop
      vertex -24.8356 -69.1913 1.4
      vertex -24.8017 -69.1435 1.45438
      vertex -24.8973 -69.1832 1.45438
    endloop
  endfacet
  facet normal 0.332844 -0.80141 0.496947
    outer loop
      vertex -24.8017 -69.1435 1.45438
      vertex -24.8356 -69.1913 1.4
      vertex -24.786 -69.1707 1.4
    endloop
  endfacet
  facet normal 0.272299 -0.655712 0.704198
    outer loop
      vertex -24.8017 -69.1435 1.45438
      vertex -24.9212 -69.094 1.54668
      vertex -24.8973 -69.1832 1.45438
    endloop
  endfacet
  facet normal -0.688631 -0.527783 0.497225
    outer loop
      vertex -25.3354 -69.0601 1.4
      vertex -25.2805 -69.0805 1.45438
      vertex -25.3435 -68.9983 1.45438
    endloop
  endfacet
  facet normal -0.68844 -0.52845 0.496781
    outer loop
      vertex -25.2805 -69.0805 1.45438
      vertex -25.3354 -69.0601 1.4
      vertex -25.3027 -69.1027 1.4
    endloop
  endfacet
  facet normal -0.432103 0.563791 0.703866
    outer loop
      vertex -25.1983 -68.4565 1.45438
      vertex -25.2805 -68.5195 1.45438
      vertex -25.1522 -68.5364 1.54668
    endloop
  endfacet
  facet normal -0.688992 0.52758 0.49694
    outer loop
      vertex -25.3354 -68.5399 1.4
      vertex -25.3707 -68.586 1.4
      vertex -25.3435 -68.6017 1.45438
    endloop
  endfacet
  facet normal 0.0925301 0.703914 0.704232
    outer loop
      vertex -24.8973 -68.4168 1.45438
      vertex -25 -68.4033 1.45438
      vertex -24.9212 -68.506 1.54668
    endloop
  endfacet
  facet normal 0.272299 0.655712 0.704198
    outer loop
      vertex -24.8973 -68.4168 1.45438
      vertex -24.9212 -68.506 1.54668
      vertex -24.8017 -68.4565 1.45438
    endloop
  endfacet
  facet normal -0.09292 0.704048 0.704048
    outer loop
      vertex -25 -68.4033 1.45438
      vertex -25.0788 -68.506 1.54668
      vertex -25 -68.4956 1.54668
    endloop
  endfacet
  facet normal -0.192514 0.464821 0.864222
    outer loop
      vertex -25.0788 -68.506 1.54668
      vertex -25.1522 -68.5364 1.54668
      vertex -25.0495 -68.6152 1.61194
    endloop
  endfacet
  facet normal 0.206825 -0.158775 0.965409
    outer loop
      vertex -24.8343 -68.8957 1.61194
      vertex -24.9539 -68.8461 1.64572
      vertex -24.8647 -68.9353 1.61194
    endloop
  endfacet
  facet normal 0 0 1
    outer loop
      vertex -24.937 -68.7831 1.64572
      vertex -24.937 -68.8169 1.64572
      vertex -24.9347 -68.8 1.64572
    endloop
  endfacet
  facet normal 0 0 1
    outer loop
      vertex -24.9435 -68.7674 1.64572
      vertex -24.937 -68.8169 1.64572
      vertex -24.937 -68.7831 1.64572
    endloop
  endfacet
  facet normal 0 0 1
    outer loop
      vertex -24.9435 -68.7674 1.64572
      vertex -24.9435 -68.8326 1.64572
      vertex -24.937 -68.8169 1.64572
    endloop
  endfacet
  facet normal 0 0 1
    outer loop
      vertex -24.9539 -68.7539 1.64572
      vertex -24.9435 -68.8326 1.64572
      vertex -24.9435 -68.7674 1.64572
    endloop
  endfacet
  facet normal 0 0 1
    outer loop
      vertex -24.9539 -68.7539 1.64572
      vertex -24.9539 -68.8461 1.64572
      vertex -24.9435 -68.8326 1.64572
    endloop
  endfacet
  facet normal 0 0 1
    outer loop
      vertex -24.9674 -68.7435 1.64572
      vertex -24.9539 -68.8461 1.64572
      vertex -24.9539 -68.7539 1.64572
    endloop
  endfacet
  facet normal 0 0 1
    outer loop
      vertex -24.9674 -68.7435 1.64572
      vertex -24.9674 -68.8565 1.64572
      vertex -24.9539 -68.8461 1.64572
    endloop
  endfacet
  facet normal 0 0 1
    outer loop
      vertex -24.9831 -68.737 1.64572
      vertex -24.9674 -68.8565 1.64572
      vertex -24.9674 -68.7435 1.64572
    endloop
  endfacet
  facet normal 0 0 1
    outer loop
      vertex -24.9831 -68.737 1.64572
      vertex -24.9831 -68.863 1.64572
      vertex -24.9674 -68.8565 1.64572
    endloop
  endfacet
  facet normal 0 0 1
    outer loop
      vertex -25 -68.7347 1.64572
      vertex -24.9831 -68.863 1.64572
      vertex -24.9831 -68.737 1.64572
    endloop
  endfacet
  facet normal 0 0 1
    outer loop
      vertex -25 -68.7347 1.64572
      vertex -25 -68.8653 1.64572
      vertex -24.9831 -68.863 1.64572
    endloop
  endfacet
  facet normal -0 0 1
    outer loop
      vertex -25.0169 -68.737 1.64572
      vertex -25 -68.8653 1.64572
      vertex -25 -68.7347 1.64572
    endloop
  endfacet
  facet normal 0 0 1
    outer loop
      vertex -25.0169 -68.737 1.64572
      vertex -25.0169 -68.863 1.64572
      vertex -25 -68.8653 1.64572
    endloop
  endfacet
  facet normal -0 0 1
    outer loop
      vertex -25.0326 -68.7435 1.64572
      vertex -25.0169 -68.863 1.64572
      vertex -25.0169 -68.737 1.64572
    endloop
  endfacet
  facet normal 0 0 1
    outer loop
      vertex -25.0326 -68.7435 1.64572
      vertex -25.0326 -68.8565 1.64572
      vertex -25.0169 -68.863 1.64572
    endloop
  endfacet
  facet normal -0 0 1
    outer loop
      vertex -25.0461 -68.7539 1.64572
      vertex -25.0326 -68.8565 1.64572
      vertex -25.0326 -68.7435 1.64572
    endloop
  endfacet
  facet normal 0 0 1
    outer loop
      vertex -25.0461 -68.7539 1.64572
      vertex -25.0461 -68.8461 1.64572
      vertex -25.0326 -68.8565 1.64572
    endloop
  endfacet
  facet normal -0 0 1
    outer loop
      vertex -25.0565 -68.7674 1.64572
      vertex -25.0461 -68.8461 1.64572
      vertex -25.0461 -68.7539 1.64572
    endloop
  endfacet
  facet normal 0 0 1
    outer loop
      vertex -25.0565 -68.7674 1.64572
      vertex -25.0565 -68.8326 1.64572
      vertex -25.0461 -68.8461 1.64572
    endloop
  endfacet
  facet normal -0 0 1
    outer loop
      vertex -25.063 -68.7831 1.64572
      vertex -25.0565 -68.8326 1.64572
      vertex -25.0565 -68.7674 1.64572
    endloop
  endfacet
  facet normal 0 0 1
    outer loop
      vertex -25.063 -68.7831 1.64572
      vertex -25.063 -68.8169 1.64572
      vertex -25.0565 -68.8326 1.64572
    endloop
  endfacet
  facet normal 0 -0 1
    outer loop
      vertex -25.063 -68.8169 1.64572
      vertex -25.063 -68.7831 1.64572
      vertex -25.0653 -68.8 1.64572
    endloop
  endfacet
  facet normal 0.158809 0.20687 0.965394
    outer loop
      vertex -24.9043 -68.6343 1.61194
      vertex -24.9674 -68.7435 1.64572
      vertex -24.8647 -68.6647 1.61194
    endloop
  endfacet
  facet normal 0.0996541 0.241048 0.965383
    outer loop
      vertex -24.9505 -68.6152 1.61194
      vertex -24.9674 -68.7435 1.64572
      vertex -24.9043 -68.6343 1.61194
    endloop
  endfacet
  facet normal -0.68844 0.52845 0.496781
    outer loop
      vertex -25.3354 -68.5399 1.4
      vertex -25.2805 -68.5195 1.45438
      vertex -25.3027 -68.4973 1.4
    endloop
  endfacet
  facet normal -0.688631 0.527783 0.497225
    outer loop
      vertex -25.2805 -68.5195 1.45438
      vertex -25.3354 -68.5399 1.4
      vertex -25.3435 -68.6017 1.45438
    endloop
  endfacet
  facet normal 0.46492 -0.192555 0.86416
    outer loop
      vertex -24.706 -68.8788 1.54668
      vertex -24.8343 -68.8957 1.61194
      vertex -24.7364 -68.9522 1.54668
    endloop
  endfacet
  facet normal 0.464915 -0.192205 0.86424
    outer loop
      vertex -24.8152 -68.8495 1.61194
      vertex -24.8343 -68.8957 1.61194
      vertex -24.706 -68.8788 1.54668
    endloop
  endfacet
  facet normal 0.206644 -0.159192 0.965379
    outer loop
      vertex -24.9435 -68.8326 1.64572
      vertex -24.9539 -68.8461 1.64572
      vertex -24.8343 -68.8957 1.61194
    endloop
  endfacet
  facet normal -0.399183 0.306443 0.864144
    outer loop
      vertex -25.1353 -68.6647 1.61194
      vertex -25.2636 -68.6478 1.54668
      vertex -25.1657 -68.7043 1.61194
    endloop
  endfacet
  facet normal 0.258801 -0.033984 0.965333
    outer loop
      vertex -24.8087 -68.8 1.61194
      vertex -24.9347 -68.8 1.64572
      vertex -24.8152 -68.8495 1.61194
    endloop
  endfacet
  facet normal 0.703842 0.0928929 0.704256
    outer loop
      vertex -24.6168 -68.6973 1.45438
      vertex -24.706 -68.7212 1.54668
      vertex -24.6956 -68.8 1.54668
    endloop
  endfacet
  facet normal 0.655928 0.271665 0.704242
    outer loop
      vertex -24.6168 -68.6973 1.45438
      vertex -24.7364 -68.6478 1.54668
      vertex -24.706 -68.7212 1.54668
    endloop
  endfacet
  facet normal 0.464915 0.192205 0.86424
    outer loop
      vertex -24.706 -68.7212 1.54668
      vertex -24.8343 -68.7043 1.61194
      vertex -24.8152 -68.7505 1.61194
    endloop
  endfacet
  facet normal 0.46492 0.192555 0.86416
    outer loop
      vertex -24.7364 -68.6478 1.54668
      vertex -24.8343 -68.7043 1.61194
      vertex -24.706 -68.7212 1.54668
    endloop
  endfacet
  facet normal 0.68844 0.52845 0.496781
    outer loop
      vertex -24.7195 -68.5195 1.45438
      vertex -24.6646 -68.5399 1.4
      vertex -24.6973 -68.4973 1.4
    endloop
  endfacet
  facet normal 0.688631 0.527783 0.497225
    outer loop
      vertex -24.6646 -68.5399 1.4
      vertex -24.7195 -68.5195 1.45438
      vertex -24.6565 -68.6017 1.45438
    endloop
  endfacet
  facet normal 0.52836 0.688514 0.496774
    outer loop
      vertex -24.6973 -68.4973 1.4
      vertex -24.7433 -68.462 1.4
      vertex -24.7195 -68.5195 1.45438
    endloop
  endfacet
  facet normal -0.240983 0.0997699 0.965388
    outer loop
      vertex -25.0565 -68.7674 1.64572
      vertex -25.1657 -68.7043 1.61194
      vertex -25.063 -68.7831 1.64572
    endloop
  endfacet
  facet normal -0.258801 -0.033984 0.965333
    outer loop
      vertex -25.0653 -68.8 1.64572
      vertex -25.1913 -68.8 1.61194
      vertex -25.1848 -68.8495 1.61194
    endloop
  endfacet
  facet normal 0.0997699 -0.240983 0.965388
    outer loop
      vertex -24.9674 -68.8565 1.64572
      vertex -24.9831 -68.863 1.64572
      vertex -24.9043 -68.9657 1.61194
    endloop
  endfacet
  facet normal -0.240983 -0.0997699 0.965388
    outer loop
      vertex -25.063 -68.8169 1.64572
      vertex -25.1657 -68.8957 1.61194
      vertex -25.0565 -68.8326 1.64572
    endloop
  endfacet
  facet normal -0.19227 -0.465072 0.864141
    outer loop
      vertex -25.0957 -68.9657 1.61194
      vertex -25.1522 -69.0636 1.54668
      vertex -25.0495 -68.9848 1.61194
    endloop
  endfacet
  facet normal -0.192514 -0.464821 0.864222
    outer loop
      vertex -25.0495 -68.9848 1.61194
      vertex -25.1522 -69.0636 1.54668
      vertex -25.0788 -69.094 1.54668
    endloop
  endfacet
  facet normal 0.0925508 -0.704072 0.704072
    outer loop
      vertex -24.8973 -69.1832 1.45438
      vertex -25 -69.1044 1.54668
      vertex -25 -69.1967 1.45438
    endloop
  endfacet
  facet normal 0.0928929 -0.703842 0.704256
    outer loop
      vertex -24.9212 -69.094 1.54668
      vertex -25 -69.1044 1.54668
      vertex -24.8973 -69.1832 1.45438
    endloop
  endfacet
  facet normal 0.0351584 -0.258338 0.965415
    outer loop
      vertex -24.9831 -68.863 1.64572
      vertex -25 -68.8653 1.64572
      vertex -24.9505 -68.9848 1.61194
    endloop
  endfacet
  facet normal 0.0996605 -0.241064 0.965379
    outer loop
      vertex -24.9043 -68.9657 1.61194
      vertex -24.9831 -68.863 1.64572
      vertex -24.9505 -68.9848 1.61194
    endloop
  endfacet
  facet normal -0.80176 -0.332072 0.4969
    outer loop
      vertex -25.3435 -68.9983 1.45438
      vertex -25.3929 -68.9604 1.4
      vertex -25.3707 -69.014 1.4
    endloop
  endfacet
  facet normal -0.432784 -0.563335 0.703812
    outer loop
      vertex -25.1522 -69.0636 1.54668
      vertex -25.2152 -69.0152 1.54668
      vertex -25.1983 -69.1435 1.45438
    endloop
  endfacet
  facet normal -0.431888 -0.563511 0.704221
    outer loop
      vertex -25.2152 -69.0152 1.54668
      vertex -25.2805 -69.0805 1.45438
      vertex -25.1983 -69.1435 1.45438
    endloop
  endfacet
  facet normal -0.46492 -0.192555 0.86416
    outer loop
      vertex -25.1657 -68.8957 1.61194
      vertex -25.294 -68.8788 1.54668
      vertex -25.2636 -68.9522 1.54668
    endloop
  endfacet
  facet normal -0.655928 -0.271665 0.704242
    outer loop
      vertex -25.294 -68.8788 1.54668
      vertex -25.3832 -68.9027 1.45438
      vertex -25.2636 -68.9522 1.54668
    endloop
  endfacet
  facet normal -0.46492 0.192555 0.86416
    outer loop
      vertex -25.2636 -68.6478 1.54668
      vertex -25.294 -68.7212 1.54668
      vertex -25.1657 -68.7043 1.61194
    endloop
  endfacet
  facet normal -0.159092 0.206513 0.965423
    outer loop
      vertex -25.0326 -68.7435 1.64572
      vertex -25.1353 -68.6647 1.61194
      vertex -25.0461 -68.7539 1.64572
    endloop
  endfacet
  facet normal -0.563791 0.432103 0.703866
    outer loop
      vertex -25.2805 -68.5195 1.45438
      vertex -25.3435 -68.6017 1.45438
      vertex -25.2636 -68.6478 1.54668
    endloop
  endfacet
  facet normal -0.562971 0.432505 0.704275
    outer loop
      vertex -25.2152 -68.5848 1.54668
      vertex -25.2805 -68.5195 1.45438
      vertex -25.2636 -68.6478 1.54668
    endloop
  endfacet
  facet normal 0.688992 0.52758 0.49694
    outer loop
      vertex -24.6293 -68.586 1.4
      vertex -24.6646 -68.5399 1.4
      vertex -24.6565 -68.6017 1.45438
    endloop
  endfacet
  facet normal 0.80176 0.332072 0.4969
    outer loop
      vertex -24.6293 -68.586 1.4
      vertex -24.6565 -68.6017 1.45438
      vertex -24.6071 -68.6396 1.4
    endloop
  endfacet
  facet normal -0.033984 0.258801 0.965333
    outer loop
      vertex -25 -68.6087 1.61194
      vertex -25.0495 -68.6152 1.61194
      vertex -25 -68.7347 1.64572
    endloop
  endfacet
  facet normal -0.19227 0.465072 0.864141
    outer loop
      vertex -25.0495 -68.6152 1.61194
      vertex -25.1522 -68.5364 1.54668
      vertex -25.0957 -68.6343 1.61194
    endloop
  endfacet
  facet normal -0.206825 0.158775 0.965409
    outer loop
      vertex -25.1353 -68.6647 1.61194
      vertex -25.1657 -68.7043 1.61194
      vertex -25.0461 -68.7539 1.64572
    endloop
  endfacet
  facet normal -0.206644 -0.159192 0.965379
    outer loop
      vertex -25.0565 -68.8326 1.64572
      vertex -25.1657 -68.8957 1.61194
      vertex -25.0461 -68.8461 1.64572
    endloop
  endfacet
  facet normal -0.241064 0.0996605 0.965379
    outer loop
      vertex -25.1657 -68.7043 1.61194
      vertex -25.1848 -68.7505 1.61194
      vertex -25.063 -68.7831 1.64572
    endloop
  endfacet
  facet normal -0.258647 0.0339637 0.965375
    outer loop
      vertex -25.1848 -68.7505 1.61194
      vertex -25.1913 -68.8 1.61194
      vertex -25.063 -68.7831 1.64572
    endloop
  endfacet
  facet normal 0.158775 -0.206825 0.965409
    outer loop
      vertex -24.8647 -68.9353 1.61194
      vertex -24.9539 -68.8461 1.64572
      vertex -24.9043 -68.9657 1.61194
    endloop
  endfacet
  facet normal 0.241064 -0.0996605 0.965379
    outer loop
      vertex -24.8152 -68.8495 1.61194
      vertex -24.937 -68.8169 1.64572
      vertex -24.8343 -68.8957 1.61194
    endloop
  endfacet
  facet normal -0.0351584 0.258338 0.965415
    outer loop
      vertex -25 -68.7347 1.64572
      vertex -25.0495 -68.6152 1.61194
      vertex -25.0169 -68.737 1.64572
    endloop
  endfacet
  facet normal 0.241064 0.0996605 0.965379
    outer loop
      vertex -24.8343 -68.7043 1.61194
      vertex -24.937 -68.7831 1.64572
      vertex -24.8152 -68.7505 1.61194
    endloop
  endfacet
  facet normal -0.159192 -0.206644 0.965379
    outer loop
      vertex -25.0461 -68.8461 1.64572
      vertex -25.0957 -68.9657 1.61194
      vertex -25.0326 -68.8565 1.64572
    endloop
  endfacet
  facet normal 0.25879 0.0352199 0.965291
    outer loop
      vertex -24.8087 -68.8 1.61194
      vertex -24.937 -68.7831 1.64572
      vertex -24.9347 -68.8 1.64572
    endloop
  endfacet
  facet normal -0.0996605 -0.241064 0.965379
    outer loop
      vertex -25.0169 -68.863 1.64572
      vertex -25.0957 -68.9657 1.61194
      vertex -25.0495 -68.9848 1.61194
    endloop
  endfacet
  facet normal 0.206644 0.159192 0.965379
    outer loop
      vertex -24.8343 -68.7043 1.61194
      vertex -24.9539 -68.7539 1.64572
      vertex -24.9435 -68.7674 1.64572
    endloop
  endfacet
  facet normal 0.240983 -0.0997699 0.965388
    outer loop
      vertex -24.937 -68.8169 1.64572
      vertex -24.9435 -68.8326 1.64572
      vertex -24.8343 -68.8957 1.61194
    endloop
  endfacet
  facet normal -0.306443 -0.399183 0.864144
    outer loop
      vertex -25.1353 -68.9353 1.61194
      vertex -25.1522 -69.0636 1.54668
      vertex -25.0957 -68.9657 1.61194
    endloop
  endfacet
  facet normal -0.306636 -0.399134 0.864098
    outer loop
      vertex -25.1353 -68.9353 1.61194
      vertex -25.2152 -69.0152 1.54668
      vertex -25.1522 -69.0636 1.54668
    endloop
  endfacet
  facet normal -0.52758 -0.688992 0.49694
    outer loop
      vertex -25.1983 -69.1435 1.45438
      vertex -25.2601 -69.1354 1.4
      vertex -25.214 -69.1707 1.4
    endloop
  endfacet
  facet normal -0.52845 -0.68844 0.496781
    outer loop
      vertex -25.2601 -69.1354 1.4
      vertex -25.2805 -69.0805 1.45438
      vertex -25.3027 -69.1027 1.4
    endloop
  endfacet
  facet normal -0.527783 -0.688631 0.497225
    outer loop
      vertex -25.2805 -69.0805 1.45438
      vertex -25.2601 -69.1354 1.4
      vertex -25.1983 -69.1435 1.45438
    endloop
  endfacet
  facet normal 0.0351584 0.258338 0.965415
    outer loop
      vertex -24.9505 -68.6152 1.61194
      vertex -25 -68.7347 1.64572
      vertex -24.9831 -68.737 1.64572
    endloop
  endfacet
  facet normal -0.306443 0.399183 0.864144
    outer loop
      vertex -25.0957 -68.6343 1.61194
      vertex -25.1522 -68.5364 1.54668
      vertex -25.1353 -68.6647 1.61194
    endloop
  endfacet
  facet normal -0.306636 0.399134 0.864098
    outer loop
      vertex -25.1522 -68.5364 1.54668
      vertex -25.2152 -68.5848 1.54668
      vertex -25.1353 -68.6647 1.61194
    endloop
  endfacet
  facet normal -0.332072 0.80176 0.4969
    outer loop
      vertex -25.1604 -68.4071 1.4
      vertex -25.214 -68.4293 1.4
      vertex -25.1983 -68.4565 1.45438
    endloop
  endfacet
  facet normal -0.332981 0.801741 0.496321
    outer loop
      vertex -25.1604 -68.4071 1.4
      vertex -25.1027 -68.4168 1.45438
      vertex -25.1108 -68.3865 1.4
    endloop
  endfacet
  facet normal -0.332952 0.801769 0.496295
    outer loop
      vertex -25.1027 -68.4168 1.45438
      vertex -25.1604 -68.4071 1.4
      vertex -25.1983 -68.4565 1.45438
    endloop
  endfacet
  facet normal 0.240983 0.0997699 0.965388
    outer loop
      vertex -24.8343 -68.7043 1.61194
      vertex -24.9435 -68.7674 1.64572
      vertex -24.937 -68.7831 1.64572
    endloop
  endfacet
  facet normal -0.0655095 -0.49888 0.864192
    outer loop
      vertex -25.0495 -68.9848 1.61194
      vertex -25.0788 -69.094 1.54668
      vertex -25 -68.9913 1.61194
    endloop
  endfacet
  facet normal -0.033984 -0.258801 0.965333
    outer loop
      vertex -25 -68.8653 1.64572
      vertex -25.0495 -68.9848 1.61194
      vertex -25 -68.9913 1.61194
    endloop
  endfacet
  facet normal -0.0997699 -0.240983 0.965388
    outer loop
      vertex -25.0326 -68.8565 1.64572
      vertex -25.0957 -68.9657 1.61194
      vertex -25.0169 -68.863 1.64572
    endloop
  endfacet
  facet normal 0.0997887 0.241028 0.965374
    outer loop
      vertex -24.9505 -68.6152 1.61194
      vertex -24.9831 -68.737 1.64572
      vertex -24.9674 -68.7435 1.64572
    endloop
  endfacet
  facet normal 0.0925301 0.703914 0.704232
    outer loop
      vertex 25.1027 -68.4168 1.45438
      vertex 25 -68.4033 1.45438
      vertex 25.0788 -68.506 1.54668
    endloop
  endfacet
  facet normal 0.306443 -0.399183 0.864144
    outer loop
      vertex 25.1353 -68.9353 1.61194
      vertex 25.0957 -68.9657 1.61194
      vertex 25.1522 -69.0636 1.54668
    endloop
  endfacet
  facet normal -0.80176 0.332072 0.4969
    outer loop
      vertex 24.6293 -68.586 1.4
      vertex 24.6071 -68.6396 1.4
      vertex 24.6565 -68.6017 1.45438
    endloop
  endfacet
  facet normal 0.562971 0.432505 0.704275
    outer loop
      vertex 25.2805 -68.5195 1.45438
      vertex 25.2152 -68.5848 1.54668
      vertex 25.2636 -68.6478 1.54668
    endloop
  endfacet
  facet normal 0.688992 0.52758 0.49694
    outer loop
      vertex 25.3707 -68.586 1.4
      vertex 25.3354 -68.5399 1.4
      vertex 25.3435 -68.6017 1.45438
    endloop
  endfacet
  facet normal -0.860724 -0.113143 0.49634
    outer loop
      vertex 24.5795 -68.8575 1.4
      vertex 24.6168 -68.9027 1.45438
      vertex 24.6033 -68.8 1.45438
    endloop
  endfacet
  facet normal -0.860698 -0.113037 0.496409
    outer loop
      vertex 24.6168 -68.9027 1.45438
      vertex 24.5795 -68.8575 1.4
      vertex 24.5865 -68.9108 1.4
    endloop
  endfacet
  facet normal 0.19227 -0.465072 0.864141
    outer loop
      vertex 25.0957 -68.9657 1.61194
      vertex 25.0495 -68.9848 1.61194
      vertex 25.1522 -69.0636 1.54668
    endloop
  endfacet
  facet normal -0.704072 0.0925508 0.704072
    outer loop
      vertex 24.6168 -68.6973 1.45438
      vertex 24.6033 -68.8 1.45438
      vertex 24.6956 -68.8 1.54668
    endloop
  endfacet
  facet normal -0.206825 -0.158775 0.965409
    outer loop
      vertex 24.9539 -68.8461 1.64572
      vertex 24.8343 -68.8957 1.61194
      vertex 24.8647 -68.9353 1.61194
    endloop
  endfacet
  facet normal 0.0654868 0.498707 0.864293
    outer loop
      vertex 25.0495 -68.6152 1.61194
      vertex 25 -68.4956 1.54668
      vertex 25 -68.6087 1.61194
    endloop
  endfacet
  facet normal 0.563791 0.432103 0.703866
    outer loop
      vertex 25.2805 -68.5195 1.45438
      vertex 25.2636 -68.6478 1.54668
      vertex 25.3435 -68.6017 1.45438
    endloop
  endfacet
  facet normal 0.399134 0.306636 0.864098
    outer loop
      vertex 25.2152 -68.5848 1.54668
      vertex 25.1353 -68.6647 1.61194
      vertex 25.2636 -68.6478 1.54668
    endloop
  endfacet
  facet normal -0.432103 0.563791 0.703866
    outer loop
      vertex 24.8017 -68.4565 1.45438
      vertex 24.7195 -68.5195 1.45438
      vertex 24.8478 -68.5364 1.54668
    endloop
  endfacet
  facet normal 0.703842 -0.0928929 0.704256
    outer loop
      vertex 25.3044 -68.8 1.54668
      vertex 25.294 -68.8788 1.54668
      vertex 25.3832 -68.9027 1.45438
    endloop
  endfacet
  facet normal 0.0925508 -0.704072 0.704072
    outer loop
      vertex 25.1027 -69.1832 1.45438
      vertex 25 -69.1044 1.54668
      vertex 25 -69.1967 1.45438
    endloop
  endfacet
  facet normal 0.655978 -0.272409 0.703908
    outer loop
      vertex 25.3832 -68.9027 1.45438
      vertex 25.2636 -68.9522 1.54668
      vertex 25.3435 -68.9983 1.45438
    endloop
  endfacet
  facet normal 0.688992 -0.52758 0.49694
    outer loop
      vertex 25.3435 -68.9983 1.45438
      vertex 25.3354 -69.0601 1.4
      vertex 25.3707 -69.014 1.4
    endloop
  endfacet
  facet normal 0.09292 0.704048 0.704048
    outer loop
      vertex 25.0788 -68.506 1.54668
      vertex 25 -68.4033 1.45438
      vertex 25 -68.4956 1.54668
    endloop
  endfacet
  facet normal -0.0351584 0.258338 0.965415
    outer loop
      vertex 25 -68.7347 1.64572
      vertex 24.9505 -68.6152 1.61194
      vertex 24.9831 -68.737 1.64572
    endloop
  endfacet
  facet normal -0.0997887 0.241028 0.965374
    outer loop
      vertex 24.9831 -68.737 1.64572
      vertex 24.9505 -68.6152 1.61194
      vertex 24.9674 -68.7435 1.64572
    endloop
  endfacet
  facet normal 0.159192 -0.206644 0.965379
    outer loop
      vertex 25.0461 -68.8461 1.64572
      vertex 25.0326 -68.8565 1.64572
      vertex 25.0957 -68.9657 1.61194
    endloop
  endfacet
  facet normal -0.563791 0.432103 0.703866
    outer loop
      vertex 24.7195 -68.5195 1.45438
      vertex 24.6565 -68.6017 1.45438
      vertex 24.7364 -68.6478 1.54668
    endloop
  endfacet
  facet normal -0.46492 0.192555 0.86416
    outer loop
      vertex 24.7364 -68.6478 1.54668
      vertex 24.706 -68.7212 1.54668
      vertex 24.8343 -68.7043 1.61194
    endloop
  endfacet
  facet normal 0.25879 0.0352199 0.965291
    outer loop
      vertex 25.1913 -68.8 1.61194
      vertex 25.063 -68.7831 1.64572
      vertex 25.0653 -68.8 1.64572
    endloop
  endfacet
  facet normal 0.703842 0.0928929 0.704256
    outer loop
      vertex 25.3832 -68.6973 1.45438
      vertex 25.294 -68.7212 1.54668
      vertex 25.3044 -68.8 1.54668
    endloop
  endfacet
  facet normal 0.241064 -0.0996605 0.965379
    outer loop
      vertex 25.1848 -68.8495 1.61194
      vertex 25.063 -68.8169 1.64572
      vertex 25.1657 -68.8957 1.61194
    endloop
  endfacet
  facet normal 0.113746 -0.860581 0.49645
    outer loop
      vertex 25.1027 -69.1832 1.45438
      vertex 25.0533 -69.2211 1.4
      vertex 25.1108 -69.2135 1.4
    endloop
  endfacet
  facet normal -0.306636 -0.399134 0.864098
    outer loop
      vertex 24.8647 -68.9353 1.61194
      vertex 24.7848 -69.0152 1.54668
      vertex 24.8478 -69.0636 1.54668
    endloop
  endfacet
  facet normal -0.272299 0.655712 0.704198
    outer loop
      vertex 24.8973 -68.4168 1.45438
      vertex 24.8017 -68.4565 1.45438
      vertex 24.9212 -68.506 1.54668
    endloop
  endfacet
  facet normal 0.52836 0.688514 0.496774
    outer loop
      vertex 25.3027 -68.4973 1.4
      vertex 25.2567 -68.462 1.4
      vertex 25.2805 -68.5195 1.45438
    endloop
  endfacet
  facet normal -0.432505 0.562971 0.704275
    outer loop
      vertex 24.8478 -68.5364 1.54668
      vertex 24.7195 -68.5195 1.45438
      vertex 24.7848 -68.5848 1.54668
    endloop
  endfacet
  facet normal -0.158809 0.20687 0.965394
    outer loop
      vertex 24.9043 -68.6343 1.61194
      vertex 24.8647 -68.6647 1.61194
      vertex 24.9674 -68.7435 1.64572
    endloop
  endfacet
  facet normal 0.1131 0.8604 0.496911
    outer loop
      vertex 25.0533 -68.3789 1.4
      vertex 25 -68.4033 1.45438
      vertex 25.1027 -68.4168 1.45438
    endloop
  endfacet
  facet normal 0.113005 0.860453 0.496841
    outer loop
      vertex 25 -68.4033 1.45438
      vertex 25.0533 -68.3789 1.4
      vertex 25 -68.3719 1.4
    endloop
  endfacet
  facet normal 0.498696 0.0658178 0.864274
    outer loop
      vertex 25.294 -68.7212 1.54668
      vertex 25.1913 -68.8 1.61194
      vertex 25.3044 -68.8 1.54668
    endloop
  endfacet
  facet normal 0.704072 -0.0925508 0.704072
    outer loop
      vertex 25.3967 -68.8 1.45438
      vertex 25.3044 -68.8 1.54668
      vertex 25.3832 -68.9027 1.45438
    endloop
  endfacet
  facet normal 0.68844 0.52845 0.496781
    outer loop
      vertex 25.2805 -68.5195 1.45438
      vertex 25.3354 -68.5399 1.4
      vertex 25.3027 -68.4973 1.4
    endloop
  endfacet
  facet normal 0.688631 0.527783 0.497225
    outer loop
      vertex 25.3354 -68.5399 1.4
      vertex 25.2805 -68.5195 1.45438
      vertex 25.3435 -68.6017 1.45438
    endloop
  endfacet
  facet normal -0.52836 0.688514 0.496774
    outer loop
      vertex 24.7433 -68.462 1.4
      vertex 24.6973 -68.4973 1.4
      vertex 24.7195 -68.5195 1.45438
    endloop
  endfacet
  facet normal -0.688992 0.52758 0.49694
    outer loop
      vertex 24.6646 -68.5399 1.4
      vertex 24.6293 -68.586 1.4
      vertex 24.6565 -68.6017 1.45438
    endloop
  endfacet
  facet normal -0.703842 -0.0928929 0.704256
    outer loop
      vertex 24.6956 -68.8 1.54668
      vertex 24.6168 -68.9027 1.45438
      vertex 24.706 -68.8788 1.54668
    endloop
  endfacet
  facet normal -0.860698 0.113037 0.496409
    outer loop
      vertex 24.5795 -68.7425 1.4
      vertex 24.6168 -68.6973 1.45438
      vertex 24.5865 -68.6892 1.4
    endloop
  endfacet
  facet normal -0.860724 0.113143 0.49634
    outer loop
      vertex 24.6168 -68.6973 1.45438
      vertex 24.5795 -68.7425 1.4
      vertex 24.6033 -68.8 1.45438
    endloop
  endfacet
  facet normal -0.113746 -0.860581 0.49645
    outer loop
      vertex 24.8973 -69.1832 1.45438
      vertex 24.8892 -69.2135 1.4
      vertex 24.9467 -69.2211 1.4
    endloop
  endfacet
  facet normal -0.801741 -0.332981 0.496321
    outer loop
      vertex 24.6071 -68.9604 1.4
      vertex 24.6168 -68.9027 1.45438
      vertex 24.5865 -68.9108 1.4
    endloop
  endfacet
  facet normal -0.801769 -0.332952 0.496295
    outer loop
      vertex 24.6168 -68.9027 1.45438
      vertex 24.6071 -68.9604 1.4
      vertex 24.6565 -68.9983 1.45438
    endloop
  endfacet
  facet normal -0.0928929 -0.703842 0.704256
    outer loop
      vertex 24.9212 -69.094 1.54668
      vertex 24.8973 -69.1832 1.45438
      vertex 25 -69.1044 1.54668
    endloop
  endfacet
  facet normal 0.272299 -0.655712 0.704198
    outer loop
      vertex 25.1983 -69.1435 1.45438
      vertex 25.0788 -69.094 1.54668
      vertex 25.1027 -69.1832 1.45438
    endloop
  endfacet
  facet normal 0.527783 -0.688631 0.497225
    outer loop
      vertex 25.2601 -69.1354 1.4
      vertex 25.2805 -69.0805 1.45438
      vertex 25.1983 -69.1435 1.45438
    endloop
  endfacet
  facet normal 0.52845 -0.68844 0.496781
    outer loop
      vertex 25.2805 -69.0805 1.45438
      vertex 25.2601 -69.1354 1.4
      vertex 25.3027 -69.1027 1.4
    endloop
  endfacet
  facet normal 0.688631 -0.527783 0.497225
    outer loop
      vertex 25.2805 -69.0805 1.45438
      vertex 25.3354 -69.0601 1.4
      vertex 25.3435 -68.9983 1.45438
    endloop
  endfacet
  facet normal 0.68844 -0.52845 0.496781
    outer loop
      vertex 25.3354 -69.0601 1.4
      vertex 25.2805 -69.0805 1.45438
      vertex 25.3027 -69.1027 1.4
    endloop
  endfacet
  facet normal -0.0351584 -0.258338 0.965415
    outer loop
      vertex 24.9831 -68.863 1.64572
      vertex 24.9505 -68.9848 1.61194
      vertex 25 -68.8653 1.64572
    endloop
  endfacet
  facet normal -0.332188 -0.80204 0.496369
    outer loop
      vertex 24.8973 -69.1832 1.45438
      vertex 24.8356 -69.1913 1.4
      vertex 24.8892 -69.2135 1.4
    endloop
  endfacet
  facet normal -0.271808 -0.656274 0.703864
    outer loop
      vertex 24.8478 -69.0636 1.54668
      vertex 24.8017 -69.1435 1.45438
      vertex 24.9212 -69.094 1.54668
    endloop
  endfacet
  facet normal 0.158809 0.20687 0.965394
    outer loop
      vertex 25.0957 -68.6343 1.61194
      vertex 25.0326 -68.7435 1.64572
      vertex 25.1353 -68.6647 1.61194
    endloop
  endfacet
  facet normal 0.113746 0.860581 0.49645
    outer loop
      vertex 25.1108 -68.3865 1.4
      vertex 25.0533 -68.3789 1.4
      vertex 25.1027 -68.4168 1.45438
    endloop
  endfacet
  facet normal 0.655978 0.272409 0.703908
    outer loop
      vertex 25.3435 -68.6017 1.45438
      vertex 25.2636 -68.6478 1.54668
      vertex 25.3832 -68.6973 1.45438
    endloop
  endfacet
  facet normal -0.271808 0.656274 0.703864
    outer loop
      vertex 24.9212 -68.506 1.54668
      vertex 24.8017 -68.4565 1.45438
      vertex 24.8478 -68.5364 1.54668
    endloop
  endfacet
  facet normal -0.09292 0.704048 0.704048
    outer loop
      vertex 25 -68.4033 1.45438
      vertex 24.9212 -68.506 1.54668
      vertex 25 -68.4956 1.54668
    endloop
  endfacet
  facet normal 0.332952 0.801769 0.496295
    outer loop
      vertex 25.1604 -68.4071 1.4
      vertex 25.1027 -68.4168 1.45438
      vertex 25.1983 -68.4565 1.45438
    endloop
  endfacet
  facet normal 0.332981 0.801741 0.496321
    outer loop
      vertex 25.1027 -68.4168 1.45438
      vertex 25.1604 -68.4071 1.4
      vertex 25.1108 -68.3865 1.4
    endloop
  endfacet
  facet normal 0.272299 0.655712 0.704198
    outer loop
      vertex 25.1027 -68.4168 1.45438
      vertex 25.0788 -68.506 1.54668
      vertex 25.1983 -68.4565 1.45438
    endloop
  endfacet
  facet normal -0.527616 0.688966 0.496937
    outer loop
      vertex 24.7433 -68.462 1.4
      vertex 24.8017 -68.4565 1.45438
      vertex 24.786 -68.4293 1.4
    endloop
  endfacet
  facet normal -0.527802 0.688656 0.497169
    outer loop
      vertex 24.8017 -68.4565 1.45438
      vertex 24.7433 -68.462 1.4
      vertex 24.7195 -68.5195 1.45438
    endloop
  endfacet
  facet normal -0.68844 0.52845 0.496781
    outer loop
      vertex 24.6646 -68.5399 1.4
      vertex 24.7195 -68.5195 1.45438
      vertex 24.6973 -68.4973 1.4
    endloop
  endfacet
  facet normal -0.688631 0.527783 0.497225
    outer loop
      vertex 24.7195 -68.5195 1.45438
      vertex 24.6646 -68.5399 1.4
      vertex 24.6565 -68.6017 1.45438
    endloop
  endfacet
  facet normal -0.655928 0.271665 0.704242
    outer loop
      vertex 24.7364 -68.6478 1.54668
      vertex 24.6168 -68.6973 1.45438
      vertex 24.706 -68.7212 1.54668
    endloop
  endfacet
  facet normal -0.46492 -0.192555 0.86416
    outer loop
      vertex 24.8343 -68.8957 1.61194
      vertex 24.706 -68.8788 1.54668
      vertex 24.7364 -68.9522 1.54668
    endloop
  endfacet
  facet normal 0.860698 0.113037 0.496409
    outer loop
      vertex 25.3832 -68.6973 1.45438
      vertex 25.4205 -68.7425 1.4
      vertex 25.4135 -68.6892 1.4
    endloop
  endfacet
  facet normal 0.860724 0.113143 0.49634
    outer loop
      vertex 25.4205 -68.7425 1.4
      vertex 25.3832 -68.6973 1.45438
      vertex 25.3967 -68.8 1.45438
    endloop
  endfacet
  facet normal 0.860724 -0.113143 0.49634
    outer loop
      vertex 25.3832 -68.9027 1.45438
      vertex 25.4205 -68.8575 1.4
      vertex 25.3967 -68.8 1.45438
    endloop
  endfacet
  facet normal 0.860698 -0.113037 0.496409
    outer loop
      vertex 25.4205 -68.8575 1.4
      vertex 25.3832 -68.9027 1.45438
      vertex 25.4135 -68.9108 1.4
    endloop
  endfacet
  facet normal 0.52758 -0.688992 0.49694
    outer loop
      vertex 25.2601 -69.1354 1.4
      vertex 25.1983 -69.1435 1.45438
      vertex 25.214 -69.1707 1.4
    endloop
  endfacet
  facet normal 0.655928 0.271665 0.704242
    outer loop
      vertex 25.3832 -68.6973 1.45438
      vertex 25.2636 -68.6478 1.54668
      vertex 25.294 -68.7212 1.54668
    endloop
  endfacet
  facet normal 0.0996541 0.241048 0.965383
    outer loop
      vertex 25.0495 -68.6152 1.61194
      vertex 25.0326 -68.7435 1.64572
      vertex 25.0957 -68.6343 1.61194
    endloop
  endfacet
  facet normal 0.46492 0.192555 0.86416
    outer loop
      vertex 25.2636 -68.6478 1.54668
      vertex 25.1657 -68.7043 1.61194
      vertex 25.294 -68.7212 1.54668
    endloop
  endfacet
  facet normal 0.432505 0.562971 0.704275
    outer loop
      vertex 25.2805 -68.5195 1.45438
      vertex 25.1522 -68.5364 1.54668
      vertex 25.2152 -68.5848 1.54668
    endloop
  endfacet
  facet normal -0.0925301 0.703914 0.704232
    outer loop
      vertex 25 -68.4033 1.45438
      vertex 24.8973 -68.4168 1.45438
      vertex 24.9212 -68.506 1.54668
    endloop
  endfacet
  facet normal -0.860382 -0.11372 0.4968
    outer loop
      vertex 24.6033 -68.8 1.45438
      vertex 24.5719 -68.8 1.4
      vertex 24.5795 -68.8575 1.4
    endloop
  endfacet
  facet normal -0.860382 0.11372 0.4968
    outer loop
      vertex 24.5795 -68.7425 1.4
      vertex 24.5719 -68.8 1.4
      vertex 24.6033 -68.8 1.45438
    endloop
  endfacet
  facet normal -0.655928 -0.271665 0.704242
    outer loop
      vertex 24.706 -68.8788 1.54668
      vertex 24.6168 -68.9027 1.45438
      vertex 24.7364 -68.9522 1.54668
    endloop
  endfacet
  facet normal -0.704072 -0.0925508 0.704072
    outer loop
      vertex 24.6956 -68.8 1.54668
      vertex 24.6033 -68.8 1.45438
      vertex 24.6168 -68.9027 1.45438
    endloop
  endfacet
  facet normal -0.80176 -0.332072 0.4969
    outer loop
      vertex 24.6565 -68.9983 1.45438
      vertex 24.6071 -68.9604 1.4
      vertex 24.6293 -69.014 1.4
    endloop
  endfacet
  facet normal -0.52758 -0.688992 0.49694
    outer loop
      vertex 24.8017 -69.1435 1.45438
      vertex 24.7399 -69.1354 1.4
      vertex 24.786 -69.1707 1.4
    endloop
  endfacet
  facet normal -0.688631 -0.527783 0.497225
    outer loop
      vertex 24.6646 -69.0601 1.4
      vertex 24.7195 -69.0805 1.45438
      vertex 24.6565 -68.9983 1.45438
    endloop
  endfacet
  facet normal -0.68844 -0.52845 0.496781
    outer loop
      vertex 24.7195 -69.0805 1.45438
      vertex 24.6646 -69.0601 1.4
      vertex 24.6973 -69.1027 1.4
    endloop
  endfacet
  facet normal 0.332188 -0.80204 0.496369
    outer loop
      vertex 25.1644 -69.1913 1.4
      vertex 25.1027 -69.1832 1.45438
      vertex 25.1108 -69.2135 1.4
    endloop
  endfacet
  facet normal 0.332803 -0.801411 0.496973
    outer loop
      vertex 25.1644 -69.1913 1.4
      vertex 25.1983 -69.1435 1.45438
      vertex 25.1027 -69.1832 1.45438
    endloop
  endfacet
  facet normal 0.332844 -0.80141 0.496947
    outer loop
      vertex 25.1983 -69.1435 1.45438
      vertex 25.1644 -69.1913 1.4
      vertex 25.214 -69.1707 1.4
    endloop
  endfacet
  facet normal 0.192514 -0.464821 0.864222
    outer loop
      vertex 25.1522 -69.0636 1.54668
      vertex 25.0495 -68.9848 1.61194
      vertex 25.0788 -69.094 1.54668
    endloop
  endfacet
  facet normal 0.258338 -0.0351584 0.965415
    outer loop
      vertex 25.0653 -68.8 1.64572
      vertex 25.063 -68.8169 1.64572
      vertex 25.1848 -68.8495 1.61194
    endloop
  endfacet
  facet normal 0.655928 -0.271665 0.704242
    outer loop
      vertex 25.294 -68.8788 1.54668
      vertex 25.2636 -68.9522 1.54668
      vertex 25.3832 -68.9027 1.45438
    endloop
  endfacet
  facet normal 0.159092 0.206513 0.965423
    outer loop
      vertex 25.1353 -68.6647 1.61194
      vertex 25.0326 -68.7435 1.64572
      vertex 25.0461 -68.7539 1.64572
    endloop
  endfacet
  facet normal -0.49888 0.0655095 0.864192
    outer loop
      vertex 24.8152 -68.7505 1.61194
      vertex 24.706 -68.7212 1.54668
      vertex 24.8087 -68.8 1.61194
    endloop
  endfacet
  facet normal -0.158775 -0.206825 0.965409
    outer loop
      vertex 24.9539 -68.8461 1.64572
      vertex 24.8647 -68.9353 1.61194
      vertex 24.9043 -68.9657 1.61194
    endloop
  endfacet
  facet normal -0.52845 -0.68844 0.496781
    outer loop
      vertex 24.7399 -69.1354 1.4
      vertex 24.7195 -69.0805 1.45438
      vertex 24.6973 -69.1027 1.4
    endloop
  endfacet
  facet normal -0.527783 -0.688631 0.497225
    outer loop
      vertex 24.7195 -69.0805 1.45438
      vertex 24.7399 -69.1354 1.4
      vertex 24.8017 -69.1435 1.45438
    endloop
  endfacet
  facet normal -0.1131 -0.8604 0.496911
    outer loop
      vertex 24.9467 -69.2211 1.4
      vertex 25 -69.1967 1.45438
      vertex 24.8973 -69.1832 1.45438
    endloop
  endfacet
  facet normal -0.113005 -0.860453 0.496841
    outer loop
      vertex 25 -69.1967 1.45438
      vertex 24.9467 -69.2211 1.4
      vertex 25 -69.2281 1.4
    endloop
  endfacet
  facet normal 0.0928929 -0.703842 0.704256
    outer loop
      vertex 25.0788 -69.094 1.54668
      vertex 25 -69.1044 1.54668
      vertex 25.1027 -69.1832 1.45438
    endloop
  endfacet
  facet normal 0.80176 0.332072 0.4969
    outer loop
      vertex 25.3707 -68.586 1.4
      vertex 25.3435 -68.6017 1.45438
      vertex 25.3929 -68.6396 1.4
    endloop
  endfacet
  facet normal -0.192514 0.464821 0.864222
    outer loop
      vertex 24.9212 -68.506 1.54668
      vertex 24.8478 -68.5364 1.54668
      vertex 24.9505 -68.6152 1.61194
    endloop
  endfacet
  facet normal -0.306443 0.399183 0.864144
    outer loop
      vertex 24.9043 -68.6343 1.61194
      vertex 24.8478 -68.5364 1.54668
      vertex 24.8647 -68.6647 1.61194
    endloop
  endfacet
  facet normal -0.113005 0.860453 0.496841
    outer loop
      vertex 24.9467 -68.3789 1.4
      vertex 25 -68.4033 1.45438
      vertex 25 -68.3719 1.4
    endloop
  endfacet
  facet normal -0.1131 0.8604 0.496911
    outer loop
      vertex 25 -68.4033 1.45438
      vertex 24.9467 -68.3789 1.4
      vertex 24.8973 -68.4168 1.45438
    endloop
  endfacet
  facet normal -0.0658321 0.498805 0.864211
    outer loop
      vertex 25 -68.4956 1.54668
      vertex 24.9212 -68.506 1.54668
      vertex 24.9505 -68.6152 1.61194
    endloop
  endfacet
  facet normal 0.527802 0.688656 0.497169
    outer loop
      vertex 25.2567 -68.462 1.4
      vertex 25.1983 -68.4565 1.45438
      vertex 25.2805 -68.5195 1.45438
    endloop
  endfacet
  facet normal 0.527616 0.688966 0.496937
    outer loop
      vertex 25.1983 -68.4565 1.45438
      vertex 25.2567 -68.462 1.4
      vertex 25.214 -68.4293 1.4
    endloop
  endfacet
  facet normal 0.332072 0.80176 0.4969
    outer loop
      vertex 25.214 -68.4293 1.4
      vertex 25.1604 -68.4071 1.4
      vertex 25.1983 -68.4565 1.45438
    endloop
  endfacet
  facet normal -0.562971 0.432505 0.704275
    outer loop
      vertex 24.7848 -68.5848 1.54668
      vertex 24.7195 -68.5195 1.45438
      vertex 24.7364 -68.6478 1.54668
    endloop
  endfacet
  facet normal -0.306636 0.399134 0.864098
    outer loop
      vertex 24.8478 -68.5364 1.54668
      vertex 24.7848 -68.5848 1.54668
      vertex 24.8647 -68.6647 1.61194
    endloop
  endfacet
  facet normal -0.655978 0.272409 0.703908
    outer loop
      vertex 24.6565 -68.6017 1.45438
      vertex 24.6168 -68.6973 1.45438
      vertex 24.7364 -68.6478 1.54668
    endloop
  endfacet
  facet normal -0.801741 0.332981 0.496321
    outer loop
      vertex 24.6168 -68.6973 1.45438
      vertex 24.6071 -68.6396 1.4
      vertex 24.5865 -68.6892 1.4
    endloop
  endfacet
  facet normal -0.801769 0.332952 0.496295
    outer loop
      vertex 24.6071 -68.6396 1.4
      vertex 24.6168 -68.6973 1.45438
      vertex 24.6565 -68.6017 1.45438
    endloop
  endfacet
  facet normal 0.80176 -0.332072 0.4969
    outer loop
      vertex 25.3929 -68.9604 1.4
      vertex 25.3435 -68.9983 1.45438
      vertex 25.3707 -69.014 1.4
    endloop
  endfacet
  facet normal 0.801741 -0.332981 0.496321
    outer loop
      vertex 25.3832 -68.9027 1.45438
      vertex 25.3929 -68.9604 1.4
      vertex 25.4135 -68.9108 1.4
    endloop
  endfacet
  facet normal 0.801769 -0.332952 0.496295
    outer loop
      vertex 25.3929 -68.9604 1.4
      vertex 25.3832 -68.9027 1.45438
      vertex 25.3435 -68.9983 1.45438
    endloop
  endfacet
  facet normal -0.159192 -0.206644 0.965379
    outer loop
      vertex 24.9539 -68.8461 1.64572
      vertex 24.9043 -68.9657 1.61194
      vertex 24.9674 -68.8565 1.64572
    endloop
  endfacet
  facet normal -0.0997699 -0.240983 0.965388
    outer loop
      vertex 24.9674 -68.8565 1.64572
      vertex 24.9043 -68.9657 1.61194
      vertex 24.9831 -68.863 1.64572
    endloop
  endfacet
  facet normal 0.432103 0.563791 0.703866
    outer loop
      vertex 25.1983 -68.4565 1.45438
      vertex 25.1522 -68.5364 1.54668
      vertex 25.2805 -68.5195 1.45438
    endloop
  endfacet
  facet normal 0.271808 0.656274 0.703864
    outer loop
      vertex 25.1983 -68.4565 1.45438
      vertex 25.0788 -68.506 1.54668
      vertex 25.1522 -68.5364 1.54668
    endloop
  endfacet
  facet normal 0.258647 0.0339637 0.965375
    outer loop
      vertex 25.1848 -68.7505 1.61194
      vertex 25.063 -68.7831 1.64572
      vertex 25.1913 -68.8 1.61194
    endloop
  endfacet
  facet normal 0.241064 0.0996605 0.965379
    outer loop
      vertex 25.1657 -68.7043 1.61194
      vertex 25.063 -68.7831 1.64572
      vertex 25.1848 -68.7505 1.61194
    endloop
  endfacet
  facet normal -0.332072 0.80176 0.4969
    outer loop
      vertex 24.8396 -68.4071 1.4
      vertex 24.786 -68.4293 1.4
      vertex 24.8017 -68.4565 1.45438
    endloop
  endfacet
  facet normal -0.258801 -0.033984 0.965333
    outer loop
      vertex 24.9347 -68.8 1.64572
      vertex 24.8087 -68.8 1.61194
      vertex 24.8152 -68.8495 1.61194
    endloop
  endfacet
  facet normal 0.240983 0.0997699 0.965388
    outer loop
      vertex 25.1657 -68.7043 1.61194
      vertex 25.0565 -68.7674 1.64572
      vertex 25.063 -68.7831 1.64572
    endloop
  endfacet
  facet normal -0.399134 -0.306636 0.864098
    outer loop
      vertex 24.8647 -68.9353 1.61194
      vertex 24.7364 -68.9522 1.54668
      vertex 24.7848 -69.0152 1.54668
    endloop
  endfacet
  facet normal -0.399183 -0.306443 0.864144
    outer loop
      vertex 24.8343 -68.8957 1.61194
      vertex 24.7364 -68.9522 1.54668
      vertex 24.8647 -68.9353 1.61194
    endloop
  endfacet
  facet normal -0.0655095 -0.49888 0.864192
    outer loop
      vertex 24.9505 -68.9848 1.61194
      vertex 24.9212 -69.094 1.54668
      vertex 25 -68.9913 1.61194
    endloop
  endfacet
  facet normal -0.432784 -0.563335 0.703812
    outer loop
      vertex 24.8478 -69.0636 1.54668
      vertex 24.7848 -69.0152 1.54668
      vertex 24.8017 -69.1435 1.45438
    endloop
  endfacet
  facet normal -0.431888 -0.563511 0.704221
    outer loop
      vertex 24.7848 -69.0152 1.54668
      vertex 24.7195 -69.0805 1.45438
      vertex 24.8017 -69.1435 1.45438
    endloop
  endfacet
  facet normal -0.563511 -0.431888 0.704221
    outer loop
      vertex 24.7848 -69.0152 1.54668
      vertex 24.6565 -68.9983 1.45438
      vertex 24.7195 -69.0805 1.45438
    endloop
  endfacet
  facet normal -0.0925508 -0.704072 0.704072
    outer loop
      vertex 25 -69.1044 1.54668
      vertex 24.8973 -69.1832 1.45438
      vertex 25 -69.1967 1.45438
    endloop
  endfacet
  facet normal 0.113005 -0.860453 0.496841
    outer loop
      vertex 25.0533 -69.2211 1.4
      vertex 25 -69.1967 1.45438
      vertex 25 -69.2281 1.4
    endloop
  endfacet
  facet normal 0.1131 -0.8604 0.496911
    outer loop
      vertex 25 -69.1967 1.45438
      vertex 25.0533 -69.2211 1.4
      vertex 25.1027 -69.1832 1.45438
    endloop
  endfacet
  facet normal 0.0658178 -0.498696 0.864274
    outer loop
      vertex 25.0788 -69.094 1.54668
      vertex 25 -68.9913 1.61194
      vertex 25 -69.1044 1.54668
    endloop
  endfacet
  facet normal -0.0658178 -0.498696 0.864274
    outer loop
      vertex 25 -68.9913 1.61194
      vertex 24.9212 -69.094 1.54668
      vertex 25 -69.1044 1.54668
    endloop
  endfacet
  facet normal 0.563335 -0.432784 0.703812
    outer loop
      vertex 25.2636 -68.9522 1.54668
      vertex 25.2152 -69.0152 1.54668
      vertex 25.3435 -68.9983 1.45438
    endloop
  endfacet
  facet normal 0.399134 -0.306636 0.864098
    outer loop
      vertex 25.2636 -68.9522 1.54668
      vertex 25.1353 -68.9353 1.61194
      vertex 25.2152 -69.0152 1.54668
    endloop
  endfacet
  facet normal 0.49888 -0.0655095 0.864192
    outer loop
      vertex 25.1913 -68.8 1.61194
      vertex 25.1848 -68.8495 1.61194
      vertex 25.294 -68.8788 1.54668
    endloop
  endfacet
  facet normal -0.206644 -0.159192 0.965379
    outer loop
      vertex 24.9435 -68.8326 1.64572
      vertex 24.8343 -68.8957 1.61194
      vertex 24.9539 -68.8461 1.64572
    endloop
  endfacet
  facet normal -0.206825 0.158775 0.965409
    outer loop
      vertex 24.8647 -68.6647 1.61194
      vertex 24.8343 -68.7043 1.61194
      vertex 24.9539 -68.7539 1.64572
    endloop
  endfacet
  facet normal 0.704072 0.0925508 0.704072
    outer loop
      vertex 25.3832 -68.6973 1.45438
      vertex 25.3044 -68.8 1.54668
      vertex 25.3967 -68.8 1.45438
    endloop
  endfacet
  facet normal 0.801769 0.332952 0.496295
    outer loop
      vertex 25.3832 -68.6973 1.45438
      vertex 25.3929 -68.6396 1.4
      vertex 25.3435 -68.6017 1.45438
    endloop
  endfacet
  facet normal 0.801741 0.332981 0.496321
    outer loop
      vertex 25.3929 -68.6396 1.4
      vertex 25.3832 -68.6973 1.45438
      vertex 25.4135 -68.6892 1.4
    endloop
  endfacet
  facet normal 0.19227 0.465072 0.864141
    outer loop
      vertex 25.1522 -68.5364 1.54668
      vertex 25.0495 -68.6152 1.61194
      vertex 25.0957 -68.6343 1.61194
    endloop
  endfacet
  facet normal 0.192514 0.464821 0.864222
    outer loop
      vertex 25.0788 -68.506 1.54668
      vertex 25.0495 -68.6152 1.61194
      vertex 25.1522 -68.5364 1.54668
    endloop
  endfacet
  facet normal -0.498696 -0.0658178 0.864274
    outer loop
      vertex 24.8087 -68.8 1.61194
      vertex 24.6956 -68.8 1.54668
      vertex 24.706 -68.8788 1.54668
    endloop
  endfacet
  facet normal -0.703842 0.0928929 0.704256
    outer loop
      vertex 24.706 -68.7212 1.54668
      vertex 24.6168 -68.6973 1.45438
      vertex 24.6956 -68.8 1.54668
    endloop
  endfacet
  facet normal 0.206644 -0.159192 0.965379
    outer loop
      vertex 25.0565 -68.8326 1.64572
      vertex 25.0461 -68.8461 1.64572
      vertex 25.1657 -68.8957 1.61194
    endloop
  endfacet
  facet normal 0.498696 -0.0658178 0.864274
    outer loop
      vertex 25.3044 -68.8 1.54668
      vertex 25.1913 -68.8 1.61194
      vertex 25.294 -68.8788 1.54668
    endloop
  endfacet
  facet normal 0.306636 0.399134 0.864098
    outer loop
      vertex 25.1522 -68.5364 1.54668
      vertex 25.1353 -68.6647 1.61194
      vertex 25.2152 -68.5848 1.54668
    endloop
  endfacet
  facet normal 0.306443 0.399183 0.864144
    outer loop
      vertex 25.1522 -68.5364 1.54668
      vertex 25.0957 -68.6343 1.61194
      vertex 25.1353 -68.6647 1.61194
    endloop
  endfacet
  facet normal 0.206644 0.159192 0.965379
    outer loop
      vertex 25.1657 -68.7043 1.61194
      vertex 25.0461 -68.7539 1.64572
      vertex 25.0565 -68.7674 1.64572
    endloop
  endfacet
  facet normal -0.25879 0.0352199 0.965291
    outer loop
      vertex 24.937 -68.7831 1.64572
      vertex 24.8087 -68.8 1.61194
      vertex 24.9347 -68.8 1.64572
    endloop
  endfacet
  facet normal -0.113746 0.860581 0.49645
    outer loop
      vertex 24.9467 -68.3789 1.4
      vertex 24.8892 -68.3865 1.4
      vertex 24.8973 -68.4168 1.45438
    endloop
  endfacet
  facet normal -0.332981 0.801741 0.496321
    outer loop
      vertex 24.8396 -68.4071 1.4
      vertex 24.8973 -68.4168 1.45438
      vertex 24.8892 -68.3865 1.4
    endloop
  endfacet
  facet normal -0.332952 0.801769 0.496295
    outer loop
      vertex 24.8973 -68.4168 1.45438
      vertex 24.8396 -68.4071 1.4
      vertex 24.8017 -68.4565 1.45438
    endloop
  endfacet
  facet normal -0.49888 -0.0655095 0.864192
    outer loop
      vertex 24.8087 -68.8 1.61194
      vertex 24.706 -68.8788 1.54668
      vertex 24.8152 -68.8495 1.61194
    endloop
  endfacet
  facet normal -0.464915 -0.192205 0.86424
    outer loop
      vertex 24.8152 -68.8495 1.61194
      vertex 24.706 -68.8788 1.54668
      vertex 24.8343 -68.8957 1.61194
    endloop
  endfacet
  facet normal -0.563335 -0.432784 0.703812
    outer loop
      vertex 24.7364 -68.9522 1.54668
      vertex 24.6565 -68.9983 1.45438
      vertex 24.7848 -69.0152 1.54668
    endloop
  endfacet
  facet normal -0.655978 -0.272409 0.703908
    outer loop
      vertex 24.7364 -68.9522 1.54668
      vertex 24.6168 -68.9027 1.45438
      vertex 24.6565 -68.9983 1.45438
    endloop
  endfacet
  facet normal 0.0655095 -0.49888 0.864192
    outer loop
      vertex 25.0495 -68.9848 1.61194
      vertex 25 -68.9913 1.61194
      vertex 25.0788 -69.094 1.54668
    endloop
  endfacet
  facet normal 0.271808 -0.656274 0.703864
    outer loop
      vertex 25.1522 -69.0636 1.54668
      vertex 25.0788 -69.094 1.54668
      vertex 25.1983 -69.1435 1.45438
    endloop
  endfacet
  facet normal -0.306443 -0.399183 0.864144
    outer loop
      vertex 24.8647 -68.9353 1.61194
      vertex 24.8478 -69.0636 1.54668
      vertex 24.9043 -68.9657 1.61194
    endloop
  endfacet
  facet normal -0.192514 -0.464821 0.864222
    outer loop
      vertex 24.9505 -68.9848 1.61194
      vertex 24.8478 -69.0636 1.54668
      vertex 24.9212 -69.094 1.54668
    endloop
  endfacet
  facet normal -0.332844 -0.80141 0.496947
    outer loop
      vertex 24.8356 -69.1913 1.4
      vertex 24.8017 -69.1435 1.45438
      vertex 24.786 -69.1707 1.4
    endloop
  endfacet
  facet normal -0.332803 -0.801411 0.496973
    outer loop
      vertex 24.8017 -69.1435 1.45438
      vertex 24.8356 -69.1913 1.4
      vertex 24.8973 -69.1832 1.45438
    endloop
  endfacet
  facet normal -0.272299 -0.655712 0.704198
    outer loop
      vertex 24.9212 -69.094 1.54668
      vertex 24.8017 -69.1435 1.45438
      vertex 24.8973 -69.1832 1.45438
    endloop
  endfacet
  facet normal -0.688992 -0.52758 0.49694
    outer loop
      vertex 24.6565 -68.9983 1.45438
      vertex 24.6293 -69.014 1.4
      vertex 24.6646 -69.0601 1.4
    endloop
  endfacet
  facet normal 0.432784 -0.563335 0.703812
    outer loop
      vertex 25.2152 -69.0152 1.54668
      vertex 25.1522 -69.0636 1.54668
      vertex 25.1983 -69.1435 1.45438
    endloop
  endfacet
  facet normal 0.464915 -0.192205 0.86424
    outer loop
      vertex 25.1848 -68.8495 1.61194
      vertex 25.1657 -68.8957 1.61194
      vertex 25.294 -68.8788 1.54668
    endloop
  endfacet
  facet normal 0.563511 -0.431888 0.704221
    outer loop
      vertex 25.3435 -68.9983 1.45438
      vertex 25.2152 -69.0152 1.54668
      vertex 25.2805 -69.0805 1.45438
    endloop
  endfacet
  facet normal 0.431888 -0.563511 0.704221
    outer loop
      vertex 25.2152 -69.0152 1.54668
      vertex 25.1983 -69.1435 1.45438
      vertex 25.2805 -69.0805 1.45438
    endloop
  endfacet
  facet normal 0.258801 -0.033984 0.965333
    outer loop
      vertex 25.1913 -68.8 1.61194
      vertex 25.0653 -68.8 1.64572
      vertex 25.1848 -68.8495 1.61194
    endloop
  endfacet
  facet normal 0.0997887 0.241028 0.965374
    outer loop
      vertex 25.0495 -68.6152 1.61194
      vertex 25.0169 -68.737 1.64572
      vertex 25.0326 -68.7435 1.64572
    endloop
  endfacet
  facet normal 0.0351584 0.258338 0.965415
    outer loop
      vertex 25.0495 -68.6152 1.61194
      vertex 25 -68.7347 1.64572
      vertex 25.0169 -68.737 1.64572
    endloop
  endfacet
  facet normal -0.258338 -0.0351584 0.965415
    outer loop
      vertex 24.9347 -68.8 1.64572
      vertex 24.8152 -68.8495 1.61194
      vertex 24.937 -68.8169 1.64572
    endloop
  endfacet
  facet normal -0.241064 -0.0996605 0.965379
    outer loop
      vertex 24.937 -68.8169 1.64572
      vertex 24.8152 -68.8495 1.61194
      vertex 24.8343 -68.8957 1.61194
    endloop
  endfacet
  facet normal -0.240983 0.0997699 0.965388
    outer loop
      vertex 24.9435 -68.7674 1.64572
      vertex 24.8343 -68.7043 1.61194
      vertex 24.937 -68.7831 1.64572
    endloop
  endfacet
  facet normal -0.159092 0.206513 0.965423
    outer loop
      vertex 24.9674 -68.7435 1.64572
      vertex 24.8647 -68.6647 1.61194
      vertex 24.9539 -68.7539 1.64572
    endloop
  endfacet
  facet normal 0.860382 0.11372 0.4968
    outer loop
      vertex 25.4205 -68.7425 1.4
      vertex 25.3967 -68.8 1.45438
      vertex 25.4281 -68.8 1.4
    endloop
  endfacet
  facet normal 0.033984 0.258801 0.965333
    outer loop
      vertex 25.0495 -68.6152 1.61194
      vertex 25 -68.6087 1.61194
      vertex 25 -68.7347 1.64572
    endloop
  endfacet
  facet normal 0.0658321 0.498805 0.864211
    outer loop
      vertex 25.0788 -68.506 1.54668
      vertex 25 -68.4956 1.54668
      vertex 25.0495 -68.6152 1.61194
    endloop
  endfacet
  facet normal -0.498696 0.0658178 0.864274
    outer loop
      vertex 24.706 -68.7212 1.54668
      vertex 24.6956 -68.8 1.54668
      vertex 24.8087 -68.8 1.61194
    endloop
  endfacet
  facet normal -0.464915 0.192205 0.86424
    outer loop
      vertex 24.8343 -68.7043 1.61194
      vertex 24.706 -68.7212 1.54668
      vertex 24.8152 -68.7505 1.61194
    endloop
  endfacet
  facet normal 0.49888 0.0655095 0.864192
    outer loop
      vertex 25.294 -68.7212 1.54668
      vertex 25.1848 -68.7505 1.61194
      vertex 25.1913 -68.8 1.61194
    endloop
  endfacet
  facet normal 0.464915 0.192205 0.86424
    outer loop
      vertex 25.294 -68.7212 1.54668
      vertex 25.1657 -68.7043 1.61194
      vertex 25.1848 -68.7505 1.61194
    endloop
  endfacet
  facet normal 0.46492 -0.192555 0.86416
    outer loop
      vertex 25.294 -68.8788 1.54668
      vertex 25.1657 -68.8957 1.61194
      vertex 25.2636 -68.9522 1.54668
    endloop
  endfacet
  facet normal 0.306636 -0.399134 0.864098
    outer loop
      vertex 25.2152 -69.0152 1.54668
      vertex 25.1353 -68.9353 1.61194
      vertex 25.1522 -69.0636 1.54668
    endloop
  endfacet
  facet normal 0.206825 0.158775 0.965409
    outer loop
      vertex 25.1353 -68.6647 1.61194
      vertex 25.0461 -68.7539 1.64572
      vertex 25.1657 -68.7043 1.61194
    endloop
  endfacet
  facet normal 0.399183 0.306443 0.864144
    outer loop
      vertex 25.2636 -68.6478 1.54668
      vertex 25.1353 -68.6647 1.61194
      vertex 25.1657 -68.7043 1.61194
    endloop
  endfacet
  facet normal 0.0996605 -0.241064 0.965379
    outer loop
      vertex 25.0957 -68.9657 1.61194
      vertex 25.0169 -68.863 1.64572
      vertex 25.0495 -68.9848 1.61194
    endloop
  endfacet
  facet normal -0.19227 -0.465072 0.864141
    outer loop
      vertex 24.9043 -68.9657 1.61194
      vertex 24.8478 -69.0636 1.54668
      vertex 24.9505 -68.9848 1.61194
    endloop
  endfacet
  facet normal -0.0996605 -0.241064 0.965379
    outer loop
      vertex 24.9831 -68.863 1.64572
      vertex 24.9043 -68.9657 1.61194
      vertex 24.9505 -68.9848 1.61194
    endloop
  endfacet
  facet normal 0.033984 -0.258801 0.965333
    outer loop
      vertex 25.0495 -68.9848 1.61194
      vertex 25 -68.8653 1.64572
      vertex 25 -68.9913 1.61194
    endloop
  endfacet
  facet normal -0.240983 -0.0997699 0.965388
    outer loop
      vertex 24.937 -68.8169 1.64572
      vertex 24.8343 -68.8957 1.61194
      vertex 24.9435 -68.8326 1.64572
    endloop
  endfacet
  facet normal 0 0 1
    outer loop
      vertex 25.063 -68.7831 1.64572
      vertex 25.063 -68.8169 1.64572
      vertex 25.0653 -68.8 1.64572
    endloop
  endfacet
  facet normal 0 0 1
    outer loop
      vertex 25.0565 -68.7674 1.64572
      vertex 25.063 -68.8169 1.64572
      vertex 25.063 -68.7831 1.64572
    endloop
  endfacet
  facet normal 0 0 1
    outer loop
      vertex 25.0565 -68.7674 1.64572
      vertex 25.0565 -68.8326 1.64572
      vertex 25.063 -68.8169 1.64572
    endloop
  endfacet
  facet normal 0 0 1
    outer loop
      vertex 25.0461 -68.7539 1.64572
      vertex 25.0565 -68.8326 1.64572
      vertex 25.0565 -68.7674 1.64572
    endloop
  endfacet
  facet normal 0 0 1
    outer loop
      vertex 25.0461 -68.7539 1.64572
      vertex 25.0461 -68.8461 1.64572
      vertex 25.0565 -68.8326 1.64572
    endloop
  endfacet
  facet normal 0 0 1
    outer loop
      vertex 25.0326 -68.7435 1.64572
      vertex 25.0461 -68.8461 1.64572
      vertex 25.0461 -68.7539 1.64572
    endloop
  endfacet
  facet normal 0 0 1
    outer loop
      vertex 25.0326 -68.7435 1.64572
      vertex 25.0326 -68.8565 1.64572
      vertex 25.0461 -68.8461 1.64572
    endloop
  endfacet
  facet normal 0 0 1
    outer loop
      vertex 25.0169 -68.737 1.64572
      vertex 25.0326 -68.8565 1.64572
      vertex 25.0326 -68.7435 1.64572
    endloop
  endfacet
  facet normal 0 0 1
    outer loop
      vertex 25.0169 -68.737 1.64572
      vertex 25.0169 -68.863 1.64572
      vertex 25.0326 -68.8565 1.64572
    endloop
  endfacet
  facet normal 0 0 1
    outer loop
      vertex 25 -68.7347 1.64572
      vertex 25.0169 -68.863 1.64572
      vertex 25.0169 -68.737 1.64572
    endloop
  endfacet
  facet normal 0 0 1
    outer loop
      vertex 25 -68.7347 1.64572
      vertex 25 -68.8653 1.64572
      vertex 25.0169 -68.863 1.64572
    endloop
  endfacet
  facet normal -0 0 1
    outer loop
      vertex 24.9831 -68.737 1.64572
      vertex 25 -68.8653 1.64572
      vertex 25 -68.7347 1.64572
    endloop
  endfacet
  facet normal 0 0 1
    outer loop
      vertex 24.9831 -68.737 1.64572
      vertex 24.9831 -68.863 1.64572
      vertex 25 -68.8653 1.64572
    endloop
  endfacet
  facet normal -0 0 1
    outer loop
      vertex 24.9674 -68.7435 1.64572
      vertex 24.9831 -68.863 1.64572
      vertex 24.9831 -68.737 1.64572
    endloop
  endfacet
  facet normal 0 0 1
    outer loop
      vertex 24.9674 -68.7435 1.64572
      vertex 24.9674 -68.8565 1.64572
      vertex 24.9831 -68.863 1.64572
    endloop
  endfacet
  facet normal -0 0 1
    outer loop
      vertex 24.9539 -68.7539 1.64572
      vertex 24.9674 -68.8565 1.64572
      vertex 24.9674 -68.7435 1.64572
    endloop
  endfacet
  facet normal 0 0 1
    outer loop
      vertex 24.9539 -68.7539 1.64572
      vertex 24.9539 -68.8461 1.64572
      vertex 24.9674 -68.8565 1.64572
    endloop
  endfacet
  facet normal -0 0 1
    outer loop
      vertex 24.9435 -68.7674 1.64572
      vertex 24.9539 -68.8461 1.64572
      vertex 24.9539 -68.7539 1.64572
    endloop
  endfacet
  facet normal 0 0 1
    outer loop
      vertex 24.9435 -68.7674 1.64572
      vertex 24.9435 -68.8326 1.64572
      vertex 24.9539 -68.8461 1.64572
    endloop
  endfacet
  facet normal -0 0 1
    outer loop
      vertex 24.937 -68.7831 1.64572
      vertex 24.9435 -68.8326 1.64572
      vertex 24.9435 -68.7674 1.64572
    endloop
  endfacet
  facet normal 0 0 1
    outer loop
      vertex 24.937 -68.7831 1.64572
      vertex 24.937 -68.8169 1.64572
      vertex 24.9435 -68.8326 1.64572
    endloop
  endfacet
  facet normal 0 -0 1
    outer loop
      vertex 24.937 -68.8169 1.64572
      vertex 24.937 -68.7831 1.64572
      vertex 24.9347 -68.8 1.64572
    endloop
  endfacet
  facet normal -0.206644 0.159192 0.965379
    outer loop
      vertex 24.9539 -68.7539 1.64572
      vertex 24.8343 -68.7043 1.61194
      vertex 24.9435 -68.7674 1.64572
    endloop
  endfacet
  facet normal -0.399134 0.306636 0.864098
    outer loop
      vertex 24.7848 -68.5848 1.54668
      vertex 24.7364 -68.6478 1.54668
      vertex 24.8647 -68.6647 1.61194
    endloop
  endfacet
  facet normal -0.399183 0.306443 0.864144
    outer loop
      vertex 24.8647 -68.6647 1.61194
      vertex 24.7364 -68.6478 1.54668
      vertex 24.8343 -68.7043 1.61194
    endloop
  endfacet
  facet normal 0.0351584 -0.258338 0.965415
    outer loop
      vertex 25.0169 -68.863 1.64572
      vertex 25 -68.8653 1.64572
      vertex 25.0495 -68.9848 1.61194
    endloop
  endfacet
  facet normal -0.033984 -0.258801 0.965333
    outer loop
      vertex 25 -68.8653 1.64572
      vertex 24.9505 -68.9848 1.61194
      vertex 25 -68.9913 1.61194
    endloop
  endfacet
  facet normal 0.860382 -0.11372 0.4968
    outer loop
      vertex 25.4281 -68.8 1.4
      vertex 25.3967 -68.8 1.45438
      vertex 25.4205 -68.8575 1.4
    endloop
  endfacet
  facet normal -0.0654868 0.498707 0.864293
    outer loop
      vertex 25 -68.4956 1.54668
      vertex 24.9505 -68.6152 1.61194
      vertex 25 -68.6087 1.61194
    endloop
  endfacet
  facet normal -0.033984 0.258801 0.965333
    outer loop
      vertex 25 -68.6087 1.61194
      vertex 24.9505 -68.6152 1.61194
      vertex 25 -68.7347 1.64572
    endloop
  endfacet
  facet normal -0.258647 0.0339637 0.965375
    outer loop
      vertex 24.8152 -68.7505 1.61194
      vertex 24.8087 -68.8 1.61194
      vertex 24.937 -68.7831 1.64572
    endloop
  endfacet
  facet normal -0.241064 0.0996605 0.965379
    outer loop
      vertex 24.8343 -68.7043 1.61194
      vertex 24.8152 -68.7505 1.61194
      vertex 24.937 -68.7831 1.64572
    endloop
  endfacet
  facet normal 0.240983 -0.0997699 0.965388
    outer loop
      vertex 25.063 -68.8169 1.64572
      vertex 25.0565 -68.8326 1.64572
      vertex 25.1657 -68.8957 1.61194
    endloop
  endfacet
  facet normal 0.158775 -0.206825 0.965409
    outer loop
      vertex 25.1353 -68.9353 1.61194
      vertex 25.0461 -68.8461 1.64572
      vertex 25.0957 -68.9657 1.61194
    endloop
  endfacet
  facet normal 0.0997699 -0.240983 0.965388
    outer loop
      vertex 25.0326 -68.8565 1.64572
      vertex 25.0169 -68.863 1.64572
      vertex 25.0957 -68.9657 1.61194
    endloop
  endfacet
  facet normal -0.0996541 0.241048 0.965383
    outer loop
      vertex 24.9505 -68.6152 1.61194
      vertex 24.9043 -68.6343 1.61194
      vertex 24.9674 -68.7435 1.64572
    endloop
  endfacet
  facet normal -0.19227 0.465072 0.864141
    outer loop
      vertex 24.9505 -68.6152 1.61194
      vertex 24.8478 -68.5364 1.54668
      vertex 24.9043 -68.6343 1.61194
    endloop
  endfacet
  facet normal 0.206825 -0.158775 0.965409
    outer loop
      vertex 25.1657 -68.8957 1.61194
      vertex 25.0461 -68.8461 1.64572
      vertex 25.1353 -68.9353 1.61194
    endloop
  endfacet
  facet normal 0.399183 -0.306443 0.864144
    outer loop
      vertex 25.1657 -68.8957 1.61194
      vertex 25.1353 -68.9353 1.61194
      vertex 25.2636 -68.9522 1.54668
    endloop
  endfacet
endsolid OpenSCAD_Model
