solid OpenSCAD_Model
  facet normal 0.0489209 -0.998803 0
    outer loop
      vertex 40.55 -68 0
      vertex 40.746 -67.9904 1.80397
      vertex 40.55 -68 2
    endloop
  endfacet
  facet normal 0.0489209 -0.998803 0
    outer loop
      vertex 40.746 -67.9904 1.80397
      vertex 40.55 -68 0
      vertex 40.746 -67.9904 0
    endloop
  endfacet
  facet normal -0.740908 0.671607 0
    outer loop
      vertex -42.096 71.0688 0.453979
      vertex -41.9642 71.2142 0
      vertex -42.096 71.0688 0
    endloop
  endfacet
  facet normal -0.740908 0.671607 0
    outer loop
      vertex -41.9642 71.2142 0
      vertex -42.096 71.0688 0.453979
      vertex -41.9642 71.2142 0.585785
    endloop
  endfacet
  facet normal -0.514196 0.857673 0
    outer loop
      vertex -41.4928 71.5638 0
      vertex -41.6611 71.4629 0.888855
      vertex -41.4928 71.5638 1.05721
    endloop
  endfacet
  facet normal -0.514196 0.857673 0
    outer loop
      vertex -41.6611 71.4629 0.888855
      vertex -41.4928 71.5638 0
      vertex -41.6611 71.4629 0
    endloop
  endfacet
  facet normal 0.595508 0.80335 0
    outer loop
      vertex 41.6611 71.4629 0
      vertex 41.8188 71.346 0.731216
      vertex 41.8188 71.346 0
    endloop
  endfacet
  facet normal 0.595508 0.80335 0
    outer loop
      vertex 41.8188 71.346 0.731216
      vertex 41.6611 71.4629 0
      vertex 41.6611 71.4629 0.888855
    endloop
  endfacet
  facet normal 0.336788 0.94158 0
    outer loop
      vertex 41.1306 71.7139 0
      vertex 41.3154 71.6478 1.23463
      vertex 41.3154 71.6478 0
    endloop
  endfacet
  facet normal 0.336788 0.94158 0
    outer loop
      vertex 41.3154 71.6478 1.23463
      vertex 41.1306 71.7139 0
      vertex 41.1306 71.7139 1.41943
    endloop
  endfacet
  facet normal 0.243015 0.970023 0
    outer loop
      vertex 40.9402 71.7616 0
      vertex 41.1306 71.7139 1.41943
      vertex 41.1306 71.7139 0
    endloop
  endfacet
  facet normal 0.243015 0.970023 0
    outer loop
      vertex 41.1306 71.7139 1.41943
      vertex 40.9402 71.7616 0
      vertex 40.9402 71.7616 1.60982
    endloop
  endfacet
  facet normal 0 1 -0
    outer loop
      vertex 40.55 71.8 2
      vertex -40.55 71.8 2.8
      vertex 40.55 71.8 2.8
    endloop
  endfacet
  facet normal 0 1 0
    outer loop
      vertex 40.55 71.8 2
      vertex -40.55 71.8 2
      vertex -40.55 71.8 2.8
    endloop
  endfacet
  facet normal 0 1 -0
    outer loop
      vertex 40.55 71.8 0
      vertex -40.55 71.8 2
      vertex 40.55 71.8 2
    endloop
  endfacet
  facet normal 0 1 0
    outer loop
      vertex -40.55 71.8 2
      vertex 40.55 71.8 0
      vertex -40.55 71.8 0
    endloop
  endfacet
  facet normal -0.595508 -0.80335 0
    outer loop
      vertex -41.6611 -67.6629 0
      vertex -41.8188 -67.546 0.731216
      vertex -41.8188 -67.546 0
    endloop
  endfacet
  facet normal -0.595508 -0.80335 0
    outer loop
      vertex -41.8188 -67.546 0.731216
      vertex -41.6611 -67.6629 0
      vertex -41.6611 -67.6629 0.888855
    endloop
  endfacet
  facet normal -0.146696 0.989182 0
    outer loop
      vertex -40.746 71.7904 0
      vertex -40.9402 71.7616 1.60982
      vertex -40.746 71.7904 1.80397
    endloop
  endfacet
  facet normal -0.146696 0.989182 0
    outer loop
      vertex -40.9402 71.7616 1.60982
      vertex -40.746 71.7904 0
      vertex -40.9402 71.7616 0
    endloop
  endfacet
  facet normal -0.427955 0.9038 0
    outer loop
      vertex -41.3154 71.6478 0
      vertex -41.4928 71.5638 1.05721
      vertex -41.3154 71.6478 1.23463
    endloop
  endfacet
  facet normal -0.427955 0.9038 0
    outer loop
      vertex -41.4928 71.5638 1.05721
      vertex -41.3154 71.6478 0
      vertex -41.4928 71.5638 0
    endloop
  endfacet
  facet normal -0.998803 0.0489209 0
    outer loop
      vertex -42.5404 69.996 0
      vertex -42.55 69.8 0
      vertex -42.5404 69.996 0.0096283
    endloop
  endfacet
  facet normal 0 -1 0
    outer loop
      vertex 39.7 -68 2.8
      vertex 40.55 -68 2
      vertex 40.55 -68 2.8
    endloop
  endfacet
  facet normal 0 -1 0
    outer loop
      vertex 39.7 -68 0
      vertex 40.55 -68 2
      vertex 39.7 -68 2.8
    endloop
  endfacet
  facet normal 0 -1 -0
    outer loop
      vertex 40.55 -68 2
      vertex 39.7 -68 0
      vertex 40.55 -68 0
    endloop
  endfacet
  facet normal 0 -1 0
    outer loop
      vertex -40.55 -68 2
      vertex -39.7 -68 2.8
      vertex -40.55 -68 2.8
    endloop
  endfacet
  facet normal 0 -1 0
    outer loop
      vertex -39.7 -68 0
      vertex -40.55 -68 2
      vertex -40.55 -68 0
    endloop
  endfacet
  facet normal 0 -1 0
    outer loop
      vertex -40.55 -68 2
      vertex -39.7 -68 0
      vertex -39.7 -68 2.8
    endloop
  endfacet
  facet normal -0.514196 -0.857673 0
    outer loop
      vertex -41.4928 -67.7638 0
      vertex -41.6611 -67.6629 0.888855
      vertex -41.6611 -67.6629 0
    endloop
  endfacet
  facet normal -0.514196 -0.857673 0
    outer loop
      vertex -41.6611 -67.6629 0.888855
      vertex -41.4928 -67.7638 0
      vertex -41.4928 -67.7638 1.05721
    endloop
  endfacet
  facet normal 0.514196 0.857673 0
    outer loop
      vertex 41.4928 71.5638 0
      vertex 41.6611 71.4629 0.888855
      vertex 41.6611 71.4629 0
    endloop
  endfacet
  facet normal 0.514196 0.857673 0
    outer loop
      vertex 41.6611 71.4629 0.888855
      vertex 41.4928 71.5638 0
      vertex 41.4928 71.5638 1.05721
    endloop
  endfacet
  facet normal -0.942859 -0.333191 -0
    outer loop
      vertex -42.3978 -66.7654 0.152237
      vertex -42.4025 -66.7521 0.147489
      vertex -42.3978 -66.7654 0.144301
    endloop
  endfacet
  facet normal 0.671607 0.740908 0
    outer loop
      vertex 41.8188 71.346 0
      vertex 41.9642 71.2142 0.585785
      vertex 41.9642 71.2142 0
    endloop
  endfacet
  facet normal 0.671607 0.740908 0
    outer loop
      vertex 41.9642 71.2142 0.585785
      vertex 41.8188 71.346 0
      vertex 41.8188 71.346 0.731216
    endloop
  endfacet
  facet normal -0.336788 0.94158 0
    outer loop
      vertex -41.1306 71.7139 0
      vertex -41.3154 71.6478 1.23463
      vertex -41.1306 71.7139 1.41943
    endloop
  endfacet
  facet normal -0.336788 0.94158 0
    outer loop
      vertex -41.3154 71.6478 1.23463
      vertex -41.1306 71.7139 0
      vertex -41.3154 71.6478 0
    endloop
  endfacet
  facet normal -0.427955 -0.9038 0
    outer loop
      vertex -41.3154 -67.8478 0
      vertex -41.4928 -67.7638 1.05721
      vertex -41.4928 -67.7638 0
    endloop
  endfacet
  facet normal -0.427955 -0.9038 0
    outer loop
      vertex -41.4928 -67.7638 1.05721
      vertex -41.3154 -67.8478 0
      vertex -41.3154 -67.8478 1.23463
    endloop
  endfacet
  facet normal -0.857673 0.514196 0
    outer loop
      vertex -42.3138 70.7428 0.23616
      vertex -42.2129 70.9111 0
      vertex -42.3138 70.7428 0
    endloop
  endfacet
  facet normal -0.857673 0.514196 0
    outer loop
      vertex -42.2129 70.9111 0
      vertex -42.3138 70.7428 0.23616
      vertex -42.2129 70.9111 0.337067
    endloop
  endfacet
  facet normal 0.970023 0.243015 0
    outer loop
      vertex 42.5116 70.1902 0.0384369
      vertex 42.4639 70.3806 0
      vertex 42.4639 70.3806 0.0861206
    endloop
  endfacet
  facet normal 0.970023 0.243015 0
    outer loop
      vertex 42.4639 70.3806 0
      vertex 42.5116 70.1902 0.0384369
      vertex 42.5116 70.1902 0
    endloop
  endfacet
  facet normal -0.0489209 0.998803 0
    outer loop
      vertex -40.55 71.8 0
      vertex -40.746 71.7904 1.80397
      vertex -40.55 71.8 2
    endloop
  endfacet
  facet normal -0.0489209 0.998803 0
    outer loop
      vertex -40.746 71.7904 1.80397
      vertex -40.55 71.8 0
      vertex -40.746 71.7904 0
    endloop
  endfacet
  facet normal 0.0489209 0.998803 0
    outer loop
      vertex 40.55 71.8 0
      vertex 40.746 71.7904 1.80397
      vertex 40.746 71.7904 0
    endloop
  endfacet
  facet normal 0.0489209 0.998803 0
    outer loop
      vertex 40.746 71.7904 1.80397
      vertex 40.55 71.8 0
      vertex 40.55 71.8 2
    endloop
  endfacet
  facet normal 0.998803 0.0489209 0
    outer loop
      vertex 42.55 69.8 0
      vertex 42.5404 69.996 0
      vertex 42.5404 69.996 0.0096283
    endloop
  endfacet
  facet normal -0.970023 0.243015 0
    outer loop
      vertex -42.5116 70.1902 0.0384369
      vertex -42.4639 70.3806 0
      vertex -42.5116 70.1902 0
    endloop
  endfacet
  facet normal -0.970023 0.243015 0
    outer loop
      vertex -42.4639 70.3806 0
      vertex -42.5116 70.1902 0.0384369
      vertex -42.4639 70.3806 0.0861206
    endloop
  endfacet
  facet normal 0.740908 0.671607 0
    outer loop
      vertex 42.096 71.0688 0.453979
      vertex 41.9642 71.2142 0
      vertex 41.9642 71.2142 0.585785
    endloop
  endfacet
  facet normal 0.740908 0.671607 0
    outer loop
      vertex 41.9642 71.2142 0
      vertex 42.096 71.0688 0.453979
      vertex 42.096 71.0688 0
    endloop
  endfacet
  facet normal -0.0489209 -0.998803 0
    outer loop
      vertex -40.55 -68 0
      vertex -40.746 -67.9904 1.80397
      vertex -40.746 -67.9904 0
    endloop
  endfacet
  facet normal -0.0489209 -0.998803 0
    outer loop
      vertex -40.746 -67.9904 1.80397
      vertex -40.55 -68 0
      vertex -40.55 -68 2
    endloop
  endfacet
  facet normal -0.336788 -0.94158 0
    outer loop
      vertex -41.1306 -67.9139 0
      vertex -41.3154 -67.8478 1.23463
      vertex -41.3154 -67.8478 0
    endloop
  endfacet
  facet normal -0.336788 -0.94158 0
    outer loop
      vertex -41.3154 -67.8478 1.23463
      vertex -41.1306 -67.9139 0
      vertex -41.1306 -67.9139 1.41943
    endloop
  endfacet
  facet normal 0.80335 0.595508 0
    outer loop
      vertex 42.2129 70.9111 0.337067
      vertex 42.096 71.0688 0
      vertex 42.096 71.0688 0.453979
    endloop
  endfacet
  facet normal 0.80335 0.595508 0
    outer loop
      vertex 42.096 71.0688 0
      vertex 42.2129 70.9111 0.337067
      vertex 42.2129 70.9111 0
    endloop
  endfacet
  facet normal -0.671607 0.740908 0
    outer loop
      vertex -41.8188 71.346 0
      vertex -41.9642 71.2142 0.585785
      vertex -41.8188 71.346 0.731216
    endloop
  endfacet
  facet normal -0.671607 0.740908 0
    outer loop
      vertex -41.9642 71.2142 0.585785
      vertex -41.8188 71.346 0
      vertex -41.9642 71.2142 0
    endloop
  endfacet
  facet normal 0.989182 0.146696 0
    outer loop
      vertex 42.5404 69.996 0.0096283
      vertex 42.5116 70.1902 0
      vertex 42.5116 70.1902 0.0384369
    endloop
  endfacet
  facet normal 0.989182 0.146696 0
    outer loop
      vertex 42.5116 70.1902 0
      vertex 42.5404 69.996 0.0096283
      vertex 42.5404 69.996 0
    endloop
  endfacet
  facet normal 0.857673 0.514196 0
    outer loop
      vertex 42.3138 70.7428 0.23616
      vertex 42.2129 70.9111 0
      vertex 42.2129 70.9111 0.337067
    endloop
  endfacet
  facet normal 0.857673 0.514196 0
    outer loop
      vertex 42.2129 70.9111 0
      vertex 42.3138 70.7428 0.23616
      vertex 42.3138 70.7428 0
    endloop
  endfacet
  facet normal 0.94158 0.336788 0
    outer loop
      vertex 42.4639 70.3806 0.0861206
      vertex 42.3978 70.5654 0
      vertex 42.3978 70.5654 0.152237
    endloop
  endfacet
  facet normal 0.94158 0.336788 0
    outer loop
      vertex 42.3978 70.5654 0
      vertex 42.4639 70.3806 0.0861206
      vertex 42.4639 70.3806 0
    endloop
  endfacet
  facet normal 0.514196 -0.857673 0
    outer loop
      vertex 41.4928 -67.7638 0
      vertex 41.6611 -67.6629 0.888855
      vertex 41.4928 -67.7638 1.05721
    endloop
  endfacet
  facet normal 0.514196 -0.857673 0
    outer loop
      vertex 41.6611 -67.6629 0.888855
      vertex 41.4928 -67.7638 0
      vertex 41.6611 -67.6629 0
    endloop
  endfacet
  facet normal -0.989182 0.146696 0
    outer loop
      vertex -42.5404 69.996 0.0096283
      vertex -42.5116 70.1902 0
      vertex -42.5404 69.996 0
    endloop
  endfacet
  facet normal -0.989182 0.146696 0
    outer loop
      vertex -42.5116 70.1902 0
      vertex -42.5404 69.996 0.0096283
      vertex -42.5116 70.1902 0.0384369
    endloop
  endfacet
  facet normal -0.803367 -0.595483 -0.000732773
    outer loop
      vertex -42.096 -67.2688 0
      vertex -42.2129 -67.1111 0.00807262
      vertex -42.2017 -67.1262 0
    endloop
  endfacet
  facet normal -0.80335 -0.595508 0
    outer loop
      vertex -42.2129 -67.1111 0.00807262
      vertex -42.096 -67.2688 0
      vertex -42.2129 -67.1111 0.337067
    endloop
  endfacet
  facet normal -0.80335 -0.595508 0
    outer loop
      vertex -42.2129 -67.1111 0.337067
      vertex -42.096 -67.2688 0
      vertex -42.096 -67.2688 0.453979
    endloop
  endfacet
  facet normal -0.856945 -0.515409 0
    outer loop
      vertex -42.3055 -66.9566 0.0873308
      vertex -42.3138 -66.9428 0.23616
      vertex -42.3138 -66.9428 0.0909742
    endloop
  endfacet
  facet normal -0.858444 -0.512908 -0.000315497
    outer loop
      vertex -42.2954 -66.9735 0.080549
      vertex -42.3138 -66.9428 0.23616
      vertex -42.3055 -66.9566 0.0873308
    endloop
  endfacet
  facet normal -0.857629 -0.514269 4.9321e-05
    outer loop
      vertex -42.2641 -67.0257 0.059515
      vertex -42.3138 -66.9428 0.23616
      vertex -42.2954 -66.9735 0.080549
    endloop
  endfacet
  facet normal -0.85767 -0.5142 -0
    outer loop
      vertex -42.2129 -67.1111 0.337067
      vertex -42.2641 -67.0257 0.059515
      vertex -42.2129 -67.1111 0.00807262
    endloop
  endfacet
  facet normal -0.857673 -0.514195 2.25143e-06
    outer loop
      vertex -42.2641 -67.0257 0.059515
      vertex -42.2129 -67.1111 0.337067
      vertex -42.3138 -66.9428 0.23616
    endloop
  endfacet
  facet normal -0.94158 0.336788 0
    outer loop
      vertex -42.4639 70.3806 0.0861206
      vertex -42.3978 70.5654 0
      vertex -42.4639 70.3806 0
    endloop
  endfacet
  facet normal -0.94158 0.336788 0
    outer loop
      vertex -42.3978 70.5654 0
      vertex -42.4639 70.3806 0.0861206
      vertex -42.3978 70.5654 0.152237
    endloop
  endfacet
  facet normal 0 0 -1
    outer loop
      vertex -41.085 -65.485 0
      vertex -34.5638 -61.2428 0
      vertex -41.0438 -65.5353 0
    endloop
  endfacet
  facet normal -0 0 -1
    outer loop
      vertex -34.5638 -61.2428 0
      vertex -41.085 -65.485 0
      vertex -34.6478 -61.0654 0
    endloop
  endfacet
  facet normal -0 0 -1
    outer loop
      vertex -34.6478 -61.0654 0
      vertex -41.085 -65.485 0
      vertex -34.7139 -60.8806 0
    endloop
  endfacet
  facet normal 0 0 -1
    outer loop
      vertex -41.188 -65.4006 0
      vertex -34.7139 -60.8806 0
      vertex -41.085 -65.485 0
    endloop
  endfacet
  facet normal 0 0 -1
    outer loop
      vertex -41.2383 -65.3593 0
      vertex -34.7139 -60.8806 0
      vertex -41.188 -65.4006 0
    endloop
  endfacet
  facet normal -0 0 -1
    outer loop
      vertex -34.7139 -60.8806 0
      vertex -41.2383 -65.3593 0
      vertex -34.7616 -60.6902 0
    endloop
  endfacet
  facet normal 0 0 -1
    outer loop
      vertex -41.3557 -65.2965 0
      vertex -34.7616 -60.6902 0
      vertex -41.2383 -65.3593 0
    endloop
  endfacet
  facet normal -0 0 -1
    outer loop
      vertex -34.7616 -60.6902 0
      vertex -41.3557 -65.2965 0
      vertex -34.7904 -60.496 0
    endloop
  endfacet
  facet normal 0 0 -1
    outer loop
      vertex -34.8 60.3 0
      vertex -42.55 69.8 0
      vertex -40.746 71.7904 0
    endloop
  endfacet
  facet normal 0 0 -1
    outer loop
      vertex -40.746 71.7904 0
      vertex -42.55 69.8 0
      vertex -40.9402 71.7616 0
    endloop
  endfacet
  facet normal 0 0 -1
    outer loop
      vertex -41.4131 -65.2659 0
      vertex -34.7904 -60.496 0
      vertex -41.3557 -65.2965 0
    endloop
  endfacet
  facet normal -0 0 -1
    outer loop
      vertex -34.7904 -60.496 0
      vertex -41.4131 -65.2659 0
      vertex -34.8 -60.3 0
    endloop
  endfacet
  facet normal 0 0 -1
    outer loop
      vertex -40.9402 71.7616 0
      vertex -42.55 69.8 0
      vertex -41.1306 71.7139 0
    endloop
  endfacet
  facet normal 0 0 -1
    outer loop
      vertex -41.4753 -65.247 0
      vertex -34.8 -60.3 0
      vertex -41.4131 -65.2659 0
    endloop
  endfacet
  facet normal 0 0 -1
    outer loop
      vertex -41.6027 -65.2083 0
      vertex -34.8 -60.3 0
      vertex -41.4753 -65.247 0
    endloop
  endfacet
  facet normal 0 0 -1
    outer loop
      vertex -41.7353 -65.1953 0
      vertex -34.8 -60.3 0
      vertex -41.6027 -65.2083 0
    endloop
  endfacet
  facet normal 0 0 -1
    outer loop
      vertex -41.1306 71.7139 0
      vertex -42.55 69.8 0
      vertex -41.3154 71.6478 0
    endloop
  endfacet
  facet normal 0 0 -1
    outer loop
      vertex -41.8 -65.1889 0
      vertex -34.8 -60.3 0
      vertex -41.7353 -65.1953 0
    endloop
  endfacet
  facet normal 0 0 -1
    outer loop
      vertex -41.3154 71.6478 0
      vertex -42.55 69.8 0
      vertex -41.4928 71.5638 0
    endloop
  endfacet
  facet normal 0 0 -1
    outer loop
      vertex -41.8647 -65.1953 0
      vertex -34.8 -60.3 0
      vertex -41.8 -65.1889 0
    endloop
  endfacet
  facet normal 0 0 -1
    outer loop
      vertex -41.9973 -65.2083 0
      vertex -34.8 -60.3 0
      vertex -41.8647 -65.1953 0
    endloop
  endfacet
  facet normal 0 0 -1
    outer loop
      vertex -41.4928 71.5638 0
      vertex -42.55 69.8 0
      vertex -41.6611 71.4629 0
    endloop
  endfacet
  facet normal 0 0 -1
    outer loop
      vertex -42.1247 -65.247 0
      vertex -34.8 -60.3 0
      vertex -41.9973 -65.2083 0
    endloop
  endfacet
  facet normal 0 0 -1
    outer loop
      vertex -41.6611 71.4629 0
      vertex -42.55 69.8 0
      vertex -41.8188 71.346 0
    endloop
  endfacet
  facet normal 0 0 -1
    outer loop
      vertex -42.1869 -65.2659 0
      vertex -34.8 -60.3 0
      vertex -42.1247 -65.247 0
    endloop
  endfacet
  facet normal 0 0 -1
    outer loop
      vertex -41.8188 71.346 0
      vertex -42.55 69.8 0
      vertex -41.9642 71.2142 0
    endloop
  endfacet
  facet normal 0 0 -1
    outer loop
      vertex -42.2443 -65.2965 0
      vertex -34.8 -60.3 0
      vertex -42.1869 -65.2659 0
    endloop
  endfacet
  facet normal 0 0 -1
    outer loop
      vertex -42.3617 -65.3593 0
      vertex -34.8 -60.3 0
      vertex -42.2443 -65.2965 0
    endloop
  endfacet
  facet normal 0 0 -1
    outer loop
      vertex -41.9642 71.2142 0
      vertex -42.55 69.8 0
      vertex -42.096 71.0688 0
    endloop
  endfacet
  facet normal -0 0 -1
    outer loop
      vertex -34.8 -60.3 0
      vertex -42.3617 -65.3593 0
      vertex -34.8 60.3 0
    endloop
  endfacet
  facet normal 0 0 -1
    outer loop
      vertex -42.096 71.0688 0
      vertex -42.55 69.8 0
      vertex -42.2129 70.9111 0
    endloop
  endfacet
  facet normal 0 0 -1
    outer loop
      vertex -42.4647 -65.4438 0
      vertex -34.8 60.3 0
      vertex -42.3617 -65.3593 0
    endloop
  endfacet
  facet normal 0 0 -1
    outer loop
      vertex -42.2129 70.9111 0
      vertex -42.55 69.8 0
      vertex -42.3138 70.7428 0
    endloop
  endfacet
  facet normal 0 0 -1
    outer loop
      vertex -42.3138 70.7428 0
      vertex -42.55 69.8 0
      vertex -42.3978 70.5654 0
    endloop
  endfacet
  facet normal 0 0 -1
    outer loop
      vertex -42.515 -65.485 0
      vertex -34.8 60.3 0
      vertex -42.4647 -65.4438 0
    endloop
  endfacet
  facet normal 0 0 -1
    outer loop
      vertex -42.3978 70.5654 0
      vertex -42.55 69.8 0
      vertex -42.4639 70.3806 0
    endloop
  endfacet
  facet normal -0 0 -1
    outer loop
      vertex -34.8 60.3 0
      vertex -42.515 -65.485 0
      vertex -42.55 69.8 0
    endloop
  endfacet
  facet normal 0 0 -1
    outer loop
      vertex -42.4639 70.3806 0
      vertex -42.55 69.8 0
      vertex -42.5116 70.1902 0
    endloop
  endfacet
  facet normal 0 0 -1
    outer loop
      vertex -42.55 69.8 0
      vertex -42.515 -65.485 0
      vertex -42.55 -65.5277 0
    endloop
  endfacet
  facet normal 0 0 -1
    outer loop
      vertex -42.5116 70.1902 0
      vertex -42.55 69.8 0
      vertex -42.5404 69.996 0
    endloop
  endfacet
  facet normal 0 0 -1
    outer loop
      vertex 32.996 -62.2904 0
      vertex 39.7 -68 0
      vertex 39.7 -68.9 0
    endloop
  endfacet
  facet normal 0 0 -1
    outer loop
      vertex 39.7 -68 0
      vertex 34.7904 -60.496 0
      vertex 34.8 -60.3 0
    endloop
  endfacet
  facet normal 0 0 -1
    outer loop
      vertex 39.7 -68 0
      vertex 34.7616 -60.6902 0
      vertex 34.7904 -60.496 0
    endloop
  endfacet
  facet normal 0 0 -1
    outer loop
      vertex 39.7 -68 0
      vertex 34.7139 -60.8806 0
      vertex 34.7616 -60.6902 0
    endloop
  endfacet
  facet normal 0 0 -1
    outer loop
      vertex 39.7 -68 0
      vertex 34.6478 -61.0654 0
      vertex 34.7139 -60.8806 0
    endloop
  endfacet
  facet normal 0 0 -1
    outer loop
      vertex 39.7 -68 0
      vertex 34.5638 -61.2428 0
      vertex 34.6478 -61.0654 0
    endloop
  endfacet
  facet normal 0 0 -1
    outer loop
      vertex 39.7 -68 0
      vertex 34.4629 -61.4111 0
      vertex 34.5638 -61.2428 0
    endloop
  endfacet
  facet normal 0 0 -1
    outer loop
      vertex 39.7 -68 0
      vertex 34.346 -61.5688 0
      vertex 34.4629 -61.4111 0
    endloop
  endfacet
  facet normal 0 0 -1
    outer loop
      vertex 39.7 -68 0
      vertex 34.2142 -61.7142 0
      vertex 34.346 -61.5688 0
    endloop
  endfacet
  facet normal 0 0 -1
    outer loop
      vertex 39.7 -68 0
      vertex 34.0688 -61.846 0
      vertex 34.2142 -61.7142 0
    endloop
  endfacet
  facet normal 0 0 -1
    outer loop
      vertex 39.7 -68 0
      vertex 33.9111 -61.9629 0
      vertex 34.0688 -61.846 0
    endloop
  endfacet
  facet normal 0 0 -1
    outer loop
      vertex 39.7 -68 0
      vertex 33.7428 -62.0638 0
      vertex 33.9111 -61.9629 0
    endloop
  endfacet
  facet normal 0 0 -1
    outer loop
      vertex 39.7 -68 0
      vertex 33.5654 -62.1478 0
      vertex 33.7428 -62.0638 0
    endloop
  endfacet
  facet normal 0 0 -1
    outer loop
      vertex 39.7 -68 0
      vertex 33.3806 -62.2139 0
      vertex 33.5654 -62.1478 0
    endloop
  endfacet
  facet normal 0 0 -1
    outer loop
      vertex 39.7 -68 0
      vertex 33.1902 -62.2616 0
      vertex 33.3806 -62.2139 0
    endloop
  endfacet
  facet normal 0 0 -1
    outer loop
      vertex 39.7 -68 0
      vertex 32.996 -62.2904 0
      vertex 33.1902 -62.2616 0
    endloop
  endfacet
  facet normal 0 0 -1
    outer loop
      vertex 39.7 -68.9 0
      vertex 32.8 -62.3 0
      vertex 32.996 -62.2904 0
    endloop
  endfacet
  facet normal 0 0 -1
    outer loop
      vertex 39.7 -68.9 0
      vertex -32.8 -62.3 0
      vertex 32.8 -62.3 0
    endloop
  endfacet
  facet normal 0 0 -1
    outer loop
      vertex -39.7 -68.9 0
      vertex -32.8 -62.3 0
      vertex 39.7 -68.9 0
    endloop
  endfacet
  facet normal -0 0 -1
    outer loop
      vertex -34.346 -61.5688 0
      vertex -40.9286 -65.6956 0
      vertex -34.4629 -61.4111 0
    endloop
  endfacet
  facet normal 0 0 -1
    outer loop
      vertex -40.9286 -65.6956 0
      vertex -34.346 -61.5688 0
      vertex -40.8659 -65.8131 0
    endloop
  endfacet
  facet normal -0 0 -1
    outer loop
      vertex -34.2142 -61.7142 0
      vertex -40.8659 -65.8131 0
      vertex -34.346 -61.5688 0
    endloop
  endfacet
  facet normal 0 0 -1
    outer loop
      vertex -40.8659 -65.8131 0
      vertex -34.2142 -61.7142 0
      vertex -40.847 -65.8753 0
    endloop
  endfacet
  facet normal 0 0 -1
    outer loop
      vertex -40.847 -65.8753 0
      vertex -34.2142 -61.7142 0
      vertex -40.8083 -66.0027 0
    endloop
  endfacet
  facet normal -0 0 -1
    outer loop
      vertex -34.0688 -61.846 0
      vertex -40.8083 -66.0027 0
      vertex -34.2142 -61.7142 0
    endloop
  endfacet
  facet normal 0 0 -1
    outer loop
      vertex -39.7 -68 0
      vertex -40.8083 -66.0027 0
      vertex -34.0688 -61.846 0
    endloop
  endfacet
  facet normal 0 0 -1
    outer loop
      vertex -40.8083 -66.0027 0
      vertex -39.7 -68 0
      vertex -40.7953 -66.1353 0
    endloop
  endfacet
  facet normal 0 0 -1
    outer loop
      vertex -40.7953 -66.1353 0
      vertex -39.7 -68 0
      vertex -40.7889 -66.2 0
    endloop
  endfacet
  facet normal -0 0 -1
    outer loop
      vertex -33.9111 -61.9629 0
      vertex -39.7 -68 0
      vertex -34.0688 -61.846 0
    endloop
  endfacet
  facet normal -0 0 -1
    outer loop
      vertex -33.7428 -62.0638 0
      vertex -39.7 -68 0
      vertex -33.9111 -61.9629 0
    endloop
  endfacet
  facet normal -0 0 -1
    outer loop
      vertex -33.5654 -62.1478 0
      vertex -39.7 -68 0
      vertex -33.7428 -62.0638 0
    endloop
  endfacet
  facet normal -0 0 -1
    outer loop
      vertex -33.3806 -62.2139 0
      vertex -39.7 -68 0
      vertex -33.5654 -62.1478 0
    endloop
  endfacet
  facet normal -0 0 -1
    outer loop
      vertex -33.1902 -62.2616 0
      vertex -39.7 -68 0
      vertex -33.3806 -62.2139 0
    endloop
  endfacet
  facet normal -0 0 -1
    outer loop
      vertex -32.996 -62.2904 0
      vertex -39.7 -68 0
      vertex -33.1902 -62.2616 0
    endloop
  endfacet
  facet normal 0 0 -1
    outer loop
      vertex -39.7 -68 0
      vertex -32.996 -62.2904 0
      vertex -39.7 -68.9 0
    endloop
  endfacet
  facet normal -0 0 -1
    outer loop
      vertex -32.8 -62.3 0
      vertex -39.7 -68.9 0
      vertex -32.996 -62.2904 0
    endloop
  endfacet
  facet normal 0 0 -1
    outer loop
      vertex 42.096 -67.2688 0
      vertex 42.1869 -67.1341 0
      vertex 42.2017 -67.1262 0
    endloop
  endfacet
  facet normal 0 0 -1
    outer loop
      vertex 42.096 -67.2688 0
      vertex 42.1247 -67.153 0
      vertex 42.1869 -67.1341 0
    endloop
  endfacet
  facet normal 0 0 -1
    outer loop
      vertex 42.096 -67.2688 0
      vertex 41.9973 -67.1917 0
      vertex 42.1247 -67.153 0
    endloop
  endfacet
  facet normal 0 0 -1
    outer loop
      vertex 41.9642 -67.4142 0
      vertex 41.9973 -67.1917 0
      vertex 42.096 -67.2688 0
    endloop
  endfacet
  facet normal 0 0 -1
    outer loop
      vertex 41.9642 -67.4142 0
      vertex 41.8647 -67.2047 0
      vertex 41.9973 -67.1917 0
    endloop
  endfacet
  facet normal 0 0 -1
    outer loop
      vertex 41.8 -67.2111 0
      vertex 41.9642 -67.4142 0
      vertex 41.8188 -67.546 0
    endloop
  endfacet
  facet normal 0 0 -1
    outer loop
      vertex 41.9642 -67.4142 0
      vertex 41.8 -67.2111 0
      vertex 41.8647 -67.2047 0
    endloop
  endfacet
  facet normal 0 0 -1
    outer loop
      vertex 41.8188 -67.546 0
      vertex 41.7353 -67.2047 0
      vertex 41.8 -67.2111 0
    endloop
  endfacet
  facet normal 0 0 -1
    outer loop
      vertex 41.6027 -67.1917 0
      vertex 41.8188 -67.546 0
      vertex 41.6611 -67.6629 0
    endloop
  endfacet
  facet normal 0 0 -1
    outer loop
      vertex 41.8188 -67.546 0
      vertex 41.6027 -67.1917 0
      vertex 41.7353 -67.2047 0
    endloop
  endfacet
  facet normal 0 0 -1
    outer loop
      vertex 41.6611 -67.6629 0
      vertex 41.5405 -67.1728 0
      vertex 41.6027 -67.1917 0
    endloop
  endfacet
  facet normal 0 0 -1
    outer loop
      vertex 41.4928 -67.7638 0
      vertex 41.5405 -67.1728 0
      vertex 41.6611 -67.6629 0
    endloop
  endfacet
  facet normal 0 0 -1
    outer loop
      vertex 41.4928 -67.7638 0
      vertex 41.4131 -67.1341 0
      vertex 41.5405 -67.1728 0
    endloop
  endfacet
  facet normal 0 0 -1
    outer loop
      vertex 41.3154 -67.8478 0
      vertex 41.4131 -67.1341 0
      vertex 41.4928 -67.7638 0
    endloop
  endfacet
  facet normal 0 0 -1
    outer loop
      vertex 41.3154 -67.8478 0
      vertex 41.2956 -67.0714 0
      vertex 41.4131 -67.1341 0
    endloop
  endfacet
  facet normal 0 0 -1
    outer loop
      vertex 41.1306 -67.9139 0
      vertex 41.2956 -67.0714 0
      vertex 41.3154 -67.8478 0
    endloop
  endfacet
  facet normal -0 0 -1
    outer loop
      vertex 41.2956 -67.0714 0
      vertex 41.1306 -67.9139 0
      vertex 41.2383 -67.0407 0
    endloop
  endfacet
  facet normal 0 0 -1
    outer loop
      vertex 40.9402 -67.9616 0
      vertex 41.2383 -67.0407 0
      vertex 41.1306 -67.9139 0
    endloop
  endfacet
  facet normal -0 0 -1
    outer loop
      vertex 41.2383 -67.0407 0
      vertex 40.9402 -67.9616 0
      vertex 41.188 -66.9994 0
    endloop
  endfacet
  facet normal -0 0 -1
    outer loop
      vertex 41.188 -66.9994 0
      vertex 40.9402 -67.9616 0
      vertex 41.085 -66.915 0
    endloop
  endfacet
  facet normal 0 0 -1
    outer loop
      vertex 40.746 -67.9904 0
      vertex 41.085 -66.915 0
      vertex 40.9402 -67.9616 0
    endloop
  endfacet
  facet normal 0 0 -1
    outer loop
      vertex 40.55 -68 0
      vertex 41.085 -66.915 0
      vertex 40.746 -67.9904 0
    endloop
  endfacet
  facet normal -0 0 -1
    outer loop
      vertex 41.085 -66.915 0
      vertex 40.55 -68 0
      vertex 41.0006 -66.812 0
    endloop
  endfacet
  facet normal -0 0 -1
    outer loop
      vertex 41.0006 -66.812 0
      vertex 40.55 -68 0
      vertex 40.9593 -66.7617 0
    endloop
  endfacet
  facet normal -0 0 -1
    outer loop
      vertex 40.9593 -66.7617 0
      vertex 40.55 -68 0
      vertex 40.9286 -66.7044 0
    endloop
  endfacet
  facet normal 0 0 -1
    outer loop
      vertex 39.7 -68 0
      vertex 40.9286 -66.7044 0
      vertex 40.55 -68 0
    endloop
  endfacet
  facet normal -0 0 -1
    outer loop
      vertex 40.9286 -66.7044 0
      vertex 39.7 -68 0
      vertex 40.8659 -66.5869 0
    endloop
  endfacet
  facet normal -0 0 -1
    outer loop
      vertex 40.8659 -66.5869 0
      vertex 39.7 -68 0
      vertex 40.8272 -66.4595 0
    endloop
  endfacet
  facet normal -0 0 -1
    outer loop
      vertex 40.8272 -66.4595 0
      vertex 39.7 -68 0
      vertex 40.8083 -66.3973 0
    endloop
  endfacet
  facet normal 0 0 -1
    outer loop
      vertex 42.515 -65.485 0
      vertex 42.55 69.8 0
      vertex 42.55 -65.5277 0
    endloop
  endfacet
  facet normal 0 0 -1
    outer loop
      vertex 34.8 60.3 0
      vertex 42.55 69.8 0
      vertex 42.515 -65.485 0
    endloop
  endfacet
  facet normal 0 0 -1
    outer loop
      vertex 34.7904 60.496 0
      vertex 42.55 69.8 0
      vertex 34.8 60.3 0
    endloop
  endfacet
  facet normal 0 0 -1
    outer loop
      vertex 34.8 60.3 0
      vertex 42.515 -65.485 0
      vertex 42.4647 -65.4438 0
    endloop
  endfacet
  facet normal 0 0 -1
    outer loop
      vertex 34.7616 60.6902 0
      vertex 42.55 69.8 0
      vertex 34.7904 60.496 0
    endloop
  endfacet
  facet normal 0 0 -1
    outer loop
      vertex 34.7139 60.8806 0
      vertex 42.55 69.8 0
      vertex 34.7616 60.6902 0
    endloop
  endfacet
  facet normal 0 0 -1
    outer loop
      vertex 34.8 60.3 0
      vertex 42.4647 -65.4438 0
      vertex 42.3617 -65.3593 0
    endloop
  endfacet
  facet normal 0 0 -1
    outer loop
      vertex 34.6478 61.0654 0
      vertex 42.55 69.8 0
      vertex 34.7139 60.8806 0
    endloop
  endfacet
  facet normal 0 0 -1
    outer loop
      vertex 34.8 -60.3 0
      vertex 42.3617 -65.3593 0
      vertex 42.2443 -65.2965 0
    endloop
  endfacet
  facet normal 0 0 -1
    outer loop
      vertex 34.5638 61.2428 0
      vertex 42.55 69.8 0
      vertex 34.6478 61.0654 0
    endloop
  endfacet
  facet normal 0 0 -1
    outer loop
      vertex 34.8 -60.3 0
      vertex 42.2443 -65.2965 0
      vertex 42.1869 -65.2659 0
    endloop
  endfacet
  facet normal 0 0 -1
    outer loop
      vertex 34.8 -60.3 0
      vertex 42.1869 -65.2659 0
      vertex 42.1247 -65.247 0
    endloop
  endfacet
  facet normal 0 0 -1
    outer loop
      vertex 34.4629 61.4111 0
      vertex 42.55 69.8 0
      vertex 34.5638 61.2428 0
    endloop
  endfacet
  facet normal 0 0 -1
    outer loop
      vertex 34.8 -60.3 0
      vertex 42.1247 -65.247 0
      vertex 41.9973 -65.2083 0
    endloop
  endfacet
  facet normal 0 0 -1
    outer loop
      vertex 34.346 61.5688 0
      vertex 42.55 69.8 0
      vertex 34.4629 61.4111 0
    endloop
  endfacet
  facet normal 0 0 -1
    outer loop
      vertex 34.8 -60.3 0
      vertex 41.9973 -65.2083 0
      vertex 41.8647 -65.1953 0
    endloop
  endfacet
  facet normal 0 0 -1
    outer loop
      vertex 34.2142 61.7142 0
      vertex 42.55 69.8 0
      vertex 34.346 61.5688 0
    endloop
  endfacet
  facet normal 0 0 -1
    outer loop
      vertex 34.8 -60.3 0
      vertex 41.8647 -65.1953 0
      vertex 41.8 -65.1889 0
    endloop
  endfacet
  facet normal 0 0 -1
    outer loop
      vertex 34.8 -60.3 0
      vertex 41.8 -65.1889 0
      vertex 41.7353 -65.1953 0
    endloop
  endfacet
  facet normal 0 0 -1
    outer loop
      vertex 34.0688 61.846 0
      vertex 42.55 69.8 0
      vertex 34.2142 61.7142 0
    endloop
  endfacet
  facet normal 0 0 -1
    outer loop
      vertex 34.8 -60.3 0
      vertex 41.7353 -65.1953 0
      vertex 41.6027 -65.2083 0
    endloop
  endfacet
  facet normal 0 0 -1
    outer loop
      vertex 33.9111 61.9629 0
      vertex 42.55 69.8 0
      vertex 34.0688 61.846 0
    endloop
  endfacet
  facet normal 0 0 -1
    outer loop
      vertex 34.8 -60.3 0
      vertex 41.6027 -65.2083 0
      vertex 41.4753 -65.247 0
    endloop
  endfacet
  facet normal 0 0 -1
    outer loop
      vertex 34.8 -60.3 0
      vertex 41.4753 -65.247 0
      vertex 41.4131 -65.2659 0
    endloop
  endfacet
  facet normal 0 0 -1
    outer loop
      vertex 34.8 -60.3 0
      vertex 41.4131 -65.2659 0
      vertex 41.3557 -65.2965 0
    endloop
  endfacet
  facet normal 0 0 -1
    outer loop
      vertex 42.55 69.8 0
      vertex 40.55 71.8 0
      vertex 42.5404 69.996 0
    endloop
  endfacet
  facet normal 0 0 -1
    outer loop
      vertex 34.8 -60.3 0
      vertex 41.3557 -65.2965 0
      vertex 41.2383 -65.3593 0
    endloop
  endfacet
  facet normal 0 0 -1
    outer loop
      vertex 34.8 -60.3 0
      vertex 41.2383 -65.3593 0
      vertex 41.188 -65.4006 0
    endloop
  endfacet
  facet normal 0 0 -1
    outer loop
      vertex 42.5404 69.996 0
      vertex 40.55 71.8 0
      vertex 42.5116 70.1902 0
    endloop
  endfacet
  facet normal 0 0 -1
    outer loop
      vertex 34.8 -60.3 0
      vertex 41.188 -65.4006 0
      vertex 41.085 -65.485 0
    endloop
  endfacet
  facet normal 0 0 -1
    outer loop
      vertex 34.8 -60.3 0
      vertex 41.085 -65.485 0
      vertex 41.0438 -65.5353 0
    endloop
  endfacet
  facet normal 0 0 -1
    outer loop
      vertex 34.8 -60.3 0
      vertex 41.0438 -65.5353 0
      vertex 40.9593 -65.6383 0
    endloop
  endfacet
  facet normal 0 0 -1
    outer loop
      vertex 42.4639 70.3806 0
      vertex 40.55 71.8 0
      vertex 42.3978 70.5654 0
    endloop
  endfacet
  facet normal 0 0 -1
    outer loop
      vertex 34.8 -60.3 0
      vertex 40.9593 -65.6383 0
      vertex 40.9286 -65.6956 0
    endloop
  endfacet
  facet normal 0 0 -1
    outer loop
      vertex 34.8 -60.3 0
      vertex 40.9286 -65.6956 0
      vertex 40.8659 -65.8131 0
    endloop
  endfacet
  facet normal 0 0 -1
    outer loop
      vertex 34.8 -60.3 0
      vertex 40.8659 -65.8131 0
      vertex 40.847 -65.8753 0
    endloop
  endfacet
  facet normal 0 0 -1
    outer loop
      vertex 34.8 -60.3 0
      vertex 40.847 -65.8753 0
      vertex 40.8083 -66.0027 0
    endloop
  endfacet
  facet normal 0 0 -1
    outer loop
      vertex 39.7 -68 0
      vertex 40.8083 -66.0027 0
      vertex 40.7953 -66.1353 0
    endloop
  endfacet
  facet normal 0 0 -1
    outer loop
      vertex 39.7 -68 0
      vertex 40.7953 -66.1353 0
      vertex 40.7889 -66.2 0
    endloop
  endfacet
  facet normal -0 0 -1
    outer loop
      vertex 40.8083 -66.3973 0
      vertex 39.7 -68 0
      vertex 40.7953 -66.2647 0
    endloop
  endfacet
  facet normal 0 0 -1
    outer loop
      vertex 42.3978 70.5654 0
      vertex 40.55 71.8 0
      vertex 42.3138 70.7428 0
    endloop
  endfacet
  facet normal -0 0 -1
    outer loop
      vertex 40.7953 -66.2647 0
      vertex 39.7 -68 0
      vertex 40.7889 -66.2 0
    endloop
  endfacet
  facet normal 0 0 -1
    outer loop
      vertex 42.3138 70.7428 0
      vertex 40.55 71.8 0
      vertex 42.2129 70.9111 0
    endloop
  endfacet
  facet normal -0 0 -1
    outer loop
      vertex 40.8083 -66.0027 0
      vertex 39.7 -68 0
      vertex 34.8 -60.3 0
    endloop
  endfacet
  facet normal 0 0 -1
    outer loop
      vertex 42.3617 -65.3593 0
      vertex 34.8 -60.3 0
      vertex 34.8 60.3 0
    endloop
  endfacet
  facet normal 0 0 -1
    outer loop
      vertex 42.096 71.0688 0
      vertex 40.55 71.8 0
      vertex 41.9642 71.2142 0
    endloop
  endfacet
  facet normal 0 0 -1
    outer loop
      vertex 41.9642 71.2142 0
      vertex 40.55 71.8 0
      vertex 41.8188 71.346 0
    endloop
  endfacet
  facet normal 0 0 -1
    outer loop
      vertex 41.8188 71.346 0
      vertex 40.55 71.8 0
      vertex 41.6611 71.4629 0
    endloop
  endfacet
  facet normal 0 0 -1
    outer loop
      vertex 41.4928 71.5638 0
      vertex 40.55 71.8 0
      vertex 41.3154 71.6478 0
    endloop
  endfacet
  facet normal 0 0 -1
    outer loop
      vertex 41.3154 71.6478 0
      vertex 40.55 71.8 0
      vertex 41.1306 71.7139 0
    endloop
  endfacet
  facet normal 0 0 -1
    outer loop
      vertex 41.1306 71.7139 0
      vertex 40.55 71.8 0
      vertex 40.9402 71.7616 0
    endloop
  endfacet
  facet normal 0 0 -1
    outer loop
      vertex 40.9402 71.7616 0
      vertex 40.55 71.8 0
      vertex 40.746 71.7904 0
    endloop
  endfacet
  facet normal 0 0 -1
    outer loop
      vertex 41.6611 71.4629 0
      vertex 40.55 71.8 0
      vertex 41.4928 71.5638 0
    endloop
  endfacet
  facet normal 0 0 -1
    outer loop
      vertex 42.2129 70.9111 0
      vertex 40.55 71.8 0
      vertex 42.096 71.0688 0
    endloop
  endfacet
  facet normal 0 0 -1
    outer loop
      vertex 42.5116 70.1902 0
      vertex 40.55 71.8 0
      vertex 42.4639 70.3806 0
    endloop
  endfacet
  facet normal -0 0 -1
    outer loop
      vertex 42.55 69.8 0
      vertex 33.9111 61.9629 0
      vertex 40.55 71.8 0
    endloop
  endfacet
  facet normal 0 0 -1
    outer loop
      vertex 33.7428 62.0638 0
      vertex 40.55 71.8 0
      vertex 33.9111 61.9629 0
    endloop
  endfacet
  facet normal 0 0 -1
    outer loop
      vertex 33.5654 62.1478 0
      vertex 40.55 71.8 0
      vertex 33.7428 62.0638 0
    endloop
  endfacet
  facet normal 0 0 -1
    outer loop
      vertex 33.3806 62.2139 0
      vertex 40.55 71.8 0
      vertex 33.5654 62.1478 0
    endloop
  endfacet
  facet normal 0 0 -1
    outer loop
      vertex 33.1902 62.2616 0
      vertex 40.55 71.8 0
      vertex 33.3806 62.2139 0
    endloop
  endfacet
  facet normal 0 0 -1
    outer loop
      vertex 32.996 62.2904 0
      vertex 40.55 71.8 0
      vertex 33.1902 62.2616 0
    endloop
  endfacet
  facet normal 0 0 -1
    outer loop
      vertex 32.8 62.3 0
      vertex 40.55 71.8 0
      vertex 32.996 62.2904 0
    endloop
  endfacet
  facet normal 0 0 -1
    outer loop
      vertex -32.8 62.3 0
      vertex 40.55 71.8 0
      vertex 32.8 62.3 0
    endloop
  endfacet
  facet normal 0 0 -1
    outer loop
      vertex -40.55 71.8 0
      vertex -32.8 62.3 0
      vertex -32.996 62.2904 0
    endloop
  endfacet
  facet normal 0 0 -1
    outer loop
      vertex -40.9593 -65.6383 0
      vertex -34.4629 -61.4111 0
      vertex -40.9286 -65.6956 0
    endloop
  endfacet
  facet normal 0 0 -1
    outer loop
      vertex -40.9286 -66.7044 0
      vertex -39.7 -68 0
      vertex -40.55 -68 0
    endloop
  endfacet
  facet normal 0 0 -1
    outer loop
      vertex -32.8 62.3 0
      vertex -40.55 71.8 0
      vertex 40.55 71.8 0
    endloop
  endfacet
  facet normal 0 0 -1
    outer loop
      vertex -33.1902 62.2616 0
      vertex -40.55 71.8 0
      vertex -32.996 62.2904 0
    endloop
  endfacet
  facet normal 0 0 -1
    outer loop
      vertex -33.3806 62.2139 0
      vertex -40.55 71.8 0
      vertex -33.1902 62.2616 0
    endloop
  endfacet
  facet normal 0 0 -1
    outer loop
      vertex -33.5654 62.1478 0
      vertex -40.55 71.8 0
      vertex -33.3806 62.2139 0
    endloop
  endfacet
  facet normal 0 0 -1
    outer loop
      vertex -33.7428 62.0638 0
      vertex -40.55 71.8 0
      vertex -33.5654 62.1478 0
    endloop
  endfacet
  facet normal 0 0 -1
    outer loop
      vertex -33.9111 61.9629 0
      vertex -40.55 71.8 0
      vertex -33.7428 62.0638 0
    endloop
  endfacet
  facet normal 0 0 -1
    outer loop
      vertex -34.0688 61.846 0
      vertex -40.55 71.8 0
      vertex -33.9111 61.9629 0
    endloop
  endfacet
  facet normal 0 0 -1
    outer loop
      vertex -34.2142 61.7142 0
      vertex -40.55 71.8 0
      vertex -34.0688 61.846 0
    endloop
  endfacet
  facet normal 0 0 -1
    outer loop
      vertex -34.346 61.5688 0
      vertex -40.55 71.8 0
      vertex -34.2142 61.7142 0
    endloop
  endfacet
  facet normal 0 0 -1
    outer loop
      vertex -34.4629 61.4111 0
      vertex -40.55 71.8 0
      vertex -34.346 61.5688 0
    endloop
  endfacet
  facet normal 0 0 -1
    outer loop
      vertex -40.746 71.7904 0
      vertex -34.4629 61.4111 0
      vertex -34.5638 61.2428 0
    endloop
  endfacet
  facet normal 0 0 -1
    outer loop
      vertex -40.746 71.7904 0
      vertex -34.5638 61.2428 0
      vertex -34.6478 61.0654 0
    endloop
  endfacet
  facet normal 0 0 -1
    outer loop
      vertex -40.746 71.7904 0
      vertex -34.6478 61.0654 0
      vertex -34.7139 60.8806 0
    endloop
  endfacet
  facet normal 0 0 -1
    outer loop
      vertex -40.746 71.7904 0
      vertex -34.7139 60.8806 0
      vertex -34.7616 60.6902 0
    endloop
  endfacet
  facet normal 0 0 -1
    outer loop
      vertex -40.746 71.7904 0
      vertex -34.7616 60.6902 0
      vertex -34.7904 60.496 0
    endloop
  endfacet
  facet normal 0 0 -1
    outer loop
      vertex -40.746 71.7904 0
      vertex -34.7904 60.496 0
      vertex -34.8 60.3 0
    endloop
  endfacet
  facet normal -0 0 -1
    outer loop
      vertex -34.4629 -61.4111 0
      vertex -40.9593 -65.6383 0
      vertex -34.5638 -61.2428 0
    endloop
  endfacet
  facet normal 0 0 -1
    outer loop
      vertex -41.085 -66.915 0
      vertex -40.55 -68 0
      vertex -40.746 -67.9904 0
    endloop
  endfacet
  facet normal 0 0 -1
    outer loop
      vertex -41.0438 -65.5353 0
      vertex -34.5638 -61.2428 0
      vertex -40.9593 -65.6383 0
    endloop
  endfacet
  facet normal 0 0 -1
    outer loop
      vertex -34.4629 61.4111 0
      vertex -40.746 71.7904 0
      vertex -40.55 71.8 0
    endloop
  endfacet
  facet normal 0 0 -1
    outer loop
      vertex -39.7 -68 0
      vertex -40.7953 -66.2647 0
      vertex -40.7889 -66.2 0
    endloop
  endfacet
  facet normal 0 0 -1
    outer loop
      vertex -39.7 -68 0
      vertex -40.8083 -66.3973 0
      vertex -40.7953 -66.2647 0
    endloop
  endfacet
  facet normal 0 0 -1
    outer loop
      vertex -39.7 -68 0
      vertex -40.8272 -66.4595 0
      vertex -40.8083 -66.3973 0
    endloop
  endfacet
  facet normal 0 0 -1
    outer loop
      vertex -39.7 -68 0
      vertex -40.8659 -66.5869 0
      vertex -40.8272 -66.4595 0
    endloop
  endfacet
  facet normal 0 0 -1
    outer loop
      vertex -39.7 -68 0
      vertex -40.9286 -66.7044 0
      vertex -40.8659 -66.5869 0
    endloop
  endfacet
  facet normal 0 0 -1
    outer loop
      vertex -41.085 -66.915 0
      vertex -40.746 -67.9904 0
      vertex -40.9402 -67.9616 0
    endloop
  endfacet
  facet normal 0 0 -1
    outer loop
      vertex -40.55 -68 0
      vertex -40.9593 -66.7617 0
      vertex -40.9286 -66.7044 0
    endloop
  endfacet
  facet normal 0 0 -1
    outer loop
      vertex -40.55 -68 0
      vertex -41.0006 -66.812 0
      vertex -40.9593 -66.7617 0
    endloop
  endfacet
  facet normal 0 0 -1
    outer loop
      vertex -40.55 -68 0
      vertex -41.085 -66.915 0
      vertex -41.0006 -66.812 0
    endloop
  endfacet
  facet normal 0 0 -1
    outer loop
      vertex -41.2383 -67.0407 0
      vertex -40.9402 -67.9616 0
      vertex -41.1306 -67.9139 0
    endloop
  endfacet
  facet normal 0 0 -1
    outer loop
      vertex -40.9402 -67.9616 0
      vertex -41.188 -66.9994 0
      vertex -41.085 -66.915 0
    endloop
  endfacet
  facet normal 0 0 -1
    outer loop
      vertex -40.9402 -67.9616 0
      vertex -41.2383 -67.0407 0
      vertex -41.188 -66.9994 0
    endloop
  endfacet
  facet normal 0 0 -1
    outer loop
      vertex -41.1306 -67.9139 0
      vertex -41.2956 -67.0714 0
      vertex -41.2383 -67.0407 0
    endloop
  endfacet
  facet normal 0 0 -1
    outer loop
      vertex -41.3154 -67.8478 0
      vertex -41.2956 -67.0714 0
      vertex -41.1306 -67.9139 0
    endloop
  endfacet
  facet normal 0 0 -1
    outer loop
      vertex -41.3154 -67.8478 0
      vertex -41.4131 -67.1341 0
      vertex -41.2956 -67.0714 0
    endloop
  endfacet
  facet normal 0 0 -1
    outer loop
      vertex -41.4928 -67.7638 0
      vertex -41.4131 -67.1341 0
      vertex -41.3154 -67.8478 0
    endloop
  endfacet
  facet normal 0 0 -1
    outer loop
      vertex -41.4928 -67.7638 0
      vertex -41.5405 -67.1728 0
      vertex -41.4131 -67.1341 0
    endloop
  endfacet
  facet normal 0 0 -1
    outer loop
      vertex -41.6611 -67.6629 0
      vertex -41.5405 -67.1728 0
      vertex -41.4928 -67.7638 0
    endloop
  endfacet
  facet normal 0 0 -1
    outer loop
      vertex -41.5405 -67.1728 0
      vertex -41.6611 -67.6629 0
      vertex -41.6027 -67.1917 0
    endloop
  endfacet
  facet normal 0 0 -1
    outer loop
      vertex -41.8188 -67.546 0
      vertex -41.6027 -67.1917 0
      vertex -41.6611 -67.6629 0
    endloop
  endfacet
  facet normal 0 0 -1
    outer loop
      vertex -41.6027 -67.1917 0
      vertex -41.8188 -67.546 0
      vertex -41.7353 -67.2047 0
    endloop
  endfacet
  facet normal 0 0 -1
    outer loop
      vertex -41.7353 -67.2047 0
      vertex -41.8188 -67.546 0
      vertex -41.8 -67.2111 0
    endloop
  endfacet
  facet normal 0 0 -1
    outer loop
      vertex -41.9642 -67.4142 0
      vertex -41.8 -67.2111 0
      vertex -41.8188 -67.546 0
    endloop
  endfacet
  facet normal -0 0 -1
    outer loop
      vertex -41.8 -67.2111 0
      vertex -41.9642 -67.4142 0
      vertex -41.8647 -67.2047 0
    endloop
  endfacet
  facet normal 0 0 -1
    outer loop
      vertex -41.9642 -67.4142 0
      vertex -41.9973 -67.1917 0
      vertex -41.8647 -67.2047 0
    endloop
  endfacet
  facet normal 0 0 -1
    outer loop
      vertex -42.096 -67.2688 0
      vertex -41.9973 -67.1917 0
      vertex -41.9642 -67.4142 0
    endloop
  endfacet
  facet normal 0 0 -1
    outer loop
      vertex -42.096 -67.2688 0
      vertex -42.1247 -67.153 0
      vertex -41.9973 -67.1917 0
    endloop
  endfacet
  facet normal 0 0 -1
    outer loop
      vertex -42.096 -67.2688 0
      vertex -42.1869 -67.1341 0
      vertex -42.1247 -67.153 0
    endloop
  endfacet
  facet normal -0 -0 -1
    outer loop
      vertex -42.1869 -67.1341 0
      vertex -42.096 -67.2688 0
      vertex -42.2017 -67.1262 0
    endloop
  endfacet
  facet normal -0.595508 0.80335 0
    outer loop
      vertex -41.6611 71.4629 0
      vertex -41.8188 71.346 0.731216
      vertex -41.6611 71.4629 0.888855
    endloop
  endfacet
  facet normal -0.595508 0.80335 0
    outer loop
      vertex -41.8188 71.346 0.731216
      vertex -41.6611 71.4629 0
      vertex -41.8188 71.346 0
    endloop
  endfacet
  facet normal -0.901716 -0.432329 0
    outer loop
      vertex -42.3873 -66.7873 0.140333
      vertex -42.3978 -66.7654 0.152237
      vertex -42.3978 -66.7654 0.144301
    endloop
  endfacet
  facet normal -0.904416 -0.42665 0.00136109
    outer loop
      vertex -42.3138 -66.9428 0.23616
      vertex -42.3873 -66.7873 0.140333
      vertex -42.3627 -66.8395 0.123787
    endloop
  endfacet
  facet normal -0.903845 -0.427861 -0
    outer loop
      vertex -42.3138 -66.9428 0.23616
      vertex -42.3627 -66.8395 0.123787
      vertex -42.3138 -66.9428 0.0909742
    endloop
  endfacet
  facet normal -0.902819 -0.429988 -0.0052802
    outer loop
      vertex -42.3873 -66.7873 0.140333
      vertex -42.3138 -66.9428 0.23616
      vertex -42.3978 -66.7654 0.152237
    endloop
  endfacet
  facet normal 0.80335 -0.595508 0
    outer loop
      vertex 42.096 -67.2688 0
      vertex 42.2129 -67.1111 0.00807262
      vertex 42.2129 -67.1111 0.337067
    endloop
  endfacet
  facet normal 0.80335 -0.595508 0
    outer loop
      vertex 42.096 -67.2688 0
      vertex 42.2129 -67.1111 0.337067
      vertex 42.096 -67.2688 0.453979
    endloop
  endfacet
  facet normal 0.803367 -0.595483 -0.000732773
    outer loop
      vertex 42.2129 -67.1111 0.00807262
      vertex 42.096 -67.2688 0
      vertex 42.2017 -67.1262 0
    endloop
  endfacet
  facet normal -0.9038 0.427955 0
    outer loop
      vertex -42.3978 70.5654 0.152237
      vertex -42.3138 70.7428 0
      vertex -42.3978 70.5654 0
    endloop
  endfacet
  facet normal -0.9038 0.427955 0
    outer loop
      vertex -42.3138 70.7428 0
      vertex -42.3978 70.5654 0.152237
      vertex -42.3138 70.7428 0.23616
    endloop
  endfacet
  facet normal 0.427955 0.9038 0
    outer loop
      vertex 41.3154 71.6478 0
      vertex 41.4928 71.5638 1.05721
      vertex 41.4928 71.5638 0
    endloop
  endfacet
  facet normal 0.427955 0.9038 0
    outer loop
      vertex 41.4928 71.5638 1.05721
      vertex 41.3154 71.6478 0
      vertex 41.3154 71.6478 1.23463
    endloop
  endfacet
  facet normal -0.740908 -0.671607 0
    outer loop
      vertex -41.9642 -67.4142 0
      vertex -42.096 -67.2688 0.453979
      vertex -42.096 -67.2688 0
    endloop
  endfacet
  facet normal -0.740908 -0.671607 0
    outer loop
      vertex -42.096 -67.2688 0.453979
      vertex -41.9642 -67.4142 0
      vertex -41.9642 -67.4142 0.585785
    endloop
  endfacet
  facet normal -0.243015 -0.970023 0
    outer loop
      vertex -40.9402 -67.9616 0
      vertex -41.1306 -67.9139 1.41943
      vertex -41.1306 -67.9139 0
    endloop
  endfacet
  facet normal -0.243015 -0.970023 0
    outer loop
      vertex -41.1306 -67.9139 1.41943
      vertex -40.9402 -67.9616 0
      vertex -40.9402 -67.9616 1.60982
    endloop
  endfacet
  facet normal 0.146696 0.989182 0
    outer loop
      vertex 40.746 71.7904 0
      vertex 40.9402 71.7616 1.60982
      vertex 40.9402 71.7616 0
    endloop
  endfacet
  facet normal 0.146696 0.989182 0
    outer loop
      vertex 40.9402 71.7616 1.60982
      vertex 40.746 71.7904 0
      vertex 40.746 71.7904 1.80397
    endloop
  endfacet
  facet normal 0.146696 -0.989182 0
    outer loop
      vertex 40.746 -67.9904 0
      vertex 40.9402 -67.9616 1.60982
      vertex 40.746 -67.9904 1.80397
    endloop
  endfacet
  facet normal 0.146696 -0.989182 0
    outer loop
      vertex 40.9402 -67.9616 1.60982
      vertex 40.746 -67.9904 0
      vertex 40.9402 -67.9616 0
    endloop
  endfacet
  facet normal 0.336788 -0.94158 0
    outer loop
      vertex 41.1306 -67.9139 0
      vertex 41.3154 -67.8478 1.23463
      vertex 41.1306 -67.9139 1.41943
    endloop
  endfacet
  facet normal 0.336788 -0.94158 0
    outer loop
      vertex 41.3154 -67.8478 1.23463
      vertex 41.1306 -67.9139 0
      vertex 41.3154 -67.8478 0
    endloop
  endfacet
  facet normal -0.243015 0.970023 0
    outer loop
      vertex -40.9402 71.7616 0
      vertex -41.1306 71.7139 1.41943
      vertex -40.9402 71.7616 1.60982
    endloop
  endfacet
  facet normal -0.243015 0.970023 0
    outer loop
      vertex -41.1306 71.7139 1.41943
      vertex -40.9402 71.7616 0
      vertex -41.1306 71.7139 0
    endloop
  endfacet
  facet normal 0.671607 -0.740908 0
    outer loop
      vertex 41.8188 -67.546 0
      vertex 41.9642 -67.4142 0.585785
      vertex 41.8188 -67.546 0.731216
    endloop
  endfacet
  facet normal 0.671607 -0.740908 0
    outer loop
      vertex 41.9642 -67.4142 0.585785
      vertex 41.8188 -67.546 0
      vertex 41.9642 -67.4142 0
    endloop
  endfacet
  facet normal 0.427955 -0.9038 0
    outer loop
      vertex 41.3154 -67.8478 0
      vertex 41.4928 -67.7638 1.05721
      vertex 41.3154 -67.8478 1.23463
    endloop
  endfacet
  facet normal 0.427955 -0.9038 0
    outer loop
      vertex 41.4928 -67.7638 1.05721
      vertex 41.3154 -67.8478 0
      vertex 41.4928 -67.7638 0
    endloop
  endfacet
  facet normal 0 0 1
    outer loop
      vertex 32.8 -62.3 2.8
      vertex 21.6421 -66.9383 2.8
      vertex 21.65 -67.1 2.8
    endloop
  endfacet
  facet normal 0 0 1
    outer loop
      vertex 32.8 -62.3 2.8
      vertex 21.6183 -66.7781 2.8
      vertex 21.6421 -66.9383 2.8
    endloop
  endfacet
  facet normal 0 0 1
    outer loop
      vertex 32.8 -62.3 2.8
      vertex 21.579 -66.621 2.8
      vertex 21.6183 -66.7781 2.8
    endloop
  endfacet
  facet normal 0 0 1
    outer loop
      vertex 32.8 -62.3 2.8
      vertex 21.5244 -66.4686 2.8
      vertex 21.579 -66.621 2.8
    endloop
  endfacet
  facet normal 0 0 1
    outer loop
      vertex 32.8 -62.3 2.8
      vertex 21.4552 -66.3222 2.8
      vertex 21.5244 -66.4686 2.8
    endloop
  endfacet
  facet normal 0 0 1
    outer loop
      vertex 32.8 -62.3 2.8
      vertex 21.3719 -66.1833 2.8
      vertex 21.4552 -66.3222 2.8
    endloop
  endfacet
  facet normal 0 0 1
    outer loop
      vertex 32.8 -62.3 2.8
      vertex 21.2755 -66.0533 2.8
      vertex 21.3719 -66.1833 2.8
    endloop
  endfacet
  facet normal 0 0 1
    outer loop
      vertex 32.8 -62.3 2.8
      vertex 21.1667 -65.9333 2.8
      vertex 21.2755 -66.0533 2.8
    endloop
  endfacet
  facet normal 0 0 1
    outer loop
      vertex 32.8 -62.3 2.8
      vertex 21.0467 -65.8245 2.8
      vertex 21.1667 -65.9333 2.8
    endloop
  endfacet
  facet normal 0 0 1
    outer loop
      vertex 32.8 -62.3 2.8
      vertex 20.9167 -65.7281 2.8
      vertex 21.0467 -65.8245 2.8
    endloop
  endfacet
  facet normal 0 0 1
    outer loop
      vertex 32.8 -62.3 2.8
      vertex 20.7778 -65.6448 2.8
      vertex 20.9167 -65.7281 2.8
    endloop
  endfacet
  facet normal 0 0 1
    outer loop
      vertex 32.8 -62.3 2.8
      vertex 20.6314 -65.5756 2.8
      vertex 20.7778 -65.6448 2.8
    endloop
  endfacet
  facet normal 0 0 1
    outer loop
      vertex 32.8 -62.3 2.8
      vertex 20.479 -65.521 2.8
      vertex 20.6314 -65.5756 2.8
    endloop
  endfacet
  facet normal 0 0 1
    outer loop
      vertex 32.8 -62.3 2.8
      vertex 20.3219 -65.4817 2.8
      vertex 20.479 -65.521 2.8
    endloop
  endfacet
  facet normal 0 0 1
    outer loop
      vertex 32.8 -62.3 2.8
      vertex 20.1617 -65.4579 2.8
      vertex 20.3219 -65.4817 2.8
    endloop
  endfacet
  facet normal 0 0 1
    outer loop
      vertex 32.8 -62.3 2.8
      vertex 20 -65.45 2.8
      vertex 20.1617 -65.4579 2.8
    endloop
  endfacet
  facet normal 0 0 1
    outer loop
      vertex 32.8 -62.3 2.8
      vertex 19.8383 -65.4579 2.8
      vertex 20 -65.45 2.8
    endloop
  endfacet
  facet normal 0 0 1
    outer loop
      vertex 32.8 -62.3 2.8
      vertex 19.6781 -65.4817 2.8
      vertex 19.8383 -65.4579 2.8
    endloop
  endfacet
  facet normal 0 0 1
    outer loop
      vertex 18.3579 -66.9383 2.8
      vertex -18.35 -67.1 2.8
      vertex 18.35 -67.1 2.8
    endloop
  endfacet
  facet normal 0 0 1
    outer loop
      vertex -18.3579 -66.9383 2.8
      vertex 18.3579 -66.9383 2.8
      vertex 18.3817 -66.7781 2.8
    endloop
  endfacet
  facet normal 0 0 1
    outer loop
      vertex -18.3817 -66.7781 2.8
      vertex 18.3817 -66.7781 2.8
      vertex 18.421 -66.621 2.8
    endloop
  endfacet
  facet normal 0 0 1
    outer loop
      vertex -18.421 -66.621 2.8
      vertex 18.421 -66.621 2.8
      vertex 18.4756 -66.4686 2.8
    endloop
  endfacet
  facet normal 0 0 1
    outer loop
      vertex -18.4756 -66.4686 2.8
      vertex 18.4756 -66.4686 2.8
      vertex 18.5448 -66.3222 2.8
    endloop
  endfacet
  facet normal 0 0 1
    outer loop
      vertex -18.5448 -66.3222 2.8
      vertex 18.5448 -66.3222 2.8
      vertex 18.6281 -66.1833 2.8
    endloop
  endfacet
  facet normal 0 0 1
    outer loop
      vertex -18.6281 -66.1833 2.8
      vertex 18.6281 -66.1833 2.8
      vertex 18.7245 -66.0533 2.8
    endloop
  endfacet
  facet normal 0 0 1
    outer loop
      vertex -18.7245 -66.0533 2.8
      vertex 18.7245 -66.0533 2.8
      vertex 18.8333 -65.9333 2.8
    endloop
  endfacet
  facet normal 0 0 1
    outer loop
      vertex -18.8333 -65.9333 2.8
      vertex 18.8333 -65.9333 2.8
      vertex 18.9533 -65.8245 2.8
    endloop
  endfacet
  facet normal 0 0 1
    outer loop
      vertex -18.9533 -65.8245 2.8
      vertex 18.9533 -65.8245 2.8
      vertex 19.0833 -65.7281 2.8
    endloop
  endfacet
  facet normal 0 0 1
    outer loop
      vertex -19.0833 -65.7281 2.8
      vertex 19.0833 -65.7281 2.8
      vertex 19.2222 -65.6448 2.8
    endloop
  endfacet
  facet normal 0 0 1
    outer loop
      vertex -19.2222 -65.6448 2.8
      vertex 19.2222 -65.6448 2.8
      vertex 19.3686 -65.5756 2.8
    endloop
  endfacet
  facet normal 0 0 1
    outer loop
      vertex -19.3686 -65.5756 2.8
      vertex 19.3686 -65.5756 2.8
      vertex 19.521 -65.521 2.8
    endloop
  endfacet
  facet normal 0 0 1
    outer loop
      vertex -19.521 -65.521 2.8
      vertex 19.521 -65.521 2.8
      vertex 19.6781 -65.4817 2.8
    endloop
  endfacet
  facet normal 0 0 1
    outer loop
      vertex -19.6781 -65.4817 2.8
      vertex 19.6781 -65.4817 2.8
      vertex 32.8 -62.3 2.8
    endloop
  endfacet
  facet normal 0 0 1
    outer loop
      vertex 18.3579 -66.9383 2.8
      vertex -18.3579 -66.9383 2.8
      vertex -18.35 -67.1 2.8
    endloop
  endfacet
  facet normal 0 0 1
    outer loop
      vertex 18.3817 -66.7781 2.8
      vertex -18.3817 -66.7781 2.8
      vertex -18.3579 -66.9383 2.8
    endloop
  endfacet
  facet normal 0 0 1
    outer loop
      vertex 18.421 -66.621 2.8
      vertex -18.421 -66.621 2.8
      vertex -18.3817 -66.7781 2.8
    endloop
  endfacet
  facet normal 0 0 1
    outer loop
      vertex 18.4756 -66.4686 2.8
      vertex -18.4756 -66.4686 2.8
      vertex -18.421 -66.621 2.8
    endloop
  endfacet
  facet normal 0 0 1
    outer loop
      vertex 18.5448 -66.3222 2.8
      vertex -18.5448 -66.3222 2.8
      vertex -18.4756 -66.4686 2.8
    endloop
  endfacet
  facet normal 0 0 1
    outer loop
      vertex 18.6281 -66.1833 2.8
      vertex -18.6281 -66.1833 2.8
      vertex -18.5448 -66.3222 2.8
    endloop
  endfacet
  facet normal 0 0 1
    outer loop
      vertex 18.7245 -66.0533 2.8
      vertex -18.7245 -66.0533 2.8
      vertex -18.6281 -66.1833 2.8
    endloop
  endfacet
  facet normal 0 0 1
    outer loop
      vertex 18.8333 -65.9333 2.8
      vertex -18.8333 -65.9333 2.8
      vertex -18.7245 -66.0533 2.8
    endloop
  endfacet
  facet normal 0 0 1
    outer loop
      vertex 18.9533 -65.8245 2.8
      vertex -18.9533 -65.8245 2.8
      vertex -18.8333 -65.9333 2.8
    endloop
  endfacet
  facet normal 0 0 1
    outer loop
      vertex 19.0833 -65.7281 2.8
      vertex -19.0833 -65.7281 2.8
      vertex -18.9533 -65.8245 2.8
    endloop
  endfacet
  facet normal 0 0 1
    outer loop
      vertex 19.2222 -65.6448 2.8
      vertex -19.2222 -65.6448 2.8
      vertex -19.0833 -65.7281 2.8
    endloop
  endfacet
  facet normal 0 0 1
    outer loop
      vertex 19.3686 -65.5756 2.8
      vertex -19.3686 -65.5756 2.8
      vertex -19.2222 -65.6448 2.8
    endloop
  endfacet
  facet normal 0 0 1
    outer loop
      vertex 19.521 -65.521 2.8
      vertex -19.521 -65.521 2.8
      vertex -19.3686 -65.5756 2.8
    endloop
  endfacet
  facet normal 0 0 1
    outer loop
      vertex 19.6781 -65.4817 2.8
      vertex -19.6781 -65.4817 2.8
      vertex -19.521 -65.521 2.8
    endloop
  endfacet
  facet normal -0 0 1
    outer loop
      vertex -32.8 -62.3 2.8
      vertex -19.6781 -65.4817 2.8
      vertex 32.8 -62.3 2.8
    endloop
  endfacet
  facet normal 0 0 1
    outer loop
      vertex -19.6781 -65.4817 2.8
      vertex -32.8 -62.3 2.8
      vertex -19.8383 -65.4579 2.8
    endloop
  endfacet
  facet normal 0 0 1
    outer loop
      vertex -19.8383 -65.4579 2.8
      vertex -32.8 -62.3 2.8
      vertex -20 -65.45 2.8
    endloop
  endfacet
  facet normal 0 0 1
    outer loop
      vertex -21.6421 -66.9383 2.8
      vertex -32.8 -62.3 2.8
      vertex -21.65 -67.1 2.8
    endloop
  endfacet
  facet normal 0 0 1
    outer loop
      vertex -21.6183 -66.7781 2.8
      vertex -32.8 -62.3 2.8
      vertex -21.6421 -66.9383 2.8
    endloop
  endfacet
  facet normal 0 0 1
    outer loop
      vertex -21.579 -66.621 2.8
      vertex -32.8 -62.3 2.8
      vertex -21.6183 -66.7781 2.8
    endloop
  endfacet
  facet normal 0 0 1
    outer loop
      vertex -21.5244 -66.4686 2.8
      vertex -32.8 -62.3 2.8
      vertex -21.579 -66.621 2.8
    endloop
  endfacet
  facet normal 0 0 1
    outer loop
      vertex -21.4552 -66.3222 2.8
      vertex -32.8 -62.3 2.8
      vertex -21.5244 -66.4686 2.8
    endloop
  endfacet
  facet normal 0 0 1
    outer loop
      vertex -21.3719 -66.1833 2.8
      vertex -32.8 -62.3 2.8
      vertex -21.4552 -66.3222 2.8
    endloop
  endfacet
  facet normal 0 0 1
    outer loop
      vertex -21.2755 -66.0533 2.8
      vertex -32.8 -62.3 2.8
      vertex -21.3719 -66.1833 2.8
    endloop
  endfacet
  facet normal 0 0 1
    outer loop
      vertex -21.1667 -65.9333 2.8
      vertex -32.8 -62.3 2.8
      vertex -21.2755 -66.0533 2.8
    endloop
  endfacet
  facet normal 0 0 1
    outer loop
      vertex -21.0467 -65.8245 2.8
      vertex -32.8 -62.3 2.8
      vertex -21.1667 -65.9333 2.8
    endloop
  endfacet
  facet normal 0 0 1
    outer loop
      vertex -20.9167 -65.7281 2.8
      vertex -32.8 -62.3 2.8
      vertex -21.0467 -65.8245 2.8
    endloop
  endfacet
  facet normal 0 0 1
    outer loop
      vertex -20.7778 -65.6448 2.8
      vertex -32.8 -62.3 2.8
      vertex -20.9167 -65.7281 2.8
    endloop
  endfacet
  facet normal 0 0 1
    outer loop
      vertex -20.6314 -65.5756 2.8
      vertex -32.8 -62.3 2.8
      vertex -20.7778 -65.6448 2.8
    endloop
  endfacet
  facet normal 0 0 1
    outer loop
      vertex -20.479 -65.521 2.8
      vertex -32.8 -62.3 2.8
      vertex -20.6314 -65.5756 2.8
    endloop
  endfacet
  facet normal 0 0 1
    outer loop
      vertex -20.3219 -65.4817 2.8
      vertex -32.8 -62.3 2.8
      vertex -20.479 -65.521 2.8
    endloop
  endfacet
  facet normal 0 0 1
    outer loop
      vertex -20.1617 -65.4579 2.8
      vertex -32.8 -62.3 2.8
      vertex -20.3219 -65.4817 2.8
    endloop
  endfacet
  facet normal 0 0 1
    outer loop
      vertex -20 -65.45 2.8
      vertex -32.8 -62.3 2.8
      vertex -20.1617 -65.4579 2.8
    endloop
  endfacet
  facet normal -0 0 1
    outer loop
      vertex 34.8 60.3 2.8
      vertex 40.55 -68 2.8
      vertex 40.55 71.8 2.8
    endloop
  endfacet
  facet normal -0 0 1
    outer loop
      vertex 34.7904 -60.496 2.8
      vertex 40.55 -68 2.8
      vertex 34.8 -60.3 2.8
    endloop
  endfacet
  facet normal -0 0 1
    outer loop
      vertex 34.8 -60.3 2.8
      vertex 40.55 -68 2.8
      vertex 34.8 60.3 2.8
    endloop
  endfacet
  facet normal 0 0 1
    outer loop
      vertex 40.55 71.8 2.8
      vertex 34.7904 60.496 2.8
      vertex 34.8 60.3 2.8
    endloop
  endfacet
  facet normal 0 0 1
    outer loop
      vertex 40.55 71.8 2.8
      vertex 34.7616 60.6902 2.8
      vertex 34.7904 60.496 2.8
    endloop
  endfacet
  facet normal 0 0 1
    outer loop
      vertex 40.55 71.8 2.8
      vertex 34.7139 60.8806 2.8
      vertex 34.7616 60.6902 2.8
    endloop
  endfacet
  facet normal 0 0 1
    outer loop
      vertex 40.55 71.8 2.8
      vertex 34.6478 61.0654 2.8
      vertex 34.7139 60.8806 2.8
    endloop
  endfacet
  facet normal 0 0 1
    outer loop
      vertex 40.55 71.8 2.8
      vertex 34.5638 61.2428 2.8
      vertex 34.6478 61.0654 2.8
    endloop
  endfacet
  facet normal 0 0 1
    outer loop
      vertex 40.55 71.8 2.8
      vertex 34.4629 61.4111 2.8
      vertex 34.5638 61.2428 2.8
    endloop
  endfacet
  facet normal 0 0 1
    outer loop
      vertex 40.55 71.8 2.8
      vertex 34.346 61.5688 2.8
      vertex 34.4629 61.4111 2.8
    endloop
  endfacet
  facet normal 0 0 1
    outer loop
      vertex 40.55 71.8 2.8
      vertex 34.2142 61.7142 2.8
      vertex 34.346 61.5688 2.8
    endloop
  endfacet
  facet normal 0 0 1
    outer loop
      vertex 40.55 71.8 2.8
      vertex 34.0688 61.846 2.8
      vertex 34.2142 61.7142 2.8
    endloop
  endfacet
  facet normal 0 0 1
    outer loop
      vertex 40.55 71.8 2.8
      vertex 33.9111 61.9629 2.8
      vertex 34.0688 61.846 2.8
    endloop
  endfacet
  facet normal 0 0 1
    outer loop
      vertex 40.55 71.8 2.8
      vertex 33.7428 62.0638 2.8
      vertex 33.9111 61.9629 2.8
    endloop
  endfacet
  facet normal 0 0 1
    outer loop
      vertex 40.55 71.8 2.8
      vertex 33.5654 62.1478 2.8
      vertex 33.7428 62.0638 2.8
    endloop
  endfacet
  facet normal 0 0 1
    outer loop
      vertex 40.55 71.8 2.8
      vertex 33.3806 62.2139 2.8
      vertex 33.5654 62.1478 2.8
    endloop
  endfacet
  facet normal 0 0 1
    outer loop
      vertex 40.55 71.8 2.8
      vertex 33.1902 62.2616 2.8
      vertex 33.3806 62.2139 2.8
    endloop
  endfacet
  facet normal 0 0 1
    outer loop
      vertex 40.55 71.8 2.8
      vertex 32.996 62.2904 2.8
      vertex 33.1902 62.2616 2.8
    endloop
  endfacet
  facet normal 0 0 1
    outer loop
      vertex 40.55 71.8 2.8
      vertex 32.8 62.3 2.8
      vertex 32.996 62.2904 2.8
    endloop
  endfacet
  facet normal 0 0 1
    outer loop
      vertex 40.55 71.8 2.8
      vertex -32.8 62.3 2.8
      vertex 32.8 62.3 2.8
    endloop
  endfacet
  facet normal -0 0 1
    outer loop
      vertex -40.55 71.8 2.8
      vertex -32.8 62.3 2.8
      vertex 40.55 71.8 2.8
    endloop
  endfacet
  facet normal 0 0 1
    outer loop
      vertex -40.55 -68 2.8
      vertex -34.8 -60.3 2.8
      vertex -34.8 60.3 2.8
    endloop
  endfacet
  facet normal 0 0 1
    outer loop
      vertex -32.8 62.3 2.8
      vertex -40.55 71.8 2.8
      vertex -32.996 62.2904 2.8
    endloop
  endfacet
  facet normal 0 0 1
    outer loop
      vertex -40.55 71.8 2.8
      vertex -33.1902 62.2616 2.8
      vertex -32.996 62.2904 2.8
    endloop
  endfacet
  facet normal 0 0 1
    outer loop
      vertex -40.55 71.8 2.8
      vertex -33.3806 62.2139 2.8
      vertex -33.1902 62.2616 2.8
    endloop
  endfacet
  facet normal 0 0 1
    outer loop
      vertex -40.55 71.8 2.8
      vertex -33.5654 62.1478 2.8
      vertex -33.3806 62.2139 2.8
    endloop
  endfacet
  facet normal 0 0 1
    outer loop
      vertex -40.55 71.8 2.8
      vertex -33.7428 62.0638 2.8
      vertex -33.5654 62.1478 2.8
    endloop
  endfacet
  facet normal 0 0 1
    outer loop
      vertex -40.55 71.8 2.8
      vertex -33.9111 61.9629 2.8
      vertex -33.7428 62.0638 2.8
    endloop
  endfacet
  facet normal 0 0 1
    outer loop
      vertex -40.55 71.8 2.8
      vertex -34.0688 61.846 2.8
      vertex -33.9111 61.9629 2.8
    endloop
  endfacet
  facet normal 0 0 1
    outer loop
      vertex -40.55 71.8 2.8
      vertex -34.2142 61.7142 2.8
      vertex -34.0688 61.846 2.8
    endloop
  endfacet
  facet normal 0 0 1
    outer loop
      vertex -40.55 71.8 2.8
      vertex -34.346 61.5688 2.8
      vertex -34.2142 61.7142 2.8
    endloop
  endfacet
  facet normal 0 0 1
    outer loop
      vertex -40.55 71.8 2.8
      vertex -34.4629 61.4111 2.8
      vertex -34.346 61.5688 2.8
    endloop
  endfacet
  facet normal 0 0 1
    outer loop
      vertex -40.55 71.8 2.8
      vertex -34.5638 61.2428 2.8
      vertex -34.4629 61.4111 2.8
    endloop
  endfacet
  facet normal 0 0 1
    outer loop
      vertex -40.55 71.8 2.8
      vertex -34.6478 61.0654 2.8
      vertex -34.5638 61.2428 2.8
    endloop
  endfacet
  facet normal 0 0 1
    outer loop
      vertex -40.55 71.8 2.8
      vertex -34.7139 60.8806 2.8
      vertex -34.6478 61.0654 2.8
    endloop
  endfacet
  facet normal 0 0 1
    outer loop
      vertex -40.55 71.8 2.8
      vertex -34.7616 60.6902 2.8
      vertex -34.7139 60.8806 2.8
    endloop
  endfacet
  facet normal 0 0 1
    outer loop
      vertex -40.55 71.8 2.8
      vertex -34.7904 60.496 2.8
      vertex -34.7616 60.6902 2.8
    endloop
  endfacet
  facet normal 0 0 1
    outer loop
      vertex -40.55 71.8 2.8
      vertex -34.8 60.3 2.8
      vertex -34.7904 60.496 2.8
    endloop
  endfacet
  facet normal 0 0 1
    outer loop
      vertex -40.55 -68 2.8
      vertex -34.8 60.3 2.8
      vertex -40.55 71.8 2.8
    endloop
  endfacet
  facet normal 0 0 1
    outer loop
      vertex -34.8 -60.3 2.8
      vertex -40.55 -68 2.8
      vertex -39.7 -68 2.8
    endloop
  endfacet
  facet normal -0 0 1
    outer loop
      vertex 34.7616 -60.6902 2.8
      vertex 40.55 -68 2.8
      vertex 34.7904 -60.496 2.8
    endloop
  endfacet
  facet normal -0 0 1
    outer loop
      vertex 34.7139 -60.8806 2.8
      vertex 40.55 -68 2.8
      vertex 34.7616 -60.6902 2.8
    endloop
  endfacet
  facet normal 0 0 1
    outer loop
      vertex 40.55 -68 2.8
      vertex 34.7139 -60.8806 2.8
      vertex 39.7 -68 2.8
    endloop
  endfacet
  facet normal -0 0 1
    outer loop
      vertex 34.6478 -61.0654 2.8
      vertex 39.7 -68 2.8
      vertex 34.7139 -60.8806 2.8
    endloop
  endfacet
  facet normal -0 0 1
    outer loop
      vertex 34.5638 -61.2428 2.8
      vertex 39.7 -68 2.8
      vertex 34.6478 -61.0654 2.8
    endloop
  endfacet
  facet normal -0 0 1
    outer loop
      vertex 34.4629 -61.4111 2.8
      vertex 39.7 -68 2.8
      vertex 34.5638 -61.2428 2.8
    endloop
  endfacet
  facet normal -0 0 1
    outer loop
      vertex 34.346 -61.5688 2.8
      vertex 39.7 -68 2.8
      vertex 34.4629 -61.4111 2.8
    endloop
  endfacet
  facet normal -0 0 1
    outer loop
      vertex 34.2142 -61.7142 2.8
      vertex 39.7 -68 2.8
      vertex 34.346 -61.5688 2.8
    endloop
  endfacet
  facet normal -0 0 1
    outer loop
      vertex 34.0688 -61.846 2.8
      vertex 39.7 -68 2.8
      vertex 34.2142 -61.7142 2.8
    endloop
  endfacet
  facet normal -0 0 1
    outer loop
      vertex 33.9111 -61.9629 2.8
      vertex 39.7 -68 2.8
      vertex 34.0688 -61.846 2.8
    endloop
  endfacet
  facet normal -0 0 1
    outer loop
      vertex 33.7428 -62.0638 2.8
      vertex 39.7 -68 2.8
      vertex 33.9111 -61.9629 2.8
    endloop
  endfacet
  facet normal -0 0 1
    outer loop
      vertex 33.5654 -62.1478 2.8
      vertex 39.7 -68 2.8
      vertex 33.7428 -62.0638 2.8
    endloop
  endfacet
  facet normal -0 0 1
    outer loop
      vertex 33.3806 -62.2139 2.8
      vertex 39.7 -68 2.8
      vertex 33.5654 -62.1478 2.8
    endloop
  endfacet
  facet normal -0 0 1
    outer loop
      vertex 33.1902 -62.2616 2.8
      vertex 39.7 -68 2.8
      vertex 33.3806 -62.2139 2.8
    endloop
  endfacet
  facet normal -0 0 1
    outer loop
      vertex 32.996 -62.2904 2.8
      vertex 39.7 -68 2.8
      vertex 33.1902 -62.2616 2.8
    endloop
  endfacet
  facet normal 0 0 1
    outer loop
      vertex 39.7 -68 2.8
      vertex 32.996 -62.2904 2.8
      vertex 39.7 -68.9 2.8
    endloop
  endfacet
  facet normal -0 0 1
    outer loop
      vertex 32.8 -62.3 2.8
      vertex 39.7 -68.9 2.8
      vertex 32.996 -62.2904 2.8
    endloop
  endfacet
  facet normal 0 0 1
    outer loop
      vertex 21.6421 -67.2617 2.8
      vertex 32.8 -62.3 2.8
      vertex 21.65 -67.1 2.8
    endloop
  endfacet
  facet normal 0 0 1
    outer loop
      vertex 21.6183 -67.4219 2.8
      vertex 32.8 -62.3 2.8
      vertex 21.6421 -67.2617 2.8
    endloop
  endfacet
  facet normal 0 0 1
    outer loop
      vertex 21.579 -67.579 2.8
      vertex 32.8 -62.3 2.8
      vertex 21.6183 -67.4219 2.8
    endloop
  endfacet
  facet normal 0 0 1
    outer loop
      vertex 21.5244 -67.7314 2.8
      vertex 32.8 -62.3 2.8
      vertex 21.579 -67.579 2.8
    endloop
  endfacet
  facet normal 0 0 1
    outer loop
      vertex 32.8 -62.3 2.8
      vertex 21.5244 -67.7314 2.8
      vertex 39.7 -68.9 2.8
    endloop
  endfacet
  facet normal -0 0 1
    outer loop
      vertex 21.4552 -67.8778 2.8
      vertex 39.7 -68.9 2.8
      vertex 21.5244 -67.7314 2.8
    endloop
  endfacet
  facet normal -0 0 1
    outer loop
      vertex 21.3719 -68.0167 2.8
      vertex 39.7 -68.9 2.8
      vertex 21.4552 -67.8778 2.8
    endloop
  endfacet
  facet normal -0 0 1
    outer loop
      vertex 21.2755 -68.1468 2.8
      vertex 39.7 -68.9 2.8
      vertex 21.3719 -68.0167 2.8
    endloop
  endfacet
  facet normal -0 0 1
    outer loop
      vertex 21.1667 -68.2667 2.8
      vertex 39.7 -68.9 2.8
      vertex 21.2755 -68.1468 2.8
    endloop
  endfacet
  facet normal -0 0 1
    outer loop
      vertex 21.0467 -68.3755 2.8
      vertex 39.7 -68.9 2.8
      vertex 21.1667 -68.2667 2.8
    endloop
  endfacet
  facet normal -0 0 1
    outer loop
      vertex 20.9167 -68.4719 2.8
      vertex 39.7 -68.9 2.8
      vertex 21.0467 -68.3755 2.8
    endloop
  endfacet
  facet normal -0 0 1
    outer loop
      vertex 20.7778 -68.5552 2.8
      vertex 39.7 -68.9 2.8
      vertex 20.9167 -68.4719 2.8
    endloop
  endfacet
  facet normal -0 0 1
    outer loop
      vertex 20.6314 -68.6244 2.8
      vertex 39.7 -68.9 2.8
      vertex 20.7778 -68.5552 2.8
    endloop
  endfacet
  facet normal -0 0 1
    outer loop
      vertex 20.479 -68.679 2.8
      vertex 39.7 -68.9 2.8
      vertex 20.6314 -68.6244 2.8
    endloop
  endfacet
  facet normal -0 0 1
    outer loop
      vertex 20.3219 -68.7183 2.8
      vertex 39.7 -68.9 2.8
      vertex 20.479 -68.679 2.8
    endloop
  endfacet
  facet normal -0 0 1
    outer loop
      vertex 20.1617 -68.7421 2.8
      vertex 39.7 -68.9 2.8
      vertex 20.3219 -68.7183 2.8
    endloop
  endfacet
  facet normal -0 0 1
    outer loop
      vertex 20 -68.75 2.8
      vertex 39.7 -68.9 2.8
      vertex 20.1617 -68.7421 2.8
    endloop
  endfacet
  facet normal -0 0 1
    outer loop
      vertex -18.35 -67.1 2.8
      vertex 18.3579 -67.2617 2.8
      vertex 18.35 -67.1 2.8
    endloop
  endfacet
  facet normal 0 0 1
    outer loop
      vertex -18.3579 -67.2617 2.8
      vertex 18.3579 -67.2617 2.8
      vertex -18.35 -67.1 2.8
    endloop
  endfacet
  facet normal 0 0 1
    outer loop
      vertex 18.3579 -67.2617 2.8
      vertex -18.3579 -67.2617 2.8
      vertex 18.3817 -67.4219 2.8
    endloop
  endfacet
  facet normal 0 0 1
    outer loop
      vertex -18.3817 -67.4219 2.8
      vertex 18.3817 -67.4219 2.8
      vertex -18.3579 -67.2617 2.8
    endloop
  endfacet
  facet normal 0 0 1
    outer loop
      vertex 18.3817 -67.4219 2.8
      vertex -18.3817 -67.4219 2.8
      vertex 18.421 -67.579 2.8
    endloop
  endfacet
  facet normal 0 0 1
    outer loop
      vertex -18.421 -67.579 2.8
      vertex 18.421 -67.579 2.8
      vertex -18.3817 -67.4219 2.8
    endloop
  endfacet
  facet normal 0 0 1
    outer loop
      vertex 18.421 -67.579 2.8
      vertex -18.421 -67.579 2.8
      vertex 18.4756 -67.7314 2.8
    endloop
  endfacet
  facet normal 0 0 1
    outer loop
      vertex -18.4756 -67.7314 2.8
      vertex 18.4756 -67.7314 2.8
      vertex -18.421 -67.579 2.8
    endloop
  endfacet
  facet normal 0 0 1
    outer loop
      vertex 18.4756 -67.7314 2.8
      vertex -18.4756 -67.7314 2.8
      vertex 18.5448 -67.8778 2.8
    endloop
  endfacet
  facet normal 0 0 1
    outer loop
      vertex -18.5448 -67.8778 2.8
      vertex 18.5448 -67.8778 2.8
      vertex -18.4756 -67.7314 2.8
    endloop
  endfacet
  facet normal 0 0 1
    outer loop
      vertex 18.5448 -67.8778 2.8
      vertex -18.5448 -67.8778 2.8
      vertex 18.6281 -68.0167 2.8
    endloop
  endfacet
  facet normal 0 0 1
    outer loop
      vertex -18.6281 -68.0167 2.8
      vertex 18.6281 -68.0167 2.8
      vertex -18.5448 -67.8778 2.8
    endloop
  endfacet
  facet normal 0 0 1
    outer loop
      vertex 18.6281 -68.0167 2.8
      vertex -18.6281 -68.0167 2.8
      vertex 18.7245 -68.1468 2.8
    endloop
  endfacet
  facet normal 0 0 1
    outer loop
      vertex -18.7245 -68.1468 2.8
      vertex 18.7245 -68.1468 2.8
      vertex -18.6281 -68.0167 2.8
    endloop
  endfacet
  facet normal 0 0 1
    outer loop
      vertex 18.7245 -68.1468 2.8
      vertex -18.7245 -68.1468 2.8
      vertex 18.8333 -68.2667 2.8
    endloop
  endfacet
  facet normal 0 0 1
    outer loop
      vertex -18.8333 -68.2667 2.8
      vertex 18.8333 -68.2667 2.8
      vertex -18.7245 -68.1468 2.8
    endloop
  endfacet
  facet normal 0 0 1
    outer loop
      vertex 18.8333 -68.2667 2.8
      vertex -18.8333 -68.2667 2.8
      vertex 18.9533 -68.3755 2.8
    endloop
  endfacet
  facet normal 0 0 1
    outer loop
      vertex -18.9533 -68.3755 2.8
      vertex 18.9533 -68.3755 2.8
      vertex -18.8333 -68.2667 2.8
    endloop
  endfacet
  facet normal 0 0 1
    outer loop
      vertex 18.9533 -68.3755 2.8
      vertex -18.9533 -68.3755 2.8
      vertex 19.0833 -68.4719 2.8
    endloop
  endfacet
  facet normal 0 0 1
    outer loop
      vertex -19.0833 -68.4719 2.8
      vertex 19.0833 -68.4719 2.8
      vertex -18.9533 -68.3755 2.8
    endloop
  endfacet
  facet normal 0 0 1
    outer loop
      vertex 19.0833 -68.4719 2.8
      vertex -19.0833 -68.4719 2.8
      vertex 19.2222 -68.5552 2.8
    endloop
  endfacet
  facet normal 0 0 1
    outer loop
      vertex -19.2222 -68.5552 2.8
      vertex 19.2222 -68.5552 2.8
      vertex -19.0833 -68.4719 2.8
    endloop
  endfacet
  facet normal 0 0 1
    outer loop
      vertex 19.2222 -68.5552 2.8
      vertex -19.2222 -68.5552 2.8
      vertex 19.3686 -68.6244 2.8
    endloop
  endfacet
  facet normal 0 0 1
    outer loop
      vertex -19.3686 -68.6244 2.8
      vertex 19.3686 -68.6244 2.8
      vertex -19.2222 -68.5552 2.8
    endloop
  endfacet
  facet normal 0 0 1
    outer loop
      vertex 19.3686 -68.6244 2.8
      vertex -19.3686 -68.6244 2.8
      vertex 19.521 -68.679 2.8
    endloop
  endfacet
  facet normal 0 0 1
    outer loop
      vertex -19.521 -68.679 2.8
      vertex 19.521 -68.679 2.8
      vertex -19.3686 -68.6244 2.8
    endloop
  endfacet
  facet normal 0 0 1
    outer loop
      vertex 19.521 -68.679 2.8
      vertex -19.521 -68.679 2.8
      vertex 19.6781 -68.7183 2.8
    endloop
  endfacet
  facet normal 0 0 1
    outer loop
      vertex -19.6781 -68.7183 2.8
      vertex 19.6781 -68.7183 2.8
      vertex -19.521 -68.679 2.8
    endloop
  endfacet
  facet normal 0 0 1
    outer loop
      vertex 19.6781 -68.7183 2.8
      vertex -19.6781 -68.7183 2.8
      vertex 19.8383 -68.7421 2.8
    endloop
  endfacet
  facet normal 0 0 1
    outer loop
      vertex -19.8383 -68.7421 2.8
      vertex 19.8383 -68.7421 2.8
      vertex -19.6781 -68.7183 2.8
    endloop
  endfacet
  facet normal 0 0 1
    outer loop
      vertex 19.8383 -68.7421 2.8
      vertex -19.8383 -68.7421 2.8
      vertex 20 -68.75 2.8
    endloop
  endfacet
  facet normal 0 0 1
    outer loop
      vertex -20 -68.75 2.8
      vertex 20 -68.75 2.8
      vertex -19.8383 -68.7421 2.8
    endloop
  endfacet
  facet normal 0 0 1
    outer loop
      vertex 20 -68.75 2.8
      vertex -20 -68.75 2.8
      vertex 39.7 -68.9 2.8
    endloop
  endfacet
  facet normal 0 0 1
    outer loop
      vertex -32.8 -62.3 2.8
      vertex -21.6421 -67.2617 2.8
      vertex -21.65 -67.1 2.8
    endloop
  endfacet
  facet normal 0 0 1
    outer loop
      vertex -32.8 -62.3 2.8
      vertex -21.6183 -67.4219 2.8
      vertex -21.6421 -67.2617 2.8
    endloop
  endfacet
  facet normal 0 0 1
    outer loop
      vertex -32.8 -62.3 2.8
      vertex -21.579 -67.579 2.8
      vertex -21.6183 -67.4219 2.8
    endloop
  endfacet
  facet normal 0 0 1
    outer loop
      vertex -32.8 -62.3 2.8
      vertex -21.5244 -67.7314 2.8
      vertex -21.579 -67.579 2.8
    endloop
  endfacet
  facet normal 0 0 1
    outer loop
      vertex -39.7 -68.9 2.8
      vertex -21.5244 -67.7314 2.8
      vertex -32.8 -62.3 2.8
    endloop
  endfacet
  facet normal 0 0 1
    outer loop
      vertex -21.5244 -67.7314 2.8
      vertex -39.7 -68.9 2.8
      vertex -21.4552 -67.8778 2.8
    endloop
  endfacet
  facet normal 0 0 1
    outer loop
      vertex -21.4552 -67.8778 2.8
      vertex -39.7 -68.9 2.8
      vertex -21.3719 -68.0167 2.8
    endloop
  endfacet
  facet normal 0 0 1
    outer loop
      vertex -21.3719 -68.0167 2.8
      vertex -39.7 -68.9 2.8
      vertex -21.2755 -68.1468 2.8
    endloop
  endfacet
  facet normal 0 0 1
    outer loop
      vertex -21.2755 -68.1468 2.8
      vertex -39.7 -68.9 2.8
      vertex -21.1667 -68.2667 2.8
    endloop
  endfacet
  facet normal 0 0 1
    outer loop
      vertex -21.1667 -68.2667 2.8
      vertex -39.7 -68.9 2.8
      vertex -21.0467 -68.3755 2.8
    endloop
  endfacet
  facet normal 0 0 1
    outer loop
      vertex -21.0467 -68.3755 2.8
      vertex -39.7 -68.9 2.8
      vertex -20.9167 -68.4719 2.8
    endloop
  endfacet
  facet normal 0 0 1
    outer loop
      vertex -39.7 -68.9 2.8
      vertex -32.8 -62.3 2.8
      vertex -32.996 -62.2904 2.8
    endloop
  endfacet
  facet normal 0 0 1
    outer loop
      vertex -39.7 -68 2.8
      vertex -32.996 -62.2904 2.8
      vertex -33.1902 -62.2616 2.8
    endloop
  endfacet
  facet normal 0 0 1
    outer loop
      vertex -39.7 -68 2.8
      vertex -33.1902 -62.2616 2.8
      vertex -33.3806 -62.2139 2.8
    endloop
  endfacet
  facet normal 0 0 1
    outer loop
      vertex -39.7 -68 2.8
      vertex -33.3806 -62.2139 2.8
      vertex -33.5654 -62.1478 2.8
    endloop
  endfacet
  facet normal 0 0 1
    outer loop
      vertex -39.7 -68 2.8
      vertex -33.5654 -62.1478 2.8
      vertex -33.7428 -62.0638 2.8
    endloop
  endfacet
  facet normal 0 0 1
    outer loop
      vertex -39.7 -68 2.8
      vertex -34.7904 -60.496 2.8
      vertex -34.8 -60.3 2.8
    endloop
  endfacet
  facet normal 0 0 1
    outer loop
      vertex -39.7 -68 2.8
      vertex -34.7616 -60.6902 2.8
      vertex -34.7904 -60.496 2.8
    endloop
  endfacet
  facet normal 0 0 1
    outer loop
      vertex -39.7 -68 2.8
      vertex -34.7139 -60.8806 2.8
      vertex -34.7616 -60.6902 2.8
    endloop
  endfacet
  facet normal 0 0 1
    outer loop
      vertex -39.7 -68 2.8
      vertex -34.6478 -61.0654 2.8
      vertex -34.7139 -60.8806 2.8
    endloop
  endfacet
  facet normal 0 0 1
    outer loop
      vertex -39.7 -68 2.8
      vertex -34.5638 -61.2428 2.8
      vertex -34.6478 -61.0654 2.8
    endloop
  endfacet
  facet normal 0 0 1
    outer loop
      vertex -39.7 -68 2.8
      vertex -34.4629 -61.4111 2.8
      vertex -34.5638 -61.2428 2.8
    endloop
  endfacet
  facet normal 0 0 1
    outer loop
      vertex -39.7 -68 2.8
      vertex -34.346 -61.5688 2.8
      vertex -34.4629 -61.4111 2.8
    endloop
  endfacet
  facet normal 0 0 1
    outer loop
      vertex -39.7 -68 2.8
      vertex -34.2142 -61.7142 2.8
      vertex -34.346 -61.5688 2.8
    endloop
  endfacet
  facet normal 0 0 1
    outer loop
      vertex -39.7 -68 2.8
      vertex -34.0688 -61.846 2.8
      vertex -34.2142 -61.7142 2.8
    endloop
  endfacet
  facet normal 0 0 1
    outer loop
      vertex -39.7 -68 2.8
      vertex -33.9111 -61.9629 2.8
      vertex -34.0688 -61.846 2.8
    endloop
  endfacet
  facet normal 0 0 1
    outer loop
      vertex -39.7 -68 2.8
      vertex -33.7428 -62.0638 2.8
      vertex -33.9111 -61.9629 2.8
    endloop
  endfacet
  facet normal 0 0 1
    outer loop
      vertex -32.996 -62.2904 2.8
      vertex -39.7 -68 2.8
      vertex -39.7 -68.9 2.8
    endloop
  endfacet
  facet normal 0 0 1
    outer loop
      vertex -20.9167 -68.4719 2.8
      vertex -39.7 -68.9 2.8
      vertex -20.7778 -68.5552 2.8
    endloop
  endfacet
  facet normal 0 0 1
    outer loop
      vertex -20.7778 -68.5552 2.8
      vertex -39.7 -68.9 2.8
      vertex -20.6314 -68.6244 2.8
    endloop
  endfacet
  facet normal 0 0 1
    outer loop
      vertex -20.6314 -68.6244 2.8
      vertex -39.7 -68.9 2.8
      vertex -20.479 -68.679 2.8
    endloop
  endfacet
  facet normal 0 0 1
    outer loop
      vertex -20.479 -68.679 2.8
      vertex -39.7 -68.9 2.8
      vertex -20.3219 -68.7183 2.8
    endloop
  endfacet
  facet normal 0 0 1
    outer loop
      vertex -20.3219 -68.7183 2.8
      vertex -39.7 -68.9 2.8
      vertex -20.1617 -68.7421 2.8
    endloop
  endfacet
  facet normal 0 0 1
    outer loop
      vertex -20 -68.75 2.8
      vertex -39.7 -68.9 2.8
      vertex 39.7 -68.9 2.8
    endloop
  endfacet
  facet normal 0 0 1
    outer loop
      vertex -20.1617 -68.7421 2.8
      vertex -39.7 -68.9 2.8
      vertex -20 -68.75 2.8
    endloop
  endfacet
  facet normal -0.80335 0.595508 0
    outer loop
      vertex -42.2129 70.9111 0.337067
      vertex -42.096 71.0688 0
      vertex -42.2129 70.9111 0
    endloop
  endfacet
  facet normal -0.80335 0.595508 0
    outer loop
      vertex -42.096 71.0688 0
      vertex -42.2129 70.9111 0.337067
      vertex -42.096 71.0688 0.453979
    endloop
  endfacet
  facet normal 0.9038 0.427955 0
    outer loop
      vertex 42.3978 70.5654 0.152237
      vertex 42.3138 70.7428 0
      vertex 42.3138 70.7428 0.23616
    endloop
  endfacet
  facet normal 0.9038 0.427955 0
    outer loop
      vertex 42.3138 70.7428 0
      vertex 42.3978 70.5654 0.152237
      vertex 42.3978 70.5654 0
    endloop
  endfacet
  facet normal 0.942859 -0.333191 0
    outer loop
      vertex 42.3978 -66.7654 0.152237
      vertex 42.3978 -66.7654 0.144301
      vertex 42.4025 -66.7521 0.147489
    endloop
  endfacet
  facet normal 0.595508 -0.80335 0
    outer loop
      vertex 41.6611 -67.6629 0
      vertex 41.8188 -67.546 0.731216
      vertex 41.6611 -67.6629 0.888855
    endloop
  endfacet
  facet normal 0.595508 -0.80335 0
    outer loop
      vertex 41.8188 -67.546 0.731216
      vertex 41.6611 -67.6629 0
      vertex 41.8188 -67.546 0
    endloop
  endfacet
  facet normal -0.146696 -0.989182 0
    outer loop
      vertex -40.746 -67.9904 0
      vertex -40.9402 -67.9616 1.60982
      vertex -40.9402 -67.9616 0
    endloop
  endfacet
  facet normal -0.146696 -0.989182 0
    outer loop
      vertex -40.9402 -67.9616 1.60982
      vertex -40.746 -67.9904 0
      vertex -40.746 -67.9904 1.80397
    endloop
  endfacet
  facet normal 0.243015 -0.970023 0
    outer loop
      vertex 40.9402 -67.9616 0
      vertex 41.1306 -67.9139 1.41943
      vertex 40.9402 -67.9616 1.60982
    endloop
  endfacet
  facet normal 0.243015 -0.970023 0
    outer loop
      vertex 41.1306 -67.9139 1.41943
      vertex 40.9402 -67.9616 0
      vertex 41.1306 -67.9139 0
    endloop
  endfacet
  facet normal 0.901716 -0.432329 0
    outer loop
      vertex 42.3978 -66.7654 0.152237
      vertex 42.3873 -66.7873 0.140333
      vertex 42.3978 -66.7654 0.144301
    endloop
  endfacet
  facet normal 0.902819 -0.429988 -0.0052802
    outer loop
      vertex 42.3138 -66.9428 0.23616
      vertex 42.3873 -66.7873 0.140333
      vertex 42.3978 -66.7654 0.152237
    endloop
  endfacet
  facet normal 0.904416 -0.42665 0.00136109
    outer loop
      vertex 42.3873 -66.7873 0.140333
      vertex 42.3138 -66.9428 0.23616
      vertex 42.3627 -66.8395 0.123787
    endloop
  endfacet
  facet normal 0.903845 -0.427861 0
    outer loop
      vertex 42.3627 -66.8395 0.123787
      vertex 42.3138 -66.9428 0.23616
      vertex 42.3138 -66.9428 0.0909742
    endloop
  endfacet
  facet normal 0.740908 -0.671607 0
    outer loop
      vertex 41.9642 -67.4142 0
      vertex 42.096 -67.2688 0.453979
      vertex 41.9642 -67.4142 0.585785
    endloop
  endfacet
  facet normal 0.740908 -0.671607 0
    outer loop
      vertex 42.096 -67.2688 0.453979
      vertex 41.9642 -67.4142 0
      vertex 42.096 -67.2688 0
    endloop
  endfacet
  facet normal 0.856945 -0.515409 0
    outer loop
      vertex 42.3138 -66.9428 0.23616
      vertex 42.3055 -66.9566 0.0873308
      vertex 42.3138 -66.9428 0.0909742
    endloop
  endfacet
  facet normal 0.858444 -0.512908 -0.000315497
    outer loop
      vertex 42.3138 -66.9428 0.23616
      vertex 42.2954 -66.9735 0.080549
      vertex 42.3055 -66.9566 0.0873308
    endloop
  endfacet
  facet normal 0.857629 -0.514269 4.9321e-05
    outer loop
      vertex 42.3138 -66.9428 0.23616
      vertex 42.2641 -67.0257 0.059515
      vertex 42.2954 -66.9735 0.080549
    endloop
  endfacet
  facet normal 0.857673 -0.514195 2.25143e-06
    outer loop
      vertex 42.2129 -67.1111 0.337067
      vertex 42.2641 -67.0257 0.059515
      vertex 42.3138 -66.9428 0.23616
    endloop
  endfacet
  facet normal 0.85767 -0.5142 0
    outer loop
      vertex 42.2641 -67.0257 0.059515
      vertex 42.2129 -67.1111 0.337067
      vertex 42.2129 -67.1111 0.00807262
    endloop
  endfacet
  facet normal -0.671607 -0.740908 0
    outer loop
      vertex -41.8188 -67.546 0
      vertex -41.9642 -67.4142 0.585785
      vertex -41.9642 -67.4142 0
    endloop
  endfacet
  facet normal -0.671607 -0.740908 0
    outer loop
      vertex -41.9642 -67.4142 0.585785
      vertex -41.8188 -67.546 0
      vertex -41.8188 -67.546 0.731216
    endloop
  endfacet
  facet normal 1 -0 0
    outer loop
      vertex 40.55 -68 2.8
      vertex 40.55 71.8 2
      vertex 40.55 71.8 2.8
    endloop
  endfacet
  facet normal 1 0 0
    outer loop
      vertex 40.55 71.8 2
      vertex 40.55 -68 2.8
      vertex 40.55 -68 2
    endloop
  endfacet
  facet normal -1 0 0
    outer loop
      vertex -40.55 -68 2
      vertex -40.55 71.8 2.8
      vertex -40.55 71.8 2
    endloop
  endfacet
  facet normal -1 -0 0
    outer loop
      vertex -40.55 71.8 2.8
      vertex -40.55 -68 2
      vertex -40.55 -68 2.8
    endloop
  endfacet
  facet normal -0.707229 0.00292218 0.706978
    outer loop
      vertex -40.9402 71.7616 1.60982
      vertex -40.55 71.8 2
      vertex -40.746 71.7904 1.80397
    endloop
  endfacet
  facet normal -0.707089 5.88166e-06 0.707125
    outer loop
      vertex -41.1306 71.7139 1.41943
      vertex -40.55 71.8 2
      vertex -40.9402 71.7616 1.60982
    endloop
  endfacet
  facet normal -0.707076 -0.0001745 0.707138
    outer loop
      vertex -41.3154 71.6478 1.23463
      vertex -40.55 71.8 2
      vertex -41.1306 71.7139 1.41943
    endloop
  endfacet
  facet normal -0.707054 -0.000391188 0.707159
    outer loop
      vertex -41.4928 71.5638 1.05721
      vertex -40.55 71.8 2
      vertex -41.3154 71.6478 1.23463
    endloop
  endfacet
  facet normal -0.707017 -0.00068371 0.707196
    outer loop
      vertex -41.6611 71.4629 0.888855
      vertex -40.55 71.8 2
      vertex -41.4928 71.5638 1.05721
    endloop
  endfacet
  facet normal -0.707226 0.000689911 0.706988
    outer loop
      vertex -41.8188 71.346 0.731216
      vertex -40.55 71.8 2
      vertex -41.6611 71.4629 0.888855
    endloop
  endfacet
  facet normal -0.70705 -0.000291059 0.707163
    outer loop
      vertex -41.9642 71.2142 0.585785
      vertex -40.55 71.8 2
      vertex -41.8188 71.346 0.731216
    endloop
  endfacet
  facet normal -0.707103 -3.58367e-05 0.70711
    outer loop
      vertex -42.096 71.0688 0.453979
      vertex -40.55 71.8 2
      vertex -41.9642 71.2142 0.585785
    endloop
  endfacet
  facet normal -0.707095 -7.18928e-05 0.707119
    outer loop
      vertex -42.2129 70.9111 0.337067
      vertex -40.55 71.8 2
      vertex -42.096 71.0688 0.453979
    endloop
  endfacet
  facet normal -0.707106 -3.09003e-05 0.707108
    outer loop
      vertex -42.3138 70.7428 0.23616
      vertex -40.55 71.8 2
      vertex -42.2129 70.9111 0.337067
    endloop
  endfacet
  facet normal -0.707246 0.00043906 0.706967
    outer loop
      vertex -42.3978 70.5654 0.152237
      vertex -40.55 71.8 2
      vertex -42.3138 70.7428 0.23616
    endloop
  endfacet
  facet normal -0.70707 -8.91177e-05 0.707144
    outer loop
      vertex -42.4639 70.3806 0.0861206
      vertex -40.55 71.8 2
      vertex -42.3978 70.5654 0.152237
    endloop
  endfacet
  facet normal -0.70713 7.20044e-05 0.707084
    outer loop
      vertex -42.5116 70.1902 0.0384369
      vertex -40.55 71.8 2
      vertex -42.4639 70.3806 0.0861206
    endloop
  endfacet
  facet normal -0.707085 -3.78999e-05 0.707129
    outer loop
      vertex -42.5404 69.996 0.0096283
      vertex -40.55 71.8 2
      vertex -42.5116 70.1902 0.0384369
    endloop
  endfacet
  facet normal -0.707053 -0.000107364 0.70716
    outer loop
      vertex -42.55 69.8 0
      vertex -40.55 71.8 2
      vertex -42.5404 69.996 0.0096283
    endloop
  endfacet
  facet normal -0.706914 0 0.707299
    outer loop
      vertex -42.5344 -65.5332 0.0155915
      vertex -42.55 69.8 0
      vertex -42.55 -65.5277 0
    endloop
  endfacet
  facet normal -0.707296 -8.80243e-08 0.706918
    outer loop
      vertex -42.4905 -65.5486 0.059515
      vertex -42.55 69.8 0
      vertex -42.5344 -65.5332 0.0155915
    endloop
  endfacet
  facet normal -0.707107 7.83306e-08 0.707107
    outer loop
      vertex -42.55 69.8 0
      vertex -42.4905 -65.5486 0.059515
      vertex -40.55 71.8 2
    endloop
  endfacet
  facet normal -0.706722 -1.07815e-05 0.707491
    outer loop
      vertex -42.4538 -65.59 0.0961745
      vertex -40.55 71.8 2
      vertex -42.4905 -65.5486 0.059515
    endloop
  endfacet
  facet normal -0.707125 3.65706e-07 0.707089
    outer loop
      vertex -42.3271 -65.733 0.222881
      vertex -40.55 71.8 2
      vertex -42.4538 -65.59 0.0961745
    endloop
  endfacet
  facet normal -0.707455 -0.00054102 0.706758
    outer loop
      vertex -40.55 -68 2
      vertex -42.3271 -65.733 0.222881
      vertex -42.2862 -65.838 0.263741
    endloop
  endfacet
  facet normal -0.706823 0.000475034 0.70739
    outer loop
      vertex -40.55 -68 2
      vertex -42.2862 -65.838 0.263741
      vertex -42.2667 -65.8881 0.283259
    endloop
  endfacet
  facet normal -0.706937 0.000289991 0.707277
    outer loop
      vertex -40.55 -68 2
      vertex -42.2667 -65.8881 0.283259
      vertex -42.2335 -65.9953 0.316487
    endloop
  endfacet
  facet normal -0.706416 0.0011639 0.707796
    outer loop
      vertex -40.55 -68 2
      vertex -42.2335 -65.9953 0.316487
      vertex -42.2246 -66.0241 0.325417
    endloop
  endfacet
  facet normal -0.709541 -0.00414982 0.704652
    outer loop
      vertex -40.55 -68 2
      vertex -42.2246 -66.0241 0.325417
      vertex -42.2223 -66.0353 0.327667
    endloop
  endfacet
  facet normal -0.70651 0.00102605 0.707702
    outer loop
      vertex -40.55 -68 2
      vertex -42.2223 -66.0353 0.327667
      vertex -42.2146 -66.0739 0.33541
    endloop
  endfacet
  facet normal -0.707501 -0.000686265 0.706712
    outer loop
      vertex -40.55 -68 2
      vertex -42.2146 -66.0739 0.33541
      vertex -42.2115 -66.1166 0.338472
    endloop
  endfacet
  facet normal -0.703293 0.00669357 0.710869
    outer loop
      vertex -40.55 -68 2
      vertex -42.2115 -66.1166 0.338472
      vertex -42.2114 -66.1182 0.338586
    endloop
  endfacet
  facet normal -0.706912 0.000348694 0.707301
    outer loop
      vertex -40.55 -68 2
      vertex -42.2114 -66.1182 0.338586
      vertex -42.2095 -66.1974 0.340524
    endloop
  endfacet
  facet normal -0.712698 -0.0104161 0.701394
    outer loop
      vertex -40.55 -68 2
      vertex -42.2095 -66.1974 0.340524
      vertex -42.2094 -66.2 0.340587
    endloop
  endfacet
  facet normal -0.704229 0.0019905 0.70997
    outer loop
      vertex -41.8188 -67.546 0.731216
      vertex -42.2223 -66.3647 0.327667
      vertex -42.2246 -66.3759 0.325417
    endloop
  endfacet
  facet normal -0.708431 0.00160999 0.705779
    outer loop
      vertex -42.3978 -66.7654 0.152237
      vertex -42.3618 -66.7061 0.188237
      vertex -42.4025 -66.7521 0.147489
    endloop
  endfacet
  facet normal -0.706965 -0.000172463 0.707249
    outer loop
      vertex -42.3138 -66.9428 0.23616
      vertex -42.3618 -66.7061 0.188237
      vertex -42.3978 -66.7654 0.152237
    endloop
  endfacet
  facet normal -0.706536 1.12916e-06 0.707677
    outer loop
      vertex -42.3618 -66.7061 0.188237
      vertex -42.3138 -66.9428 0.23616
      vertex -42.3271 -66.667 0.222881
    endloop
  endfacet
  facet normal -0.706737 -1.8244e-05 0.707476
    outer loop
      vertex -42.3138 -66.9428 0.23616
      vertex -42.2862 -66.562 0.263741
      vertex -42.3271 -66.667 0.222881
    endloop
  endfacet
  facet normal -0.707102 3.46481e-05 0.707111
    outer loop
      vertex -42.2129 -67.1111 0.337067
      vertex -42.2862 -66.562 0.263741
      vertex -42.3138 -66.9428 0.23616
    endloop
  endfacet
  facet normal -0.707382 -3.99332e-05 0.706832
    outer loop
      vertex -42.2862 -66.562 0.263741
      vertex -42.2129 -67.1111 0.337067
      vertex -42.2667 -66.5119 0.283259
    endloop
  endfacet
  facet normal -0.707141 3.3262e-06 0.707073
    outer loop
      vertex -42.096 -67.2688 0.453979
      vertex -42.2667 -66.5119 0.283259
      vertex -42.2129 -67.1111 0.337067
    endloop
  endfacet
  facet normal -0.707297 -6.69932e-05 0.706917
    outer loop
      vertex -42.2667 -66.5119 0.283259
      vertex -42.096 -67.2688 0.453979
      vertex -42.2335 -66.4047 0.316487
    endloop
  endfacet
  facet normal -0.707131 -1.41528e-05 0.707083
    outer loop
      vertex -41.9642 -67.4142 0.585785
      vertex -42.2335 -66.4047 0.316487
      vertex -42.096 -67.2688 0.453979
    endloop
  endfacet
  facet normal -0.707744 -0.000341697 0.706469
    outer loop
      vertex -42.2335 -66.4047 0.316487
      vertex -41.9642 -67.4142 0.585785
      vertex -42.2246 -66.3759 0.325417
    endloop
  endfacet
  facet normal -0.707217 -7.71266e-05 0.706996
    outer loop
      vertex -41.8188 -67.546 0.731216
      vertex -42.2246 -66.3759 0.325417
      vertex -41.9642 -67.4142 0.585785
    endloop
  endfacet
  facet normal -0.706909 0.000164423 0.707304
    outer loop
      vertex -41.6611 -67.6629 0.888855
      vertex -42.2223 -66.3647 0.327667
      vertex -41.8188 -67.546 0.731216
    endloop
  endfacet
  facet normal -0.707724 -0.000540582 0.706489
    outer loop
      vertex -42.2223 -66.3647 0.327667
      vertex -41.6611 -67.6629 0.888855
      vertex -42.2146 -66.3261 0.33541
    endloop
  endfacet
  facet normal -0.707272 -0.000165931 0.706941
    outer loop
      vertex -41.4928 -67.7638 1.05721
      vertex -42.2146 -66.3261 0.33541
      vertex -41.6611 -67.6629 0.888855
    endloop
  endfacet
  facet normal -0.707159 -5.25008e-05 0.707054
    outer loop
      vertex -41.3154 -67.8478 1.23463
      vertex -42.2146 -66.3261 0.33541
      vertex -41.4928 -67.7638 1.05721
    endloop
  endfacet
  facet normal -0.707105 1.17845e-05 0.707109
    outer loop
      vertex -41.1306 -67.9139 1.41943
      vertex -42.2146 -66.3261 0.33541
      vertex -41.3154 -67.8478 1.23463
    endloop
  endfacet
  facet normal -0.706696 0.000569977 0.707517
    outer loop
      vertex -42.2146 -66.3261 0.33541
      vertex -41.1306 -67.9139 1.41943
      vertex -42.2115 -66.2834 0.338472
    endloop
  endfacet
  facet normal -0.707081 5.96876e-05 0.707133
    outer loop
      vertex -40.9402 -67.9616 1.60982
      vertex -42.2115 -66.2834 0.338472
      vertex -41.1306 -67.9139 1.41943
    endloop
  endfacet
  facet normal -0.71085 -0.00568349 0.703321
    outer loop
      vertex -42.2115 -66.2834 0.338472
      vertex -40.9402 -67.9616 1.60982
      vertex -42.2114 -66.2818 0.338586
    endloop
  endfacet
  facet normal -0.707003 0.000171335 0.707211
    outer loop
      vertex -40.746 -67.9904 1.80397
      vertex -42.2114 -66.2818 0.338586
      vertex -40.9402 -67.9616 1.60982
    endloop
  endfacet
  facet normal -0.707163 -0.000103799 0.70705
    outer loop
      vertex -40.55 -68 2
      vertex -42.2114 -66.2818 0.338586
      vertex -40.746 -67.9904 1.80397
    endloop
  endfacet
  facet normal -0.707281 -0.000330834 0.706933
    outer loop
      vertex -42.2114 -66.2818 0.338586
      vertex -40.55 -68 2
      vertex -42.2095 -66.2026 0.340524
    endloop
  endfacet
  facet normal -0.701779 0.00973121 0.712329
    outer loop
      vertex -42.2095 -66.2026 0.340524
      vertex -40.55 -68 2
      vertex -42.2094 -66.2 0.340587
    endloop
  endfacet
  facet normal -0.707111 0 0.707103
    outer loop
      vertex -42.3271 -65.733 0.222881
      vertex -40.55 -68 2
      vertex -40.55 71.8 2
    endloop
  endfacet
  facet normal 0.707229 0.00292218 0.706978
    outer loop
      vertex 40.55 71.8 2
      vertex 40.9402 71.7616 1.60982
      vertex 40.746 71.7904 1.80397
    endloop
  endfacet
  facet normal 0.707089 5.88166e-06 0.707125
    outer loop
      vertex 40.55 71.8 2
      vertex 41.1306 71.7139 1.41943
      vertex 40.9402 71.7616 1.60982
    endloop
  endfacet
  facet normal 0.707076 -0.0001745 0.707138
    outer loop
      vertex 40.55 71.8 2
      vertex 41.3154 71.6478 1.23463
      vertex 41.1306 71.7139 1.41943
    endloop
  endfacet
  facet normal 0.707054 -0.000391188 0.707159
    outer loop
      vertex 40.55 71.8 2
      vertex 41.4928 71.5638 1.05721
      vertex 41.3154 71.6478 1.23463
    endloop
  endfacet
  facet normal 0.707017 -0.00068371 0.707196
    outer loop
      vertex 40.55 71.8 2
      vertex 41.6611 71.4629 0.888855
      vertex 41.4928 71.5638 1.05721
    endloop
  endfacet
  facet normal 0.707226 0.000689911 0.706988
    outer loop
      vertex 40.55 71.8 2
      vertex 41.8188 71.346 0.731216
      vertex 41.6611 71.4629 0.888855
    endloop
  endfacet
  facet normal 0.70705 -0.000291059 0.707163
    outer loop
      vertex 40.55 71.8 2
      vertex 41.9642 71.2142 0.585785
      vertex 41.8188 71.346 0.731216
    endloop
  endfacet
  facet normal 0.707103 -3.58367e-05 0.70711
    outer loop
      vertex 40.55 71.8 2
      vertex 42.096 71.0688 0.453979
      vertex 41.9642 71.2142 0.585785
    endloop
  endfacet
  facet normal 0.707095 -7.18928e-05 0.707119
    outer loop
      vertex 40.55 71.8 2
      vertex 42.2129 70.9111 0.337067
      vertex 42.096 71.0688 0.453979
    endloop
  endfacet
  facet normal 0.707106 -3.09003e-05 0.707108
    outer loop
      vertex 40.55 71.8 2
      vertex 42.3138 70.7428 0.23616
      vertex 42.2129 70.9111 0.337067
    endloop
  endfacet
  facet normal 0.707246 0.00043906 0.706967
    outer loop
      vertex 40.55 71.8 2
      vertex 42.3978 70.5654 0.152237
      vertex 42.3138 70.7428 0.23616
    endloop
  endfacet
  facet normal 0.70707 -8.91177e-05 0.707144
    outer loop
      vertex 40.55 71.8 2
      vertex 42.4639 70.3806 0.0861206
      vertex 42.3978 70.5654 0.152237
    endloop
  endfacet
  facet normal 0.70713 7.20044e-05 0.707084
    outer loop
      vertex 40.55 71.8 2
      vertex 42.5116 70.1902 0.0384369
      vertex 42.4639 70.3806 0.0861206
    endloop
  endfacet
  facet normal 0.707085 -3.78999e-05 0.707129
    outer loop
      vertex 40.55 71.8 2
      vertex 42.5404 69.996 0.0096283
      vertex 42.5116 70.1902 0.0384369
    endloop
  endfacet
  facet normal 0.707053 -0.000107364 0.70716
    outer loop
      vertex 40.55 71.8 2
      vertex 42.55 69.8 0
      vertex 42.5404 69.996 0.0096283
    endloop
  endfacet
  facet normal 0.707107 7.83306e-08 0.707107
    outer loop
      vertex 42.4905 -65.5486 0.059515
      vertex 42.55 69.8 0
      vertex 40.55 71.8 2
    endloop
  endfacet
  facet normal 0.706914 0 0.707299
    outer loop
      vertex 42.55 69.8 0
      vertex 42.5344 -65.5332 0.0155915
      vertex 42.55 -65.5277 0
    endloop
  endfacet
  facet normal 0.707296 -8.80243e-08 0.706918
    outer loop
      vertex 42.55 69.8 0
      vertex 42.4905 -65.5486 0.059515
      vertex 42.5344 -65.5332 0.0155915
    endloop
  endfacet
  facet normal 0.706722 -1.07815e-05 0.707491
    outer loop
      vertex 40.55 71.8 2
      vertex 42.4538 -65.59 0.0961745
      vertex 42.4905 -65.5486 0.059515
    endloop
  endfacet
  facet normal 0.707125 3.65706e-07 0.707089
    outer loop
      vertex 40.55 71.8 2
      vertex 42.3271 -65.733 0.222881
      vertex 42.4538 -65.59 0.0961745
    endloop
  endfacet
  facet normal 0.707111 -0 0.707103
    outer loop
      vertex 40.55 -68 2
      vertex 42.3271 -65.733 0.222881
      vertex 40.55 71.8 2
    endloop
  endfacet
  facet normal 0.707455 -0.00054102 0.706758
    outer loop
      vertex 42.3271 -65.733 0.222881
      vertex 40.55 -68 2
      vertex 42.2862 -65.838 0.263741
    endloop
  endfacet
  facet normal 0.706823 0.000475034 0.70739
    outer loop
      vertex 42.2862 -65.838 0.263741
      vertex 40.55 -68 2
      vertex 42.2667 -65.8881 0.283259
    endloop
  endfacet
  facet normal 0.706937 0.000289991 0.707277
    outer loop
      vertex 42.2667 -65.8881 0.283259
      vertex 40.55 -68 2
      vertex 42.2335 -65.9953 0.316487
    endloop
  endfacet
  facet normal 0.706416 0.0011639 0.707796
    outer loop
      vertex 42.2335 -65.9953 0.316487
      vertex 40.55 -68 2
      vertex 42.2246 -66.0241 0.325417
    endloop
  endfacet
  facet normal 0.709541 -0.00414982 0.704652
    outer loop
      vertex 42.2246 -66.0241 0.325417
      vertex 40.55 -68 2
      vertex 42.2223 -66.0353 0.327667
    endloop
  endfacet
  facet normal 0.70651 0.00102605 0.707702
    outer loop
      vertex 42.2223 -66.0353 0.327667
      vertex 40.55 -68 2
      vertex 42.2146 -66.0739 0.33541
    endloop
  endfacet
  facet normal 0.707501 -0.000686265 0.706712
    outer loop
      vertex 42.2146 -66.0739 0.33541
      vertex 40.55 -68 2
      vertex 42.2115 -66.1166 0.338472
    endloop
  endfacet
  facet normal 0.703293 0.00669357 0.710869
    outer loop
      vertex 42.2115 -66.1166 0.338472
      vertex 40.55 -68 2
      vertex 42.2114 -66.1182 0.338586
    endloop
  endfacet
  facet normal 0.706912 0.000348694 0.707301
    outer loop
      vertex 42.2114 -66.1182 0.338586
      vertex 40.55 -68 2
      vertex 42.2095 -66.1974 0.340524
    endloop
  endfacet
  facet normal 0.707724 -0.000540582 0.706489
    outer loop
      vertex 41.6611 -67.6629 0.888855
      vertex 42.2223 -66.3647 0.327667
      vertex 42.2146 -66.3261 0.33541
    endloop
  endfacet
  facet normal 0.708431 0.00160999 0.705779
    outer loop
      vertex 42.3618 -66.7061 0.188237
      vertex 42.3978 -66.7654 0.152237
      vertex 42.4025 -66.7521 0.147489
    endloop
  endfacet
  facet normal 0.706536 1.12916e-06 0.707677
    outer loop
      vertex 42.3138 -66.9428 0.23616
      vertex 42.3618 -66.7061 0.188237
      vertex 42.3271 -66.667 0.222881
    endloop
  endfacet
  facet normal 0.706965 -0.000172463 0.707249
    outer loop
      vertex 42.3618 -66.7061 0.188237
      vertex 42.3138 -66.9428 0.23616
      vertex 42.3978 -66.7654 0.152237
    endloop
  endfacet
  facet normal 0.706737 -1.8244e-05 0.707476
    outer loop
      vertex 42.2862 -66.562 0.263741
      vertex 42.3138 -66.9428 0.23616
      vertex 42.3271 -66.667 0.222881
    endloop
  endfacet
  facet normal 0.707382 -3.99332e-05 0.706832
    outer loop
      vertex 42.2129 -67.1111 0.337067
      vertex 42.2862 -66.562 0.263741
      vertex 42.2667 -66.5119 0.283259
    endloop
  endfacet
  facet normal 0.707297 -6.69932e-05 0.706917
    outer loop
      vertex 42.096 -67.2688 0.453979
      vertex 42.2667 -66.5119 0.283259
      vertex 42.2335 -66.4047 0.316487
    endloop
  endfacet
  facet normal 0.707744 -0.000341697 0.706469
    outer loop
      vertex 41.9642 -67.4142 0.585785
      vertex 42.2335 -66.4047 0.316487
      vertex 42.2246 -66.3759 0.325417
    endloop
  endfacet
  facet normal 0.704229 0.0019905 0.70997
    outer loop
      vertex 42.2223 -66.3647 0.327667
      vertex 41.8188 -67.546 0.731216
      vertex 42.2246 -66.3759 0.325417
    endloop
  endfacet
  facet normal 0.707102 3.46481e-05 0.707111
    outer loop
      vertex 42.2862 -66.562 0.263741
      vertex 42.2129 -67.1111 0.337067
      vertex 42.3138 -66.9428 0.23616
    endloop
  endfacet
  facet normal 0.706696 0.000569977 0.707517
    outer loop
      vertex 41.1306 -67.9139 1.41943
      vertex 42.2146 -66.3261 0.33541
      vertex 42.2115 -66.2834 0.338472
    endloop
  endfacet
  facet normal 0.71085 -0.00568349 0.703321
    outer loop
      vertex 40.9402 -67.9616 1.60982
      vertex 42.2115 -66.2834 0.338472
      vertex 42.2114 -66.2818 0.338586
    endloop
  endfacet
  facet normal 0.707281 -0.000330834 0.706933
    outer loop
      vertex 40.55 -68 2
      vertex 42.2114 -66.2818 0.338586
      vertex 42.2095 -66.2026 0.340524
    endloop
  endfacet
  facet normal 0.701779 0.00973121 0.712329
    outer loop
      vertex 40.55 -68 2
      vertex 42.2095 -66.2026 0.340524
      vertex 42.2094 -66.2 0.340587
    endloop
  endfacet
  facet normal 0.712698 -0.0104161 0.701394
    outer loop
      vertex 42.2095 -66.1974 0.340524
      vertex 40.55 -68 2
      vertex 42.2094 -66.2 0.340587
    endloop
  endfacet
  facet normal 0.707163 -0.000103799 0.70705
    outer loop
      vertex 42.2114 -66.2818 0.338586
      vertex 40.55 -68 2
      vertex 40.746 -67.9904 1.80397
    endloop
  endfacet
  facet normal 0.707141 3.3262e-06 0.707073
    outer loop
      vertex 42.2667 -66.5119 0.283259
      vertex 42.096 -67.2688 0.453979
      vertex 42.2129 -67.1111 0.337067
    endloop
  endfacet
  facet normal 0.707131 -1.41528e-05 0.707083
    outer loop
      vertex 42.2335 -66.4047 0.316487
      vertex 41.9642 -67.4142 0.585785
      vertex 42.096 -67.2688 0.453979
    endloop
  endfacet
  facet normal 0.707217 -7.71266e-05 0.706996
    outer loop
      vertex 42.2246 -66.3759 0.325417
      vertex 41.8188 -67.546 0.731216
      vertex 41.9642 -67.4142 0.585785
    endloop
  endfacet
  facet normal 0.706909 0.000164423 0.707304
    outer loop
      vertex 42.2223 -66.3647 0.327667
      vertex 41.6611 -67.6629 0.888855
      vertex 41.8188 -67.546 0.731216
    endloop
  endfacet
  facet normal 0.707272 -0.000165931 0.706941
    outer loop
      vertex 42.2146 -66.3261 0.33541
      vertex 41.4928 -67.7638 1.05721
      vertex 41.6611 -67.6629 0.888855
    endloop
  endfacet
  facet normal 0.707159 -5.25008e-05 0.707054
    outer loop
      vertex 42.2146 -66.3261 0.33541
      vertex 41.3154 -67.8478 1.23463
      vertex 41.4928 -67.7638 1.05721
    endloop
  endfacet
  facet normal 0.707105 1.17845e-05 0.707109
    outer loop
      vertex 42.2146 -66.3261 0.33541
      vertex 41.1306 -67.9139 1.41943
      vertex 41.3154 -67.8478 1.23463
    endloop
  endfacet
  facet normal 0.707081 5.96876e-05 0.707133
    outer loop
      vertex 42.2115 -66.2834 0.338472
      vertex 40.9402 -67.9616 1.60982
      vertex 41.1306 -67.9139 1.41943
    endloop
  endfacet
  facet normal 0.707003 0.000171335 0.707211
    outer loop
      vertex 42.2114 -66.2818 0.338586
      vertex 40.746 -67.9904 1.80397
      vertex 40.9402 -67.9616 1.60982
    endloop
  endfacet
  facet normal 1 -0 0
    outer loop
      vertex 39.7 -68.9 2.8
      vertex 39.7 -68 0
      vertex 39.7 -68 2.8
    endloop
  endfacet
  facet normal 1 0 0
    outer loop
      vertex 39.7 -68 0
      vertex 39.7 -68.9 2.8
      vertex 39.7 -68.9 0
    endloop
  endfacet
  facet normal -1 0 0
    outer loop
      vertex -39.7 -68.9 0
      vertex -39.7 -68 2.8
      vertex -39.7 -68 0
    endloop
  endfacet
  facet normal -1 -0 0
    outer loop
      vertex -39.7 -68 2.8
      vertex -39.7 -68.9 0
      vertex -39.7 -68.9 2.8
    endloop
  endfacet
  facet normal 0 -1 0
    outer loop
      vertex -39.7 -68.9 0
      vertex 39.7 -68.9 2.8
      vertex -39.7 -68.9 2.8
    endloop
  endfacet
  facet normal 0 -1 -0
    outer loop
      vertex 39.7 -68.9 2.8
      vertex -39.7 -68.9 0
      vertex 39.7 -68.9 0
    endloop
  endfacet
  facet normal -0.092482 -0.172801 -0.980605
    outer loop
      vertex -41.6334 -65.7977 0.33541
      vertex -41.5581 -65.838 0.33541
      vertex -41.7183 -66.0778 0.392776
    endloop
  endfacet
  facet normal 0.18753 0.0570744 -0.980599
    outer loop
      vertex -41.9358 -66.2563 0.392776
      vertex -42.2114 -66.2818 0.338586
      vertex -41.9442 -66.2287 0.392776
    endloop
  endfacet
  facet normal 0.187422 0.0581508 -0.980557
    outer loop
      vertex -42.2114 -66.2818 0.338586
      vertex -41.9358 -66.2563 0.392776
      vertex -42.2115 -66.2834 0.338472
    endloop
  endfacet
  facet normal -0.53351 -0.161606 -0.830211
    outer loop
      vertex -40.9208 -65.8358 0.059515
      vertex -40.8667 -66.0144 0.059515
      vertex -41.1065 -66.062 0.222881
    endloop
  endfacet
  facet normal -0.0569848 0.187498 -0.980611
    outer loop
      vertex -41.6334 -66.6023 0.33541
      vertex -41.715 -66.6271 0.33541
      vertex -41.7437 -66.3358 0.392776
    endloop
  endfacet
  facet normal -0.0377106 -0.382374 -0.923238
    outer loop
      vertex -41.8 -65.4929 0.222881
      vertex -41.6621 -65.5065 0.222881
      vertex -41.8 -65.7646 0.33541
    endloop
  endfacet
  facet normal -0.262901 -0.491446 -0.830279
    outer loop
      vertex -41.2713 -65.4088 0.059515
      vertex -41.4072 -65.6121 0.222881
      vertex -41.4358 -65.3208 0.059515
    endloop
  endfacet
  facet normal -0.334375 -0.625089 -0.705306
    outer loop
      vertex -41.2713 -65.4088 0.059515
      vertex -41.3557 -65.2965 0
      vertex -41.2383 -65.3593 0
    endloop
  endfacet
  facet normal -0.334399 -0.625097 -0.705288
    outer loop
      vertex -41.3557 -65.2965 0
      vertex -41.2713 -65.4088 0.059515
      vertex -41.4358 -65.3208 0.059515
    endloop
  endfacet
  facet normal -0.297195 -0.24361 -0.923217
    outer loop
      vertex -41.3 -65.7 0.222881
      vertex -41.438 -65.9581 0.33541
      vertex -41.4921 -65.8921 0.33541
    endloop
  endfacet
  facet normal -0.187508 -0.0570678 -0.980604
    outer loop
      vertex -41.3729 -66.1151 0.33541
      vertex -41.6558 -66.1713 0.392776
      vertex -41.6642 -66.1437 0.392776
    endloop
  endfacet
  facet normal 0.206248 -0.678765 -0.704798
    outer loop
      vertex -42.1247 -65.247 0
      vertex -42.1642 -65.3208 0.059515
      vertex -42.1869 -65.2659 0
    endloop
  endfacet
  facet normal -0.181312 -0.338779 -0.923231
    outer loop
      vertex -41.4072 -65.6121 0.222881
      vertex -41.5581 -65.838 0.33541
      vertex -41.6334 -65.7977 0.33541
    endloop
  endfacet
  facet normal 0.367991 0.11176 -0.923088
    outer loop
      vertex -42.2146 -66.3261 0.33541
      vertex -42.2023 -66.3666 0.33541
      vertex -42.2223 -66.3647 0.327667
    endloop
  endfacet
  facet normal -0.195054 -0.0190297 -0.980608
    outer loop
      vertex -41.3646 -66.2 0.33541
      vertex -41.653 -66.2 0.392776
      vertex -41.6558 -66.1713 0.392776
    endloop
  endfacet
  facet normal -0.054708 0.554723 -0.830235
    outer loop
      vertex -41.6621 -66.8935 0.222881
      vertex -41.6144 -67.1333 0.059515
      vertex -41.8 -66.9071 0.222881
    endloop
  endfacet
  facet normal -0.037354 -0.382541 -0.923183
    outer loop
      vertex -41.6621 -65.5065 0.222881
      vertex -41.715 -65.7729 0.33541
      vertex -41.8 -65.7646 0.33541
    endloop
  endfacet
  facet normal -0.705225 0.0691397 -0.705605
    outer loop
      vertex -40.8667 -66.3856 0.059515
      vertex -40.7953 -66.2647 0
      vertex -40.8083 -66.3973 0
    endloop
  endfacet
  facet normal -0.705605 0.069572 -0.705182
    outer loop
      vertex -40.7953 -66.2647 0
      vertex -40.8667 -66.3856 0.059515
      vertex -40.8484 -66.2 0.059515
    endloop
  endfacet
  facet normal 0.548398 -0.448921 -0.7055
    outer loop
      vertex -42.4729 -65.5271 0.059515
      vertex -42.4905 -65.5486 0.059515
      vertex -42.5344 -65.5332 0.0155915
    endloop
  endfacet
  facet normal 0.18753 -0.0570744 -0.980599
    outer loop
      vertex -42.2114 -66.1182 0.338586
      vertex -41.9358 -66.1437 0.392776
      vertex -41.9442 -66.1713 0.392776
    endloop
  endfacet
  facet normal 0.187422 -0.0581508 -0.980557
    outer loop
      vertex -41.9358 -66.1437 0.392776
      vertex -42.2114 -66.1182 0.338586
      vertex -42.2115 -66.1166 0.338472
    endloop
  endfacet
  facet normal 0.297078 -0.243514 -0.92328
    outer loop
      vertex -42.2667 -65.8881 0.283259
      vertex -42.1079 -65.8921 0.33541
      vertex -42.162 -65.9581 0.33541
    endloop
  endfacet
  facet normal 0.297025 -0.244037 -0.923159
    outer loop
      vertex -42.1079 -65.8921 0.33541
      vertex -42.2667 -65.8881 0.283259
      vertex -42.2862 -65.838 0.263741
    endloop
  endfacet
  facet normal 0.243654 -0.297152 -0.923219
    outer loop
      vertex -42.1928 -65.6121 0.222881
      vertex -42.1079 -65.8921 0.33541
      vertex -42.3 -65.7 0.222881
    endloop
  endfacet
  facet normal 0.206248 0.678765 -0.704798
    outer loop
      vertex -42.1642 -67.0792 0.059515
      vertex -42.1247 -67.153 0
      vertex -42.1869 -67.1341 0
    endloop
  endfacet
  facet normal -0.205987 0.677906 -0.7057
    outer loop
      vertex -41.5405 -67.1728 0
      vertex -41.6027 -67.1917 0
      vertex -41.6144 -67.1333 0.059515
    endloop
  endfacet
  facet normal -0.67792 -0.20593 -0.705703
    outer loop
      vertex -40.8667 -66.0144 0.059515
      vertex -40.847 -65.8753 0
      vertex -40.8083 -66.0027 0
    endloop
  endfacet
  facet normal -0.678651 -0.205571 -0.705106
    outer loop
      vertex -40.847 -65.8753 0
      vertex -40.8667 -66.0144 0.059515
      vertex -40.9208 -65.8358 0.059515
    endloop
  endfacet
  facet normal -0.678765 -0.206248 -0.704798
    outer loop
      vertex -40.8659 -65.8131 0
      vertex -40.847 -65.8753 0
      vertex -40.9208 -65.8358 0.059515
    endloop
  endfacet
  facet normal -0.333736 -0.626028 -0.704776
    outer loop
      vertex -41.4131 -65.2659 0
      vertex -41.3557 -65.2965 0
      vertex -41.4358 -65.3208 0.059515
    endloop
  endfacet
  facet normal -0.382379 -0.0373821 -0.923249
    outer loop
      vertex -41.0929 -66.2 0.222881
      vertex -41.3646 -66.2 0.33541
      vertex -41.3729 -66.1151 0.33541
    endloop
  endfacet
  facet normal -0.15161 0.124275 -0.980597
    outer loop
      vertex -41.438 -66.4419 0.33541
      vertex -41.4921 -66.5079 0.33541
      vertex -41.696 -66.304 0.392776
    endloop
  endfacet
  facet normal 0.111632 -0.367755 -0.923198
    outer loop
      vertex -41.9379 -65.5065 0.222881
      vertex -41.8849 -65.7729 0.33541
      vertex -41.9666 -65.7977 0.33541
    endloop
  endfacet
  facet normal -0.124372 0.151557 -0.980593
    outer loop
      vertex -41.696 -66.304 0.392776
      vertex -41.5581 -66.562 0.33541
      vertex -41.7183 -66.3223 0.392776
    endloop
  endfacet
  facet normal 0.431214 -0.352994 -0.830331
    outer loop
      vertex -42.4729 -65.5271 0.059515
      vertex -42.4538 -65.59 0.0961745
      vertex -42.4905 -65.5486 0.059515
    endloop
  endfacet
  facet normal 0.0547086 -0.55473 -0.83023
    outer loop
      vertex -41.8 -65.2484 0.059515
      vertex -41.8 -65.4929 0.222881
      vertex -41.9379 -65.5065 0.222881
    endloop
  endfacet
  facet normal -0.353533 -0.430933 -0.830248
    outer loop
      vertex -41.2713 -65.4088 0.059515
      vertex -41.1271 -65.5271 0.059515
      vertex -41.3 -65.7 0.222881
    endloop
  endfacet
  facet normal -0.0190466 -0.195055 -0.980607
    outer loop
      vertex -41.715 -65.7729 0.33541
      vertex -41.7713 -66.0558 0.392776
      vertex -41.8 -65.7646 0.33541
    endloop
  endfacet
  facet normal 0.172781 -0.0925127 -0.980606
    outer loop
      vertex -41.9222 -66.1183 0.392776
      vertex -41.9358 -66.1437 0.392776
      vertex -42.162 -65.9581 0.33541
    endloop
  endfacet
  facet normal -0.181311 -0.33878 -0.92323
    outer loop
      vertex -41.5294 -65.5467 0.222881
      vertex -41.4072 -65.6121 0.222881
      vertex -41.6334 -65.7977 0.33541
    endloop
  endfacet
  facet normal 0.069572 -0.705605 -0.705182
    outer loop
      vertex -41.9856 -65.2667 0.059515
      vertex -41.8647 -65.1953 0
      vertex -41.8 -65.2484 0.059515
    endloop
  endfacet
  facet normal 0.0691397 -0.705225 -0.705605
    outer loop
      vertex -41.8647 -65.1953 0
      vertex -41.9856 -65.2667 0.059515
      vertex -41.9973 -65.2083 0
    endloop
  endfacet
  facet normal -0.195054 0.0190297 -0.980608
    outer loop
      vertex -41.653 -66.2 0.392776
      vertex -41.3646 -66.2 0.33541
      vertex -41.6558 -66.2287 0.392776
    endloop
  endfacet
  facet normal -0.0190466 0.195055 -0.980607
    outer loop
      vertex -41.7713 -66.3442 0.392776
      vertex -41.715 -66.6271 0.33541
      vertex -41.8 -66.6354 0.33541
    endloop
  endfacet
  facet normal -0.554723 0.054708 -0.830235
    outer loop
      vertex -41.0929 -66.2 0.222881
      vertex -40.8667 -66.3856 0.059515
      vertex -41.1065 -66.3379 0.222881
    endloop
  endfacet
  facet normal -0.205571 -0.678651 -0.705106
    outer loop
      vertex -41.6144 -65.2667 0.059515
      vertex -41.4753 -65.247 0
      vertex -41.4358 -65.3208 0.059515
    endloop
  endfacet
  facet normal -0.20593 -0.67792 -0.705703
    outer loop
      vertex -41.4753 -65.247 0
      vertex -41.6144 -65.2667 0.059515
      vertex -41.6027 -65.2083 0
    endloop
  endfacet
  facet normal -0.111771 -0.367762 -0.923179
    outer loop
      vertex -41.6621 -65.5065 0.222881
      vertex -41.6334 -65.7977 0.33541
      vertex -41.715 -65.7729 0.33541
    endloop
  endfacet
  facet normal -0.548127 -0.449677 -0.705228
    outer loop
      vertex -41.0088 -65.6713 0.059515
      vertex -41.0438 -65.5353 0
      vertex -40.9593 -65.6383 0
    endloop
  endfacet
  facet normal -0.548127 -0.449677 -0.705228
    outer loop
      vertex -41.0438 -65.5353 0
      vertex -41.0088 -65.6713 0.059515
      vertex -41.1271 -65.5271 0.059515
    endloop
  endfacet
  facet normal -0.554745 -0.0546705 -0.830222
    outer loop
      vertex -40.8667 -66.0144 0.059515
      vertex -41.0929 -66.2 0.222881
      vertex -41.1065 -66.062 0.222881
    endloop
  endfacet
  facet normal -0.0920369 0.173166 -0.980583
    outer loop
      vertex -41.7183 -66.3223 0.392776
      vertex -41.5581 -66.562 0.33541
      vertex -41.7437 -66.3358 0.392776
    endloop
  endfacet
  facet normal -0.33878 -0.181311 -0.92323
    outer loop
      vertex -41.2121 -65.8072 0.222881
      vertex -41.1467 -65.9294 0.222881
      vertex -41.438 -65.9581 0.33541
    endloop
  endfacet
  facet normal -0.367617 0.111727 -0.923242
    outer loop
      vertex -41.3729 -66.285 0.33541
      vertex -41.1467 -66.4706 0.222881
      vertex -41.3977 -66.3666 0.33541
    endloop
  endfacet
  facet normal -0.111727 0.367617 -0.923242
    outer loop
      vertex -41.6334 -66.6023 0.33541
      vertex -41.5294 -66.8533 0.222881
      vertex -41.715 -66.6271 0.33541
    endloop
  endfacet
  facet normal -0.705472 -0.0697839 -0.705294
    outer loop
      vertex -40.7953 -66.1353 0
      vertex -40.7889 -66.2 0
      vertex -40.8484 -66.2 0.059515
    endloop
  endfacet
  facet normal 0.0546954 -0.554725 -0.830234
    outer loop
      vertex -41.8 -65.2484 0.059515
      vertex -41.9379 -65.5065 0.222881
      vertex -41.9856 -65.2667 0.059515
    endloop
  endfacet
  facet normal -0.0570622 -0.18749 -0.980608
    outer loop
      vertex -41.715 -65.7729 0.33541
      vertex -41.7437 -66.0642 0.392776
      vertex -41.7713 -66.0558 0.392776
    endloop
  endfacet
  facet normal 0.195035 0.0193163 -0.980606
    outer loop
      vertex -42.2095 -66.2026 0.340524
      vertex -41.9442 -66.2287 0.392776
      vertex -42.2114 -66.2818 0.338586
    endloop
  endfacet
  facet normal 0.297078 0.243514 -0.92328
    outer loop
      vertex -42.1079 -66.5079 0.33541
      vertex -42.2667 -66.5119 0.283259
      vertex -42.162 -66.4419 0.33541
    endloop
  endfacet
  facet normal 0.297025 0.244037 -0.923159
    outer loop
      vertex -42.2667 -66.5119 0.283259
      vertex -42.1079 -66.5079 0.33541
      vertex -42.2862 -66.562 0.263741
    endloop
  endfacet
  facet normal 0.0190297 0.195054 -0.980608
    outer loop
      vertex -41.8 -66.347 0.392776
      vertex -41.8 -66.6354 0.33541
      vertex -41.8287 -66.3442 0.392776
    endloop
  endfacet
  facet normal 0.069572 0.705605 -0.705182
    outer loop
      vertex -41.8647 -67.2047 0
      vertex -41.9856 -67.1333 0.059515
      vertex -41.8 -67.1516 0.059515
    endloop
  endfacet
  facet normal 0.0691397 0.705225 -0.705605
    outer loop
      vertex -41.9856 -67.1333 0.059515
      vertex -41.8647 -67.2047 0
      vertex -41.9973 -67.1917 0
    endloop
  endfacet
  facet normal -0.0691397 0.705225 -0.705605
    outer loop
      vertex -41.7353 -67.2047 0
      vertex -41.6144 -67.1333 0.059515
      vertex -41.6027 -67.1917 0
    endloop
  endfacet
  facet normal -0.069572 0.705605 -0.705182
    outer loop
      vertex -41.6144 -67.1333 0.059515
      vertex -41.7353 -67.2047 0
      vertex -41.8 -67.1516 0.059515
    endloop
  endfacet
  facet normal 0.161593 0.533466 -0.830242
    outer loop
      vertex -41.9379 -66.8935 0.222881
      vertex -41.9856 -67.1333 0.059515
      vertex -42.1642 -67.0792 0.059515
    endloop
  endfacet
  facet normal -0.491393 0.262988 -0.830284
    outer loop
      vertex -41.1467 -66.4706 0.222881
      vertex -41.0088 -66.7287 0.059515
      vertex -41.2121 -66.5928 0.222881
    endloop
  endfacet
  facet normal -0.705472 0.0697839 -0.705294
    outer loop
      vertex -40.7889 -66.2 0
      vertex -40.7953 -66.2647 0
      vertex -40.8484 -66.2 0.059515
    endloop
  endfacet
  facet normal -0.705605 -0.069572 -0.705182
    outer loop
      vertex -40.8667 -66.0144 0.059515
      vertex -40.7953 -66.1353 0
      vertex -40.8484 -66.2 0.059515
    endloop
  endfacet
  facet normal -0.705225 -0.0691397 -0.705605
    outer loop
      vertex -40.7953 -66.1353 0
      vertex -40.8667 -66.0144 0.059515
      vertex -40.8083 -66.0027 0
    endloop
  endfacet
  facet normal -0.0697839 0.705472 -0.705294
    outer loop
      vertex -41.8 -67.1516 0.059515
      vertex -41.7353 -67.2047 0
      vertex -41.8 -67.2111 0
    endloop
  endfacet
  facet normal -0.0697839 -0.705472 -0.705294
    outer loop
      vertex -41.8 -65.1889 0
      vertex -41.7353 -65.1953 0
      vertex -41.8 -65.2484 0.059515
    endloop
  endfacet
  facet normal -0.0691397 -0.705225 -0.705605
    outer loop
      vertex -41.6144 -65.2667 0.059515
      vertex -41.7353 -65.1953 0
      vertex -41.6027 -65.2083 0
    endloop
  endfacet
  facet normal -0.069572 -0.705605 -0.705182
    outer loop
      vertex -41.7353 -65.1953 0
      vertex -41.6144 -65.2667 0.059515
      vertex -41.8 -65.2484 0.059515
    endloop
  endfacet
  facet normal 0.151906 -0.123977 -0.980589
    outer loop
      vertex -41.904 -66.096 0.392776
      vertex -41.9222 -66.1183 0.392776
      vertex -42.1079 -65.8921 0.33541
    endloop
  endfacet
  facet normal -0.533415 -0.161714 -0.830251
    outer loop
      vertex -40.9208 -65.8358 0.059515
      vertex -41.1065 -66.062 0.222881
      vertex -41.1467 -65.9294 0.222881
    endloop
  endfacet
  facet normal -0.0547086 -0.55473 -0.83023
    outer loop
      vertex -41.8 -65.2484 0.059515
      vertex -41.6621 -65.5065 0.222881
      vertex -41.8 -65.4929 0.222881
    endloop
  endfacet
  facet normal -0.195055 0.0190466 -0.980607
    outer loop
      vertex -41.3646 -66.2 0.33541
      vertex -41.3729 -66.285 0.33541
      vertex -41.6558 -66.2287 0.392776
    endloop
  endfacet
  facet normal -0.367666 -0.111605 -0.923237
    outer loop
      vertex -41.1467 -65.9294 0.222881
      vertex -41.3729 -66.1151 0.33541
      vertex -41.3977 -66.0334 0.33541
    endloop
  endfacet
  facet normal -0.0546954 -0.554725 -0.830234
    outer loop
      vertex -41.6144 -65.2667 0.059515
      vertex -41.6621 -65.5065 0.222881
      vertex -41.8 -65.2484 0.059515
    endloop
  endfacet
  facet normal -0.0190297 0.195054 -0.980608
    outer loop
      vertex -41.8 -66.347 0.392776
      vertex -41.7713 -66.3442 0.392776
      vertex -41.8 -66.6354 0.33541
    endloop
  endfacet
  facet normal -0.367834 0.111431 -0.923191
    outer loop
      vertex -41.1065 -66.3379 0.222881
      vertex -41.1467 -66.4706 0.222881
      vertex -41.3729 -66.285 0.33541
    endloop
  endfacet
  facet normal -0.15161 -0.124275 -0.980597
    outer loop
      vertex -41.4921 -65.8921 0.33541
      vertex -41.438 -65.9581 0.33541
      vertex -41.696 -66.096 0.392776
    endloop
  endfacet
  facet normal -0.533461 0.161592 -0.830245
    outer loop
      vertex -40.8667 -66.3856 0.059515
      vertex -40.9208 -66.5642 0.059515
      vertex -41.1467 -66.4706 0.222881
    endloop
  endfacet
  facet normal -0.124275 0.15161 -0.980597
    outer loop
      vertex -41.4921 -66.5079 0.33541
      vertex -41.5581 -66.562 0.33541
      vertex -41.696 -66.304 0.392776
    endloop
  endfacet
  facet normal -0.206248 -0.678765 -0.704798
    outer loop
      vertex -41.4131 -65.2659 0
      vertex -41.4358 -65.3208 0.059515
      vertex -41.4753 -65.247 0
    endloop
  endfacet
  facet normal -0.491393 -0.262988 -0.830284
    outer loop
      vertex -41.0088 -65.6713 0.059515
      vertex -41.1467 -65.9294 0.222881
      vertex -41.2121 -65.8072 0.222881
    endloop
  endfacet
  facet normal -0.43089 -0.353497 -0.830285
    outer loop
      vertex -41.1271 -65.5271 0.059515
      vertex -41.0088 -65.6713 0.059515
      vertex -41.2121 -65.8072 0.222881
    endloop
  endfacet
  facet normal -0.491481 -0.26292 -0.830252
    outer loop
      vertex -41.0088 -65.6713 0.059515
      vertex -40.9208 -65.8358 0.059515
      vertex -41.1467 -65.9294 0.222881
    endloop
  endfacet
  facet normal 0.0697839 -0.705472 -0.705294
    outer loop
      vertex -41.8 -65.1889 0
      vertex -41.8 -65.2484 0.059515
      vertex -41.8647 -65.1953 0
    endloop
  endfacet
  facet normal 0.161605 -0.533456 -0.830246
    outer loop
      vertex -41.9379 -65.5065 0.222881
      vertex -42.0706 -65.5467 0.222881
      vertex -42.1642 -65.3208 0.059515
    endloop
  endfacet
  facet normal 0.0373821 0.382379 -0.923249
    outer loop
      vertex -41.8 -66.6354 0.33541
      vertex -41.8 -66.9071 0.222881
      vertex -41.8849 -66.6271 0.33541
    endloop
  endfacet
  facet normal 0.195035 -0.0193163 -0.980606
    outer loop
      vertex -41.9442 -66.1713 0.392776
      vertex -42.2095 -66.1974 0.340524
      vertex -42.2114 -66.1182 0.338586
    endloop
  endfacet
  facet normal 0.161605 0.533456 -0.830246
    outer loop
      vertex -42.0706 -66.8533 0.222881
      vertex -41.9379 -66.8935 0.222881
      vertex -42.1642 -67.0792 0.059515
    endloop
  endfacet
  facet normal 0.187562 0.0568292 -0.980607
    outer loop
      vertex -42.2023 -66.3666 0.33541
      vertex -42.2115 -66.2834 0.338472
      vertex -41.9358 -66.2563 0.392776
    endloop
  endfacet
  facet normal 0.186893 0.0567601 -0.980739
    outer loop
      vertex -42.2115 -66.2834 0.338472
      vertex -42.2023 -66.3666 0.33541
      vertex -42.2146 -66.3261 0.33541
    endloop
  endfacet
  facet normal 0.0570678 -0.187508 -0.980604
    outer loop
      vertex -41.8287 -66.0558 0.392776
      vertex -41.8563 -66.0642 0.392776
      vertex -41.8849 -65.7729 0.33541
    endloop
  endfacet
  facet normal -0.33878 0.181312 -0.92323
    outer loop
      vertex -41.3977 -66.3666 0.33541
      vertex -41.1467 -66.4706 0.222881
      vertex -41.438 -66.4419 0.33541
    endloop
  endfacet
  facet normal 0.334077 0.625867 -0.704757
    outer loop
      vertex -42.2017 -67.1262 0
      vertex -42.1642 -67.0792 0.059515
      vertex -42.1869 -67.1341 0
    endloop
  endfacet
  facet normal 0.334971 0.625278 -0.704856
    outer loop
      vertex -42.2129 -67.1111 0.00807262
      vertex -42.1642 -67.0792 0.059515
      vertex -42.2017 -67.1262 0
    endloop
  endfacet
  facet normal 0.334896 0.625349 -0.704829
    outer loop
      vertex -42.1642 -67.0792 0.059515
      vertex -42.2129 -67.1111 0.00807262
      vertex -42.2641 -67.0257 0.059515
    endloop
  endfacet
  facet normal 0.243644 0.29714 -0.923226
    outer loop
      vertex -42.0419 -66.562 0.33541
      vertex -42.1928 -66.7879 0.222881
      vertex -42.3 -66.7 0.222881
    endloop
  endfacet
  facet normal -0.548171 0.449181 -0.705511
    outer loop
      vertex -41.1271 -66.8729 0.059515
      vertex -41.0006 -66.812 0
      vertex -41.085 -66.915 0
    endloop
  endfacet
  facet normal -0.54825 0.449778 -0.705069
    outer loop
      vertex -41.0006 -66.812 0
      vertex -41.1271 -66.8729 0.059515
      vertex -41.0088 -66.7287 0.059515
    endloop
  endfacet
  facet normal -0.55473 -0.0546959 -0.830231
    outer loop
      vertex -40.8667 -66.0144 0.059515
      vertex -40.8484 -66.2 0.059515
      vertex -41.0929 -66.2 0.222881
    endloop
  endfacet
  facet normal -0.55473 0.0546959 -0.830231
    outer loop
      vertex -40.8484 -66.2 0.059515
      vertex -40.8667 -66.3856 0.059515
      vertex -41.0929 -66.2 0.222881
    endloop
  endfacet
  facet normal 0.0697839 0.705472 -0.705294
    outer loop
      vertex -41.8 -67.1516 0.059515
      vertex -41.8 -67.2111 0
      vertex -41.8647 -67.2047 0
    endloop
  endfacet
  facet normal -0.123977 -0.151906 -0.980589
    outer loop
      vertex -41.4921 -65.8921 0.33541
      vertex -41.696 -66.096 0.392776
      vertex -41.7183 -66.0778 0.392776
    endloop
  endfacet
  facet normal 0.0925127 -0.172781 -0.980606
    outer loop
      vertex -41.8563 -66.0642 0.392776
      vertex -41.8817 -66.0778 0.392776
      vertex -42.0419 -65.838 0.33541
    endloop
  endfacet
  facet normal -0.18749 0.0570622 -0.980608
    outer loop
      vertex -41.6558 -66.2287 0.392776
      vertex -41.3729 -66.285 0.33541
      vertex -41.6642 -66.2563 0.392776
    endloop
  endfacet
  facet normal -0.124249 -0.151579 -0.980605
    outer loop
      vertex -41.5581 -65.838 0.33541
      vertex -41.4921 -65.8921 0.33541
      vertex -41.7183 -66.0778 0.392776
    endloop
  endfacet
  facet normal -0.353382 -0.430973 -0.830291
    outer loop
      vertex -41.2713 -65.4088 0.059515
      vertex -41.3 -65.7 0.222881
      vertex -41.4072 -65.6121 0.222881
    endloop
  endfacet
  facet normal -0.195058 -0.0190692 -0.980606
    outer loop
      vertex -41.3729 -66.1151 0.33541
      vertex -41.3646 -66.2 0.33541
      vertex -41.6558 -66.1713 0.392776
    endloop
  endfacet
  facet normal -0.382455 -0.0376912 -0.923205
    outer loop
      vertex -41.1065 -66.062 0.222881
      vertex -41.0929 -66.2 0.222881
      vertex -41.3729 -66.1151 0.33541
    endloop
  endfacet
  facet normal -0.0925177 -0.17279 -0.980604
    outer loop
      vertex -41.6334 -65.7977 0.33541
      vertex -41.7183 -66.0778 0.392776
      vertex -41.7437 -66.0642 0.392776
    endloop
  endfacet
  facet normal 0.17279 0.0925177 -0.980604
    outer loop
      vertex -41.9358 -66.2563 0.392776
      vertex -41.9222 -66.2817 0.392776
      vertex -42.2023 -66.3666 0.33541
    endloop
  endfacet
  facet normal -0.533463 0.161607 -0.830241
    outer loop
      vertex -41.1065 -66.3379 0.222881
      vertex -40.8667 -66.3856 0.059515
      vertex -41.1467 -66.4706 0.222881
    endloop
  endfacet
  facet normal 0.0190692 -0.195058 -0.980606
    outer loop
      vertex -41.8 -65.7646 0.33541
      vertex -41.8287 -66.0558 0.392776
      vertex -41.8849 -65.7729 0.33541
    endloop
  endfacet
  facet normal -0.0924837 0.172805 -0.980605
    outer loop
      vertex -41.5581 -66.562 0.33541
      vertex -41.6334 -66.6023 0.33541
      vertex -41.7437 -66.3358 0.392776
    endloop
  endfacet
  facet normal -0.111431 0.367834 -0.923191
    outer loop
      vertex -41.5294 -66.8533 0.222881
      vertex -41.6621 -66.8935 0.222881
      vertex -41.715 -66.6271 0.33541
    endloop
  endfacet
  facet normal -0.161607 0.533463 -0.830241
    outer loop
      vertex -41.5294 -66.8533 0.222881
      vertex -41.6144 -67.1333 0.059515
      vertex -41.6621 -66.8935 0.222881
    endloop
  endfacet
  facet normal -0.334779 0.624848 -0.705329
    outer loop
      vertex -41.2713 -66.9912 0.059515
      vertex -41.2383 -67.0407 0
      vertex -41.2956 -67.0714 0
    endloop
  endfacet
  facet normal -0.187524 -0.0569227 -0.980609
    outer loop
      vertex -41.3977 -66.0334 0.33541
      vertex -41.3729 -66.1151 0.33541
      vertex -41.6642 -66.1437 0.392776
    endloop
  endfacet
  facet normal -0.36775 -0.11149 -0.923217
    outer loop
      vertex -41.1467 -65.9294 0.222881
      vertex -41.1065 -66.062 0.222881
      vertex -41.3729 -66.1151 0.33541
    endloop
  endfacet
  facet normal 0.333736 -0.626028 -0.704776
    outer loop
      vertex -42.1869 -65.2659 0
      vertex -42.1642 -65.3208 0.059515
      vertex -42.2443 -65.2965 0
    endloop
  endfacet
  facet normal 0.20593 -0.67792 -0.705703
    outer loop
      vertex -41.9856 -65.2667 0.059515
      vertex -42.1247 -65.247 0
      vertex -41.9973 -65.2083 0
    endloop
  endfacet
  facet normal 0.205571 -0.678651 -0.705106
    outer loop
      vertex -42.1247 -65.247 0
      vertex -41.9856 -65.2667 0.059515
      vertex -42.1642 -65.3208 0.059515
    endloop
  endfacet
  facet normal 0.161593 -0.533466 -0.830242
    outer loop
      vertex -41.9856 -65.2667 0.059515
      vertex -41.9379 -65.5065 0.222881
      vertex -42.1642 -65.3208 0.059515
    endloop
  endfacet
  facet normal 0.181311 0.33878 -0.92323
    outer loop
      vertex -42.0419 -66.562 0.33541
      vertex -42.0706 -66.8533 0.222881
      vertex -42.1928 -66.7879 0.222881
    endloop
  endfacet
  facet normal 0.0569227 -0.187524 -0.980609
    outer loop
      vertex -41.8849 -65.7729 0.33541
      vertex -41.8563 -66.0642 0.392776
      vertex -41.9666 -65.7977 0.33541
    endloop
  endfacet
  facet normal 0.195044 -0.0162604 -0.98066
    outer loop
      vertex -42.2095 -66.1974 0.340524
      vertex -41.947 -66.2 0.392776
      vertex -42.2094 -66.2 0.340587
    endloop
  endfacet
  facet normal 0.195009 -0.0190252 -0.980617
    outer loop
      vertex -41.947 -66.2 0.392776
      vertex -42.2095 -66.1974 0.340524
      vertex -41.9442 -66.1713 0.392776
    endloop
  endfacet
  facet normal 0.195009 0.0190252 -0.980617
    outer loop
      vertex -42.2095 -66.2026 0.340524
      vertex -41.947 -66.2 0.392776
      vertex -41.9442 -66.2287 0.392776
    endloop
  endfacet
  facet normal 0.195044 0.0162604 -0.98066
    outer loop
      vertex -41.947 -66.2 0.392776
      vertex -42.2095 -66.2026 0.340524
      vertex -42.2094 -66.2 0.340587
    endloop
  endfacet
  facet normal 0.124275 0.15161 -0.980597
    outer loop
      vertex -41.904 -66.304 0.392776
      vertex -42.0419 -66.562 0.33541
      vertex -42.1079 -66.5079 0.33541
    endloop
  endfacet
  facet normal -0.172781 -0.0925127 -0.980606
    outer loop
      vertex -41.438 -65.9581 0.33541
      vertex -41.6642 -66.1437 0.392776
      vertex -41.6778 -66.1183 0.392776
    endloop
  endfacet
  facet normal -0.0190297 -0.195054 -0.980608
    outer loop
      vertex -41.8 -65.7646 0.33541
      vertex -41.7713 -66.0558 0.392776
      vertex -41.8 -66.053 0.392776
    endloop
  endfacet
  facet normal -0.172781 0.0925127 -0.980606
    outer loop
      vertex -41.6642 -66.2563 0.392776
      vertex -41.438 -66.4419 0.33541
      vertex -41.6778 -66.2817 0.392776
    endloop
  endfacet
  facet normal 0.151579 0.124249 -0.980605
    outer loop
      vertex -41.9222 -66.2817 0.392776
      vertex -42.1079 -66.5079 0.33541
      vertex -42.162 -66.4419 0.33541
    endloop
  endfacet
  facet normal 0.353379 0.43097 -0.830294
    outer loop
      vertex -42.3627 -66.8395 0.123787
      vertex -42.3 -66.7 0.222881
      vertex -42.1928 -66.7879 0.222881
    endloop
  endfacet
  facet normal 0.354663 0.430264 -0.830113
    outer loop
      vertex -42.3 -66.7 0.222881
      vertex -42.3627 -66.8395 0.123787
      vertex -42.3873 -66.7873 0.140333
    endloop
  endfacet
  facet normal -0.677906 0.205987 -0.7057
    outer loop
      vertex -40.8083 -66.3973 0
      vertex -40.8272 -66.4595 0
      vertex -40.8667 -66.3856 0.059515
    endloop
  endfacet
  facet normal 0.353429 -0.431031 -0.830241
    outer loop
      vertex -42.1928 -65.6121 0.222881
      vertex -42.3 -65.7 0.222881
      vertex -42.4729 -65.5271 0.059515
    endloop
  endfacet
  facet normal -0.382379 0.0373382 -0.923251
    outer loop
      vertex -41.3646 -66.2 0.33541
      vertex -41.0929 -66.2 0.222881
      vertex -41.3729 -66.285 0.33541
    endloop
  endfacet
  facet normal -0.382473 0.0377204 -0.923196
    outer loop
      vertex -41.0929 -66.2 0.222881
      vertex -41.1065 -66.3379 0.222881
      vertex -41.3729 -66.285 0.33541
    endloop
  endfacet
  facet normal 0.352838 0.431423 -0.830289
    outer loop
      vertex -42.3138 -66.9428 0.0909742
      vertex -42.1928 -66.7879 0.222881
      vertex -42.3055 -66.9566 0.0873308
    endloop
  endfacet
  facet normal 0.35336 0.431009 -0.830282
    outer loop
      vertex -42.1928 -66.7879 0.222881
      vertex -42.3138 -66.9428 0.0909742
      vertex -42.3627 -66.8395 0.123787
    endloop
  endfacet
  facet normal -0.333994 0.625906 -0.704762
    outer loop
      vertex -41.4358 -67.0792 0.059515
      vertex -41.2956 -67.0714 0
      vertex -41.4131 -67.1341 0
    endloop
  endfacet
  facet normal -0.334273 0.624862 -0.705555
    outer loop
      vertex -41.2956 -67.0714 0
      vertex -41.4358 -67.0792 0.059515
      vertex -41.2713 -66.9912 0.059515
    endloop
  endfacet
  facet normal 0.151579 -0.124249 -0.980605
    outer loop
      vertex -42.1079 -65.8921 0.33541
      vertex -41.9222 -66.1183 0.392776
      vertex -42.162 -65.9581 0.33541
    endloop
  endfacet
  facet normal 0.0924837 -0.172805 -0.980605
    outer loop
      vertex -41.9666 -65.7977 0.33541
      vertex -41.8563 -66.0642 0.392776
      vertex -42.0419 -65.838 0.33541
    endloop
  endfacet
  facet normal 0.0190297 -0.195054 -0.980608
    outer loop
      vertex -41.8 -65.7646 0.33541
      vertex -41.8 -66.053 0.392776
      vertex -41.8287 -66.0558 0.392776
    endloop
  endfacet
  facet normal -0.29714 -0.243644 -0.923226
    outer loop
      vertex -41.3 -65.7 0.222881
      vertex -41.2121 -65.8072 0.222881
      vertex -41.438 -65.9581 0.33541
    endloop
  endfacet
  facet normal -0.431031 -0.353429 -0.830241
    outer loop
      vertex -41.1271 -65.5271 0.059515
      vertex -41.2121 -65.8072 0.222881
      vertex -41.3 -65.7 0.222881
    endloop
  endfacet
  facet normal -0.263013 -0.49144 -0.830248
    outer loop
      vertex -41.4358 -65.3208 0.059515
      vertex -41.4072 -65.6121 0.222881
      vertex -41.5294 -65.5467 0.222881
    endloop
  endfacet
  facet normal -0.161593 -0.533466 -0.830242
    outer loop
      vertex -41.6144 -65.2667 0.059515
      vertex -41.4358 -65.3208 0.059515
      vertex -41.6621 -65.5065 0.222881
    endloop
  endfacet
  facet normal 0.123977 -0.151906 -0.980589
    outer loop
      vertex -41.8817 -66.0778 0.392776
      vertex -41.904 -66.096 0.392776
      vertex -42.1079 -65.8921 0.33541
    endloop
  endfacet
  facet normal -0.33878 0.181311 -0.92323
    outer loop
      vertex -41.1467 -66.4706 0.222881
      vertex -41.2121 -66.5928 0.222881
      vertex -41.438 -66.4419 0.33541
    endloop
  endfacet
  facet normal -0.151813 0.123901 -0.980613
    outer loop
      vertex -41.6778 -66.2817 0.392776
      vertex -41.438 -66.4419 0.33541
      vertex -41.696 -66.304 0.392776
    endloop
  endfacet
  facet normal 0.262974 0.491367 -0.830303
    outer loop
      vertex -42.2954 -66.9735 0.080549
      vertex -42.1928 -66.7879 0.222881
      vertex -42.0706 -66.8533 0.222881
    endloop
  endfacet
  facet normal 0.263856 0.490884 -0.830309
    outer loop
      vertex -42.1928 -66.7879 0.222881
      vertex -42.2954 -66.9735 0.080549
      vertex -42.3055 -66.9566 0.0873308
    endloop
  endfacet
  facet normal -0.0570622 0.18749 -0.980608
    outer loop
      vertex -41.7437 -66.3358 0.392776
      vertex -41.715 -66.6271 0.33541
      vertex -41.7713 -66.3442 0.392776
    endloop
  endfacet
  facet normal -0.0546959 0.55473 -0.830231
    outer loop
      vertex -41.8 -66.9071 0.222881
      vertex -41.6144 -67.1333 0.059515
      vertex -41.8 -67.1516 0.059515
    endloop
  endfacet
  facet normal 0.20593 0.67792 -0.705703
    outer loop
      vertex -42.1247 -67.153 0
      vertex -41.9856 -67.1333 0.059515
      vertex -41.9973 -67.1917 0
    endloop
  endfacet
  facet normal 0.205571 0.678651 -0.705106
    outer loop
      vertex -41.9856 -67.1333 0.059515
      vertex -42.1247 -67.153 0
      vertex -42.1642 -67.0792 0.059515
    endloop
  endfacet
  facet normal -0.161592 0.533461 -0.830245
    outer loop
      vertex -41.5294 -66.8533 0.222881
      vertex -41.4358 -67.0792 0.059515
      vertex -41.6144 -67.1333 0.059515
    endloop
  endfacet
  facet normal -0.206193 0.678785 -0.704795
    outer loop
      vertex -41.5405 -67.1728 0
      vertex -41.4358 -67.0792 0.059515
      vertex -41.4131 -67.1341 0
    endloop
  endfacet
  facet normal -0.205488 0.678377 -0.705393
    outer loop
      vertex -41.4358 -67.0792 0.059515
      vertex -41.5405 -67.1728 0
      vertex -41.6144 -67.1333 0.059515
    endloop
  endfacet
  facet normal -0.624848 0.334779 -0.705329
    outer loop
      vertex -40.9286 -66.7044 0
      vertex -40.9593 -66.7617 0
      vertex -41.0088 -66.7287 0.059515
    endloop
  endfacet
  facet normal -0.449911 -0.547954 -0.705214
    outer loop
      vertex -41.2383 -65.3593 0
      vertex -41.188 -65.4006 0
      vertex -41.2713 -65.4088 0.059515
    endloop
  endfacet
  facet normal -0.449181 -0.548171 -0.705511
    outer loop
      vertex -41.1271 -65.5271 0.059515
      vertex -41.188 -65.4006 0
      vertex -41.085 -65.485 0
    endloop
  endfacet
  facet normal -0.449778 -0.54825 -0.705069
    outer loop
      vertex -41.188 -65.4006 0
      vertex -41.1271 -65.5271 0.059515
      vertex -41.2713 -65.4088 0.059515
    endloop
  endfacet
  facet normal -0.33878 -0.181312 -0.92323
    outer loop
      vertex -41.1467 -65.9294 0.222881
      vertex -41.3977 -66.0334 0.33541
      vertex -41.438 -65.9581 0.33541
    endloop
  endfacet
  facet normal -0.172805 -0.0924837 -0.980605
    outer loop
      vertex -41.438 -65.9581 0.33541
      vertex -41.3977 -66.0334 0.33541
      vertex -41.6642 -66.1437 0.392776
    endloop
  endfacet
  facet normal 0.367991 -0.11176 -0.923088
    outer loop
      vertex -42.2023 -66.0334 0.33541
      vertex -42.2146 -66.0739 0.33541
      vertex -42.2223 -66.0353 0.327667
    endloop
  endfacet
  facet normal 0.187562 -0.0568292 -0.980607
    outer loop
      vertex -42.2115 -66.1166 0.338472
      vertex -42.2023 -66.0334 0.33541
      vertex -41.9358 -66.1437 0.392776
    endloop
  endfacet
  facet normal 0.186893 -0.0567601 -0.980739
    outer loop
      vertex -42.2023 -66.0334 0.33541
      vertex -42.2115 -66.1166 0.338472
      vertex -42.2146 -66.0739 0.33541
    endloop
  endfacet
  facet normal 0.124249 -0.151579 -0.980605
    outer loop
      vertex -42.0419 -65.838 0.33541
      vertex -41.8817 -66.0778 0.392776
      vertex -42.1079 -65.8921 0.33541
    endloop
  endfacet
  facet normal 0.263013 -0.49144 -0.830248
    outer loop
      vertex -42.1642 -65.3208 0.059515
      vertex -42.0706 -65.5467 0.222881
      vertex -42.1928 -65.6121 0.222881
    endloop
  endfacet
  facet normal -0.151813 -0.123901 -0.980613
    outer loop
      vertex -41.438 -65.9581 0.33541
      vertex -41.6778 -66.1183 0.392776
      vertex -41.696 -66.096 0.392776
    endloop
  endfacet
  facet normal 0.0920369 0.173166 -0.980583
    outer loop
      vertex -41.8817 -66.3223 0.392776
      vertex -41.8563 -66.3358 0.392776
      vertex -42.0419 -66.562 0.33541
    endloop
  endfacet
  facet normal 0.26315 0.491378 -0.830241
    outer loop
      vertex -42.2641 -67.0257 0.059515
      vertex -42.0706 -66.8533 0.222881
      vertex -42.1642 -67.0792 0.059515
    endloop
  endfacet
  facet normal 0.262552 0.491923 -0.830107
    outer loop
      vertex -42.0706 -66.8533 0.222881
      vertex -42.2641 -67.0257 0.059515
      vertex -42.2954 -66.9735 0.080549
    endloop
  endfacet
  facet normal -0.0569848 -0.187498 -0.980611
    outer loop
      vertex -41.715 -65.7729 0.33541
      vertex -41.6334 -65.7977 0.33541
      vertex -41.7437 -66.0642 0.392776
    endloop
  endfacet
  facet normal 0.338653 0.181245 -0.92329
    outer loop
      vertex -42.162 -66.4419 0.33541
      vertex -42.2335 -66.4047 0.316487
      vertex -42.2023 -66.3666 0.33541
    endloop
  endfacet
  facet normal 0.338674 0.181292 -0.923273
    outer loop
      vertex -42.2335 -66.4047 0.316487
      vertex -42.162 -66.4419 0.33541
      vertex -42.2667 -66.5119 0.283259
    endloop
  endfacet
  facet normal 0.29717 0.243636 -0.923218
    outer loop
      vertex -42.3 -66.7 0.222881
      vertex -42.2862 -66.562 0.263741
      vertex -42.1079 -66.5079 0.33541
    endloop
  endfacet
  facet normal 0.296767 0.243709 -0.923328
    outer loop
      vertex -42.2862 -66.562 0.263741
      vertex -42.3 -66.7 0.222881
      vertex -42.3271 -66.667 0.222881
    endloop
  endfacet
  facet normal 0.24361 0.297195 -0.923217
    outer loop
      vertex -42.1079 -66.5079 0.33541
      vertex -42.0419 -66.562 0.33541
      vertex -42.3 -66.7 0.222881
    endloop
  endfacet
  facet normal 0.430345 0.354577 -0.830107
    outer loop
      vertex -42.3873 -66.7873 0.140333
      vertex -42.3618 -66.7061 0.188237
      vertex -42.3 -66.7 0.222881
    endloop
  endfacet
  facet normal 0.427996 0.355738 -0.830825
    outer loop
      vertex -42.3978 -66.7654 0.144301
      vertex -42.3618 -66.7061 0.188237
      vertex -42.3873 -66.7873 0.140333
    endloop
  endfacet
  facet normal 0.433039 0.351938 -0.829829
    outer loop
      vertex -42.3618 -66.7061 0.188237
      vertex -42.3978 -66.7654 0.144301
      vertex -42.4025 -66.7521 0.147489
    endloop
  endfacet
  facet normal 0.151906 0.123977 -0.980589
    outer loop
      vertex -41.9222 -66.2817 0.392776
      vertex -41.904 -66.304 0.392776
      vertex -42.1079 -66.5079 0.33541
    endloop
  endfacet
  facet normal 0.172801 0.092482 -0.980605
    outer loop
      vertex -41.9222 -66.2817 0.392776
      vertex -42.162 -66.4419 0.33541
      vertex -42.2023 -66.3666 0.33541
    endloop
  endfacet
  facet normal 0.0377106 -0.382374 -0.923238
    outer loop
      vertex -41.8 -65.4929 0.222881
      vertex -41.8 -65.7646 0.33541
      vertex -41.9379 -65.5065 0.222881
    endloop
  endfacet
  facet normal 0.0373961 -0.382521 -0.92319
    outer loop
      vertex -41.8 -65.7646 0.33541
      vertex -41.8849 -65.7729 0.33541
      vertex -41.9379 -65.5065 0.222881
    endloop
  endfacet
  facet normal -0.243654 -0.297152 -0.923219
    outer loop
      vertex -41.4072 -65.6121 0.222881
      vertex -41.3 -65.7 0.222881
      vertex -41.4921 -65.8921 0.33541
    endloop
  endfacet
  facet normal -0.243593 -0.297175 -0.923228
    outer loop
      vertex -41.4072 -65.6121 0.222881
      vertex -41.4921 -65.8921 0.33541
      vertex -41.5581 -65.838 0.33541
    endloop
  endfacet
  facet normal -0.161605 -0.533456 -0.830246
    outer loop
      vertex -41.4358 -65.3208 0.059515
      vertex -41.5294 -65.5467 0.222881
      vertex -41.6621 -65.5065 0.222881
    endloop
  endfacet
  facet normal -0.111404 -0.367745 -0.923229
    outer loop
      vertex -41.5294 -65.5467 0.222881
      vertex -41.6334 -65.7977 0.33541
      vertex -41.6621 -65.5065 0.222881
    endloop
  endfacet
  facet normal 0.124372 0.151557 -0.980593
    outer loop
      vertex -41.904 -66.304 0.392776
      vertex -41.8817 -66.3223 0.392776
      vertex -42.0419 -66.562 0.33541
    endloop
  endfacet
  facet normal -0.187498 0.0569848 -0.980611
    outer loop
      vertex -41.3729 -66.285 0.33541
      vertex -41.3977 -66.3666 0.33541
      vertex -41.6642 -66.2563 0.392776
    endloop
  endfacet
  facet normal -0.172805 0.0924837 -0.980605
    outer loop
      vertex -41.3977 -66.3666 0.33541
      vertex -41.438 -66.4419 0.33541
      vertex -41.6642 -66.2563 0.392776
    endloop
  endfacet
  facet normal -0.430973 0.353382 -0.830291
    outer loop
      vertex -41.2121 -66.5928 0.222881
      vertex -41.0088 -66.7287 0.059515
      vertex -41.3 -66.7 0.222881
    endloop
  endfacet
  facet normal -0.29714 0.243644 -0.923226
    outer loop
      vertex -41.2121 -66.5928 0.222881
      vertex -41.3 -66.7 0.222881
      vertex -41.438 -66.4419 0.33541
    endloop
  endfacet
  facet normal -0.449181 0.548171 -0.705511
    outer loop
      vertex -41.188 -66.9994 0
      vertex -41.1271 -66.8729 0.059515
      vertex -41.085 -66.915 0
    endloop
  endfacet
  facet normal -0.449778 0.54825 -0.705069
    outer loop
      vertex -41.1271 -66.8729 0.059515
      vertex -41.188 -66.9994 0
      vertex -41.2713 -66.9912 0.059515
    endloop
  endfacet
  facet normal -0.491481 0.26292 -0.830252
    outer loop
      vertex -40.9208 -66.5642 0.059515
      vertex -41.0088 -66.7287 0.059515
      vertex -41.1467 -66.4706 0.222881
    endloop
  endfacet
  facet normal 0.0377192 0.382462 -0.923201
    outer loop
      vertex -41.8849 -66.6271 0.33541
      vertex -41.8 -66.9071 0.222881
      vertex -41.9379 -66.8935 0.222881
    endloop
  endfacet
  facet normal -0.353382 0.430973 -0.830291
    outer loop
      vertex -41.3 -66.7 0.222881
      vertex -41.2713 -66.9912 0.059515
      vertex -41.4072 -66.7879 0.222881
    endloop
  endfacet
  facet normal -0.0377204 0.382473 -0.923196
    outer loop
      vertex -41.715 -66.6271 0.33541
      vertex -41.6621 -66.8935 0.222881
      vertex -41.8 -66.9071 0.222881
    endloop
  endfacet
  facet normal 0.0190692 0.195058 -0.980606
    outer loop
      vertex -41.8287 -66.3442 0.392776
      vertex -41.8 -66.6354 0.33541
      vertex -41.8849 -66.6271 0.33541
    endloop
  endfacet
  facet normal -0.26292 0.491481 -0.830252
    outer loop
      vertex -41.2713 -66.9912 0.059515
      vertex -41.4358 -67.0792 0.059515
      vertex -41.5294 -66.8533 0.222881
    endloop
  endfacet
  facet normal -0.0373382 0.382379 -0.923251
    outer loop
      vertex -41.8 -66.6354 0.33541
      vertex -41.715 -66.6271 0.33541
      vertex -41.8 -66.9071 0.222881
    endloop
  endfacet
  facet normal -0.548265 -0.449076 -0.705504
    outer loop
      vertex -41.085 -65.485 0
      vertex -41.0438 -65.5353 0
      vertex -41.1271 -65.5271 0.059515
    endloop
  endfacet
  facet normal 0.334399 -0.625097 -0.705288
    outer loop
      vertex -42.3287 -65.4088 0.059515
      vertex -42.2443 -65.2965 0
      vertex -42.1642 -65.3208 0.059515
    endloop
  endfacet
  facet normal 0.334375 -0.625089 -0.705306
    outer loop
      vertex -42.2443 -65.2965 0
      vertex -42.3287 -65.4088 0.059515
      vertex -42.3617 -65.3593 0
    endloop
  endfacet
  facet normal 0.449677 -0.548127 -0.705228
    outer loop
      vertex -42.3287 -65.4088 0.059515
      vertex -42.4647 -65.4438 0
      vertex -42.3617 -65.3593 0
    endloop
  endfacet
  facet normal 0.449677 -0.548127 -0.705228
    outer loop
      vertex -42.4647 -65.4438 0
      vertex -42.3287 -65.4088 0.059515
      vertex -42.4729 -65.5271 0.059515
    endloop
  endfacet
  facet normal 0.367914 -0.109938 -0.923338
    outer loop
      vertex -42.2023 -66.0334 0.33541
      vertex -42.2223 -66.0353 0.327667
      vertex -42.2246 -66.0241 0.325417
    endloop
  endfacet
  facet normal 0.337945 -0.181891 -0.923422
    outer loop
      vertex -42.2023 -66.0334 0.33541
      vertex -42.2246 -66.0241 0.325417
      vertex -42.2335 -65.9953 0.316487
    endloop
  endfacet
  facet normal 0.181311 -0.33878 -0.92323
    outer loop
      vertex -42.0706 -65.5467 0.222881
      vertex -41.9666 -65.7977 0.33541
      vertex -42.1928 -65.6121 0.222881
    endloop
  endfacet
  facet normal 0.111404 -0.367745 -0.923229
    outer loop
      vertex -41.9379 -65.5065 0.222881
      vertex -41.9666 -65.7977 0.33541
      vertex -42.0706 -65.5467 0.222881
    endloop
  endfacet
  facet normal 0.181312 -0.338779 -0.923231
    outer loop
      vertex -41.9666 -65.7977 0.33541
      vertex -42.0419 -65.838 0.33541
      vertex -42.1928 -65.6121 0.222881
    endloop
  endfacet
  facet normal 0.243593 -0.297175 -0.923228
    outer loop
      vertex -42.0419 -65.838 0.33541
      vertex -42.1079 -65.8921 0.33541
      vertex -42.1928 -65.6121 0.222881
    endloop
  endfacet
  facet normal 0.338653 -0.181245 -0.92329
    outer loop
      vertex -42.2335 -65.9953 0.316487
      vertex -42.162 -65.9581 0.33541
      vertex -42.2023 -66.0334 0.33541
    endloop
  endfacet
  facet normal 0.338674 -0.181292 -0.923273
    outer loop
      vertex -42.162 -65.9581 0.33541
      vertex -42.2335 -65.9953 0.316487
      vertex -42.2667 -65.8881 0.283259
    endloop
  endfacet
  facet normal 0.172805 -0.0924837 -0.980605
    outer loop
      vertex -42.162 -65.9581 0.33541
      vertex -41.9358 -66.1437 0.392776
      vertex -42.2023 -66.0334 0.33541
    endloop
  endfacet
  facet normal 0.0570678 0.187508 -0.980604
    outer loop
      vertex -41.8563 -66.3358 0.392776
      vertex -41.8287 -66.3442 0.392776
      vertex -41.8849 -66.6271 0.33541
    endloop
  endfacet
  facet normal 0.111605 0.367666 -0.923237
    outer loop
      vertex -41.9666 -66.6023 0.33541
      vertex -41.8849 -66.6271 0.33541
      vertex -42.0706 -66.8533 0.222881
    endloop
  endfacet
  facet normal 0.337945 0.181891 -0.923422
    outer loop
      vertex -42.2246 -66.3759 0.325417
      vertex -42.2023 -66.3666 0.33541
      vertex -42.2335 -66.4047 0.316487
    endloop
  endfacet
  facet normal 0.367914 0.109938 -0.923338
    outer loop
      vertex -42.2223 -66.3647 0.327667
      vertex -42.2023 -66.3666 0.33541
      vertex -42.2246 -66.3759 0.325417
    endloop
  endfacet
  facet normal 0.430598 0.353612 -0.830388
    outer loop
      vertex -42.3271 -66.667 0.222881
      vertex -42.3 -66.7 0.222881
      vertex -42.3618 -66.7061 0.188237
    endloop
  endfacet
  facet normal 0 0 -1
    outer loop
      vertex -41.6558 -66.2287 0.392776
      vertex -41.6558 -66.1713 0.392776
      vertex -41.653 -66.2 0.392776
    endloop
  endfacet
  facet normal 0 0 -1
    outer loop
      vertex -41.6642 -66.2563 0.392776
      vertex -41.6558 -66.1713 0.392776
      vertex -41.6558 -66.2287 0.392776
    endloop
  endfacet
  facet normal 0 0 -1
    outer loop
      vertex -41.6642 -66.2563 0.392776
      vertex -41.6642 -66.1437 0.392776
      vertex -41.6558 -66.1713 0.392776
    endloop
  endfacet
  facet normal 0 0 -1
    outer loop
      vertex -41.6778 -66.2817 0.392776
      vertex -41.6642 -66.1437 0.392776
      vertex -41.6642 -66.2563 0.392776
    endloop
  endfacet
  facet normal 0 0 -1
    outer loop
      vertex -41.6778 -66.2817 0.392776
      vertex -41.6778 -66.1183 0.392776
      vertex -41.6642 -66.1437 0.392776
    endloop
  endfacet
  facet normal 0 0 -1
    outer loop
      vertex -41.696 -66.304 0.392776
      vertex -41.6778 -66.1183 0.392776
      vertex -41.6778 -66.2817 0.392776
    endloop
  endfacet
  facet normal 0 0 -1
    outer loop
      vertex -41.696 -66.304 0.392776
      vertex -41.696 -66.096 0.392776
      vertex -41.6778 -66.1183 0.392776
    endloop
  endfacet
  facet normal 0 0 -1
    outer loop
      vertex -41.7183 -66.3223 0.392776
      vertex -41.696 -66.096 0.392776
      vertex -41.696 -66.304 0.392776
    endloop
  endfacet
  facet normal 0 0 -1
    outer loop
      vertex -41.7183 -66.3223 0.392776
      vertex -41.7183 -66.0778 0.392776
      vertex -41.696 -66.096 0.392776
    endloop
  endfacet
  facet normal 0 0 -1
    outer loop
      vertex -41.7437 -66.3358 0.392776
      vertex -41.7183 -66.0778 0.392776
      vertex -41.7183 -66.3223 0.392776
    endloop
  endfacet
  facet normal 0 0 -1
    outer loop
      vertex -41.7437 -66.3358 0.392776
      vertex -41.7437 -66.0642 0.392776
      vertex -41.7183 -66.0778 0.392776
    endloop
  endfacet
  facet normal 0 0 -1
    outer loop
      vertex -41.7713 -66.3442 0.392776
      vertex -41.7437 -66.0642 0.392776
      vertex -41.7437 -66.3358 0.392776
    endloop
  endfacet
  facet normal 0 0 -1
    outer loop
      vertex -41.7713 -66.3442 0.392776
      vertex -41.7713 -66.0558 0.392776
      vertex -41.7437 -66.0642 0.392776
    endloop
  endfacet
  facet normal 0 0 -1
    outer loop
      vertex -41.8 -66.347 0.392776
      vertex -41.7713 -66.0558 0.392776
      vertex -41.7713 -66.3442 0.392776
    endloop
  endfacet
  facet normal 0 0 -1
    outer loop
      vertex -41.8 -66.347 0.392776
      vertex -41.8 -66.053 0.392776
      vertex -41.7713 -66.0558 0.392776
    endloop
  endfacet
  facet normal 0 0 -1
    outer loop
      vertex -41.8287 -66.3442 0.392776
      vertex -41.8 -66.053 0.392776
      vertex -41.8 -66.347 0.392776
    endloop
  endfacet
  facet normal 0 0 -1
    outer loop
      vertex -41.8287 -66.3442 0.392776
      vertex -41.8287 -66.0558 0.392776
      vertex -41.8 -66.053 0.392776
    endloop
  endfacet
  facet normal 0 0 -1
    outer loop
      vertex -41.8563 -66.3358 0.392776
      vertex -41.8287 -66.0558 0.392776
      vertex -41.8287 -66.3442 0.392776
    endloop
  endfacet
  facet normal 0 0 -1
    outer loop
      vertex -41.8563 -66.3358 0.392776
      vertex -41.8563 -66.0642 0.392776
      vertex -41.8287 -66.0558 0.392776
    endloop
  endfacet
  facet normal 0 0 -1
    outer loop
      vertex -41.8817 -66.3223 0.392776
      vertex -41.8563 -66.0642 0.392776
      vertex -41.8563 -66.3358 0.392776
    endloop
  endfacet
  facet normal 0 0 -1
    outer loop
      vertex -41.8817 -66.3223 0.392776
      vertex -41.8817 -66.0778 0.392776
      vertex -41.8563 -66.0642 0.392776
    endloop
  endfacet
  facet normal 0 0 -1
    outer loop
      vertex -41.904 -66.304 0.392776
      vertex -41.8817 -66.0778 0.392776
      vertex -41.8817 -66.3223 0.392776
    endloop
  endfacet
  facet normal 0 0 -1
    outer loop
      vertex -41.904 -66.304 0.392776
      vertex -41.904 -66.096 0.392776
      vertex -41.8817 -66.0778 0.392776
    endloop
  endfacet
  facet normal 0 0 -1
    outer loop
      vertex -41.9222 -66.2817 0.392776
      vertex -41.904 -66.096 0.392776
      vertex -41.904 -66.304 0.392776
    endloop
  endfacet
  facet normal 0 0 -1
    outer loop
      vertex -41.9222 -66.2817 0.392776
      vertex -41.9222 -66.1183 0.392776
      vertex -41.904 -66.096 0.392776
    endloop
  endfacet
  facet normal 0 0 -1
    outer loop
      vertex -41.9358 -66.2563 0.392776
      vertex -41.9222 -66.1183 0.392776
      vertex -41.9222 -66.2817 0.392776
    endloop
  endfacet
  facet normal 0 0 -1
    outer loop
      vertex -41.9358 -66.2563 0.392776
      vertex -41.9358 -66.1437 0.392776
      vertex -41.9222 -66.1183 0.392776
    endloop
  endfacet
  facet normal 0 0 -1
    outer loop
      vertex -41.9442 -66.2287 0.392776
      vertex -41.9358 -66.1437 0.392776
      vertex -41.9358 -66.2563 0.392776
    endloop
  endfacet
  facet normal 0 0 -1
    outer loop
      vertex -41.9442 -66.2287 0.392776
      vertex -41.9442 -66.1713 0.392776
      vertex -41.9358 -66.1437 0.392776
    endloop
  endfacet
  facet normal 0 -0 -1
    outer loop
      vertex -41.9442 -66.1713 0.392776
      vertex -41.9442 -66.2287 0.392776
      vertex -41.947 -66.2 0.392776
    endloop
  endfacet
  facet normal -0.24361 0.297195 -0.923217
    outer loop
      vertex -41.4921 -66.5079 0.33541
      vertex -41.3 -66.7 0.222881
      vertex -41.5581 -66.562 0.33541
    endloop
  endfacet
  facet normal -0.297195 0.24361 -0.923217
    outer loop
      vertex -41.438 -66.4419 0.33541
      vertex -41.3 -66.7 0.222881
      vertex -41.4921 -66.5079 0.33541
    endloop
  endfacet
  facet normal -0.243644 0.29714 -0.923226
    outer loop
      vertex -41.3 -66.7 0.222881
      vertex -41.4072 -66.7879 0.222881
      vertex -41.5581 -66.562 0.33541
    endloop
  endfacet
  facet normal -0.181312 0.33878 -0.92323
    outer loop
      vertex -41.5581 -66.562 0.33541
      vertex -41.5294 -66.8533 0.222881
      vertex -41.6334 -66.6023 0.33541
    endloop
  endfacet
  facet normal -0.625906 0.333994 -0.704762
    outer loop
      vertex -40.9286 -66.7044 0
      vertex -40.9208 -66.5642 0.059515
      vertex -40.8659 -66.5869 0
    endloop
  endfacet
  facet normal -0.624862 0.334273 -0.705555
    outer loop
      vertex -40.9208 -66.5642 0.059515
      vertex -40.9286 -66.7044 0
      vertex -41.0088 -66.7287 0.059515
    endloop
  endfacet
  facet normal -0.678785 0.206193 -0.704795
    outer loop
      vertex -40.9208 -66.5642 0.059515
      vertex -40.8272 -66.4595 0
      vertex -40.8659 -66.5869 0
    endloop
  endfacet
  facet normal -0.678377 0.205488 -0.705393
    outer loop
      vertex -40.8272 -66.4595 0
      vertex -40.9208 -66.5642 0.059515
      vertex -40.8667 -66.3856 0.059515
    endloop
  endfacet
  facet normal -0.430933 0.353533 -0.830248
    outer loop
      vertex -41.0088 -66.7287 0.059515
      vertex -41.1271 -66.8729 0.059515
      vertex -41.3 -66.7 0.222881
    endloop
  endfacet
  facet normal -0.353533 0.430933 -0.830248
    outer loop
      vertex -41.1271 -66.8729 0.059515
      vertex -41.2713 -66.9912 0.059515
      vertex -41.3 -66.7 0.222881
    endloop
  endfacet
  facet normal 0.111421 0.367801 -0.923205
    outer loop
      vertex -41.8849 -66.6271 0.33541
      vertex -41.9379 -66.8935 0.222881
      vertex -42.0706 -66.8533 0.222881
    endloop
  endfacet
  facet normal 0.181312 0.33878 -0.92323
    outer loop
      vertex -42.0419 -66.562 0.33541
      vertex -41.9666 -66.6023 0.33541
      vertex -42.0706 -66.8533 0.222881
    endloop
  endfacet
  facet normal 0.054708 0.554723 -0.830235
    outer loop
      vertex -41.9379 -66.8935 0.222881
      vertex -41.8 -66.9071 0.222881
      vertex -41.9856 -67.1333 0.059515
    endloop
  endfacet
  facet normal 0.0546959 0.55473 -0.830231
    outer loop
      vertex -41.8 -66.9071 0.222881
      vertex -41.8 -67.1516 0.059515
      vertex -41.9856 -67.1333 0.059515
    endloop
  endfacet
  facet normal -0.624848 -0.334779 -0.705329
    outer loop
      vertex -40.9593 -65.6383 0
      vertex -40.9286 -65.6956 0
      vertex -41.0088 -65.6713 0.059515
    endloop
  endfacet
  facet normal -0.625906 -0.333994 -0.704762
    outer loop
      vertex -40.9208 -65.8358 0.059515
      vertex -40.9286 -65.6956 0
      vertex -40.8659 -65.8131 0
    endloop
  endfacet
  facet normal -0.624862 -0.334273 -0.705555
    outer loop
      vertex -40.9286 -65.6956 0
      vertex -40.9208 -65.8358 0.059515
      vertex -41.0088 -65.6713 0.059515
    endloop
  endfacet
  facet normal 0.449076 -0.548265 -0.705504
    outer loop
      vertex -42.4647 -65.4438 0
      vertex -42.4729 -65.5271 0.059515
      vertex -42.515 -65.485 0
    endloop
  endfacet
  facet normal 0.548395 -0.448933 -0.705494
    outer loop
      vertex -42.5344 -65.5332 0.0155915
      vertex -42.515 -65.485 0
      vertex -42.4729 -65.5271 0.059515
    endloop
  endfacet
  facet normal 0.547572 -0.44883 -0.706198
    outer loop
      vertex -42.515 -65.485 0
      vertex -42.5344 -65.5332 0.0155915
      vertex -42.55 -65.5277 0
    endloop
  endfacet
  facet normal -0.181311 0.33878 -0.92323
    outer loop
      vertex -41.4072 -66.7879 0.222881
      vertex -41.5294 -66.8533 0.222881
      vertex -41.5581 -66.562 0.33541
    endloop
  endfacet
  facet normal -0.262988 0.491393 -0.830284
    outer loop
      vertex -41.4072 -66.7879 0.222881
      vertex -41.2713 -66.9912 0.059515
      vertex -41.5294 -66.8533 0.222881
    endloop
  endfacet
  facet normal -0.449911 0.547954 -0.705214
    outer loop
      vertex -41.188 -66.9994 0
      vertex -41.2383 -67.0407 0
      vertex -41.2713 -66.9912 0.059515
    endloop
  endfacet
  facet normal 0.0569227 0.187524 -0.980609
    outer loop
      vertex -41.8563 -66.3358 0.392776
      vertex -41.8849 -66.6271 0.33541
      vertex -41.9666 -66.6023 0.33541
    endloop
  endfacet
  facet normal 0.0924837 0.172805 -0.980605
    outer loop
      vertex -41.8563 -66.3358 0.392776
      vertex -41.9666 -66.6023 0.33541
      vertex -42.0419 -66.562 0.33541
    endloop
  endfacet
  facet normal 0.430858 -0.353826 -0.830162
    outer loop
      vertex -42.4538 -65.59 0.0961745
      vertex -42.3 -65.7 0.222881
      vertex -42.3271 -65.733 0.222881
    endloop
  endfacet
  facet normal 0.43163 -0.352792 -0.830201
    outer loop
      vertex -42.3 -65.7 0.222881
      vertex -42.4538 -65.59 0.0961745
      vertex -42.4729 -65.5271 0.059515
    endloop
  endfacet
  facet normal 0.29717 -0.243636 -0.923218
    outer loop
      vertex -42.2862 -65.838 0.263741
      vertex -42.3 -65.7 0.222881
      vertex -42.1079 -65.8921 0.33541
    endloop
  endfacet
  facet normal 0.296767 -0.243709 -0.923328
    outer loop
      vertex -42.3 -65.7 0.222881
      vertex -42.2862 -65.838 0.263741
      vertex -42.3271 -65.733 0.222881
    endloop
  endfacet
  facet normal 0.353497 -0.43089 -0.830285
    outer loop
      vertex -42.3287 -65.4088 0.059515
      vertex -42.1928 -65.6121 0.222881
      vertex -42.4729 -65.5271 0.059515
    endloop
  endfacet
  facet normal 0.262901 -0.491446 -0.830279
    outer loop
      vertex -42.1642 -65.3208 0.059515
      vertex -42.1928 -65.6121 0.222881
      vertex -42.3287 -65.4088 0.059515
    endloop
  endfacet
  facet normal -0.547954 0.449911 -0.705214
    outer loop
      vertex -40.9593 -66.7617 0
      vertex -41.0006 -66.812 0
      vertex -41.0088 -66.7287 0.059515
    endloop
  endfacet
  facet normal 0.0377106 -0.382374 -0.923238
    outer loop
      vertex 41.8 -65.4929 0.222881
      vertex 41.8 -65.7646 0.33541
      vertex 41.6621 -65.5065 0.222881
    endloop
  endfacet
  facet normal -0.0373961 -0.382521 -0.92319
    outer loop
      vertex 41.9379 -65.5065 0.222881
      vertex 41.8849 -65.7729 0.33541
      vertex 41.8 -65.7646 0.33541
    endloop
  endfacet
  facet normal 0.195055 0.0190466 -0.980607
    outer loop
      vertex 41.6558 -66.2287 0.392776
      vertex 41.3729 -66.285 0.33541
      vertex 41.3646 -66.2 0.33541
    endloop
  endfacet
  facet normal 0.195054 0.0190297 -0.980608
    outer loop
      vertex 41.653 -66.2 0.392776
      vertex 41.6558 -66.2287 0.392776
      vertex 41.3646 -66.2 0.33541
    endloop
  endfacet
  facet normal 0.124275 0.15161 -0.980597
    outer loop
      vertex 41.696 -66.304 0.392776
      vertex 41.5581 -66.562 0.33541
      vertex 41.4921 -66.5079 0.33541
    endloop
  endfacet
  facet normal 0.367617 0.111727 -0.923242
    outer loop
      vertex 41.3729 -66.285 0.33541
      vertex 41.3977 -66.3666 0.33541
      vertex 41.1467 -66.4706 0.222881
    endloop
  endfacet
  facet normal -0.262901 -0.491446 -0.830279
    outer loop
      vertex 42.3287 -65.4088 0.059515
      vertex 42.1928 -65.6121 0.222881
      vertex 42.1642 -65.3208 0.059515
    endloop
  endfacet
  facet normal 0.161605 -0.533456 -0.830246
    outer loop
      vertex 41.6621 -65.5065 0.222881
      vertex 41.5294 -65.5467 0.222881
      vertex 41.4358 -65.3208 0.059515
    endloop
  endfacet
  facet normal 0.181312 0.33878 -0.92323
    outer loop
      vertex 41.5581 -66.562 0.33541
      vertex 41.6334 -66.6023 0.33541
      vertex 41.5294 -66.8533 0.222881
    endloop
  endfacet
  facet normal -0.449677 -0.548127 -0.705228
    outer loop
      vertex 42.3287 -65.4088 0.059515
      vertex 42.4647 -65.4438 0
      vertex 42.4729 -65.5271 0.059515
    endloop
  endfacet
  facet normal -0.449677 -0.548127 -0.705228
    outer loop
      vertex 42.4647 -65.4438 0
      vertex 42.3287 -65.4088 0.059515
      vertex 42.3617 -65.3593 0
    endloop
  endfacet
  facet normal 0.55473 0.0546959 -0.830231
    outer loop
      vertex 41.0929 -66.2 0.222881
      vertex 40.8667 -66.3856 0.059515
      vertex 40.8484 -66.2 0.059515
    endloop
  endfacet
  facet normal -0.111421 0.367801 -0.923205
    outer loop
      vertex 42.0706 -66.8533 0.222881
      vertex 41.9379 -66.8935 0.222881
      vertex 41.8849 -66.6271 0.33541
    endloop
  endfacet
  facet normal 0.677906 0.205987 -0.7057
    outer loop
      vertex 40.8667 -66.3856 0.059515
      vertex 40.8272 -66.4595 0
      vertex 40.8083 -66.3973 0
    endloop
  endfacet
  facet normal 0.29714 -0.243644 -0.923226
    outer loop
      vertex 41.3 -65.7 0.222881
      vertex 41.438 -65.9581 0.33541
      vertex 41.2121 -65.8072 0.222881
    endloop
  endfacet
  facet normal -0.263013 -0.49144 -0.830248
    outer loop
      vertex 42.1642 -65.3208 0.059515
      vertex 42.1928 -65.6121 0.222881
      vertex 42.0706 -65.5467 0.222881
    endloop
  endfacet
  facet normal 0.353533 0.430933 -0.830248
    outer loop
      vertex 41.3 -66.7 0.222881
      vertex 41.2713 -66.9912 0.059515
      vertex 41.1271 -66.8729 0.059515
    endloop
  endfacet
  facet normal -0.367991 -0.11176 -0.923088
    outer loop
      vertex 42.2223 -66.0353 0.327667
      vertex 42.2146 -66.0739 0.33541
      vertex 42.2023 -66.0334 0.33541
    endloop
  endfacet
  facet normal 0.382473 0.0377204 -0.923196
    outer loop
      vertex 41.3729 -66.285 0.33541
      vertex 41.1065 -66.3379 0.222881
      vertex 41.0929 -66.2 0.222881
    endloop
  endfacet
  facet normal 0.554723 0.054708 -0.830235
    outer loop
      vertex 41.0929 -66.2 0.222881
      vertex 41.1065 -66.3379 0.222881
      vertex 40.8667 -66.3856 0.059515
    endloop
  endfacet
  facet normal 0.069572 -0.705605 -0.705182
    outer loop
      vertex 41.6144 -65.2667 0.059515
      vertex 41.7353 -65.1953 0
      vertex 41.8 -65.2484 0.059515
    endloop
  endfacet
  facet normal 0.0691397 -0.705225 -0.705605
    outer loop
      vertex 41.7353 -65.1953 0
      vertex 41.6144 -65.2667 0.059515
      vertex 41.6027 -65.2083 0
    endloop
  endfacet
  facet normal 0.678651 -0.205571 -0.705106
    outer loop
      vertex 40.8667 -66.0144 0.059515
      vertex 40.847 -65.8753 0
      vertex 40.9208 -65.8358 0.059515
    endloop
  endfacet
  facet normal 0.67792 -0.20593 -0.705703
    outer loop
      vertex 40.847 -65.8753 0
      vertex 40.8667 -66.0144 0.059515
      vertex 40.8083 -66.0027 0
    endloop
  endfacet
  facet normal 0.124249 -0.151579 -0.980605
    outer loop
      vertex 41.5581 -65.838 0.33541
      vertex 41.7183 -66.0778 0.392776
      vertex 41.4921 -65.8921 0.33541
    endloop
  endfacet
  facet normal 0.15161 -0.124275 -0.980597
    outer loop
      vertex 41.4921 -65.8921 0.33541
      vertex 41.696 -66.096 0.392776
      vertex 41.438 -65.9581 0.33541
    endloop
  endfacet
  facet normal -0.181312 0.33878 -0.92323
    outer loop
      vertex 42.0419 -66.562 0.33541
      vertex 42.0706 -66.8533 0.222881
      vertex 41.9666 -66.6023 0.33541
    endloop
  endfacet
  facet normal -0.263856 0.490884 -0.830309
    outer loop
      vertex 42.2954 -66.9735 0.080549
      vertex 42.1928 -66.7879 0.222881
      vertex 42.3055 -66.9566 0.0873308
    endloop
  endfacet
  facet normal -0.262974 0.491367 -0.830303
    outer loop
      vertex 42.1928 -66.7879 0.222881
      vertex 42.2954 -66.9735 0.080549
      vertex 42.0706 -66.8533 0.222881
    endloop
  endfacet
  facet normal -0.0570678 -0.187508 -0.980604
    outer loop
      vertex 41.8849 -65.7729 0.33541
      vertex 41.8563 -66.0642 0.392776
      vertex 41.8287 -66.0558 0.392776
    endloop
  endfacet
  facet normal -0.367914 -0.109938 -0.923338
    outer loop
      vertex 42.2246 -66.0241 0.325417
      vertex 42.2223 -66.0353 0.327667
      vertex 42.2023 -66.0334 0.33541
    endloop
  endfacet
  facet normal 0.548265 -0.449076 -0.705504
    outer loop
      vertex 41.085 -65.485 0
      vertex 41.1271 -65.5271 0.059515
      vertex 41.0438 -65.5353 0
    endloop
  endfacet
  facet normal 0.533415 -0.161714 -0.830251
    outer loop
      vertex 41.1467 -65.9294 0.222881
      vertex 41.1065 -66.062 0.222881
      vertex 40.9208 -65.8358 0.059515
    endloop
  endfacet
  facet normal 0.334399 -0.625097 -0.705288
    outer loop
      vertex 41.2713 -65.4088 0.059515
      vertex 41.3557 -65.2965 0
      vertex 41.4358 -65.3208 0.059515
    endloop
  endfacet
  facet normal 0.334375 -0.625089 -0.705306
    outer loop
      vertex 41.3557 -65.2965 0
      vertex 41.2713 -65.4088 0.059515
      vertex 41.2383 -65.3593 0
    endloop
  endfacet
  facet normal -0.243593 -0.297175 -0.923228
    outer loop
      vertex 42.1928 -65.6121 0.222881
      vertex 42.1079 -65.8921 0.33541
      vertex 42.0419 -65.838 0.33541
    endloop
  endfacet
  facet normal 0.181311 0.33878 -0.92323
    outer loop
      vertex 41.5581 -66.562 0.33541
      vertex 41.5294 -66.8533 0.222881
      vertex 41.4072 -66.7879 0.222881
    endloop
  endfacet
  facet normal 0.36775 -0.11149 -0.923217
    outer loop
      vertex 41.1467 -65.9294 0.222881
      vertex 41.3729 -66.1151 0.33541
      vertex 41.1065 -66.062 0.222881
    endloop
  endfacet
  facet normal 0.705472 -0.0697839 -0.705294
    outer loop
      vertex 40.7953 -66.1353 0
      vertex 40.8484 -66.2 0.059515
      vertex 40.7889 -66.2 0
    endloop
  endfacet
  facet normal 0.262988 0.491393 -0.830284
    outer loop
      vertex 41.4072 -66.7879 0.222881
      vertex 41.5294 -66.8533 0.222881
      vertex 41.2713 -66.9912 0.059515
    endloop
  endfacet
  facet normal -0.0697839 0.705472 -0.705294
    outer loop
      vertex 41.8 -67.1516 0.059515
      vertex 41.8647 -67.2047 0
      vertex 41.8 -67.2111 0
    endloop
  endfacet
  facet normal -0.427996 0.355738 -0.830825
    outer loop
      vertex 42.3618 -66.7061 0.188237
      vertex 42.3978 -66.7654 0.144301
      vertex 42.3873 -66.7873 0.140333
    endloop
  endfacet
  facet normal -0.433039 0.351938 -0.829829
    outer loop
      vertex 42.3978 -66.7654 0.144301
      vertex 42.3618 -66.7061 0.188237
      vertex 42.4025 -66.7521 0.147489
    endloop
  endfacet
  facet normal -0.430345 0.354577 -0.830107
    outer loop
      vertex 42.3618 -66.7061 0.188237
      vertex 42.3873 -66.7873 0.140333
      vertex 42.3 -66.7 0.222881
    endloop
  endfacet
  facet normal -0.18753 -0.0570744 -0.980599
    outer loop
      vertex 41.9358 -66.1437 0.392776
      vertex 42.2114 -66.1182 0.338586
      vertex 41.9442 -66.1713 0.392776
    endloop
  endfacet
  facet normal -0.187422 -0.0581508 -0.980557
    outer loop
      vertex 42.2114 -66.1182 0.338586
      vertex 41.9358 -66.1437 0.392776
      vertex 42.2115 -66.1166 0.338472
    endloop
  endfacet
  facet normal -0.0546959 0.55473 -0.830231
    outer loop
      vertex 41.8 -66.9071 0.222881
      vertex 41.9856 -67.1333 0.059515
      vertex 41.8 -67.1516 0.059515
    endloop
  endfacet
  facet normal 0.43089 -0.353497 -0.830285
    outer loop
      vertex 41.1271 -65.5271 0.059515
      vertex 41.2121 -65.8072 0.222881
      vertex 41.0088 -65.6713 0.059515
    endloop
  endfacet
  facet normal -0.186893 -0.0567601 -0.980739
    outer loop
      vertex 42.2115 -66.1166 0.338472
      vertex 42.2023 -66.0334 0.33541
      vertex 42.2146 -66.0739 0.33541
    endloop
  endfacet
  facet normal -0.187562 -0.0568292 -0.980607
    outer loop
      vertex 42.2023 -66.0334 0.33541
      vertex 42.2115 -66.1166 0.338472
      vertex 41.9358 -66.1437 0.392776
    endloop
  endfacet
  facet normal -0.333736 -0.626028 -0.704776
    outer loop
      vertex 42.1869 -65.2659 0
      vertex 42.2443 -65.2965 0
      vertex 42.1642 -65.3208 0.059515
    endloop
  endfacet
  facet normal 0.431031 -0.353429 -0.830241
    outer loop
      vertex 41.3 -65.7 0.222881
      vertex 41.2121 -65.8072 0.222881
      vertex 41.1271 -65.5271 0.059515
    endloop
  endfacet
  facet normal 0.55473 -0.0546959 -0.830231
    outer loop
      vertex 40.8667 -66.0144 0.059515
      vertex 41.0929 -66.2 0.222881
      vertex 40.8484 -66.2 0.059515
    endloop
  endfacet
  facet normal 0.382379 -0.0373821 -0.923249
    outer loop
      vertex 41.3729 -66.1151 0.33541
      vertex 41.3646 -66.2 0.33541
      vertex 41.0929 -66.2 0.222881
    endloop
  endfacet
  facet normal 0.382379 0.0373382 -0.923251
    outer loop
      vertex 41.3646 -66.2 0.33541
      vertex 41.3729 -66.285 0.33541
      vertex 41.0929 -66.2 0.222881
    endloop
  endfacet
  facet normal -0.0920369 0.173166 -0.980583
    outer loop
      vertex 41.8817 -66.3223 0.392776
      vertex 42.0419 -66.562 0.33541
      vertex 41.8563 -66.3358 0.392776
    endloop
  endfacet
  facet normal -0.0547086 -0.55473 -0.83023
    outer loop
      vertex 41.8 -65.2484 0.059515
      vertex 41.9379 -65.5065 0.222881
      vertex 41.8 -65.4929 0.222881
    endloop
  endfacet
  facet normal 0.0569848 -0.187498 -0.980611
    outer loop
      vertex 41.715 -65.7729 0.33541
      vertex 41.7437 -66.0642 0.392776
      vertex 41.6334 -65.7977 0.33541
    endloop
  endfacet
  facet normal -0.0190297 -0.195054 -0.980608
    outer loop
      vertex 41.8 -65.7646 0.33541
      vertex 41.8287 -66.0558 0.392776
      vertex 41.8 -66.053 0.392776
    endloop
  endfacet
  facet normal 0.111771 -0.367762 -0.923179
    outer loop
      vertex 41.6621 -65.5065 0.222881
      vertex 41.715 -65.7729 0.33541
      vertex 41.6334 -65.7977 0.33541
    endloop
  endfacet
  facet normal 0.53351 -0.161606 -0.830211
    outer loop
      vertex 40.9208 -65.8358 0.059515
      vertex 41.1065 -66.062 0.222881
      vertex 40.8667 -66.0144 0.059515
    endloop
  endfacet
  facet normal 0.0697839 -0.705472 -0.705294
    outer loop
      vertex 41.8 -65.1889 0
      vertex 41.8 -65.2484 0.059515
      vertex 41.7353 -65.1953 0
    endloop
  endfacet
  facet normal 0.491481 -0.26292 -0.830252
    outer loop
      vertex 41.0088 -65.6713 0.059515
      vertex 41.1467 -65.9294 0.222881
      vertex 40.9208 -65.8358 0.059515
    endloop
  endfacet
  facet normal 0.449778 -0.54825 -0.705069
    outer loop
      vertex 41.1271 -65.5271 0.059515
      vertex 41.188 -65.4006 0
      vertex 41.2713 -65.4088 0.059515
    endloop
  endfacet
  facet normal 0.449181 -0.548171 -0.705511
    outer loop
      vertex 41.188 -65.4006 0
      vertex 41.1271 -65.5271 0.059515
      vertex 41.085 -65.485 0
    endloop
  endfacet
  facet normal -0.0373821 0.382379 -0.923249
    outer loop
      vertex 41.8 -66.6354 0.33541
      vertex 41.8849 -66.6271 0.33541
      vertex 41.8 -66.9071 0.222881
    endloop
  endfacet
  facet normal 0.33878 0.181311 -0.92323
    outer loop
      vertex 41.438 -66.4419 0.33541
      vertex 41.2121 -66.5928 0.222881
      vertex 41.1467 -66.4706 0.222881
    endloop
  endfacet
  facet normal -0.151906 -0.123977 -0.980589
    outer loop
      vertex 42.1079 -65.8921 0.33541
      vertex 41.9222 -66.1183 0.392776
      vertex 41.904 -66.096 0.392776
    endloop
  endfacet
  facet normal -0.0570678 0.187508 -0.980604
    outer loop
      vertex 41.8563 -66.3358 0.392776
      vertex 41.8849 -66.6271 0.33541
      vertex 41.8287 -66.3442 0.392776
    endloop
  endfacet
  facet normal 0.069572 0.705605 -0.705182
    outer loop
      vertex 41.7353 -67.2047 0
      vertex 41.6144 -67.1333 0.059515
      vertex 41.8 -67.1516 0.059515
    endloop
  endfacet
  facet normal 0.0691397 0.705225 -0.705605
    outer loop
      vertex 41.6144 -67.1333 0.059515
      vertex 41.7353 -67.2047 0
      vertex 41.6027 -67.1917 0
    endloop
  endfacet
  facet normal 0.624848 0.334779 -0.705329
    outer loop
      vertex 41.0088 -66.7287 0.059515
      vertex 40.9593 -66.7617 0
      vertex 40.9286 -66.7044 0
    endloop
  endfacet
  facet normal 0.0546959 0.55473 -0.830231
    outer loop
      vertex 41.8 -66.9071 0.222881
      vertex 41.8 -67.1516 0.059515
      vertex 41.6144 -67.1333 0.059515
    endloop
  endfacet
  facet normal 0.367834 0.111431 -0.923191
    outer loop
      vertex 41.3729 -66.285 0.33541
      vertex 41.1467 -66.4706 0.222881
      vertex 41.1065 -66.3379 0.222881
    endloop
  endfacet
  facet normal 0.533463 0.161607 -0.830241
    outer loop
      vertex 41.1065 -66.3379 0.222881
      vertex 41.1467 -66.4706 0.222881
      vertex 40.8667 -66.3856 0.059515
    endloop
  endfacet
  facet normal -0.206248 0.678765 -0.704798
    outer loop
      vertex 42.1642 -67.0792 0.059515
      vertex 42.1869 -67.1341 0
      vertex 42.1247 -67.153 0
    endloop
  endfacet
  facet normal 0.205987 0.677906 -0.7057
    outer loop
      vertex 41.6144 -67.1333 0.059515
      vertex 41.6027 -67.1917 0
      vertex 41.5405 -67.1728 0
    endloop
  endfacet
  facet normal 0.547954 0.449911 -0.705214
    outer loop
      vertex 41.0088 -66.7287 0.059515
      vertex 41.0006 -66.812 0
      vertex 40.9593 -66.7617 0
    endloop
  endfacet
  facet normal -0.354663 0.430264 -0.830113
    outer loop
      vertex 42.3627 -66.8395 0.123787
      vertex 42.3 -66.7 0.222881
      vertex 42.3873 -66.7873 0.140333
    endloop
  endfacet
  facet normal -0.353379 0.43097 -0.830294
    outer loop
      vertex 42.3 -66.7 0.222881
      vertex 42.3627 -66.8395 0.123787
      vertex 42.1928 -66.7879 0.222881
    endloop
  endfacet
  facet normal -0.337945 -0.181891 -0.923422
    outer loop
      vertex 42.2335 -65.9953 0.316487
      vertex 42.2246 -66.0241 0.325417
      vertex 42.2023 -66.0334 0.33541
    endloop
  endfacet
  facet normal -0.161593 -0.533466 -0.830242
    outer loop
      vertex 41.9856 -65.2667 0.059515
      vertex 42.1642 -65.3208 0.059515
      vertex 41.9379 -65.5065 0.222881
    endloop
  endfacet
  facet normal -0.206248 -0.678765 -0.704798
    outer loop
      vertex 42.1869 -65.2659 0
      vertex 42.1642 -65.3208 0.059515
      vertex 42.1247 -65.247 0
    endloop
  endfacet
  facet normal -0.0377106 -0.382374 -0.923238
    outer loop
      vertex 41.8 -65.4929 0.222881
      vertex 41.9379 -65.5065 0.222881
      vertex 41.8 -65.7646 0.33541
    endloop
  endfacet
  facet normal 0.0190466 -0.195055 -0.980607
    outer loop
      vertex 41.8 -65.7646 0.33541
      vertex 41.7713 -66.0558 0.392776
      vertex 41.715 -65.7729 0.33541
    endloop
  endfacet
  facet normal 0.705472 0.0697839 -0.705294
    outer loop
      vertex 40.8484 -66.2 0.059515
      vertex 40.7953 -66.2647 0
      vertex 40.7889 -66.2 0
    endloop
  endfacet
  facet normal 0.705225 0.0691397 -0.705605
    outer loop
      vertex 40.7953 -66.2647 0
      vertex 40.8667 -66.3856 0.059515
      vertex 40.8083 -66.3973 0
    endloop
  endfacet
  facet normal 0.705605 0.069572 -0.705182
    outer loop
      vertex 40.8667 -66.3856 0.059515
      vertex 40.7953 -66.2647 0
      vertex 40.8484 -66.2 0.059515
    endloop
  endfacet
  facet normal 0.705605 -0.069572 -0.705182
    outer loop
      vertex 40.7953 -66.1353 0
      vertex 40.8667 -66.0144 0.059515
      vertex 40.8484 -66.2 0.059515
    endloop
  endfacet
  facet normal 0.705225 -0.0691397 -0.705605
    outer loop
      vertex 40.8667 -66.0144 0.059515
      vertex 40.7953 -66.1353 0
      vertex 40.8083 -66.0027 0
    endloop
  endfacet
  facet normal -0.123977 -0.151906 -0.980589
    outer loop
      vertex 42.1079 -65.8921 0.33541
      vertex 41.904 -66.096 0.392776
      vertex 41.8817 -66.0778 0.392776
    endloop
  endfacet
  facet normal 0.0546954 -0.554725 -0.830234
    outer loop
      vertex 41.8 -65.2484 0.059515
      vertex 41.6621 -65.5065 0.222881
      vertex 41.6144 -65.2667 0.059515
    endloop
  endfacet
  facet normal 0.20593 -0.67792 -0.705703
    outer loop
      vertex 41.6144 -65.2667 0.059515
      vertex 41.4753 -65.247 0
      vertex 41.6027 -65.2083 0
    endloop
  endfacet
  facet normal 0.205571 -0.678651 -0.705106
    outer loop
      vertex 41.4753 -65.247 0
      vertex 41.6144 -65.2667 0.059515
      vertex 41.4358 -65.3208 0.059515
    endloop
  endfacet
  facet normal 0.554745 -0.0546705 -0.830222
    outer loop
      vertex 41.1065 -66.062 0.222881
      vertex 41.0929 -66.2 0.222881
      vertex 40.8667 -66.0144 0.059515
    endloop
  endfacet
  facet normal 0.382455 -0.0376912 -0.923205
    outer loop
      vertex 41.1065 -66.062 0.222881
      vertex 41.3729 -66.1151 0.33541
      vertex 41.0929 -66.2 0.222881
    endloop
  endfacet
  facet normal 0.15161 0.124275 -0.980597
    outer loop
      vertex 41.696 -66.304 0.392776
      vertex 41.4921 -66.5079 0.33541
      vertex 41.438 -66.4419 0.33541
    endloop
  endfacet
  facet normal -0.151579 -0.124249 -0.980605
    outer loop
      vertex 42.1079 -65.8921 0.33541
      vertex 42.162 -65.9581 0.33541
      vertex 41.9222 -66.1183 0.392776
    endloop
  endfacet
  facet normal 0.181312 -0.338779 -0.923231
    outer loop
      vertex 41.6334 -65.7977 0.33541
      vertex 41.5581 -65.838 0.33541
      vertex 41.4072 -65.6121 0.222881
    endloop
  endfacet
  facet normal 0.0190297 -0.195054 -0.980608
    outer loop
      vertex 41.8 -65.7646 0.33541
      vertex 41.8 -66.053 0.392776
      vertex 41.7713 -66.0558 0.392776
    endloop
  endfacet
  facet normal 0.333736 -0.626028 -0.704776
    outer loop
      vertex 41.4131 -65.2659 0
      vertex 41.4358 -65.3208 0.059515
      vertex 41.3557 -65.2965 0
    endloop
  endfacet
  facet normal 0.206248 -0.678765 -0.704798
    outer loop
      vertex 41.4753 -65.247 0
      vertex 41.4358 -65.3208 0.059515
      vertex 41.4131 -65.2659 0
    endloop
  endfacet
  facet normal 0.123977 -0.151906 -0.980589
    outer loop
      vertex 41.7183 -66.0778 0.392776
      vertex 41.696 -66.096 0.392776
      vertex 41.4921 -65.8921 0.33541
    endloop
  endfacet
  facet normal 0.33878 0.181312 -0.92323
    outer loop
      vertex 41.3977 -66.3666 0.33541
      vertex 41.438 -66.4419 0.33541
      vertex 41.1467 -66.4706 0.222881
    endloop
  endfacet
  facet normal 0.161607 0.533463 -0.830241
    outer loop
      vertex 41.6621 -66.8935 0.222881
      vertex 41.6144 -67.1333 0.059515
      vertex 41.5294 -66.8533 0.222881
    endloop
  endfacet
  facet normal -0.367914 0.109938 -0.923338
    outer loop
      vertex 42.2223 -66.3647 0.327667
      vertex 42.2246 -66.3759 0.325417
      vertex 42.2023 -66.3666 0.33541
    endloop
  endfacet
  facet normal -0.172781 -0.0925127 -0.980606
    outer loop
      vertex 42.162 -65.9581 0.33541
      vertex 41.9358 -66.1437 0.392776
      vertex 41.9222 -66.1183 0.392776
    endloop
  endfacet
  facet normal -0.0190692 0.195058 -0.980606
    outer loop
      vertex 41.8287 -66.3442 0.392776
      vertex 41.8849 -66.6271 0.33541
      vertex 41.8 -66.6354 0.33541
    endloop
  endfacet
  facet normal -0.0377192 0.382462 -0.923201
    outer loop
      vertex 41.8849 -66.6271 0.33541
      vertex 41.9379 -66.8935 0.222881
      vertex 41.8 -66.9071 0.222881
    endloop
  endfacet
  facet normal -0.0691397 0.705225 -0.705605
    outer loop
      vertex 41.8647 -67.2047 0
      vertex 41.9856 -67.1333 0.059515
      vertex 41.9973 -67.1917 0
    endloop
  endfacet
  facet normal -0.069572 0.705605 -0.705182
    outer loop
      vertex 41.9856 -67.1333 0.059515
      vertex 41.8647 -67.2047 0
      vertex 41.8 -67.1516 0.059515
    endloop
  endfacet
  facet normal 0.187508 -0.0570678 -0.980604
    outer loop
      vertex 41.6642 -66.1437 0.392776
      vertex 41.6558 -66.1713 0.392776
      vertex 41.3729 -66.1151 0.33541
    endloop
  endfacet
  facet normal -0.186893 0.0567601 -0.980739
    outer loop
      vertex 42.2023 -66.3666 0.33541
      vertex 42.2115 -66.2834 0.338472
      vertex 42.2146 -66.3261 0.33541
    endloop
  endfacet
  facet normal -0.187562 0.0568292 -0.980607
    outer loop
      vertex 42.2115 -66.2834 0.338472
      vertex 42.2023 -66.3666 0.33541
      vertex 41.9358 -66.2563 0.392776
    endloop
  endfacet
  facet normal 0.678785 0.206193 -0.704795
    outer loop
      vertex 40.8272 -66.4595 0
      vertex 40.9208 -66.5642 0.059515
      vertex 40.8659 -66.5869 0
    endloop
  endfacet
  facet normal 0.678377 0.205488 -0.705393
    outer loop
      vertex 40.9208 -66.5642 0.059515
      vertex 40.8272 -66.4595 0
      vertex 40.8667 -66.3856 0.059515
    endloop
  endfacet
  facet normal 0.0377204 0.382473 -0.923196
    outer loop
      vertex 41.715 -66.6271 0.33541
      vertex 41.8 -66.9071 0.222881
      vertex 41.6621 -66.8935 0.222881
    endloop
  endfacet
  facet normal 0.0373382 0.382379 -0.923251
    outer loop
      vertex 41.8 -66.6354 0.33541
      vertex 41.8 -66.9071 0.222881
      vertex 41.715 -66.6271 0.33541
    endloop
  endfacet
  facet normal 0.054708 0.554723 -0.830235
    outer loop
      vertex 41.6621 -66.8935 0.222881
      vertex 41.8 -66.9071 0.222881
      vertex 41.6144 -67.1333 0.059515
    endloop
  endfacet
  facet normal 0.333994 0.625906 -0.704762
    outer loop
      vertex 41.2956 -67.0714 0
      vertex 41.4358 -67.0792 0.059515
      vertex 41.4131 -67.1341 0
    endloop
  endfacet
  facet normal 0.334273 0.624862 -0.705555
    outer loop
      vertex 41.4358 -67.0792 0.059515
      vertex 41.2956 -67.0714 0
      vertex 41.2713 -66.9912 0.059515
    endloop
  endfacet
  facet normal -0.548398 -0.448921 -0.7055
    outer loop
      vertex 42.5344 -65.5332 0.0155915
      vertex 42.4905 -65.5486 0.059515
      vertex 42.4729 -65.5271 0.059515
    endloop
  endfacet
  facet normal -0.367991 0.11176 -0.923088
    outer loop
      vertex 42.2146 -66.3261 0.33541
      vertex 42.2223 -66.3647 0.327667
      vertex 42.2023 -66.3666 0.33541
    endloop
  endfacet
  facet normal -0.334375 -0.625089 -0.705306
    outer loop
      vertex 42.3287 -65.4088 0.059515
      vertex 42.2443 -65.2965 0
      vertex 42.3617 -65.3593 0
    endloop
  endfacet
  facet normal -0.334399 -0.625097 -0.705288
    outer loop
      vertex 42.2443 -65.2965 0
      vertex 42.3287 -65.4088 0.059515
      vertex 42.1642 -65.3208 0.059515
    endloop
  endfacet
  facet normal -0.243654 -0.297152 -0.923219
    outer loop
      vertex 42.1928 -65.6121 0.222881
      vertex 42.3 -65.7 0.222881
      vertex 42.1079 -65.8921 0.33541
    endloop
  endfacet
  facet normal -0.0697839 -0.705472 -0.705294
    outer loop
      vertex 41.8 -65.1889 0
      vertex 41.8647 -65.1953 0
      vertex 41.8 -65.2484 0.059515
    endloop
  endfacet
  facet normal -0.161605 -0.533456 -0.830246
    outer loop
      vertex 42.1642 -65.3208 0.059515
      vertex 42.0706 -65.5467 0.222881
      vertex 41.9379 -65.5065 0.222881
    endloop
  endfacet
  facet normal -0.0546954 -0.554725 -0.830234
    outer loop
      vertex 41.9856 -65.2667 0.059515
      vertex 41.9379 -65.5065 0.222881
      vertex 41.8 -65.2484 0.059515
    endloop
  endfacet
  facet normal -0.0925127 -0.172781 -0.980606
    outer loop
      vertex 42.0419 -65.838 0.33541
      vertex 41.8817 -66.0778 0.392776
      vertex 41.8563 -66.0642 0.392776
    endloop
  endfacet
  facet normal -0.151906 0.123977 -0.980589
    outer loop
      vertex 41.9222 -66.2817 0.392776
      vertex 42.1079 -66.5079 0.33541
      vertex 41.904 -66.304 0.392776
    endloop
  endfacet
  facet normal 0.161593 -0.533466 -0.830242
    outer loop
      vertex 41.6144 -65.2667 0.059515
      vertex 41.6621 -65.5065 0.222881
      vertex 41.4358 -65.3208 0.059515
    endloop
  endfacet
  facet normal 0.263013 -0.49144 -0.830248
    outer loop
      vertex 41.4358 -65.3208 0.059515
      vertex 41.5294 -65.5467 0.222881
      vertex 41.4072 -65.6121 0.222881
    endloop
  endfacet
  facet normal 0.037354 -0.382541 -0.923183
    outer loop
      vertex 41.8 -65.7646 0.33541
      vertex 41.715 -65.7729 0.33541
      vertex 41.6621 -65.5065 0.222881
    endloop
  endfacet
  facet normal 0.0547086 -0.55473 -0.83023
    outer loop
      vertex 41.8 -65.2484 0.059515
      vertex 41.8 -65.4929 0.222881
      vertex 41.6621 -65.5065 0.222881
    endloop
  endfacet
  facet normal -0.172805 -0.0924837 -0.980605
    outer loop
      vertex 42.162 -65.9581 0.33541
      vertex 42.2023 -66.0334 0.33541
      vertex 41.9358 -66.1437 0.392776
    endloop
  endfacet
  facet normal -0.338653 -0.181245 -0.92329
    outer loop
      vertex 42.162 -65.9581 0.33541
      vertex 42.2335 -65.9953 0.316487
      vertex 42.2023 -66.0334 0.33541
    endloop
  endfacet
  facet normal -0.338674 -0.181292 -0.923273
    outer loop
      vertex 42.2335 -65.9953 0.316487
      vertex 42.162 -65.9581 0.33541
      vertex 42.2667 -65.8881 0.283259
    endloop
  endfacet
  facet normal -0.296767 -0.243709 -0.923328
    outer loop
      vertex 42.2862 -65.838 0.263741
      vertex 42.3 -65.7 0.222881
      vertex 42.3271 -65.733 0.222881
    endloop
  endfacet
  facet normal -0.29717 -0.243636 -0.923218
    outer loop
      vertex 42.3 -65.7 0.222881
      vertex 42.2862 -65.838 0.263741
      vertex 42.1079 -65.8921 0.33541
    endloop
  endfacet
  facet normal -0.353497 -0.43089 -0.830285
    outer loop
      vertex 42.3287 -65.4088 0.059515
      vertex 42.4729 -65.5271 0.059515
      vertex 42.1928 -65.6121 0.222881
    endloop
  endfacet
  facet normal -0.0190297 0.195054 -0.980608
    outer loop
      vertex 41.8 -66.347 0.392776
      vertex 41.8287 -66.3442 0.392776
      vertex 41.8 -66.6354 0.33541
    endloop
  endfacet
  facet normal -0.124275 0.15161 -0.980597
    outer loop
      vertex 42.1079 -66.5079 0.33541
      vertex 42.0419 -66.562 0.33541
      vertex 41.904 -66.304 0.392776
    endloop
  endfacet
  facet normal 0.243593 -0.297175 -0.923228
    outer loop
      vertex 41.5581 -65.838 0.33541
      vertex 41.4921 -65.8921 0.33541
      vertex 41.4072 -65.6121 0.222881
    endloop
  endfacet
  facet normal 0.124372 0.151557 -0.980593
    outer loop
      vertex 41.696 -66.304 0.392776
      vertex 41.7183 -66.3223 0.392776
      vertex 41.5581 -66.562 0.33541
    endloop
  endfacet
  facet normal -0.0924837 0.172805 -0.980605
    outer loop
      vertex 42.0419 -66.562 0.33541
      vertex 41.9666 -66.6023 0.33541
      vertex 41.8563 -66.3358 0.392776
    endloop
  endfacet
  facet normal 0.0570622 -0.18749 -0.980608
    outer loop
      vertex 41.7713 -66.0558 0.392776
      vertex 41.7437 -66.0642 0.392776
      vertex 41.715 -65.7729 0.33541
    endloop
  endfacet
  facet normal 0.430933 0.353533 -0.830248
    outer loop
      vertex 41.3 -66.7 0.222881
      vertex 41.1271 -66.8729 0.059515
      vertex 41.0088 -66.7287 0.059515
    endloop
  endfacet
  facet normal 0.0190466 0.195055 -0.980607
    outer loop
      vertex 41.7713 -66.3442 0.392776
      vertex 41.8 -66.6354 0.33541
      vertex 41.715 -66.6271 0.33541
    endloop
  endfacet
  facet normal 0.0570622 0.18749 -0.980608
    outer loop
      vertex 41.7437 -66.3358 0.392776
      vertex 41.7713 -66.3442 0.392776
      vertex 41.715 -66.6271 0.33541
    endloop
  endfacet
  facet normal 0.195058 -0.0190692 -0.980606
    outer loop
      vertex 41.3729 -66.1151 0.33541
      vertex 41.6558 -66.1713 0.392776
      vertex 41.3646 -66.2 0.33541
    endloop
  endfacet
  facet normal -0.297025 0.244037 -0.923159
    outer loop
      vertex 42.1079 -66.5079 0.33541
      vertex 42.2667 -66.5119 0.283259
      vertex 42.2862 -66.562 0.263741
    endloop
  endfacet
  facet normal -0.297078 0.243514 -0.92328
    outer loop
      vertex 42.2667 -66.5119 0.283259
      vertex 42.1079 -66.5079 0.33541
      vertex 42.162 -66.4419 0.33541
    endloop
  endfacet
  facet normal -0.17279 0.0925177 -0.980604
    outer loop
      vertex 41.9358 -66.2563 0.392776
      vertex 42.2023 -66.3666 0.33541
      vertex 41.9222 -66.2817 0.392776
    endloop
  endfacet
  facet normal -0.195044 0.0162604 -0.98066
    outer loop
      vertex 42.2095 -66.2026 0.340524
      vertex 41.947 -66.2 0.392776
      vertex 42.2094 -66.2 0.340587
    endloop
  endfacet
  facet normal -0.195009 0.0190252 -0.980617
    outer loop
      vertex 41.947 -66.2 0.392776
      vertex 42.2095 -66.2026 0.340524
      vertex 41.9442 -66.2287 0.392776
    endloop
  endfacet
  facet normal -0.338674 0.181292 -0.923273
    outer loop
      vertex 42.162 -66.4419 0.33541
      vertex 42.2335 -66.4047 0.316487
      vertex 42.2667 -66.5119 0.283259
    endloop
  endfacet
  facet normal -0.338653 0.181245 -0.92329
    outer loop
      vertex 42.2335 -66.4047 0.316487
      vertex 42.162 -66.4419 0.33541
      vertex 42.2023 -66.3666 0.33541
    endloop
  endfacet
  facet normal -0.195035 0.0193163 -0.980606
    outer loop
      vertex 42.2095 -66.2026 0.340524
      vertex 42.2114 -66.2818 0.338586
      vertex 41.9442 -66.2287 0.392776
    endloop
  endfacet
  facet normal 0.491393 0.262988 -0.830284
    outer loop
      vertex 41.1467 -66.4706 0.222881
      vertex 41.2121 -66.5928 0.222881
      vertex 41.0088 -66.7287 0.059515
    endloop
  endfacet
  facet normal 0.624862 0.334273 -0.705555
    outer loop
      vertex 40.9286 -66.7044 0
      vertex 40.9208 -66.5642 0.059515
      vertex 41.0088 -66.7287 0.059515
    endloop
  endfacet
  facet normal 0.625906 0.333994 -0.704762
    outer loop
      vertex 40.9208 -66.5642 0.059515
      vertex 40.9286 -66.7044 0
      vertex 40.8659 -66.5869 0
    endloop
  endfacet
  facet normal 0.0920369 0.173166 -0.980583
    outer loop
      vertex 41.7183 -66.3223 0.392776
      vertex 41.7437 -66.3358 0.392776
      vertex 41.5581 -66.562 0.33541
    endloop
  endfacet
  facet normal 0.0569848 0.187498 -0.980611
    outer loop
      vertex 41.7437 -66.3358 0.392776
      vertex 41.715 -66.6271 0.33541
      vertex 41.6334 -66.6023 0.33541
    endloop
  endfacet
  facet normal 0.0924837 0.172805 -0.980605
    outer loop
      vertex 41.7437 -66.3358 0.392776
      vertex 41.6334 -66.6023 0.33541
      vertex 41.5581 -66.562 0.33541
    endloop
  endfacet
  facet normal 0.0697839 0.705472 -0.705294
    outer loop
      vertex 41.8 -67.1516 0.059515
      vertex 41.8 -67.2111 0
      vertex 41.7353 -67.2047 0
    endloop
  endfacet
  facet normal -0.0190692 -0.195058 -0.980606
    outer loop
      vertex 41.8849 -65.7729 0.33541
      vertex 41.8287 -66.0558 0.392776
      vertex 41.8 -65.7646 0.33541
    endloop
  endfacet
  facet normal 0.151813 -0.123901 -0.980613
    outer loop
      vertex 41.696 -66.096 0.392776
      vertex 41.6778 -66.1183 0.392776
      vertex 41.438 -65.9581 0.33541
    endloop
  endfacet
  facet normal -0.205571 -0.678651 -0.705106
    outer loop
      vertex 41.9856 -65.2667 0.059515
      vertex 42.1247 -65.247 0
      vertex 42.1642 -65.3208 0.059515
    endloop
  endfacet
  facet normal -0.20593 -0.67792 -0.705703
    outer loop
      vertex 42.1247 -65.247 0
      vertex 41.9856 -65.2667 0.059515
      vertex 41.9973 -65.2083 0
    endloop
  endfacet
  facet normal -0.0691397 -0.705225 -0.705605
    outer loop
      vertex 41.9856 -65.2667 0.059515
      vertex 41.8647 -65.1953 0
      vertex 41.9973 -65.2083 0
    endloop
  endfacet
  facet normal -0.069572 -0.705605 -0.705182
    outer loop
      vertex 41.8647 -65.1953 0
      vertex 41.9856 -65.2667 0.059515
      vertex 41.8 -65.2484 0.059515
    endloop
  endfacet
  facet normal -0.449076 -0.548265 -0.705504
    outer loop
      vertex 42.515 -65.485 0
      vertex 42.4729 -65.5271 0.059515
      vertex 42.4647 -65.4438 0
    endloop
  endfacet
  facet normal -0.547572 -0.44883 -0.706198
    outer loop
      vertex 42.5344 -65.5332 0.0155915
      vertex 42.515 -65.485 0
      vertex 42.55 -65.5277 0
    endloop
  endfacet
  facet normal -0.548395 -0.448933 -0.705494
    outer loop
      vertex 42.515 -65.485 0
      vertex 42.5344 -65.5332 0.0155915
      vertex 42.4729 -65.5271 0.059515
    endloop
  endfacet
  facet normal -0.431214 -0.352994 -0.830331
    outer loop
      vertex 42.4729 -65.5271 0.059515
      vertex 42.4905 -65.5486 0.059515
      vertex 42.4538 -65.59 0.0961745
    endloop
  endfacet
  facet normal 0.624848 -0.334779 -0.705329
    outer loop
      vertex 40.9593 -65.6383 0
      vertex 41.0088 -65.6713 0.059515
      vertex 40.9286 -65.6956 0
    endloop
  endfacet
  facet normal 0.624862 -0.334273 -0.705555
    outer loop
      vertex 40.9208 -65.8358 0.059515
      vertex 40.9286 -65.6956 0
      vertex 41.0088 -65.6713 0.059515
    endloop
  endfacet
  facet normal 0.625906 -0.333994 -0.704762
    outer loop
      vertex 40.9286 -65.6956 0
      vertex 40.9208 -65.8358 0.059515
      vertex 40.8659 -65.8131 0
    endloop
  endfacet
  facet normal 0.678765 -0.206248 -0.704798
    outer loop
      vertex 40.8659 -65.8131 0
      vertex 40.9208 -65.8358 0.059515
      vertex 40.847 -65.8753 0
    endloop
  endfacet
  facet normal 0.262901 -0.491446 -0.830279
    outer loop
      vertex 41.4358 -65.3208 0.059515
      vertex 41.4072 -65.6121 0.222881
      vertex 41.2713 -65.4088 0.059515
    endloop
  endfacet
  facet normal 0.548127 -0.449677 -0.705228
    outer loop
      vertex 41.0088 -65.6713 0.059515
      vertex 41.0438 -65.5353 0
      vertex 41.1271 -65.5271 0.059515
    endloop
  endfacet
  facet normal 0.548127 -0.449677 -0.705228
    outer loop
      vertex 41.0438 -65.5353 0
      vertex 41.0088 -65.6713 0.059515
      vertex 40.9593 -65.6383 0
    endloop
  endfacet
  facet normal 0.195054 -0.0190297 -0.980608
    outer loop
      vertex 41.6558 -66.1713 0.392776
      vertex 41.653 -66.2 0.392776
      vertex 41.3646 -66.2 0.33541
    endloop
  endfacet
  facet normal 0.18749 0.0570622 -0.980608
    outer loop
      vertex 41.6558 -66.2287 0.392776
      vertex 41.6642 -66.2563 0.392776
      vertex 41.3729 -66.285 0.33541
    endloop
  endfacet
  facet normal 0.187524 -0.0569227 -0.980609
    outer loop
      vertex 41.3977 -66.0334 0.33541
      vertex 41.6642 -66.1437 0.392776
      vertex 41.3729 -66.1151 0.33541
    endloop
  endfacet
  facet normal 0.151813 0.123901 -0.980613
    outer loop
      vertex 41.6778 -66.2817 0.392776
      vertex 41.696 -66.304 0.392776
      vertex 41.438 -66.4419 0.33541
    endloop
  endfacet
  facet normal 0.0925177 -0.17279 -0.980604
    outer loop
      vertex 41.7437 -66.0642 0.392776
      vertex 41.7183 -66.0778 0.392776
      vertex 41.6334 -65.7977 0.33541
    endloop
  endfacet
  facet normal 0.187498 0.0569848 -0.980611
    outer loop
      vertex 41.6642 -66.2563 0.392776
      vertex 41.3977 -66.3666 0.33541
      vertex 41.3729 -66.285 0.33541
    endloop
  endfacet
  facet normal 0.181311 -0.33878 -0.92323
    outer loop
      vertex 41.5294 -65.5467 0.222881
      vertex 41.6334 -65.7977 0.33541
      vertex 41.4072 -65.6121 0.222881
    endloop
  endfacet
  facet normal 0.111404 -0.367745 -0.923229
    outer loop
      vertex 41.6621 -65.5065 0.222881
      vertex 41.6334 -65.7977 0.33541
      vertex 41.5294 -65.5467 0.222881
    endloop
  endfacet
  facet normal -0.297078 -0.243514 -0.92328
    outer loop
      vertex 42.1079 -65.8921 0.33541
      vertex 42.2667 -65.8881 0.283259
      vertex 42.162 -65.9581 0.33541
    endloop
  endfacet
  facet normal -0.297025 -0.244037 -0.923159
    outer loop
      vertex 42.2667 -65.8881 0.283259
      vertex 42.1079 -65.8921 0.33541
      vertex 42.2862 -65.838 0.263741
    endloop
  endfacet
  facet normal -0.181312 -0.338779 -0.923231
    outer loop
      vertex 42.1928 -65.6121 0.222881
      vertex 42.0419 -65.838 0.33541
      vertex 41.9666 -65.7977 0.33541
    endloop
  endfacet
  facet normal -0.111632 -0.367755 -0.923198
    outer loop
      vertex 41.9379 -65.5065 0.222881
      vertex 41.9666 -65.7977 0.33541
      vertex 41.8849 -65.7729 0.33541
    endloop
  endfacet
  facet normal -0.430858 -0.353826 -0.830162
    outer loop
      vertex 42.3 -65.7 0.222881
      vertex 42.4538 -65.59 0.0961745
      vertex 42.3271 -65.733 0.222881
    endloop
  endfacet
  facet normal -0.43163 -0.352792 -0.830201
    outer loop
      vertex 42.4538 -65.59 0.0961745
      vertex 42.3 -65.7 0.222881
      vertex 42.4729 -65.5271 0.059515
    endloop
  endfacet
  facet normal -0.353429 -0.431031 -0.830241
    outer loop
      vertex 42.4729 -65.5271 0.059515
      vertex 42.3 -65.7 0.222881
      vertex 42.1928 -65.6121 0.222881
    endloop
  endfacet
  facet normal 0.172805 0.0924837 -0.980605
    outer loop
      vertex 41.6642 -66.2563 0.392776
      vertex 41.438 -66.4419 0.33541
      vertex 41.3977 -66.3666 0.33541
    endloop
  endfacet
  facet normal -0.124372 0.151557 -0.980593
    outer loop
      vertex 41.904 -66.304 0.392776
      vertex 42.0419 -66.562 0.33541
      vertex 41.8817 -66.3223 0.392776
    endloop
  endfacet
  facet normal 0.092482 -0.172801 -0.980605
    outer loop
      vertex 41.6334 -65.7977 0.33541
      vertex 41.7183 -66.0778 0.392776
      vertex 41.5581 -65.838 0.33541
    endloop
  endfacet
  facet normal 0.0190297 0.195054 -0.980608
    outer loop
      vertex 41.8 -66.347 0.392776
      vertex 41.8 -66.6354 0.33541
      vertex 41.7713 -66.3442 0.392776
    endloop
  endfacet
  facet normal 0.172781 0.0925127 -0.980606
    outer loop
      vertex 41.6642 -66.2563 0.392776
      vertex 41.6778 -66.2817 0.392776
      vertex 41.438 -66.4419 0.33541
    endloop
  endfacet
  facet normal -0.0569227 0.187524 -0.980609
    outer loop
      vertex 41.9666 -66.6023 0.33541
      vertex 41.8849 -66.6271 0.33541
      vertex 41.8563 -66.3358 0.392776
    endloop
  endfacet
  facet normal -0.111605 0.367666 -0.923237
    outer loop
      vertex 41.9666 -66.6023 0.33541
      vertex 42.0706 -66.8533 0.222881
      vertex 41.8849 -66.6271 0.33541
    endloop
  endfacet
  facet normal -0.161605 0.533456 -0.830246
    outer loop
      vertex 42.0706 -66.8533 0.222881
      vertex 42.1642 -67.0792 0.059515
      vertex 41.9379 -66.8935 0.222881
    endloop
  endfacet
  facet normal -0.054708 0.554723 -0.830235
    outer loop
      vertex 41.9379 -66.8935 0.222881
      vertex 41.9856 -67.1333 0.059515
      vertex 41.8 -66.9071 0.222881
    endloop
  endfacet
  facet normal -0.24361 0.297195 -0.923217
    outer loop
      vertex 42.1079 -66.5079 0.33541
      vertex 42.3 -66.7 0.222881
      vertex 42.0419 -66.562 0.33541
    endloop
  endfacet
  facet normal -0.187422 0.0581508 -0.980557
    outer loop
      vertex 41.9358 -66.2563 0.392776
      vertex 42.2114 -66.2818 0.338586
      vertex 42.2115 -66.2834 0.338472
    endloop
  endfacet
  facet normal -0.18753 0.0570744 -0.980599
    outer loop
      vertex 42.2114 -66.2818 0.338586
      vertex 41.9358 -66.2563 0.392776
      vertex 41.9442 -66.2287 0.392776
    endloop
  endfacet
  facet normal -0.195035 -0.0193163 -0.980606
    outer loop
      vertex 42.2114 -66.1182 0.338586
      vertex 42.2095 -66.1974 0.340524
      vertex 41.9442 -66.1713 0.392776
    endloop
  endfacet
  facet normal -0.195044 -0.0162604 -0.98066
    outer loop
      vertex 41.947 -66.2 0.392776
      vertex 42.2095 -66.1974 0.340524
      vertex 42.2094 -66.2 0.340587
    endloop
  endfacet
  facet normal -0.195009 -0.0190252 -0.980617
    outer loop
      vertex 42.2095 -66.1974 0.340524
      vertex 41.947 -66.2 0.392776
      vertex 41.9442 -66.1713 0.392776
    endloop
  endfacet
  facet normal 0.491481 0.26292 -0.830252
    outer loop
      vertex 41.1467 -66.4706 0.222881
      vertex 41.0088 -66.7287 0.059515
      vertex 40.9208 -66.5642 0.059515
    endloop
  endfacet
  facet normal 0.533461 0.161592 -0.830245
    outer loop
      vertex 41.1467 -66.4706 0.222881
      vertex 40.9208 -66.5642 0.059515
      vertex 40.8667 -66.3856 0.059515
    endloop
  endfacet
  facet normal 0.548171 0.449181 -0.705511
    outer loop
      vertex 41.0006 -66.812 0
      vertex 41.1271 -66.8729 0.059515
      vertex 41.085 -66.915 0
    endloop
  endfacet
  facet normal 0.54825 0.449778 -0.705069
    outer loop
      vertex 41.1271 -66.8729 0.059515
      vertex 41.0006 -66.812 0
      vertex 41.0088 -66.7287 0.059515
    endloop
  endfacet
  facet normal 0.449911 0.547954 -0.705214
    outer loop
      vertex 41.2713 -66.9912 0.059515
      vertex 41.2383 -67.0407 0
      vertex 41.188 -66.9994 0
    endloop
  endfacet
  facet normal 0.172805 -0.0924837 -0.980605
    outer loop
      vertex 41.438 -65.9581 0.33541
      vertex 41.6642 -66.1437 0.392776
      vertex 41.3977 -66.0334 0.33541
    endloop
  endfacet
  facet normal -0.0569227 -0.187524 -0.980609
    outer loop
      vertex 41.8849 -65.7729 0.33541
      vertex 41.9666 -65.7977 0.33541
      vertex 41.8563 -66.0642 0.392776
    endloop
  endfacet
  facet normal -0.0924837 -0.172805 -0.980605
    outer loop
      vertex 41.9666 -65.7977 0.33541
      vertex 42.0419 -65.838 0.33541
      vertex 41.8563 -66.0642 0.392776
    endloop
  endfacet
  facet normal 0.33878 -0.181311 -0.92323
    outer loop
      vertex 41.2121 -65.8072 0.222881
      vertex 41.438 -65.9581 0.33541
      vertex 41.1467 -65.9294 0.222881
    endloop
  endfacet
  facet normal 0.491393 -0.262988 -0.830284
    outer loop
      vertex 41.2121 -65.8072 0.222881
      vertex 41.1467 -65.9294 0.222881
      vertex 41.0088 -65.6713 0.059515
    endloop
  endfacet
  facet normal 0.297195 -0.24361 -0.923217
    outer loop
      vertex 41.4921 -65.8921 0.33541
      vertex 41.438 -65.9581 0.33541
      vertex 41.3 -65.7 0.222881
    endloop
  endfacet
  facet normal 0.243654 -0.297152 -0.923219
    outer loop
      vertex 41.4072 -65.6121 0.222881
      vertex 41.4921 -65.8921 0.33541
      vertex 41.3 -65.7 0.222881
    endloop
  endfacet
  facet normal 0.353533 -0.430933 -0.830248
    outer loop
      vertex 41.2713 -65.4088 0.059515
      vertex 41.3 -65.7 0.222881
      vertex 41.1271 -65.5271 0.059515
    endloop
  endfacet
  facet normal 0.353382 -0.430973 -0.830291
    outer loop
      vertex 41.4072 -65.6121 0.222881
      vertex 41.3 -65.7 0.222881
      vertex 41.2713 -65.4088 0.059515
    endloop
  endfacet
  facet normal 0.449911 -0.547954 -0.705214
    outer loop
      vertex 41.2383 -65.3593 0
      vertex 41.2713 -65.4088 0.059515
      vertex 41.188 -65.4006 0
    endloop
  endfacet
  facet normal 0.172781 -0.0925127 -0.980606
    outer loop
      vertex 41.6778 -66.1183 0.392776
      vertex 41.6642 -66.1437 0.392776
      vertex 41.438 -65.9581 0.33541
    endloop
  endfacet
  facet normal 0 0 -1
    outer loop
      vertex 41.9442 -66.2287 0.392776
      vertex 41.9442 -66.1713 0.392776
      vertex 41.947 -66.2 0.392776
    endloop
  endfacet
  facet normal 0 0 -1
    outer loop
      vertex 41.9358 -66.2563 0.392776
      vertex 41.9442 -66.1713 0.392776
      vertex 41.9442 -66.2287 0.392776
    endloop
  endfacet
  facet normal 0 0 -1
    outer loop
      vertex 41.9358 -66.2563 0.392776
      vertex 41.9358 -66.1437 0.392776
      vertex 41.9442 -66.1713 0.392776
    endloop
  endfacet
  facet normal 0 0 -1
    outer loop
      vertex 41.9222 -66.2817 0.392776
      vertex 41.9358 -66.1437 0.392776
      vertex 41.9358 -66.2563 0.392776
    endloop
  endfacet
  facet normal 0 0 -1
    outer loop
      vertex 41.9222 -66.2817 0.392776
      vertex 41.9222 -66.1183 0.392776
      vertex 41.9358 -66.1437 0.392776
    endloop
  endfacet
  facet normal 0 0 -1
    outer loop
      vertex 41.904 -66.304 0.392776
      vertex 41.9222 -66.1183 0.392776
      vertex 41.9222 -66.2817 0.392776
    endloop
  endfacet
  facet normal 0 0 -1
    outer loop
      vertex 41.904 -66.304 0.392776
      vertex 41.904 -66.096 0.392776
      vertex 41.9222 -66.1183 0.392776
    endloop
  endfacet
  facet normal 0 0 -1
    outer loop
      vertex 41.8817 -66.3223 0.392776
      vertex 41.904 -66.096 0.392776
      vertex 41.904 -66.304 0.392776
    endloop
  endfacet
  facet normal 0 0 -1
    outer loop
      vertex 41.8817 -66.3223 0.392776
      vertex 41.8817 -66.0778 0.392776
      vertex 41.904 -66.096 0.392776
    endloop
  endfacet
  facet normal 0 0 -1
    outer loop
      vertex 41.8563 -66.3358 0.392776
      vertex 41.8817 -66.0778 0.392776
      vertex 41.8817 -66.3223 0.392776
    endloop
  endfacet
  facet normal 0 0 -1
    outer loop
      vertex 41.8563 -66.3358 0.392776
      vertex 41.8563 -66.0642 0.392776
      vertex 41.8817 -66.0778 0.392776
    endloop
  endfacet
  facet normal 0 0 -1
    outer loop
      vertex 41.8287 -66.3442 0.392776
      vertex 41.8563 -66.0642 0.392776
      vertex 41.8563 -66.3358 0.392776
    endloop
  endfacet
  facet normal 0 0 -1
    outer loop
      vertex 41.8287 -66.3442 0.392776
      vertex 41.8287 -66.0558 0.392776
      vertex 41.8563 -66.0642 0.392776
    endloop
  endfacet
  facet normal 0 0 -1
    outer loop
      vertex 41.8 -66.347 0.392776
      vertex 41.8287 -66.0558 0.392776
      vertex 41.8287 -66.3442 0.392776
    endloop
  endfacet
  facet normal 0 0 -1
    outer loop
      vertex 41.8 -66.347 0.392776
      vertex 41.8 -66.053 0.392776
      vertex 41.8287 -66.0558 0.392776
    endloop
  endfacet
  facet normal 0 0 -1
    outer loop
      vertex 41.7713 -66.3442 0.392776
      vertex 41.8 -66.053 0.392776
      vertex 41.8 -66.347 0.392776
    endloop
  endfacet
  facet normal 0 0 -1
    outer loop
      vertex 41.7713 -66.3442 0.392776
      vertex 41.7713 -66.0558 0.392776
      vertex 41.8 -66.053 0.392776
    endloop
  endfacet
  facet normal 0 0 -1
    outer loop
      vertex 41.7437 -66.3358 0.392776
      vertex 41.7713 -66.0558 0.392776
      vertex 41.7713 -66.3442 0.392776
    endloop
  endfacet
  facet normal 0 0 -1
    outer loop
      vertex 41.7437 -66.3358 0.392776
      vertex 41.7437 -66.0642 0.392776
      vertex 41.7713 -66.0558 0.392776
    endloop
  endfacet
  facet normal 0 0 -1
    outer loop
      vertex 41.7183 -66.3223 0.392776
      vertex 41.7437 -66.0642 0.392776
      vertex 41.7437 -66.3358 0.392776
    endloop
  endfacet
  facet normal 0 0 -1
    outer loop
      vertex 41.7183 -66.3223 0.392776
      vertex 41.7183 -66.0778 0.392776
      vertex 41.7437 -66.0642 0.392776
    endloop
  endfacet
  facet normal 0 0 -1
    outer loop
      vertex 41.696 -66.304 0.392776
      vertex 41.7183 -66.0778 0.392776
      vertex 41.7183 -66.3223 0.392776
    endloop
  endfacet
  facet normal 0 0 -1
    outer loop
      vertex 41.696 -66.304 0.392776
      vertex 41.696 -66.096 0.392776
      vertex 41.7183 -66.0778 0.392776
    endloop
  endfacet
  facet normal 0 0 -1
    outer loop
      vertex 41.6778 -66.2817 0.392776
      vertex 41.696 -66.096 0.392776
      vertex 41.696 -66.304 0.392776
    endloop
  endfacet
  facet normal 0 0 -1
    outer loop
      vertex 41.6778 -66.2817 0.392776
      vertex 41.6778 -66.1183 0.392776
      vertex 41.696 -66.096 0.392776
    endloop
  endfacet
  facet normal 0 0 -1
    outer loop
      vertex 41.6642 -66.2563 0.392776
      vertex 41.6778 -66.1183 0.392776
      vertex 41.6778 -66.2817 0.392776
    endloop
  endfacet
  facet normal 0 0 -1
    outer loop
      vertex 41.6642 -66.2563 0.392776
      vertex 41.6642 -66.1437 0.392776
      vertex 41.6778 -66.1183 0.392776
    endloop
  endfacet
  facet normal 0 0 -1
    outer loop
      vertex 41.6558 -66.2287 0.392776
      vertex 41.6642 -66.1437 0.392776
      vertex 41.6642 -66.2563 0.392776
    endloop
  endfacet
  facet normal 0 0 -1
    outer loop
      vertex 41.6558 -66.2287 0.392776
      vertex 41.6558 -66.1713 0.392776
      vertex 41.6642 -66.1437 0.392776
    endloop
  endfacet
  facet normal 0 -0 -1
    outer loop
      vertex 41.6558 -66.1713 0.392776
      vertex 41.6558 -66.2287 0.392776
      vertex 41.653 -66.2 0.392776
    endloop
  endfacet
  facet normal -0.124249 -0.151579 -0.980605
    outer loop
      vertex 42.0419 -65.838 0.33541
      vertex 42.1079 -65.8921 0.33541
      vertex 41.8817 -66.0778 0.392776
    endloop
  endfacet
  facet normal -0.20593 0.67792 -0.705703
    outer loop
      vertex 41.9856 -67.1333 0.059515
      vertex 42.1247 -67.153 0
      vertex 41.9973 -67.1917 0
    endloop
  endfacet
  facet normal -0.205571 0.678651 -0.705106
    outer loop
      vertex 42.1247 -67.153 0
      vertex 41.9856 -67.1333 0.059515
      vertex 42.1642 -67.0792 0.059515
    endloop
  endfacet
  facet normal -0.161593 0.533466 -0.830242
    outer loop
      vertex 42.1642 -67.0792 0.059515
      vertex 41.9856 -67.1333 0.059515
      vertex 41.9379 -66.8935 0.222881
    endloop
  endfacet
  facet normal -0.243644 0.29714 -0.923226
    outer loop
      vertex 42.3 -66.7 0.222881
      vertex 42.1928 -66.7879 0.222881
      vertex 42.0419 -66.562 0.33541
    endloop
  endfacet
  facet normal -0.181311 0.33878 -0.92323
    outer loop
      vertex 42.1928 -66.7879 0.222881
      vertex 42.0706 -66.8533 0.222881
      vertex 42.0419 -66.562 0.33541
    endloop
  endfacet
  facet normal -0.352838 0.431423 -0.830289
    outer loop
      vertex 42.1928 -66.7879 0.222881
      vertex 42.3138 -66.9428 0.0909742
      vertex 42.3055 -66.9566 0.0873308
    endloop
  endfacet
  facet normal -0.35336 0.431009 -0.830282
    outer loop
      vertex 42.3138 -66.9428 0.0909742
      vertex 42.1928 -66.7879 0.222881
      vertex 42.3627 -66.8395 0.123787
    endloop
  endfacet
  facet normal -0.296767 0.243709 -0.923328
    outer loop
      vertex 42.3 -66.7 0.222881
      vertex 42.2862 -66.562 0.263741
      vertex 42.3271 -66.667 0.222881
    endloop
  endfacet
  facet normal -0.29717 0.243636 -0.923218
    outer loop
      vertex 42.2862 -66.562 0.263741
      vertex 42.3 -66.7 0.222881
      vertex 42.1079 -66.5079 0.33541
    endloop
  endfacet
  facet normal -0.430598 0.353612 -0.830388
    outer loop
      vertex 42.3271 -66.667 0.222881
      vertex 42.3618 -66.7061 0.188237
      vertex 42.3 -66.7 0.222881
    endloop
  endfacet
  facet normal 0.334779 0.624848 -0.705329
    outer loop
      vertex 41.2713 -66.9912 0.059515
      vertex 41.2956 -67.0714 0
      vertex 41.2383 -67.0407 0
    endloop
  endfacet
  facet normal 0.297195 0.24361 -0.923217
    outer loop
      vertex 41.438 -66.4419 0.33541
      vertex 41.4921 -66.5079 0.33541
      vertex 41.3 -66.7 0.222881
    endloop
  endfacet
  facet normal 0.449778 0.54825 -0.705069
    outer loop
      vertex 41.188 -66.9994 0
      vertex 41.1271 -66.8729 0.059515
      vertex 41.2713 -66.9912 0.059515
    endloop
  endfacet
  facet normal 0.449181 0.548171 -0.705511
    outer loop
      vertex 41.1271 -66.8729 0.059515
      vertex 41.188 -66.9994 0
      vertex 41.085 -66.915 0
    endloop
  endfacet
  facet normal -0.181311 -0.33878 -0.92323
    outer loop
      vertex 42.0706 -65.5467 0.222881
      vertex 42.1928 -65.6121 0.222881
      vertex 41.9666 -65.7977 0.33541
    endloop
  endfacet
  facet normal -0.111404 -0.367745 -0.923229
    outer loop
      vertex 42.0706 -65.5467 0.222881
      vertex 41.9666 -65.7977 0.33541
      vertex 41.9379 -65.5065 0.222881
    endloop
  endfacet
  facet normal 0.33878 -0.181312 -0.92323
    outer loop
      vertex 41.438 -65.9581 0.33541
      vertex 41.3977 -66.0334 0.33541
      vertex 41.1467 -65.9294 0.222881
    endloop
  endfacet
  facet normal 0.367666 -0.111605 -0.923237
    outer loop
      vertex 41.3977 -66.0334 0.33541
      vertex 41.3729 -66.1151 0.33541
      vertex 41.1467 -65.9294 0.222881
    endloop
  endfacet
  facet normal -0.334971 0.625278 -0.704856
    outer loop
      vertex 42.1642 -67.0792 0.059515
      vertex 42.2129 -67.1111 0.00807262
      vertex 42.2017 -67.1262 0
    endloop
  endfacet
  facet normal -0.334077 0.625867 -0.704757
    outer loop
      vertex 42.1642 -67.0792 0.059515
      vertex 42.2017 -67.1262 0
      vertex 42.1869 -67.1341 0
    endloop
  endfacet
  facet normal -0.334896 0.625349 -0.704829
    outer loop
      vertex 42.2129 -67.1111 0.00807262
      vertex 42.1642 -67.0792 0.059515
      vertex 42.2641 -67.0257 0.059515
    endloop
  endfacet
  facet normal -0.26315 0.491378 -0.830241
    outer loop
      vertex 42.0706 -66.8533 0.222881
      vertex 42.2641 -67.0257 0.059515
      vertex 42.1642 -67.0792 0.059515
    endloop
  endfacet
  facet normal -0.262552 0.491923 -0.830107
    outer loop
      vertex 42.2641 -67.0257 0.059515
      vertex 42.0706 -66.8533 0.222881
      vertex 42.2954 -66.9735 0.080549
    endloop
  endfacet
  facet normal -0.337945 0.181891 -0.923422
    outer loop
      vertex 42.2246 -66.3759 0.325417
      vertex 42.2335 -66.4047 0.316487
      vertex 42.2023 -66.3666 0.33541
    endloop
  endfacet
  facet normal -0.172801 0.092482 -0.980605
    outer loop
      vertex 42.2023 -66.3666 0.33541
      vertex 42.162 -66.4419 0.33541
      vertex 41.9222 -66.2817 0.392776
    endloop
  endfacet
  facet normal -0.151579 0.124249 -0.980605
    outer loop
      vertex 42.162 -66.4419 0.33541
      vertex 42.1079 -66.5079 0.33541
      vertex 41.9222 -66.2817 0.392776
    endloop
  endfacet
  facet normal 0.29714 0.243644 -0.923226
    outer loop
      vertex 41.438 -66.4419 0.33541
      vertex 41.3 -66.7 0.222881
      vertex 41.2121 -66.5928 0.222881
    endloop
  endfacet
  facet normal 0.353382 0.430973 -0.830291
    outer loop
      vertex 41.3 -66.7 0.222881
      vertex 41.4072 -66.7879 0.222881
      vertex 41.2713 -66.9912 0.059515
    endloop
  endfacet
  facet normal 0.205488 0.678377 -0.705393
    outer loop
      vertex 41.5405 -67.1728 0
      vertex 41.4358 -67.0792 0.059515
      vertex 41.6144 -67.1333 0.059515
    endloop
  endfacet
  facet normal 0.206193 0.678785 -0.704795
    outer loop
      vertex 41.4358 -67.0792 0.059515
      vertex 41.5405 -67.1728 0
      vertex 41.4131 -67.1341 0
    endloop
  endfacet
  facet normal 0.26292 0.491481 -0.830252
    outer loop
      vertex 41.5294 -66.8533 0.222881
      vertex 41.4358 -67.0792 0.059515
      vertex 41.2713 -66.9912 0.059515
    endloop
  endfacet
  facet normal 0.161592 0.533461 -0.830245
    outer loop
      vertex 41.5294 -66.8533 0.222881
      vertex 41.6144 -67.1333 0.059515
      vertex 41.4358 -67.0792 0.059515
    endloop
  endfacet
  facet normal 0.430973 0.353382 -0.830291
    outer loop
      vertex 41.2121 -66.5928 0.222881
      vertex 41.3 -66.7 0.222881
      vertex 41.0088 -66.7287 0.059515
    endloop
  endfacet
  facet normal 0.243644 0.29714 -0.923226
    outer loop
      vertex 41.5581 -66.562 0.33541
      vertex 41.4072 -66.7879 0.222881
      vertex 41.3 -66.7 0.222881
    endloop
  endfacet
  facet normal 0.24361 0.297195 -0.923217
    outer loop
      vertex 41.4921 -66.5079 0.33541
      vertex 41.5581 -66.562 0.33541
      vertex 41.3 -66.7 0.222881
    endloop
  endfacet
  facet normal 0.111431 0.367834 -0.923191
    outer loop
      vertex 41.715 -66.6271 0.33541
      vertex 41.6621 -66.8935 0.222881
      vertex 41.5294 -66.8533 0.222881
    endloop
  endfacet
  facet normal 0.111727 0.367617 -0.923242
    outer loop
      vertex 41.6334 -66.6023 0.33541
      vertex 41.715 -66.6271 0.33541
      vertex 41.5294 -66.8533 0.222881
    endloop
  endfacet
  facet normal 0.989144 -0.146951 0
    outer loop
      vertex -21.6421 -66.9383 2.8
      vertex -21.6183 -66.7781 1.4
      vertex -21.6183 -66.7781 2.8
    endloop
  endfacet
  facet normal 0.989144 -0.146951 0
    outer loop
      vertex -21.6183 -66.7781 1.4
      vertex -21.6421 -66.9383 2.8
      vertex -21.6421 -66.9383 1.4
    endloop
  endfacet
  facet normal -0.989144 -0.146951 0
    outer loop
      vertex -18.3579 -66.9383 1.4
      vertex -18.3817 -66.7781 2.8
      vertex -18.3817 -66.7781 1.4
    endloop
  endfacet
  facet normal -0.989144 -0.146951 0
    outer loop
      vertex -18.3817 -66.7781 2.8
      vertex -18.3579 -66.9383 1.4
      vertex -18.3579 -66.9383 2.8
    endloop
  endfacet
  facet normal -0.941406 -0.337275 0
    outer loop
      vertex -18.421 -66.621 1.4
      vertex -18.4756 -66.4686 2.8
      vertex -18.4756 -66.4686 1.4
    endloop
  endfacet
  facet normal -0.941406 -0.337275 0
    outer loop
      vertex -18.4756 -66.4686 2.8
      vertex -18.421 -66.621 1.4
      vertex -18.421 -66.621 2.8
    endloop
  endfacet
  facet normal 0.514314 0.857602 -0
    outer loop
      vertex -20.7778 -68.5552 1.4
      vertex -20.9167 -68.4719 2.8
      vertex -20.7778 -68.5552 2.8
    endloop
  endfacet
  facet normal 0.514314 0.857602 0
    outer loop
      vertex -20.9167 -68.4719 2.8
      vertex -20.7778 -68.5552 1.4
      vertex -20.9167 -68.4719 1.4
    endloop
  endfacet
  facet normal -0.146951 -0.989144 0
    outer loop
      vertex -19.8383 -65.4579 1.4
      vertex -19.6781 -65.4817 2.8
      vertex -19.8383 -65.4579 2.8
    endloop
  endfacet
  facet normal -0.146951 -0.989144 -0
    outer loop
      vertex -19.6781 -65.4817 2.8
      vertex -19.8383 -65.4579 1.4
      vertex -19.6781 -65.4817 1.4
    endloop
  endfacet
  facet normal 0.740555 0.671996 0
    outer loop
      vertex -21.1667 -68.2667 2.8
      vertex -21.2755 -68.1468 1.4
      vertex -21.2755 -68.1468 2.8
    endloop
  endfacet
  facet normal 0.740555 0.671996 0
    outer loop
      vertex -21.2755 -68.1468 1.4
      vertex -21.1667 -68.2667 2.8
      vertex -21.1667 -68.2667 1.4
    endloop
  endfacet
  facet normal -0.998809 -0.0487977 0
    outer loop
      vertex -18.35 -67.1 1.4
      vertex -18.3579 -66.9383 2.8
      vertex -18.3579 -66.9383 1.4
    endloop
  endfacet
  facet normal -0.998809 -0.0487977 0
    outer loop
      vertex -18.3579 -66.9383 2.8
      vertex -18.35 -67.1 1.4
      vertex -18.35 -67.1 2.8
    endloop
  endfacet
  facet normal 0.941406 0.337275 0
    outer loop
      vertex -21.5244 -67.7314 2.8
      vertex -21.579 -67.579 1.4
      vertex -21.579 -67.579 2.8
    endloop
  endfacet
  facet normal 0.941406 0.337275 0
    outer loop
      vertex -21.579 -67.579 1.4
      vertex -21.5244 -67.7314 2.8
      vertex -21.5244 -67.7314 1.4
    endloop
  endfacet
  facet normal -0.242681 -0.970106 0
    outer loop
      vertex -19.6781 -65.4817 1.4
      vertex -19.521 -65.521 2.8
      vertex -19.6781 -65.4817 2.8
    endloop
  endfacet
  facet normal -0.242681 -0.970106 -0
    outer loop
      vertex -19.521 -65.521 2.8
      vertex -19.6781 -65.4817 1.4
      vertex -19.521 -65.521 1.4
    endloop
  endfacet
  facet normal 0.514314 -0.857602 0
    outer loop
      vertex -20.9167 -65.7281 1.4
      vertex -20.7778 -65.6448 2.8
      vertex -20.9167 -65.7281 2.8
    endloop
  endfacet
  facet normal 0.514314 -0.857602 0
    outer loop
      vertex -20.7778 -65.6448 2.8
      vertex -20.9167 -65.7281 1.4
      vertex -20.7778 -65.6448 1.4
    endloop
  endfacet
  facet normal 0.146951 0.989144 -0
    outer loop
      vertex -20.1617 -68.7421 1.4
      vertex -20.3219 -68.7183 2.8
      vertex -20.1617 -68.7421 2.8
    endloop
  endfacet
  facet normal 0.146951 0.989144 0
    outer loop
      vertex -20.3219 -68.7183 2.8
      vertex -20.1617 -68.7421 1.4
      vertex -20.3219 -68.7183 1.4
    endloop
  endfacet
  facet normal -0.671689 0.740833 0
    outer loop
      vertex -18.8333 -68.2667 1.4
      vertex -18.9533 -68.3755 2.8
      vertex -18.8333 -68.2667 2.8
    endloop
  endfacet
  facet normal -0.671689 0.740833 0
    outer loop
      vertex -18.9533 -68.3755 2.8
      vertex -18.8333 -68.2667 1.4
      vertex -18.9533 -68.3755 1.4
    endloop
  endfacet
  facet normal 0 0 1
    outer loop
      vertex -18.3579 -66.9383 1.4
      vertex -18.3579 -67.2617 1.4
      vertex -18.35 -67.1 1.4
    endloop
  endfacet
  facet normal 0 0 1
    outer loop
      vertex -18.3817 -66.7781 1.4
      vertex -18.3579 -67.2617 1.4
      vertex -18.3579 -66.9383 1.4
    endloop
  endfacet
  facet normal 0 0 1
    outer loop
      vertex -18.3817 -66.7781 1.4
      vertex -18.3817 -67.4219 1.4
      vertex -18.3579 -67.2617 1.4
    endloop
  endfacet
  facet normal 0 0 1
    outer loop
      vertex -18.421 -66.621 1.4
      vertex -18.3817 -67.4219 1.4
      vertex -18.3817 -66.7781 1.4
    endloop
  endfacet
  facet normal 0 0 1
    outer loop
      vertex -18.421 -66.621 1.4
      vertex -18.421 -67.579 1.4
      vertex -18.3817 -67.4219 1.4
    endloop
  endfacet
  facet normal 0 0 1
    outer loop
      vertex -18.4756 -66.4686 1.4
      vertex -18.421 -67.579 1.4
      vertex -18.421 -66.621 1.4
    endloop
  endfacet
  facet normal 0 0 1
    outer loop
      vertex -18.4756 -66.4686 1.4
      vertex -18.4756 -67.7314 1.4
      vertex -18.421 -67.579 1.4
    endloop
  endfacet
  facet normal 0 0 1
    outer loop
      vertex -18.5448 -66.3222 1.4
      vertex -18.4756 -67.7314 1.4
      vertex -18.4756 -66.4686 1.4
    endloop
  endfacet
  facet normal 0 0 1
    outer loop
      vertex -18.5448 -66.3222 1.4
      vertex -18.5448 -67.8778 1.4
      vertex -18.4756 -67.7314 1.4
    endloop
  endfacet
  facet normal 0 0 1
    outer loop
      vertex -18.6281 -66.1833 1.4
      vertex -18.5448 -67.8778 1.4
      vertex -18.5448 -66.3222 1.4
    endloop
  endfacet
  facet normal 0 0 1
    outer loop
      vertex -18.6281 -66.1833 1.4
      vertex -18.6281 -68.0167 1.4
      vertex -18.5448 -67.8778 1.4
    endloop
  endfacet
  facet normal 0 0 1
    outer loop
      vertex -18.7245 -66.0533 1.4
      vertex -18.6281 -68.0167 1.4
      vertex -18.6281 -66.1833 1.4
    endloop
  endfacet
  facet normal 0 0 1
    outer loop
      vertex -18.7245 -66.0533 1.4
      vertex -18.7245 -68.1468 1.4
      vertex -18.6281 -68.0167 1.4
    endloop
  endfacet
  facet normal 0 0 1
    outer loop
      vertex -18.8333 -65.9333 1.4
      vertex -18.7245 -68.1468 1.4
      vertex -18.7245 -66.0533 1.4
    endloop
  endfacet
  facet normal 0 0 1
    outer loop
      vertex -18.8333 -65.9333 1.4
      vertex -18.8333 -68.2667 1.4
      vertex -18.7245 -68.1468 1.4
    endloop
  endfacet
  facet normal 0 0 1
    outer loop
      vertex -18.9533 -65.8245 1.4
      vertex -18.8333 -68.2667 1.4
      vertex -18.8333 -65.9333 1.4
    endloop
  endfacet
  facet normal 0 0 1
    outer loop
      vertex -18.9533 -65.8245 1.4
      vertex -18.9533 -68.3755 1.4
      vertex -18.8333 -68.2667 1.4
    endloop
  endfacet
  facet normal 0 0 1
    outer loop
      vertex -19.0833 -65.7281 1.4
      vertex -18.9533 -68.3755 1.4
      vertex -18.9533 -65.8245 1.4
    endloop
  endfacet
  facet normal 0 0 1
    outer loop
      vertex -19.0833 -65.7281 1.4
      vertex -19.0833 -68.4719 1.4
      vertex -18.9533 -68.3755 1.4
    endloop
  endfacet
  facet normal 0 0 1
    outer loop
      vertex -19.2222 -65.6448 1.4
      vertex -19.0833 -68.4719 1.4
      vertex -19.0833 -65.7281 1.4
    endloop
  endfacet
  facet normal 0 0 1
    outer loop
      vertex -19.2222 -65.6448 1.4
      vertex -19.2222 -68.5552 1.4
      vertex -19.0833 -68.4719 1.4
    endloop
  endfacet
  facet normal 0 0 1
    outer loop
      vertex -19.3686 -65.5756 1.4
      vertex -19.2222 -68.5552 1.4
      vertex -19.2222 -65.6448 1.4
    endloop
  endfacet
  facet normal 0 0 1
    outer loop
      vertex -19.3686 -65.5756 1.4
      vertex -19.3686 -68.6244 1.4
      vertex -19.2222 -68.5552 1.4
    endloop
  endfacet
  facet normal 0 0 1
    outer loop
      vertex -19.521 -65.521 1.4
      vertex -19.3686 -68.6244 1.4
      vertex -19.3686 -65.5756 1.4
    endloop
  endfacet
  facet normal 0 0 1
    outer loop
      vertex -19.521 -65.521 1.4
      vertex -19.521 -68.679 1.4
      vertex -19.3686 -68.6244 1.4
    endloop
  endfacet
  facet normal 0 0 1
    outer loop
      vertex -19.6781 -65.4817 1.4
      vertex -19.521 -68.679 1.4
      vertex -19.521 -65.521 1.4
    endloop
  endfacet
  facet normal 0 0 1
    outer loop
      vertex -19.6781 -65.4817 1.4
      vertex -19.6781 -68.7183 1.4
      vertex -19.521 -68.679 1.4
    endloop
  endfacet
  facet normal 0 0 1
    outer loop
      vertex -19.8383 -65.4579 1.4
      vertex -19.6781 -68.7183 1.4
      vertex -19.6781 -65.4817 1.4
    endloop
  endfacet
  facet normal 0 0 1
    outer loop
      vertex -19.8383 -65.4579 1.4
      vertex -19.8383 -68.7421 1.4
      vertex -19.6781 -68.7183 1.4
    endloop
  endfacet
  facet normal 0 0 1
    outer loop
      vertex -20 -65.45 1.4
      vertex -19.8383 -68.7421 1.4
      vertex -19.8383 -65.4579 1.4
    endloop
  endfacet
  facet normal 0 0 1
    outer loop
      vertex -20 -65.45 1.4
      vertex -20 -68.75 1.4
      vertex -19.8383 -68.7421 1.4
    endloop
  endfacet
  facet normal -0 0 1
    outer loop
      vertex -20.1617 -65.4579 1.4
      vertex -20 -68.75 1.4
      vertex -20 -65.45 1.4
    endloop
  endfacet
  facet normal 0 0 1
    outer loop
      vertex -20.1617 -65.4579 1.4
      vertex -20.1617 -68.7421 1.4
      vertex -20 -68.75 1.4
    endloop
  endfacet
  facet normal -0 0 1
    outer loop
      vertex -20.3219 -65.4817 1.4
      vertex -20.1617 -68.7421 1.4
      vertex -20.1617 -65.4579 1.4
    endloop
  endfacet
  facet normal 0 0 1
    outer loop
      vertex -20.3219 -65.4817 1.4
      vertex -20.3219 -68.7183 1.4
      vertex -20.1617 -68.7421 1.4
    endloop
  endfacet
  facet normal -0 0 1
    outer loop
      vertex -20.479 -65.521 1.4
      vertex -20.3219 -68.7183 1.4
      vertex -20.3219 -65.4817 1.4
    endloop
  endfacet
  facet normal 0 0 1
    outer loop
      vertex -20.479 -65.521 1.4
      vertex -20.479 -68.679 1.4
      vertex -20.3219 -68.7183 1.4
    endloop
  endfacet
  facet normal -0 0 1
    outer loop
      vertex -20.6314 -65.5756 1.4
      vertex -20.479 -68.679 1.4
      vertex -20.479 -65.521 1.4
    endloop
  endfacet
  facet normal 0 0 1
    outer loop
      vertex -20.6314 -65.5756 1.4
      vertex -20.6314 -68.6244 1.4
      vertex -20.479 -68.679 1.4
    endloop
  endfacet
  facet normal -0 0 1
    outer loop
      vertex -20.7778 -65.6448 1.4
      vertex -20.6314 -68.6244 1.4
      vertex -20.6314 -65.5756 1.4
    endloop
  endfacet
  facet normal 0 0 1
    outer loop
      vertex -20.7778 -65.6448 1.4
      vertex -20.7778 -68.5552 1.4
      vertex -20.6314 -68.6244 1.4
    endloop
  endfacet
  facet normal -0 0 1
    outer loop
      vertex -20.9167 -65.7281 1.4
      vertex -20.7778 -68.5552 1.4
      vertex -20.7778 -65.6448 1.4
    endloop
  endfacet
  facet normal 0 0 1
    outer loop
      vertex -20.9167 -65.7281 1.4
      vertex -20.9167 -68.4719 1.4
      vertex -20.7778 -68.5552 1.4
    endloop
  endfacet
  facet normal -0 0 1
    outer loop
      vertex -21.0467 -65.8245 1.4
      vertex -20.9167 -68.4719 1.4
      vertex -20.9167 -65.7281 1.4
    endloop
  endfacet
  facet normal 0 0 1
    outer loop
      vertex -21.0467 -65.8245 1.4
      vertex -21.0467 -68.3755 1.4
      vertex -20.9167 -68.4719 1.4
    endloop
  endfacet
  facet normal -0 0 1
    outer loop
      vertex -21.1667 -65.9333 1.4
      vertex -21.0467 -68.3755 1.4
      vertex -21.0467 -65.8245 1.4
    endloop
  endfacet
  facet normal 0 0 1
    outer loop
      vertex -21.1667 -65.9333 1.4
      vertex -21.1667 -68.2667 1.4
      vertex -21.0467 -68.3755 1.4
    endloop
  endfacet
  facet normal -0 0 1
    outer loop
      vertex -21.2755 -66.0533 1.4
      vertex -21.1667 -68.2667 1.4
      vertex -21.1667 -65.9333 1.4
    endloop
  endfacet
  facet normal 0 0 1
    outer loop
      vertex -21.2755 -66.0533 1.4
      vertex -21.2755 -68.1468 1.4
      vertex -21.1667 -68.2667 1.4
    endloop
  endfacet
  facet normal -0 0 1
    outer loop
      vertex -21.3719 -66.1833 1.4
      vertex -21.2755 -68.1468 1.4
      vertex -21.2755 -66.0533 1.4
    endloop
  endfacet
  facet normal 0 0 1
    outer loop
      vertex -21.3719 -66.1833 1.4
      vertex -21.3719 -68.0167 1.4
      vertex -21.2755 -68.1468 1.4
    endloop
  endfacet
  facet normal -0 0 1
    outer loop
      vertex -21.4552 -66.3222 1.4
      vertex -21.3719 -68.0167 1.4
      vertex -21.3719 -66.1833 1.4
    endloop
  endfacet
  facet normal 0 0 1
    outer loop
      vertex -21.4552 -66.3222 1.4
      vertex -21.4552 -67.8778 1.4
      vertex -21.3719 -68.0167 1.4
    endloop
  endfacet
  facet normal -0 0 1
    outer loop
      vertex -21.5244 -66.4686 1.4
      vertex -21.4552 -67.8778 1.4
      vertex -21.4552 -66.3222 1.4
    endloop
  endfacet
  facet normal 0 0 1
    outer loop
      vertex -21.5244 -66.4686 1.4
      vertex -21.5244 -67.7314 1.4
      vertex -21.4552 -67.8778 1.4
    endloop
  endfacet
  facet normal -0 0 1
    outer loop
      vertex -21.579 -66.621 1.4
      vertex -21.5244 -67.7314 1.4
      vertex -21.5244 -66.4686 1.4
    endloop
  endfacet
  facet normal 0 0 1
    outer loop
      vertex -21.579 -66.621 1.4
      vertex -21.579 -67.579 1.4
      vertex -21.5244 -67.7314 1.4
    endloop
  endfacet
  facet normal -0 0 1
    outer loop
      vertex -21.6183 -66.7781 1.4
      vertex -21.579 -67.579 1.4
      vertex -21.579 -66.621 1.4
    endloop
  endfacet
  facet normal 0 0 1
    outer loop
      vertex -21.6183 -66.7781 1.4
      vertex -21.6183 -67.4219 1.4
      vertex -21.579 -67.579 1.4
    endloop
  endfacet
  facet normal -0 0 1
    outer loop
      vertex -21.6421 -66.9383 1.4
      vertex -21.6183 -67.4219 1.4
      vertex -21.6183 -66.7781 1.4
    endloop
  endfacet
  facet normal 0 0 1
    outer loop
      vertex -21.6421 -66.9383 1.4
      vertex -21.6421 -67.2617 1.4
      vertex -21.6183 -67.4219 1.4
    endloop
  endfacet
  facet normal 0 -0 1
    outer loop
      vertex -21.6421 -67.2617 1.4
      vertex -21.6421 -66.9383 1.4
      vertex -21.65 -67.1 1.4
    endloop
  endfacet
  facet normal 0.595641 0.803251 -0
    outer loop
      vertex -20.9167 -68.4719 1.4
      vertex -21.0467 -68.3755 2.8
      vertex -20.9167 -68.4719 2.8
    endloop
  endfacet
  facet normal 0.595641 0.803251 0
    outer loop
      vertex -21.0467 -68.3755 2.8
      vertex -20.9167 -68.4719 1.4
      vertex -21.0467 -68.3755 1.4
    endloop
  endfacet
  facet normal -0.857602 -0.514314 0
    outer loop
      vertex -18.5448 -66.3222 1.4
      vertex -18.6281 -66.1833 2.8
      vertex -18.6281 -66.1833 1.4
    endloop
  endfacet
  facet normal -0.857602 -0.514314 0
    outer loop
      vertex -18.6281 -66.1833 2.8
      vertex -18.5448 -66.3222 1.4
      vertex -18.5448 -66.3222 2.8
    endloop
  endfacet
  facet normal -0.337275 0.941406 0
    outer loop
      vertex -19.3686 -68.6244 1.4
      vertex -19.521 -68.679 2.8
      vertex -19.3686 -68.6244 2.8
    endloop
  endfacet
  facet normal -0.337275 0.941406 0
    outer loop
      vertex -19.521 -68.679 2.8
      vertex -19.3686 -68.6244 1.4
      vertex -19.521 -68.679 1.4
    endloop
  endfacet
  facet normal -0.970106 -0.242681 0
    outer loop
      vertex -18.3817 -66.7781 1.4
      vertex -18.421 -66.621 2.8
      vertex -18.421 -66.621 1.4
    endloop
  endfacet
  facet normal -0.970106 -0.242681 0
    outer loop
      vertex -18.421 -66.621 2.8
      vertex -18.3817 -66.7781 1.4
      vertex -18.3817 -66.7781 2.8
    endloop
  endfacet
  facet normal 0.857602 -0.514314 0
    outer loop
      vertex -21.4552 -66.3222 2.8
      vertex -21.3719 -66.1833 1.4
      vertex -21.3719 -66.1833 2.8
    endloop
  endfacet
  facet normal 0.857602 -0.514314 0
    outer loop
      vertex -21.3719 -66.1833 1.4
      vertex -21.4552 -66.3222 2.8
      vertex -21.4552 -66.3222 1.4
    endloop
  endfacet
  facet normal -0.803251 -0.595641 0
    outer loop
      vertex -18.6281 -66.1833 1.4
      vertex -18.7245 -66.0533 2.8
      vertex -18.7245 -66.0533 1.4
    endloop
  endfacet
  facet normal -0.803251 -0.595641 0
    outer loop
      vertex -18.7245 -66.0533 2.8
      vertex -18.6281 -66.1833 1.4
      vertex -18.6281 -66.1833 2.8
    endloop
  endfacet
  facet normal -0.514314 -0.857602 0
    outer loop
      vertex -19.2222 -65.6448 1.4
      vertex -19.0833 -65.7281 2.8
      vertex -19.2222 -65.6448 2.8
    endloop
  endfacet
  facet normal -0.514314 -0.857602 -0
    outer loop
      vertex -19.0833 -65.7281 2.8
      vertex -19.2222 -65.6448 1.4
      vertex -19.0833 -65.7281 1.4
    endloop
  endfacet
  facet normal -0.941406 0.337275 0
    outer loop
      vertex -18.4756 -67.7314 1.4
      vertex -18.421 -67.579 2.8
      vertex -18.421 -67.579 1.4
    endloop
  endfacet
  facet normal -0.941406 0.337275 0
    outer loop
      vertex -18.421 -67.579 2.8
      vertex -18.4756 -67.7314 1.4
      vertex -18.4756 -67.7314 2.8
    endloop
  endfacet
  facet normal -0.0487977 -0.998809 0
    outer loop
      vertex -20 -65.45 1.4
      vertex -19.8383 -65.4579 2.8
      vertex -20 -65.45 2.8
    endloop
  endfacet
  facet normal -0.0487977 -0.998809 -0
    outer loop
      vertex -19.8383 -65.4579 2.8
      vertex -20 -65.45 1.4
      vertex -19.8383 -65.4579 1.4
    endloop
  endfacet
  facet normal -0.514314 0.857602 0
    outer loop
      vertex -19.0833 -68.4719 1.4
      vertex -19.2222 -68.5552 2.8
      vertex -19.0833 -68.4719 2.8
    endloop
  endfacet
  facet normal -0.514314 0.857602 0
    outer loop
      vertex -19.2222 -68.5552 2.8
      vertex -19.0833 -68.4719 1.4
      vertex -19.2222 -68.5552 1.4
    endloop
  endfacet
  facet normal 0.998809 -0.0487977 0
    outer loop
      vertex -21.65 -67.1 2.8
      vertex -21.6421 -66.9383 1.4
      vertex -21.6421 -66.9383 2.8
    endloop
  endfacet
  facet normal 0.998809 -0.0487977 0
    outer loop
      vertex -21.6421 -66.9383 1.4
      vertex -21.65 -67.1 2.8
      vertex -21.65 -67.1 1.4
    endloop
  endfacet
  facet normal -0.671689 -0.740833 0
    outer loop
      vertex -18.9533 -65.8245 1.4
      vertex -18.8333 -65.9333 2.8
      vertex -18.9533 -65.8245 2.8
    endloop
  endfacet
  facet normal -0.671689 -0.740833 -0
    outer loop
      vertex -18.8333 -65.9333 2.8
      vertex -18.9533 -65.8245 1.4
      vertex -18.8333 -65.9333 1.4
    endloop
  endfacet
  facet normal -0.146951 0.989144 0
    outer loop
      vertex -19.6781 -68.7183 1.4
      vertex -19.8383 -68.7421 2.8
      vertex -19.6781 -68.7183 2.8
    endloop
  endfacet
  facet normal -0.146951 0.989144 0
    outer loop
      vertex -19.8383 -68.7421 2.8
      vertex -19.6781 -68.7183 1.4
      vertex -19.8383 -68.7421 1.4
    endloop
  endfacet
  facet normal 0.595641 -0.803251 0
    outer loop
      vertex -21.0467 -65.8245 1.4
      vertex -20.9167 -65.7281 2.8
      vertex -21.0467 -65.8245 2.8
    endloop
  endfacet
  facet normal 0.595641 -0.803251 0
    outer loop
      vertex -20.9167 -65.7281 2.8
      vertex -21.0467 -65.8245 1.4
      vertex -20.9167 -65.7281 1.4
    endloop
  endfacet
  facet normal -0.80347 0.595346 0
    outer loop
      vertex -18.7245 -68.1468 1.4
      vertex -18.6281 -68.0167 2.8
      vertex -18.6281 -68.0167 1.4
    endloop
  endfacet
  facet normal -0.80347 0.595346 0
    outer loop
      vertex -18.6281 -68.0167 2.8
      vertex -18.7245 -68.1468 1.4
      vertex -18.7245 -68.1468 2.8
    endloop
  endfacet
  facet normal -0.998809 0.0487977 0
    outer loop
      vertex -18.3579 -67.2617 1.4
      vertex -18.35 -67.1 2.8
      vertex -18.35 -67.1 1.4
    endloop
  endfacet
  facet normal -0.998809 0.0487977 0
    outer loop
      vertex -18.35 -67.1 2.8
      vertex -18.3579 -67.2617 1.4
      vertex -18.3579 -67.2617 2.8
    endloop
  endfacet
  facet normal -0.90409 -0.427343 0
    outer loop
      vertex -18.4756 -66.4686 1.4
      vertex -18.5448 -66.3222 2.8
      vertex -18.5448 -66.3222 1.4
    endloop
  endfacet
  facet normal -0.90409 -0.427343 0
    outer loop
      vertex -18.5448 -66.3222 2.8
      vertex -18.4756 -66.4686 1.4
      vertex -18.4756 -66.4686 2.8
    endloop
  endfacet
  facet normal 0.80347 0.595346 0
    outer loop
      vertex -21.2755 -68.1468 2.8
      vertex -21.3719 -68.0167 1.4
      vertex -21.3719 -68.0167 2.8
    endloop
  endfacet
  facet normal 0.80347 0.595346 0
    outer loop
      vertex -21.3719 -68.0167 1.4
      vertex -21.2755 -68.1468 2.8
      vertex -21.2755 -68.1468 1.4
    endloop
  endfacet
  facet normal 0.989144 0.146951 0
    outer loop
      vertex -21.6183 -67.4219 2.8
      vertex -21.6421 -67.2617 1.4
      vertex -21.6421 -67.2617 2.8
    endloop
  endfacet
  facet normal 0.989144 0.146951 0
    outer loop
      vertex -21.6421 -67.2617 1.4
      vertex -21.6183 -67.4219 2.8
      vertex -21.6183 -67.4219 1.4
    endloop
  endfacet
  facet normal 0.970106 0.242681 0
    outer loop
      vertex -21.579 -67.579 2.8
      vertex -21.6183 -67.4219 1.4
      vertex -21.6183 -67.4219 2.8
    endloop
  endfacet
  facet normal 0.970106 0.242681 0
    outer loop
      vertex -21.6183 -67.4219 1.4
      vertex -21.579 -67.579 2.8
      vertex -21.579 -67.579 1.4
    endloop
  endfacet
  facet normal -0.989144 0.146951 0
    outer loop
      vertex -18.3817 -67.4219 1.4
      vertex -18.3579 -67.2617 2.8
      vertex -18.3579 -67.2617 1.4
    endloop
  endfacet
  facet normal -0.989144 0.146951 0
    outer loop
      vertex -18.3579 -67.2617 2.8
      vertex -18.3817 -67.4219 1.4
      vertex -18.3817 -67.4219 2.8
    endloop
  endfacet
  facet normal 0.427343 0.90409 -0
    outer loop
      vertex -20.6314 -68.6244 1.4
      vertex -20.7778 -68.5552 2.8
      vertex -20.6314 -68.6244 2.8
    endloop
  endfacet
  facet normal 0.427343 0.90409 0
    outer loop
      vertex -20.7778 -68.5552 2.8
      vertex -20.6314 -68.6244 1.4
      vertex -20.7778 -68.5552 1.4
    endloop
  endfacet
  facet normal -0.740555 0.671996 0
    outer loop
      vertex -18.8333 -68.2667 1.4
      vertex -18.7245 -68.1468 2.8
      vertex -18.7245 -68.1468 1.4
    endloop
  endfacet
  facet normal -0.740555 0.671996 0
    outer loop
      vertex -18.7245 -68.1468 2.8
      vertex -18.8333 -68.2667 1.4
      vertex -18.8333 -68.2667 2.8
    endloop
  endfacet
  facet normal -0.427343 -0.90409 0
    outer loop
      vertex -19.3686 -65.5756 1.4
      vertex -19.2222 -65.6448 2.8
      vertex -19.3686 -65.5756 2.8
    endloop
  endfacet
  facet normal -0.427343 -0.90409 -0
    outer loop
      vertex -19.2222 -65.6448 2.8
      vertex -19.3686 -65.5756 1.4
      vertex -19.2222 -65.6448 1.4
    endloop
  endfacet
  facet normal 0.740833 -0.671689 0
    outer loop
      vertex -21.2755 -66.0533 2.8
      vertex -21.1667 -65.9333 1.4
      vertex -21.1667 -65.9333 2.8
    endloop
  endfacet
  facet normal 0.740833 -0.671689 0
    outer loop
      vertex -21.1667 -65.9333 1.4
      vertex -21.2755 -66.0533 2.8
      vertex -21.2755 -66.0533 1.4
    endloop
  endfacet
  facet normal 0.671689 0.740833 -0
    outer loop
      vertex -21.0467 -68.3755 1.4
      vertex -21.1667 -68.2667 2.8
      vertex -21.0467 -68.3755 2.8
    endloop
  endfacet
  facet normal 0.671689 0.740833 0
    outer loop
      vertex -21.1667 -68.2667 2.8
      vertex -21.0467 -68.3755 1.4
      vertex -21.1667 -68.2667 1.4
    endloop
  endfacet
  facet normal 0.90409 0.427343 0
    outer loop
      vertex -21.4552 -67.8778 2.8
      vertex -21.5244 -67.7314 1.4
      vertex -21.5244 -67.7314 2.8
    endloop
  endfacet
  facet normal 0.90409 0.427343 0
    outer loop
      vertex -21.5244 -67.7314 1.4
      vertex -21.4552 -67.8778 2.8
      vertex -21.4552 -67.8778 1.4
    endloop
  endfacet
  facet normal 0.0487977 0.998809 -0
    outer loop
      vertex -20 -68.75 1.4
      vertex -20.1617 -68.7421 2.8
      vertex -20 -68.75 2.8
    endloop
  endfacet
  facet normal 0.0487977 0.998809 0
    outer loop
      vertex -20.1617 -68.7421 2.8
      vertex -20 -68.75 1.4
      vertex -20.1617 -68.7421 1.4
    endloop
  endfacet
  facet normal -0.337275 -0.941406 0
    outer loop
      vertex -19.521 -65.521 1.4
      vertex -19.3686 -65.5756 2.8
      vertex -19.521 -65.521 2.8
    endloop
  endfacet
  facet normal -0.337275 -0.941406 -0
    outer loop
      vertex -19.3686 -65.5756 2.8
      vertex -19.521 -65.521 1.4
      vertex -19.3686 -65.5756 1.4
    endloop
  endfacet
  facet normal -0.0487977 0.998809 0
    outer loop
      vertex -19.8383 -68.7421 1.4
      vertex -20 -68.75 2.8
      vertex -19.8383 -68.7421 2.8
    endloop
  endfacet
  facet normal -0.0487977 0.998809 0
    outer loop
      vertex -20 -68.75 2.8
      vertex -19.8383 -68.7421 1.4
      vertex -20 -68.75 1.4
    endloop
  endfacet
  facet normal 0.0487977 -0.998809 0
    outer loop
      vertex -20.1617 -65.4579 1.4
      vertex -20 -65.45 2.8
      vertex -20.1617 -65.4579 2.8
    endloop
  endfacet
  facet normal 0.0487977 -0.998809 0
    outer loop
      vertex -20 -65.45 2.8
      vertex -20.1617 -65.4579 1.4
      vertex -20 -65.45 1.4
    endloop
  endfacet
  facet normal -0.595641 0.803251 0
    outer loop
      vertex -18.9533 -68.3755 1.4
      vertex -19.0833 -68.4719 2.8
      vertex -18.9533 -68.3755 2.8
    endloop
  endfacet
  facet normal -0.595641 0.803251 0
    outer loop
      vertex -19.0833 -68.4719 2.8
      vertex -18.9533 -68.3755 1.4
      vertex -19.0833 -68.4719 1.4
    endloop
  endfacet
  facet normal 0.242681 -0.970106 0
    outer loop
      vertex -20.479 -65.521 1.4
      vertex -20.3219 -65.4817 2.8
      vertex -20.479 -65.521 2.8
    endloop
  endfacet
  facet normal 0.242681 -0.970106 0
    outer loop
      vertex -20.3219 -65.4817 2.8
      vertex -20.479 -65.521 1.4
      vertex -20.3219 -65.4817 1.4
    endloop
  endfacet
  facet normal -0.427343 0.90409 0
    outer loop
      vertex -19.2222 -68.5552 1.4
      vertex -19.3686 -68.6244 2.8
      vertex -19.2222 -68.5552 2.8
    endloop
  endfacet
  facet normal -0.427343 0.90409 0
    outer loop
      vertex -19.3686 -68.6244 2.8
      vertex -19.2222 -68.5552 1.4
      vertex -19.3686 -68.6244 1.4
    endloop
  endfacet
  facet normal 0.671689 -0.740833 0
    outer loop
      vertex -21.1667 -65.9333 1.4
      vertex -21.0467 -65.8245 2.8
      vertex -21.1667 -65.9333 2.8
    endloop
  endfacet
  facet normal 0.671689 -0.740833 0
    outer loop
      vertex -21.0467 -65.8245 2.8
      vertex -21.1667 -65.9333 1.4
      vertex -21.0467 -65.8245 1.4
    endloop
  endfacet
  facet normal 0.337275 -0.941406 0
    outer loop
      vertex -20.6314 -65.5756 1.4
      vertex -20.479 -65.521 2.8
      vertex -20.6314 -65.5756 2.8
    endloop
  endfacet
  facet normal 0.337275 -0.941406 0
    outer loop
      vertex -20.479 -65.521 2.8
      vertex -20.6314 -65.5756 1.4
      vertex -20.479 -65.521 1.4
    endloop
  endfacet
  facet normal 0.427343 -0.90409 0
    outer loop
      vertex -20.7778 -65.6448 1.4
      vertex -20.6314 -65.5756 2.8
      vertex -20.7778 -65.6448 2.8
    endloop
  endfacet
  facet normal 0.427343 -0.90409 0
    outer loop
      vertex -20.6314 -65.5756 2.8
      vertex -20.7778 -65.6448 1.4
      vertex -20.6314 -65.5756 1.4
    endloop
  endfacet
  facet normal -0.595641 -0.803251 0
    outer loop
      vertex -19.0833 -65.7281 1.4
      vertex -18.9533 -65.8245 2.8
      vertex -19.0833 -65.7281 2.8
    endloop
  endfacet
  facet normal -0.595641 -0.803251 -0
    outer loop
      vertex -18.9533 -65.8245 2.8
      vertex -19.0833 -65.7281 1.4
      vertex -18.9533 -65.8245 1.4
    endloop
  endfacet
  facet normal 0.146951 -0.989144 0
    outer loop
      vertex -20.3219 -65.4817 1.4
      vertex -20.1617 -65.4579 2.8
      vertex -20.3219 -65.4817 2.8
    endloop
  endfacet
  facet normal 0.146951 -0.989144 0
    outer loop
      vertex -20.1617 -65.4579 2.8
      vertex -20.3219 -65.4817 1.4
      vertex -20.1617 -65.4579 1.4
    endloop
  endfacet
  facet normal -0.970106 0.242681 0
    outer loop
      vertex -18.421 -67.579 1.4
      vertex -18.3817 -67.4219 2.8
      vertex -18.3817 -67.4219 1.4
    endloop
  endfacet
  facet normal -0.970106 0.242681 0
    outer loop
      vertex -18.3817 -67.4219 2.8
      vertex -18.421 -67.579 1.4
      vertex -18.421 -67.579 2.8
    endloop
  endfacet
  facet normal -0.740833 -0.671689 0
    outer loop
      vertex -18.7245 -66.0533 1.4
      vertex -18.8333 -65.9333 2.8
      vertex -18.8333 -65.9333 1.4
    endloop
  endfacet
  facet normal -0.740833 -0.671689 0
    outer loop
      vertex -18.8333 -65.9333 2.8
      vertex -18.7245 -66.0533 1.4
      vertex -18.7245 -66.0533 2.8
    endloop
  endfacet
  facet normal 0.998809 0.0487977 0
    outer loop
      vertex -21.6421 -67.2617 2.8
      vertex -21.65 -67.1 1.4
      vertex -21.65 -67.1 2.8
    endloop
  endfacet
  facet normal 0.998809 0.0487977 0
    outer loop
      vertex -21.65 -67.1 1.4
      vertex -21.6421 -67.2617 2.8
      vertex -21.6421 -67.2617 1.4
    endloop
  endfacet
  facet normal 0.857602 0.514314 0
    outer loop
      vertex -21.3719 -68.0167 2.8
      vertex -21.4552 -67.8778 1.4
      vertex -21.4552 -67.8778 2.8
    endloop
  endfacet
  facet normal 0.857602 0.514314 0
    outer loop
      vertex -21.4552 -67.8778 1.4
      vertex -21.3719 -68.0167 2.8
      vertex -21.3719 -68.0167 1.4
    endloop
  endfacet
  facet normal 0.941406 -0.337275 0
    outer loop
      vertex -21.579 -66.621 2.8
      vertex -21.5244 -66.4686 1.4
      vertex -21.5244 -66.4686 2.8
    endloop
  endfacet
  facet normal 0.941406 -0.337275 0
    outer loop
      vertex -21.5244 -66.4686 1.4
      vertex -21.579 -66.621 2.8
      vertex -21.579 -66.621 1.4
    endloop
  endfacet
  facet normal -0.242681 0.970106 0
    outer loop
      vertex -19.521 -68.679 1.4
      vertex -19.6781 -68.7183 2.8
      vertex -19.521 -68.679 2.8
    endloop
  endfacet
  facet normal -0.242681 0.970106 0
    outer loop
      vertex -19.6781 -68.7183 2.8
      vertex -19.521 -68.679 1.4
      vertex -19.6781 -68.7183 1.4
    endloop
  endfacet
  facet normal -0.857602 0.514314 0
    outer loop
      vertex -18.6281 -68.0167 1.4
      vertex -18.5448 -67.8778 2.8
      vertex -18.5448 -67.8778 1.4
    endloop
  endfacet
  facet normal -0.857602 0.514314 0
    outer loop
      vertex -18.5448 -67.8778 2.8
      vertex -18.6281 -68.0167 1.4
      vertex -18.6281 -68.0167 2.8
    endloop
  endfacet
  facet normal -0.90409 0.427343 0
    outer loop
      vertex -18.5448 -67.8778 1.4
      vertex -18.4756 -67.7314 2.8
      vertex -18.4756 -67.7314 1.4
    endloop
  endfacet
  facet normal -0.90409 0.427343 0
    outer loop
      vertex -18.4756 -67.7314 2.8
      vertex -18.5448 -67.8778 1.4
      vertex -18.5448 -67.8778 2.8
    endloop
  endfacet
  facet normal 0.337275 0.941406 -0
    outer loop
      vertex -20.479 -68.679 1.4
      vertex -20.6314 -68.6244 2.8
      vertex -20.479 -68.679 2.8
    endloop
  endfacet
  facet normal 0.337275 0.941406 0
    outer loop
      vertex -20.6314 -68.6244 2.8
      vertex -20.479 -68.679 1.4
      vertex -20.6314 -68.6244 1.4
    endloop
  endfacet
  facet normal 0.970106 -0.242681 0
    outer loop
      vertex -21.6183 -66.7781 2.8
      vertex -21.579 -66.621 1.4
      vertex -21.579 -66.621 2.8
    endloop
  endfacet
  facet normal 0.970106 -0.242681 0
    outer loop
      vertex -21.579 -66.621 1.4
      vertex -21.6183 -66.7781 2.8
      vertex -21.6183 -66.7781 1.4
    endloop
  endfacet
  facet normal 0.242681 0.970106 -0
    outer loop
      vertex -20.3219 -68.7183 1.4
      vertex -20.479 -68.679 2.8
      vertex -20.3219 -68.7183 2.8
    endloop
  endfacet
  facet normal 0.242681 0.970106 0
    outer loop
      vertex -20.479 -68.679 2.8
      vertex -20.3219 -68.7183 1.4
      vertex -20.479 -68.679 1.4
    endloop
  endfacet
  facet normal 0.803251 -0.595641 0
    outer loop
      vertex -21.3719 -66.1833 2.8
      vertex -21.2755 -66.0533 1.4
      vertex -21.2755 -66.0533 2.8
    endloop
  endfacet
  facet normal 0.803251 -0.595641 0
    outer loop
      vertex -21.2755 -66.0533 1.4
      vertex -21.3719 -66.1833 2.8
      vertex -21.3719 -66.1833 1.4
    endloop
  endfacet
  facet normal 0.90409 -0.427343 0
    outer loop
      vertex -21.5244 -66.4686 2.8
      vertex -21.4552 -66.3222 1.4
      vertex -21.4552 -66.3222 2.8
    endloop
  endfacet
  facet normal 0.90409 -0.427343 0
    outer loop
      vertex -21.4552 -66.3222 1.4
      vertex -21.5244 -66.4686 2.8
      vertex -21.5244 -66.4686 1.4
    endloop
  endfacet
  facet normal -0.989144 -0.146951 0
    outer loop
      vertex 21.6421 -66.9383 1.4
      vertex 21.6183 -66.7781 2.8
      vertex 21.6183 -66.7781 1.4
    endloop
  endfacet
  facet normal -0.989144 -0.146951 0
    outer loop
      vertex 21.6183 -66.7781 2.8
      vertex 21.6421 -66.9383 1.4
      vertex 21.6421 -66.9383 2.8
    endloop
  endfacet
  facet normal 0.998809 -0.0487977 0
    outer loop
      vertex 18.35 -67.1 2.8
      vertex 18.3579 -66.9383 1.4
      vertex 18.3579 -66.9383 2.8
    endloop
  endfacet
  facet normal 0.998809 -0.0487977 0
    outer loop
      vertex 18.3579 -66.9383 1.4
      vertex 18.35 -67.1 2.8
      vertex 18.35 -67.1 1.4
    endloop
  endfacet
  facet normal 0.970106 -0.242681 0
    outer loop
      vertex 18.3817 -66.7781 2.8
      vertex 18.421 -66.621 1.4
      vertex 18.421 -66.621 2.8
    endloop
  endfacet
  facet normal 0.970106 -0.242681 0
    outer loop
      vertex 18.421 -66.621 1.4
      vertex 18.3817 -66.7781 2.8
      vertex 18.3817 -66.7781 1.4
    endloop
  endfacet
  facet normal 0.146951 -0.989144 0
    outer loop
      vertex 19.6781 -65.4817 1.4
      vertex 19.8383 -65.4579 2.8
      vertex 19.6781 -65.4817 2.8
    endloop
  endfacet
  facet normal 0.146951 -0.989144 0
    outer loop
      vertex 19.8383 -65.4579 2.8
      vertex 19.6781 -65.4817 1.4
      vertex 19.8383 -65.4579 1.4
    endloop
  endfacet
  facet normal 0.671689 0.740833 -0
    outer loop
      vertex 18.9533 -68.3755 1.4
      vertex 18.8333 -68.2667 2.8
      vertex 18.9533 -68.3755 2.8
    endloop
  endfacet
  facet normal 0.671689 0.740833 0
    outer loop
      vertex 18.8333 -68.2667 2.8
      vertex 18.9533 -68.3755 1.4
      vertex 18.8333 -68.2667 1.4
    endloop
  endfacet
  facet normal -0.740555 0.671996 0
    outer loop
      vertex 21.1667 -68.2667 1.4
      vertex 21.2755 -68.1468 2.8
      vertex 21.2755 -68.1468 1.4
    endloop
  endfacet
  facet normal -0.740555 0.671996 0
    outer loop
      vertex 21.2755 -68.1468 2.8
      vertex 21.1667 -68.2667 1.4
      vertex 21.1667 -68.2667 2.8
    endloop
  endfacet
  facet normal 0.989144 0.146951 0
    outer loop
      vertex 18.3817 -67.4219 2.8
      vertex 18.3579 -67.2617 1.4
      vertex 18.3579 -67.2617 2.8
    endloop
  endfacet
  facet normal 0.989144 0.146951 0
    outer loop
      vertex 18.3579 -67.2617 1.4
      vertex 18.3817 -67.4219 2.8
      vertex 18.3817 -67.4219 1.4
    endloop
  endfacet
  facet normal 0.337275 0.941406 -0
    outer loop
      vertex 19.521 -68.679 1.4
      vertex 19.3686 -68.6244 2.8
      vertex 19.521 -68.679 2.8
    endloop
  endfacet
  facet normal 0.337275 0.941406 0
    outer loop
      vertex 19.3686 -68.6244 2.8
      vertex 19.521 -68.679 1.4
      vertex 19.3686 -68.6244 1.4
    endloop
  endfacet
  facet normal -0.514314 -0.857602 0
    outer loop
      vertex 20.7778 -65.6448 1.4
      vertex 20.9167 -65.7281 2.8
      vertex 20.7778 -65.6448 2.8
    endloop
  endfacet
  facet normal -0.514314 -0.857602 -0
    outer loop
      vertex 20.9167 -65.7281 2.8
      vertex 20.7778 -65.6448 1.4
      vertex 20.9167 -65.7281 1.4
    endloop
  endfacet
  facet normal 0.857602 0.514314 0
    outer loop
      vertex 18.6281 -68.0167 2.8
      vertex 18.5448 -67.8778 1.4
      vertex 18.5448 -67.8778 2.8
    endloop
  endfacet
  facet normal 0.857602 0.514314 0
    outer loop
      vertex 18.5448 -67.8778 1.4
      vertex 18.6281 -68.0167 2.8
      vertex 18.6281 -68.0167 1.4
    endloop
  endfacet
  facet normal -0.941406 -0.337275 0
    outer loop
      vertex 21.579 -66.621 1.4
      vertex 21.5244 -66.4686 2.8
      vertex 21.5244 -66.4686 1.4
    endloop
  endfacet
  facet normal -0.941406 -0.337275 0
    outer loop
      vertex 21.5244 -66.4686 2.8
      vertex 21.579 -66.621 1.4
      vertex 21.579 -66.621 2.8
    endloop
  endfacet
  facet normal 0.514314 -0.857602 0
    outer loop
      vertex 19.0833 -65.7281 1.4
      vertex 19.2222 -65.6448 2.8
      vertex 19.0833 -65.7281 2.8
    endloop
  endfacet
  facet normal 0.514314 -0.857602 0
    outer loop
      vertex 19.2222 -65.6448 2.8
      vertex 19.0833 -65.7281 1.4
      vertex 19.2222 -65.6448 1.4
    endloop
  endfacet
  facet normal -0.337275 -0.941406 0
    outer loop
      vertex 20.479 -65.521 1.4
      vertex 20.6314 -65.5756 2.8
      vertex 20.479 -65.521 2.8
    endloop
  endfacet
  facet normal -0.337275 -0.941406 -0
    outer loop
      vertex 20.6314 -65.5756 2.8
      vertex 20.479 -65.521 1.4
      vertex 20.6314 -65.5756 1.4
    endloop
  endfacet
  facet normal -0.989144 0.146951 0
    outer loop
      vertex 21.6183 -67.4219 1.4
      vertex 21.6421 -67.2617 2.8
      vertex 21.6421 -67.2617 1.4
    endloop
  endfacet
  facet normal -0.989144 0.146951 0
    outer loop
      vertex 21.6421 -67.2617 2.8
      vertex 21.6183 -67.4219 1.4
      vertex 21.6183 -67.4219 2.8
    endloop
  endfacet
  facet normal 0.595641 0.803251 -0
    outer loop
      vertex 19.0833 -68.4719 1.4
      vertex 18.9533 -68.3755 2.8
      vertex 19.0833 -68.4719 2.8
    endloop
  endfacet
  facet normal 0.595641 0.803251 0
    outer loop
      vertex 18.9533 -68.3755 2.8
      vertex 19.0833 -68.4719 1.4
      vertex 18.9533 -68.3755 1.4
    endloop
  endfacet
  facet normal 0.146951 0.989144 -0
    outer loop
      vertex 19.8383 -68.7421 1.4
      vertex 19.6781 -68.7183 2.8
      vertex 19.8383 -68.7421 2.8
    endloop
  endfacet
  facet normal 0.146951 0.989144 0
    outer loop
      vertex 19.6781 -68.7183 2.8
      vertex 19.8383 -68.7421 1.4
      vertex 19.6781 -68.7183 1.4
    endloop
  endfacet
  facet normal -0.998809 -0.0487977 0
    outer loop
      vertex 21.65 -67.1 1.4
      vertex 21.6421 -66.9383 2.8
      vertex 21.6421 -66.9383 1.4
    endloop
  endfacet
  facet normal -0.998809 -0.0487977 0
    outer loop
      vertex 21.6421 -66.9383 2.8
      vertex 21.65 -67.1 1.4
      vertex 21.65 -67.1 2.8
    endloop
  endfacet
  facet normal 0.803251 -0.595641 0
    outer loop
      vertex 18.6281 -66.1833 2.8
      vertex 18.7245 -66.0533 1.4
      vertex 18.7245 -66.0533 2.8
    endloop
  endfacet
  facet normal 0.803251 -0.595641 0
    outer loop
      vertex 18.7245 -66.0533 1.4
      vertex 18.6281 -66.1833 2.8
      vertex 18.6281 -66.1833 1.4
    endloop
  endfacet
  facet normal -0.970106 -0.242681 0
    outer loop
      vertex 21.6183 -66.7781 1.4
      vertex 21.579 -66.621 2.8
      vertex 21.579 -66.621 1.4
    endloop
  endfacet
  facet normal -0.970106 -0.242681 0
    outer loop
      vertex 21.579 -66.621 2.8
      vertex 21.6183 -66.7781 1.4
      vertex 21.6183 -66.7781 2.8
    endloop
  endfacet
  facet normal -0.803251 -0.595641 0
    outer loop
      vertex 21.3719 -66.1833 1.4
      vertex 21.2755 -66.0533 2.8
      vertex 21.2755 -66.0533 1.4
    endloop
  endfacet
  facet normal -0.803251 -0.595641 0
    outer loop
      vertex 21.2755 -66.0533 2.8
      vertex 21.3719 -66.1833 1.4
      vertex 21.3719 -66.1833 2.8
    endloop
  endfacet
  facet normal 0.941406 -0.337275 0
    outer loop
      vertex 18.421 -66.621 2.8
      vertex 18.4756 -66.4686 1.4
      vertex 18.4756 -66.4686 2.8
    endloop
  endfacet
  facet normal 0.941406 -0.337275 0
    outer loop
      vertex 18.4756 -66.4686 1.4
      vertex 18.421 -66.621 2.8
      vertex 18.421 -66.621 1.4
    endloop
  endfacet
  facet normal -0.0487977 0.998809 0
    outer loop
      vertex 20.1617 -68.7421 1.4
      vertex 20 -68.75 2.8
      vertex 20.1617 -68.7421 2.8
    endloop
  endfacet
  facet normal -0.0487977 0.998809 0
    outer loop
      vertex 20 -68.75 2.8
      vertex 20.1617 -68.7421 1.4
      vertex 20 -68.75 1.4
    endloop
  endfacet
  facet normal 0.857602 -0.514314 0
    outer loop
      vertex 18.5448 -66.3222 2.8
      vertex 18.6281 -66.1833 1.4
      vertex 18.6281 -66.1833 2.8
    endloop
  endfacet
  facet normal 0.857602 -0.514314 0
    outer loop
      vertex 18.6281 -66.1833 1.4
      vertex 18.5448 -66.3222 2.8
      vertex 18.5448 -66.3222 1.4
    endloop
  endfacet
  facet normal 0.337275 -0.941406 0
    outer loop
      vertex 19.3686 -65.5756 1.4
      vertex 19.521 -65.521 2.8
      vertex 19.3686 -65.5756 2.8
    endloop
  endfacet
  facet normal 0.337275 -0.941406 0
    outer loop
      vertex 19.521 -65.521 2.8
      vertex 19.3686 -65.5756 1.4
      vertex 19.521 -65.521 1.4
    endloop
  endfacet
  facet normal 0.671689 -0.740833 0
    outer loop
      vertex 18.8333 -65.9333 1.4
      vertex 18.9533 -65.8245 2.8
      vertex 18.8333 -65.9333 2.8
    endloop
  endfacet
  facet normal 0.671689 -0.740833 0
    outer loop
      vertex 18.9533 -65.8245 2.8
      vertex 18.8333 -65.9333 1.4
      vertex 18.9533 -65.8245 1.4
    endloop
  endfacet
  facet normal -0.90409 -0.427343 0
    outer loop
      vertex 21.5244 -66.4686 1.4
      vertex 21.4552 -66.3222 2.8
      vertex 21.4552 -66.3222 1.4
    endloop
  endfacet
  facet normal -0.90409 -0.427343 0
    outer loop
      vertex 21.4552 -66.3222 2.8
      vertex 21.5244 -66.4686 1.4
      vertex 21.5244 -66.4686 2.8
    endloop
  endfacet
  facet normal -0.337275 0.941406 0
    outer loop
      vertex 20.6314 -68.6244 1.4
      vertex 20.479 -68.679 2.8
      vertex 20.6314 -68.6244 2.8
    endloop
  endfacet
  facet normal -0.337275 0.941406 0
    outer loop
      vertex 20.479 -68.679 2.8
      vertex 20.6314 -68.6244 1.4
      vertex 20.479 -68.679 1.4
    endloop
  endfacet
  facet normal -0.242681 0.970106 0
    outer loop
      vertex 20.479 -68.679 1.4
      vertex 20.3219 -68.7183 2.8
      vertex 20.479 -68.679 2.8
    endloop
  endfacet
  facet normal -0.242681 0.970106 0
    outer loop
      vertex 20.3219 -68.7183 2.8
      vertex 20.479 -68.679 1.4
      vertex 20.3219 -68.7183 1.4
    endloop
  endfacet
  facet normal -0.970106 0.242681 0
    outer loop
      vertex 21.579 -67.579 1.4
      vertex 21.6183 -67.4219 2.8
      vertex 21.6183 -67.4219 1.4
    endloop
  endfacet
  facet normal -0.970106 0.242681 0
    outer loop
      vertex 21.6183 -67.4219 2.8
      vertex 21.579 -67.579 1.4
      vertex 21.579 -67.579 2.8
    endloop
  endfacet
  facet normal -0.595641 0.803251 0
    outer loop
      vertex 21.0467 -68.3755 1.4
      vertex 20.9167 -68.4719 2.8
      vertex 21.0467 -68.3755 2.8
    endloop
  endfacet
  facet normal -0.595641 0.803251 0
    outer loop
      vertex 20.9167 -68.4719 2.8
      vertex 21.0467 -68.3755 1.4
      vertex 20.9167 -68.4719 1.4
    endloop
  endfacet
  facet normal -0.941406 0.337275 0
    outer loop
      vertex 21.5244 -67.7314 1.4
      vertex 21.579 -67.579 2.8
      vertex 21.579 -67.579 1.4
    endloop
  endfacet
  facet normal -0.941406 0.337275 0
    outer loop
      vertex 21.579 -67.579 2.8
      vertex 21.5244 -67.7314 1.4
      vertex 21.5244 -67.7314 2.8
    endloop
  endfacet
  facet normal -0.146951 -0.989144 0
    outer loop
      vertex 20.1617 -65.4579 1.4
      vertex 20.3219 -65.4817 2.8
      vertex 20.1617 -65.4579 2.8
    endloop
  endfacet
  facet normal -0.146951 -0.989144 -0
    outer loop
      vertex 20.3219 -65.4817 2.8
      vertex 20.1617 -65.4579 1.4
      vertex 20.3219 -65.4817 1.4
    endloop
  endfacet
  facet normal -0.740833 -0.671689 0
    outer loop
      vertex 21.2755 -66.0533 1.4
      vertex 21.1667 -65.9333 2.8
      vertex 21.1667 -65.9333 1.4
    endloop
  endfacet
  facet normal -0.740833 -0.671689 0
    outer loop
      vertex 21.1667 -65.9333 2.8
      vertex 21.2755 -66.0533 1.4
      vertex 21.2755 -66.0533 2.8
    endloop
  endfacet
  facet normal 0.941406 0.337275 0
    outer loop
      vertex 18.4756 -67.7314 2.8
      vertex 18.421 -67.579 1.4
      vertex 18.421 -67.579 2.8
    endloop
  endfacet
  facet normal 0.941406 0.337275 0
    outer loop
      vertex 18.421 -67.579 1.4
      vertex 18.4756 -67.7314 2.8
      vertex 18.4756 -67.7314 1.4
    endloop
  endfacet
  facet normal -0.998809 0.0487977 0
    outer loop
      vertex 21.6421 -67.2617 1.4
      vertex 21.65 -67.1 2.8
      vertex 21.65 -67.1 1.4
    endloop
  endfacet
  facet normal -0.998809 0.0487977 0
    outer loop
      vertex 21.65 -67.1 2.8
      vertex 21.6421 -67.2617 1.4
      vertex 21.6421 -67.2617 2.8
    endloop
  endfacet
  facet normal 0.0487977 0.998809 -0
    outer loop
      vertex 20 -68.75 1.4
      vertex 19.8383 -68.7421 2.8
      vertex 20 -68.75 2.8
    endloop
  endfacet
  facet normal 0.0487977 0.998809 0
    outer loop
      vertex 19.8383 -68.7421 2.8
      vertex 20 -68.75 1.4
      vertex 19.8383 -68.7421 1.4
    endloop
  endfacet
  facet normal 0.740833 -0.671689 0
    outer loop
      vertex 18.7245 -66.0533 2.8
      vertex 18.8333 -65.9333 1.4
      vertex 18.8333 -65.9333 2.8
    endloop
  endfacet
  facet normal 0.740833 -0.671689 0
    outer loop
      vertex 18.8333 -65.9333 1.4
      vertex 18.7245 -66.0533 2.8
      vertex 18.7245 -66.0533 1.4
    endloop
  endfacet
  facet normal -0.857602 0.514314 0
    outer loop
      vertex 21.3719 -68.0167 1.4
      vertex 21.4552 -67.8778 2.8
      vertex 21.4552 -67.8778 1.4
    endloop
  endfacet
  facet normal -0.857602 0.514314 0
    outer loop
      vertex 21.4552 -67.8778 2.8
      vertex 21.3719 -68.0167 1.4
      vertex 21.3719 -68.0167 2.8
    endloop
  endfacet
  facet normal 0 0 1
    outer loop
      vertex 21.6421 -66.9383 1.4
      vertex 21.6421 -67.2617 1.4
      vertex 21.65 -67.1 1.4
    endloop
  endfacet
  facet normal 0 0 1
    outer loop
      vertex 21.6183 -66.7781 1.4
      vertex 21.6421 -67.2617 1.4
      vertex 21.6421 -66.9383 1.4
    endloop
  endfacet
  facet normal 0 0 1
    outer loop
      vertex 21.6183 -66.7781 1.4
      vertex 21.6183 -67.4219 1.4
      vertex 21.6421 -67.2617 1.4
    endloop
  endfacet
  facet normal 0 0 1
    outer loop
      vertex 21.579 -66.621 1.4
      vertex 21.6183 -67.4219 1.4
      vertex 21.6183 -66.7781 1.4
    endloop
  endfacet
  facet normal 0 0 1
    outer loop
      vertex 21.579 -66.621 1.4
      vertex 21.579 -67.579 1.4
      vertex 21.6183 -67.4219 1.4
    endloop
  endfacet
  facet normal 0 0 1
    outer loop
      vertex 21.5244 -66.4686 1.4
      vertex 21.579 -67.579 1.4
      vertex 21.579 -66.621 1.4
    endloop
  endfacet
  facet normal 0 0 1
    outer loop
      vertex 21.5244 -66.4686 1.4
      vertex 21.5244 -67.7314 1.4
      vertex 21.579 -67.579 1.4
    endloop
  endfacet
  facet normal 0 0 1
    outer loop
      vertex 21.4552 -66.3222 1.4
      vertex 21.5244 -67.7314 1.4
      vertex 21.5244 -66.4686 1.4
    endloop
  endfacet
  facet normal 0 0 1
    outer loop
      vertex 21.4552 -66.3222 1.4
      vertex 21.4552 -67.8778 1.4
      vertex 21.5244 -67.7314 1.4
    endloop
  endfacet
  facet normal 0 0 1
    outer loop
      vertex 21.3719 -66.1833 1.4
      vertex 21.4552 -67.8778 1.4
      vertex 21.4552 -66.3222 1.4
    endloop
  endfacet
  facet normal 0 0 1
    outer loop
      vertex 21.3719 -66.1833 1.4
      vertex 21.3719 -68.0167 1.4
      vertex 21.4552 -67.8778 1.4
    endloop
  endfacet
  facet normal 0 0 1
    outer loop
      vertex 21.2755 -66.0533 1.4
      vertex 21.3719 -68.0167 1.4
      vertex 21.3719 -66.1833 1.4
    endloop
  endfacet
  facet normal 0 0 1
    outer loop
      vertex 21.2755 -66.0533 1.4
      vertex 21.2755 -68.1468 1.4
      vertex 21.3719 -68.0167 1.4
    endloop
  endfacet
  facet normal 0 0 1
    outer loop
      vertex 21.1667 -65.9333 1.4
      vertex 21.2755 -68.1468 1.4
      vertex 21.2755 -66.0533 1.4
    endloop
  endfacet
  facet normal 0 0 1
    outer loop
      vertex 21.1667 -65.9333 1.4
      vertex 21.1667 -68.2667 1.4
      vertex 21.2755 -68.1468 1.4
    endloop
  endfacet
  facet normal 0 0 1
    outer loop
      vertex 21.0467 -65.8245 1.4
      vertex 21.1667 -68.2667 1.4
      vertex 21.1667 -65.9333 1.4
    endloop
  endfacet
  facet normal 0 0 1
    outer loop
      vertex 21.0467 -65.8245 1.4
      vertex 21.0467 -68.3755 1.4
      vertex 21.1667 -68.2667 1.4
    endloop
  endfacet
  facet normal 0 0 1
    outer loop
      vertex 20.9167 -65.7281 1.4
      vertex 21.0467 -68.3755 1.4
      vertex 21.0467 -65.8245 1.4
    endloop
  endfacet
  facet normal 0 0 1
    outer loop
      vertex 20.9167 -65.7281 1.4
      vertex 20.9167 -68.4719 1.4
      vertex 21.0467 -68.3755 1.4
    endloop
  endfacet
  facet normal 0 0 1
    outer loop
      vertex 20.7778 -65.6448 1.4
      vertex 20.9167 -68.4719 1.4
      vertex 20.9167 -65.7281 1.4
    endloop
  endfacet
  facet normal 0 0 1
    outer loop
      vertex 20.7778 -65.6448 1.4
      vertex 20.7778 -68.5552 1.4
      vertex 20.9167 -68.4719 1.4
    endloop
  endfacet
  facet normal 0 0 1
    outer loop
      vertex 20.6314 -65.5756 1.4
      vertex 20.7778 -68.5552 1.4
      vertex 20.7778 -65.6448 1.4
    endloop
  endfacet
  facet normal 0 0 1
    outer loop
      vertex 20.6314 -65.5756 1.4
      vertex 20.6314 -68.6244 1.4
      vertex 20.7778 -68.5552 1.4
    endloop
  endfacet
  facet normal 0 0 1
    outer loop
      vertex 20.479 -65.521 1.4
      vertex 20.6314 -68.6244 1.4
      vertex 20.6314 -65.5756 1.4
    endloop
  endfacet
  facet normal 0 0 1
    outer loop
      vertex 20.479 -65.521 1.4
      vertex 20.479 -68.679 1.4
      vertex 20.6314 -68.6244 1.4
    endloop
  endfacet
  facet normal 0 0 1
    outer loop
      vertex 20.3219 -65.4817 1.4
      vertex 20.479 -68.679 1.4
      vertex 20.479 -65.521 1.4
    endloop
  endfacet
  facet normal 0 0 1
    outer loop
      vertex 20.3219 -65.4817 1.4
      vertex 20.3219 -68.7183 1.4
      vertex 20.479 -68.679 1.4
    endloop
  endfacet
  facet normal 0 0 1
    outer loop
      vertex 20.1617 -65.4579 1.4
      vertex 20.3219 -68.7183 1.4
      vertex 20.3219 -65.4817 1.4
    endloop
  endfacet
  facet normal 0 0 1
    outer loop
      vertex 20.1617 -65.4579 1.4
      vertex 20.1617 -68.7421 1.4
      vertex 20.3219 -68.7183 1.4
    endloop
  endfacet
  facet normal 0 0 1
    outer loop
      vertex 20 -65.45 1.4
      vertex 20.1617 -68.7421 1.4
      vertex 20.1617 -65.4579 1.4
    endloop
  endfacet
  facet normal 0 0 1
    outer loop
      vertex 20 -65.45 1.4
      vertex 20 -68.75 1.4
      vertex 20.1617 -68.7421 1.4
    endloop
  endfacet
  facet normal -0 0 1
    outer loop
      vertex 19.8383 -65.4579 1.4
      vertex 20 -68.75 1.4
      vertex 20 -65.45 1.4
    endloop
  endfacet
  facet normal 0 0 1
    outer loop
      vertex 19.8383 -65.4579 1.4
      vertex 19.8383 -68.7421 1.4
      vertex 20 -68.75 1.4
    endloop
  endfacet
  facet normal -0 0 1
    outer loop
      vertex 19.6781 -65.4817 1.4
      vertex 19.8383 -68.7421 1.4
      vertex 19.8383 -65.4579 1.4
    endloop
  endfacet
  facet normal 0 0 1
    outer loop
      vertex 19.6781 -65.4817 1.4
      vertex 19.6781 -68.7183 1.4
      vertex 19.8383 -68.7421 1.4
    endloop
  endfacet
  facet normal -0 0 1
    outer loop
      vertex 19.521 -65.521 1.4
      vertex 19.6781 -68.7183 1.4
      vertex 19.6781 -65.4817 1.4
    endloop
  endfacet
  facet normal 0 0 1
    outer loop
      vertex 19.521 -65.521 1.4
      vertex 19.521 -68.679 1.4
      vertex 19.6781 -68.7183 1.4
    endloop
  endfacet
  facet normal -0 0 1
    outer loop
      vertex 19.3686 -65.5756 1.4
      vertex 19.521 -68.679 1.4
      vertex 19.521 -65.521 1.4
    endloop
  endfacet
  facet normal 0 0 1
    outer loop
      vertex 19.3686 -65.5756 1.4
      vertex 19.3686 -68.6244 1.4
      vertex 19.521 -68.679 1.4
    endloop
  endfacet
  facet normal -0 0 1
    outer loop
      vertex 19.2222 -65.6448 1.4
      vertex 19.3686 -68.6244 1.4
      vertex 19.3686 -65.5756 1.4
    endloop
  endfacet
  facet normal 0 0 1
    outer loop
      vertex 19.2222 -65.6448 1.4
      vertex 19.2222 -68.5552 1.4
      vertex 19.3686 -68.6244 1.4
    endloop
  endfacet
  facet normal -0 0 1
    outer loop
      vertex 19.0833 -65.7281 1.4
      vertex 19.2222 -68.5552 1.4
      vertex 19.2222 -65.6448 1.4
    endloop
  endfacet
  facet normal 0 0 1
    outer loop
      vertex 19.0833 -65.7281 1.4
      vertex 19.0833 -68.4719 1.4
      vertex 19.2222 -68.5552 1.4
    endloop
  endfacet
  facet normal -0 0 1
    outer loop
      vertex 18.9533 -65.8245 1.4
      vertex 19.0833 -68.4719 1.4
      vertex 19.0833 -65.7281 1.4
    endloop
  endfacet
  facet normal 0 0 1
    outer loop
      vertex 18.9533 -65.8245 1.4
      vertex 18.9533 -68.3755 1.4
      vertex 19.0833 -68.4719 1.4
    endloop
  endfacet
  facet normal -0 0 1
    outer loop
      vertex 18.8333 -65.9333 1.4
      vertex 18.9533 -68.3755 1.4
      vertex 18.9533 -65.8245 1.4
    endloop
  endfacet
  facet normal 0 0 1
    outer loop
      vertex 18.8333 -65.9333 1.4
      vertex 18.8333 -68.2667 1.4
      vertex 18.9533 -68.3755 1.4
    endloop
  endfacet
  facet normal -0 0 1
    outer loop
      vertex 18.7245 -66.0533 1.4
      vertex 18.8333 -68.2667 1.4
      vertex 18.8333 -65.9333 1.4
    endloop
  endfacet
  facet normal 0 0 1
    outer loop
      vertex 18.7245 -66.0533 1.4
      vertex 18.7245 -68.1468 1.4
      vertex 18.8333 -68.2667 1.4
    endloop
  endfacet
  facet normal -0 0 1
    outer loop
      vertex 18.6281 -66.1833 1.4
      vertex 18.7245 -68.1468 1.4
      vertex 18.7245 -66.0533 1.4
    endloop
  endfacet
  facet normal 0 0 1
    outer loop
      vertex 18.6281 -66.1833 1.4
      vertex 18.6281 -68.0167 1.4
      vertex 18.7245 -68.1468 1.4
    endloop
  endfacet
  facet normal -0 0 1
    outer loop
      vertex 18.5448 -66.3222 1.4
      vertex 18.6281 -68.0167 1.4
      vertex 18.6281 -66.1833 1.4
    endloop
  endfacet
  facet normal 0 0 1
    outer loop
      vertex 18.5448 -66.3222 1.4
      vertex 18.5448 -67.8778 1.4
      vertex 18.6281 -68.0167 1.4
    endloop
  endfacet
  facet normal -0 0 1
    outer loop
      vertex 18.4756 -66.4686 1.4
      vertex 18.5448 -67.8778 1.4
      vertex 18.5448 -66.3222 1.4
    endloop
  endfacet
  facet normal 0 0 1
    outer loop
      vertex 18.4756 -66.4686 1.4
      vertex 18.4756 -67.7314 1.4
      vertex 18.5448 -67.8778 1.4
    endloop
  endfacet
  facet normal -0 0 1
    outer loop
      vertex 18.421 -66.621 1.4
      vertex 18.4756 -67.7314 1.4
      vertex 18.4756 -66.4686 1.4
    endloop
  endfacet
  facet normal 0 0 1
    outer loop
      vertex 18.421 -66.621 1.4
      vertex 18.421 -67.579 1.4
      vertex 18.4756 -67.7314 1.4
    endloop
  endfacet
  facet normal -0 0 1
    outer loop
      vertex 18.3817 -66.7781 1.4
      vertex 18.421 -67.579 1.4
      vertex 18.421 -66.621 1.4
    endloop
  endfacet
  facet normal 0 0 1
    outer loop
      vertex 18.3817 -66.7781 1.4
      vertex 18.3817 -67.4219 1.4
      vertex 18.421 -67.579 1.4
    endloop
  endfacet
  facet normal -0 0 1
    outer loop
      vertex 18.3579 -66.9383 1.4
      vertex 18.3817 -67.4219 1.4
      vertex 18.3817 -66.7781 1.4
    endloop
  endfacet
  facet normal 0 0 1
    outer loop
      vertex 18.3579 -66.9383 1.4
      vertex 18.3579 -67.2617 1.4
      vertex 18.3817 -67.4219 1.4
    endloop
  endfacet
  facet normal 0 -0 1
    outer loop
      vertex 18.3579 -67.2617 1.4
      vertex 18.3579 -66.9383 1.4
      vertex 18.35 -67.1 1.4
    endloop
  endfacet
  facet normal 0.998809 0.0487977 0
    outer loop
      vertex 18.3579 -67.2617 2.8
      vertex 18.35 -67.1 1.4
      vertex 18.35 -67.1 2.8
    endloop
  endfacet
  facet normal 0.998809 0.0487977 0
    outer loop
      vertex 18.35 -67.1 1.4
      vertex 18.3579 -67.2617 2.8
      vertex 18.3579 -67.2617 1.4
    endloop
  endfacet
  facet normal 0.80347 0.595346 0
    outer loop
      vertex 18.7245 -68.1468 2.8
      vertex 18.6281 -68.0167 1.4
      vertex 18.6281 -68.0167 2.8
    endloop
  endfacet
  facet normal 0.80347 0.595346 0
    outer loop
      vertex 18.6281 -68.0167 1.4
      vertex 18.7245 -68.1468 2.8
      vertex 18.7245 -68.1468 1.4
    endloop
  endfacet
  facet normal 0.427343 0.90409 -0
    outer loop
      vertex 19.3686 -68.6244 1.4
      vertex 19.2222 -68.5552 2.8
      vertex 19.3686 -68.6244 2.8
    endloop
  endfacet
  facet normal 0.427343 0.90409 0
    outer loop
      vertex 19.2222 -68.5552 2.8
      vertex 19.3686 -68.6244 1.4
      vertex 19.2222 -68.5552 1.4
    endloop
  endfacet
  facet normal -0.0487977 -0.998809 0
    outer loop
      vertex 20 -65.45 1.4
      vertex 20.1617 -65.4579 2.8
      vertex 20 -65.45 2.8
    endloop
  endfacet
  facet normal -0.0487977 -0.998809 -0
    outer loop
      vertex 20.1617 -65.4579 2.8
      vertex 20 -65.45 1.4
      vertex 20.1617 -65.4579 1.4
    endloop
  endfacet
  facet normal -0.90409 0.427343 0
    outer loop
      vertex 21.4552 -67.8778 1.4
      vertex 21.5244 -67.7314 2.8
      vertex 21.5244 -67.7314 1.4
    endloop
  endfacet
  facet normal -0.90409 0.427343 0
    outer loop
      vertex 21.5244 -67.7314 2.8
      vertex 21.4552 -67.8778 1.4
      vertex 21.4552 -67.8778 2.8
    endloop
  endfacet
  facet normal -0.595641 -0.803251 0
    outer loop
      vertex 20.9167 -65.7281 1.4
      vertex 21.0467 -65.8245 2.8
      vertex 20.9167 -65.7281 2.8
    endloop
  endfacet
  facet normal -0.595641 -0.803251 -0
    outer loop
      vertex 21.0467 -65.8245 2.8
      vertex 20.9167 -65.7281 1.4
      vertex 21.0467 -65.8245 1.4
    endloop
  endfacet
  facet normal -0.857602 -0.514314 0
    outer loop
      vertex 21.4552 -66.3222 1.4
      vertex 21.3719 -66.1833 2.8
      vertex 21.3719 -66.1833 1.4
    endloop
  endfacet
  facet normal -0.857602 -0.514314 0
    outer loop
      vertex 21.3719 -66.1833 2.8
      vertex 21.4552 -66.3222 1.4
      vertex 21.4552 -66.3222 2.8
    endloop
  endfacet
  facet normal -0.146951 0.989144 0
    outer loop
      vertex 20.3219 -68.7183 1.4
      vertex 20.1617 -68.7421 2.8
      vertex 20.3219 -68.7183 2.8
    endloop
  endfacet
  facet normal -0.146951 0.989144 0
    outer loop
      vertex 20.1617 -68.7421 2.8
      vertex 20.3219 -68.7183 1.4
      vertex 20.1617 -68.7421 1.4
    endloop
  endfacet
  facet normal 0.989144 -0.146951 0
    outer loop
      vertex 18.3579 -66.9383 2.8
      vertex 18.3817 -66.7781 1.4
      vertex 18.3817 -66.7781 2.8
    endloop
  endfacet
  facet normal 0.989144 -0.146951 0
    outer loop
      vertex 18.3817 -66.7781 1.4
      vertex 18.3579 -66.9383 2.8
      vertex 18.3579 -66.9383 1.4
    endloop
  endfacet
  facet normal -0.427343 -0.90409 0
    outer loop
      vertex 20.6314 -65.5756 1.4
      vertex 20.7778 -65.6448 2.8
      vertex 20.6314 -65.5756 2.8
    endloop
  endfacet
  facet normal -0.427343 -0.90409 -0
    outer loop
      vertex 20.7778 -65.6448 2.8
      vertex 20.6314 -65.5756 1.4
      vertex 20.7778 -65.6448 1.4
    endloop
  endfacet
  facet normal 0.242681 0.970106 -0
    outer loop
      vertex 19.6781 -68.7183 1.4
      vertex 19.521 -68.679 2.8
      vertex 19.6781 -68.7183 2.8
    endloop
  endfacet
  facet normal 0.242681 0.970106 0
    outer loop
      vertex 19.521 -68.679 2.8
      vertex 19.6781 -68.7183 1.4
      vertex 19.521 -68.679 1.4
    endloop
  endfacet
  facet normal 0.595641 -0.803251 0
    outer loop
      vertex 18.9533 -65.8245 1.4
      vertex 19.0833 -65.7281 2.8
      vertex 18.9533 -65.8245 2.8
    endloop
  endfacet
  facet normal 0.595641 -0.803251 0
    outer loop
      vertex 19.0833 -65.7281 2.8
      vertex 18.9533 -65.8245 1.4
      vertex 19.0833 -65.7281 1.4
    endloop
  endfacet
  facet normal 0.514314 0.857602 -0
    outer loop
      vertex 19.2222 -68.5552 1.4
      vertex 19.0833 -68.4719 2.8
      vertex 19.2222 -68.5552 2.8
    endloop
  endfacet
  facet normal 0.514314 0.857602 0
    outer loop
      vertex 19.0833 -68.4719 2.8
      vertex 19.2222 -68.5552 1.4
      vertex 19.0833 -68.4719 1.4
    endloop
  endfacet
  facet normal 0.90409 -0.427343 0
    outer loop
      vertex 18.4756 -66.4686 2.8
      vertex 18.5448 -66.3222 1.4
      vertex 18.5448 -66.3222 2.8
    endloop
  endfacet
  facet normal 0.90409 -0.427343 0
    outer loop
      vertex 18.5448 -66.3222 1.4
      vertex 18.4756 -66.4686 2.8
      vertex 18.4756 -66.4686 1.4
    endloop
  endfacet
  facet normal 0.740555 0.671996 0
    outer loop
      vertex 18.8333 -68.2667 2.8
      vertex 18.7245 -68.1468 1.4
      vertex 18.7245 -68.1468 2.8
    endloop
  endfacet
  facet normal 0.740555 0.671996 0
    outer loop
      vertex 18.7245 -68.1468 1.4
      vertex 18.8333 -68.2667 2.8
      vertex 18.8333 -68.2667 1.4
    endloop
  endfacet
  facet normal -0.671689 -0.740833 0
    outer loop
      vertex 21.0467 -65.8245 1.4
      vertex 21.1667 -65.9333 2.8
      vertex 21.0467 -65.8245 2.8
    endloop
  endfacet
  facet normal -0.671689 -0.740833 -0
    outer loop
      vertex 21.1667 -65.9333 2.8
      vertex 21.0467 -65.8245 1.4
      vertex 21.1667 -65.9333 1.4
    endloop
  endfacet
  facet normal 0.242681 -0.970106 0
    outer loop
      vertex 19.521 -65.521 1.4
      vertex 19.6781 -65.4817 2.8
      vertex 19.521 -65.521 2.8
    endloop
  endfacet
  facet normal 0.242681 -0.970106 0
    outer loop
      vertex 19.6781 -65.4817 2.8
      vertex 19.521 -65.521 1.4
      vertex 19.6781 -65.4817 1.4
    endloop
  endfacet
  facet normal 0.427343 -0.90409 0
    outer loop
      vertex 19.2222 -65.6448 1.4
      vertex 19.3686 -65.5756 2.8
      vertex 19.2222 -65.6448 2.8
    endloop
  endfacet
  facet normal 0.427343 -0.90409 0
    outer loop
      vertex 19.3686 -65.5756 2.8
      vertex 19.2222 -65.6448 1.4
      vertex 19.3686 -65.5756 1.4
    endloop
  endfacet
  facet normal 0.0487977 -0.998809 0
    outer loop
      vertex 19.8383 -65.4579 1.4
      vertex 20 -65.45 2.8
      vertex 19.8383 -65.4579 2.8
    endloop
  endfacet
  facet normal 0.0487977 -0.998809 0
    outer loop
      vertex 20 -65.45 2.8
      vertex 19.8383 -65.4579 1.4
      vertex 20 -65.45 1.4
    endloop
  endfacet
  facet normal 0.970106 0.242681 0
    outer loop
      vertex 18.421 -67.579 2.8
      vertex 18.3817 -67.4219 1.4
      vertex 18.3817 -67.4219 2.8
    endloop
  endfacet
  facet normal 0.970106 0.242681 0
    outer loop
      vertex 18.3817 -67.4219 1.4
      vertex 18.421 -67.579 2.8
      vertex 18.421 -67.579 1.4
    endloop
  endfacet
  facet normal -0.242681 -0.970106 0
    outer loop
      vertex 20.3219 -65.4817 1.4
      vertex 20.479 -65.521 2.8
      vertex 20.3219 -65.4817 2.8
    endloop
  endfacet
  facet normal -0.242681 -0.970106 -0
    outer loop
      vertex 20.479 -65.521 2.8
      vertex 20.3219 -65.4817 1.4
      vertex 20.479 -65.521 1.4
    endloop
  endfacet
  facet normal -0.427343 0.90409 0
    outer loop
      vertex 20.7778 -68.5552 1.4
      vertex 20.6314 -68.6244 2.8
      vertex 20.7778 -68.5552 2.8
    endloop
  endfacet
  facet normal -0.427343 0.90409 0
    outer loop
      vertex 20.6314 -68.6244 2.8
      vertex 20.7778 -68.5552 1.4
      vertex 20.6314 -68.6244 1.4
    endloop
  endfacet
  facet normal -0.514314 0.857602 0
    outer loop
      vertex 20.9167 -68.4719 1.4
      vertex 20.7778 -68.5552 2.8
      vertex 20.9167 -68.4719 2.8
    endloop
  endfacet
  facet normal -0.514314 0.857602 0
    outer loop
      vertex 20.7778 -68.5552 2.8
      vertex 20.9167 -68.4719 1.4
      vertex 20.7778 -68.5552 1.4
    endloop
  endfacet
  facet normal 0.90409 0.427343 0
    outer loop
      vertex 18.5448 -67.8778 2.8
      vertex 18.4756 -67.7314 1.4
      vertex 18.4756 -67.7314 2.8
    endloop
  endfacet
  facet normal 0.90409 0.427343 0
    outer loop
      vertex 18.4756 -67.7314 1.4
      vertex 18.5448 -67.8778 2.8
      vertex 18.5448 -67.8778 1.4
    endloop
  endfacet
  facet normal -0.80347 0.595346 0
    outer loop
      vertex 21.2755 -68.1468 1.4
      vertex 21.3719 -68.0167 2.8
      vertex 21.3719 -68.0167 1.4
    endloop
  endfacet
  facet normal -0.80347 0.595346 0
    outer loop
      vertex 21.3719 -68.0167 2.8
      vertex 21.2755 -68.1468 1.4
      vertex 21.2755 -68.1468 2.8
    endloop
  endfacet
  facet normal -0.671689 0.740833 0
    outer loop
      vertex 21.1667 -68.2667 1.4
      vertex 21.0467 -68.3755 2.8
      vertex 21.1667 -68.2667 2.8
    endloop
  endfacet
  facet normal -0.671689 0.740833 0
    outer loop
      vertex 21.0467 -68.3755 2.8
      vertex 21.1667 -68.2667 1.4
      vertex 21.0467 -68.3755 1.4
    endloop
  endfacet
  facet normal -0.0489209 0.998803 0
    outer loop
      vertex 32.996 -62.2904 0
      vertex 32.8 -62.3 2.8
      vertex 32.996 -62.2904 2.8
    endloop
  endfacet
  facet normal -0.0489209 0.998803 0
    outer loop
      vertex 32.8 -62.3 2.8
      vertex 32.996 -62.2904 0
      vertex 32.8 -62.3 0
    endloop
  endfacet
  facet normal 0.740908 -0.671607 0
    outer loop
      vertex -34.346 61.5688 2.8
      vertex -34.2142 61.7142 0
      vertex -34.2142 61.7142 2.8
    endloop
  endfacet
  facet normal 0.740908 -0.671607 0
    outer loop
      vertex -34.2142 61.7142 0
      vertex -34.346 61.5688 2.8
      vertex -34.346 61.5688 0
    endloop
  endfacet
  facet normal 0.514196 -0.857673 0
    outer loop
      vertex -33.9111 61.9629 0
      vertex -33.7428 62.0638 2.8
      vertex -33.9111 61.9629 2.8
    endloop
  endfacet
  facet normal 0.514196 -0.857673 0
    outer loop
      vertex -33.7428 62.0638 2.8
      vertex -33.9111 61.9629 0
      vertex -33.7428 62.0638 0
    endloop
  endfacet
  facet normal -0.595508 -0.80335 0
    outer loop
      vertex 33.9111 61.9629 0
      vertex 34.0688 61.846 2.8
      vertex 33.9111 61.9629 2.8
    endloop
  endfacet
  facet normal -0.595508 -0.80335 -0
    outer loop
      vertex 34.0688 61.846 2.8
      vertex 33.9111 61.9629 0
      vertex 34.0688 61.846 0
    endloop
  endfacet
  facet normal 1 -0 0
    outer loop
      vertex -34.8 -60.3 2.8
      vertex -34.8 60.3 0
      vertex -34.8 60.3 2.8
    endloop
  endfacet
  facet normal 1 0 0
    outer loop
      vertex -34.8 60.3 0
      vertex -34.8 -60.3 2.8
      vertex -34.8 -60.3 0
    endloop
  endfacet
  facet normal -0.336788 -0.94158 0
    outer loop
      vertex 33.3806 62.2139 0
      vertex 33.5654 62.1478 2.8
      vertex 33.3806 62.2139 2.8
    endloop
  endfacet
  facet normal -0.336788 -0.94158 -0
    outer loop
      vertex 33.5654 62.1478 2.8
      vertex 33.3806 62.2139 0
      vertex 33.5654 62.1478 0
    endloop
  endfacet
  facet normal -0.243015 -0.970023 0
    outer loop
      vertex 33.1902 62.2616 0
      vertex 33.3806 62.2139 2.8
      vertex 33.1902 62.2616 2.8
    endloop
  endfacet
  facet normal -0.243015 -0.970023 -0
    outer loop
      vertex 33.3806 62.2139 2.8
      vertex 33.1902 62.2616 0
      vertex 33.3806 62.2139 0
    endloop
  endfacet
  facet normal 0 -1 0
    outer loop
      vertex -32.8 62.3 0
      vertex 32.8 62.3 2.8
      vertex -32.8 62.3 2.8
    endloop
  endfacet
  facet normal 0 -1 -0
    outer loop
      vertex 32.8 62.3 2.8
      vertex -32.8 62.3 0
      vertex 32.8 62.3 0
    endloop
  endfacet
  facet normal 0.595508 0.80335 -0
    outer loop
      vertex -33.9111 -61.9629 0
      vertex -34.0688 -61.846 2.8
      vertex -33.9111 -61.9629 2.8
    endloop
  endfacet
  facet normal 0.595508 0.80335 0
    outer loop
      vertex -34.0688 -61.846 2.8
      vertex -33.9111 -61.9629 0
      vertex -34.0688 -61.846 0
    endloop
  endfacet
  facet normal 0.146696 -0.989182 0
    outer loop
      vertex -33.1902 62.2616 0
      vertex -32.996 62.2904 2.8
      vertex -33.1902 62.2616 2.8
    endloop
  endfacet
  facet normal 0.146696 -0.989182 0
    outer loop
      vertex -32.996 62.2904 2.8
      vertex -33.1902 62.2616 0
      vertex -32.996 62.2904 0
    endloop
  endfacet
  facet normal 0.427955 -0.9038 0
    outer loop
      vertex -33.7428 62.0638 0
      vertex -33.5654 62.1478 2.8
      vertex -33.7428 62.0638 2.8
    endloop
  endfacet
  facet normal 0.427955 -0.9038 0
    outer loop
      vertex -33.5654 62.1478 2.8
      vertex -33.7428 62.0638 0
      vertex -33.5654 62.1478 0
    endloop
  endfacet
  facet normal 0.998803 -0.0489209 0
    outer loop
      vertex -34.8 60.3 2.8
      vertex -34.7904 60.496 0
      vertex -34.7904 60.496 2.8
    endloop
  endfacet
  facet normal 0.998803 -0.0489209 0
    outer loop
      vertex -34.7904 60.496 0
      vertex -34.8 60.3 2.8
      vertex -34.8 60.3 0
    endloop
  endfacet
  facet normal 0 1 -0
    outer loop
      vertex 32.8 -62.3 0
      vertex -32.8 -62.3 2.8
      vertex 32.8 -62.3 2.8
    endloop
  endfacet
  facet normal 0 1 0
    outer loop
      vertex -32.8 -62.3 2.8
      vertex 32.8 -62.3 0
      vertex -32.8 -62.3 0
    endloop
  endfacet
  facet normal 0.514196 0.857673 -0
    outer loop
      vertex -33.7428 -62.0638 0
      vertex -33.9111 -61.9629 2.8
      vertex -33.7428 -62.0638 2.8
    endloop
  endfacet
  facet normal 0.514196 0.857673 0
    outer loop
      vertex -33.9111 -61.9629 2.8
      vertex -33.7428 -62.0638 0
      vertex -33.9111 -61.9629 0
    endloop
  endfacet
  facet normal -0.514196 -0.857673 0
    outer loop
      vertex 33.7428 62.0638 0
      vertex 33.9111 61.9629 2.8
      vertex 33.7428 62.0638 2.8
    endloop
  endfacet
  facet normal -0.514196 -0.857673 -0
    outer loop
      vertex 33.9111 61.9629 2.8
      vertex 33.7428 62.0638 0
      vertex 33.9111 61.9629 0
    endloop
  endfacet
  facet normal 0.94158 0.336788 0
    outer loop
      vertex -34.6478 -61.0654 2.8
      vertex -34.7139 -60.8806 0
      vertex -34.7139 -60.8806 2.8
    endloop
  endfacet
  facet normal 0.94158 0.336788 0
    outer loop
      vertex -34.7139 -60.8806 0
      vertex -34.6478 -61.0654 2.8
      vertex -34.6478 -61.0654 0
    endloop
  endfacet
  facet normal -0.671607 -0.740908 0
    outer loop
      vertex 34.0688 61.846 0
      vertex 34.2142 61.7142 2.8
      vertex 34.0688 61.846 2.8
    endloop
  endfacet
  facet normal -0.671607 -0.740908 -0
    outer loop
      vertex 34.2142 61.7142 2.8
      vertex 34.0688 61.846 0
      vertex 34.2142 61.7142 0
    endloop
  endfacet
  facet normal 0.970023 0.243015 0
    outer loop
      vertex -34.7139 -60.8806 2.8
      vertex -34.7616 -60.6902 0
      vertex -34.7616 -60.6902 2.8
    endloop
  endfacet
  facet normal 0.970023 0.243015 0
    outer loop
      vertex -34.7616 -60.6902 0
      vertex -34.7139 -60.8806 2.8
      vertex -34.7139 -60.8806 0
    endloop
  endfacet
  facet normal 0.336788 -0.94158 0
    outer loop
      vertex -33.5654 62.1478 0
      vertex -33.3806 62.2139 2.8
      vertex -33.5654 62.1478 2.8
    endloop
  endfacet
  facet normal 0.336788 -0.94158 0
    outer loop
      vertex -33.3806 62.2139 2.8
      vertex -33.5654 62.1478 0
      vertex -33.3806 62.2139 0
    endloop
  endfacet
  facet normal 0.427955 0.9038 -0
    outer loop
      vertex -33.5654 -62.1478 0
      vertex -33.7428 -62.0638 2.8
      vertex -33.5654 -62.1478 2.8
    endloop
  endfacet
  facet normal 0.427955 0.9038 0
    outer loop
      vertex -33.7428 -62.0638 2.8
      vertex -33.5654 -62.1478 0
      vertex -33.7428 -62.0638 0
    endloop
  endfacet
  facet normal 0.857673 -0.514196 0
    outer loop
      vertex -34.5638 61.2428 2.8
      vertex -34.4629 61.4111 0
      vertex -34.4629 61.4111 2.8
    endloop
  endfacet
  facet normal 0.857673 -0.514196 0
    outer loop
      vertex -34.4629 61.4111 0
      vertex -34.5638 61.2428 2.8
      vertex -34.5638 61.2428 0
    endloop
  endfacet
  facet normal -0.970023 -0.243015 0
    outer loop
      vertex 34.7616 60.6902 0
      vertex 34.7139 60.8806 2.8
      vertex 34.7139 60.8806 0
    endloop
  endfacet
  facet normal -0.970023 -0.243015 0
    outer loop
      vertex 34.7139 60.8806 2.8
      vertex 34.7616 60.6902 0
      vertex 34.7616 60.6902 2.8
    endloop
  endfacet
  facet normal 0.0489209 -0.998803 0
    outer loop
      vertex -32.996 62.2904 0
      vertex -32.8 62.3 2.8
      vertex -32.996 62.2904 2.8
    endloop
  endfacet
  facet normal 0.0489209 -0.998803 0
    outer loop
      vertex -32.8 62.3 2.8
      vertex -32.996 62.2904 0
      vertex -32.8 62.3 0
    endloop
  endfacet
  facet normal -0.0489209 -0.998803 0
    outer loop
      vertex 32.8 62.3 0
      vertex 32.996 62.2904 2.8
      vertex 32.8 62.3 2.8
    endloop
  endfacet
  facet normal -0.0489209 -0.998803 -0
    outer loop
      vertex 32.996 62.2904 2.8
      vertex 32.8 62.3 0
      vertex 32.996 62.2904 0
    endloop
  endfacet
  facet normal -0.998803 -0.0489209 0
    outer loop
      vertex 34.8 60.3 0
      vertex 34.7904 60.496 2.8
      vertex 34.7904 60.496 0
    endloop
  endfacet
  facet normal -0.998803 -0.0489209 0
    outer loop
      vertex 34.7904 60.496 2.8
      vertex 34.8 60.3 0
      vertex 34.8 60.3 2.8
    endloop
  endfacet
  facet normal 0.970023 -0.243015 0
    outer loop
      vertex -34.7616 60.6902 2.8
      vertex -34.7139 60.8806 0
      vertex -34.7139 60.8806 2.8
    endloop
  endfacet
  facet normal 0.970023 -0.243015 0
    outer loop
      vertex -34.7139 60.8806 0
      vertex -34.7616 60.6902 2.8
      vertex -34.7616 60.6902 0
    endloop
  endfacet
  facet normal -0.740908 -0.671607 0
    outer loop
      vertex 34.346 61.5688 0
      vertex 34.2142 61.7142 2.8
      vertex 34.2142 61.7142 0
    endloop
  endfacet
  facet normal -0.740908 -0.671607 0
    outer loop
      vertex 34.2142 61.7142 2.8
      vertex 34.346 61.5688 0
      vertex 34.346 61.5688 2.8
    endloop
  endfacet
  facet normal -0.998803 0.0489209 0
    outer loop
      vertex 34.7904 -60.496 0
      vertex 34.8 -60.3 2.8
      vertex 34.8 -60.3 0
    endloop
  endfacet
  facet normal -0.998803 0.0489209 0
    outer loop
      vertex 34.8 -60.3 2.8
      vertex 34.7904 -60.496 0
      vertex 34.7904 -60.496 2.8
    endloop
  endfacet
  facet normal -1 0 0
    outer loop
      vertex 34.8 -60.3 0
      vertex 34.8 60.3 2.8
      vertex 34.8 60.3 0
    endloop
  endfacet
  facet normal -1 -0 0
    outer loop
      vertex 34.8 60.3 2.8
      vertex 34.8 -60.3 0
      vertex 34.8 -60.3 2.8
    endloop
  endfacet
  facet normal 0.0489209 0.998803 -0
    outer loop
      vertex -32.8 -62.3 0
      vertex -32.996 -62.2904 2.8
      vertex -32.8 -62.3 2.8
    endloop
  endfacet
  facet normal 0.0489209 0.998803 0
    outer loop
      vertex -32.996 -62.2904 2.8
      vertex -32.8 -62.3 0
      vertex -32.996 -62.2904 0
    endloop
  endfacet
  facet normal 0.336788 0.94158 -0
    outer loop
      vertex -33.3806 -62.2139 0
      vertex -33.5654 -62.1478 2.8
      vertex -33.3806 -62.2139 2.8
    endloop
  endfacet
  facet normal 0.336788 0.94158 0
    outer loop
      vertex -33.5654 -62.1478 2.8
      vertex -33.3806 -62.2139 0
      vertex -33.5654 -62.1478 0
    endloop
  endfacet
  facet normal -0.80335 -0.595508 0
    outer loop
      vertex 34.4629 61.4111 0
      vertex 34.346 61.5688 2.8
      vertex 34.346 61.5688 0
    endloop
  endfacet
  facet normal -0.80335 -0.595508 0
    outer loop
      vertex 34.346 61.5688 2.8
      vertex 34.4629 61.4111 0
      vertex 34.4629 61.4111 2.8
    endloop
  endfacet
  facet normal 0.671607 -0.740908 0
    outer loop
      vertex -34.2142 61.7142 0
      vertex -34.0688 61.846 2.8
      vertex -34.2142 61.7142 2.8
    endloop
  endfacet
  facet normal 0.671607 -0.740908 0
    outer loop
      vertex -34.0688 61.846 2.8
      vertex -34.2142 61.7142 0
      vertex -34.0688 61.846 0
    endloop
  endfacet
  facet normal -0.989182 -0.146696 0
    outer loop
      vertex 34.7904 60.496 0
      vertex 34.7616 60.6902 2.8
      vertex 34.7616 60.6902 0
    endloop
  endfacet
  facet normal -0.989182 -0.146696 0
    outer loop
      vertex 34.7616 60.6902 2.8
      vertex 34.7904 60.496 0
      vertex 34.7904 60.496 2.8
    endloop
  endfacet
  facet normal -0.857673 -0.514196 0
    outer loop
      vertex 34.5638 61.2428 0
      vertex 34.4629 61.4111 2.8
      vertex 34.4629 61.4111 0
    endloop
  endfacet
  facet normal -0.857673 -0.514196 0
    outer loop
      vertex 34.4629 61.4111 2.8
      vertex 34.5638 61.2428 0
      vertex 34.5638 61.2428 2.8
    endloop
  endfacet
  facet normal -0.94158 -0.336788 0
    outer loop
      vertex 34.7139 60.8806 0
      vertex 34.6478 61.0654 2.8
      vertex 34.6478 61.0654 0
    endloop
  endfacet
  facet normal -0.94158 -0.336788 0
    outer loop
      vertex 34.6478 61.0654 2.8
      vertex 34.7139 60.8806 0
      vertex 34.7139 60.8806 2.8
    endloop
  endfacet
  facet normal -0.514196 0.857673 0
    outer loop
      vertex 33.9111 -61.9629 0
      vertex 33.7428 -62.0638 2.8
      vertex 33.9111 -61.9629 2.8
    endloop
  endfacet
  facet normal -0.514196 0.857673 0
    outer loop
      vertex 33.7428 -62.0638 2.8
      vertex 33.9111 -61.9629 0
      vertex 33.7428 -62.0638 0
    endloop
  endfacet
  facet normal 0.989182 -0.146696 0
    outer loop
      vertex -34.7904 60.496 2.8
      vertex -34.7616 60.6902 0
      vertex -34.7616 60.6902 2.8
    endloop
  endfacet
  facet normal 0.989182 -0.146696 0
    outer loop
      vertex -34.7616 60.6902 0
      vertex -34.7904 60.496 2.8
      vertex -34.7904 60.496 0
    endloop
  endfacet
  facet normal 0.80335 0.595508 0
    outer loop
      vertex -34.346 -61.5688 2.8
      vertex -34.4629 -61.4111 0
      vertex -34.4629 -61.4111 2.8
    endloop
  endfacet
  facet normal 0.80335 0.595508 0
    outer loop
      vertex -34.4629 -61.4111 0
      vertex -34.346 -61.5688 2.8
      vertex -34.346 -61.5688 0
    endloop
  endfacet
  facet normal 0.146696 0.989182 -0
    outer loop
      vertex -32.996 -62.2904 0
      vertex -33.1902 -62.2616 2.8
      vertex -32.996 -62.2904 2.8
    endloop
  endfacet
  facet normal 0.146696 0.989182 0
    outer loop
      vertex -33.1902 -62.2616 2.8
      vertex -32.996 -62.2904 0
      vertex -33.1902 -62.2616 0
    endloop
  endfacet
  facet normal 0.998803 0.0489209 0
    outer loop
      vertex -34.7904 -60.496 2.8
      vertex -34.8 -60.3 0
      vertex -34.8 -60.3 2.8
    endloop
  endfacet
  facet normal 0.998803 0.0489209 0
    outer loop
      vertex -34.8 -60.3 0
      vertex -34.7904 -60.496 2.8
      vertex -34.7904 -60.496 0
    endloop
  endfacet
  facet normal 0.857673 0.514196 0
    outer loop
      vertex -34.4629 -61.4111 2.8
      vertex -34.5638 -61.2428 0
      vertex -34.5638 -61.2428 2.8
    endloop
  endfacet
  facet normal 0.857673 0.514196 0
    outer loop
      vertex -34.5638 -61.2428 0
      vertex -34.4629 -61.4111 2.8
      vertex -34.4629 -61.4111 0
    endloop
  endfacet
  facet normal 0.94158 -0.336788 0
    outer loop
      vertex -34.7139 60.8806 2.8
      vertex -34.6478 61.0654 0
      vertex -34.6478 61.0654 2.8
    endloop
  endfacet
  facet normal 0.94158 -0.336788 0
    outer loop
      vertex -34.6478 61.0654 0
      vertex -34.7139 60.8806 2.8
      vertex -34.7139 60.8806 0
    endloop
  endfacet
  facet normal 0.989182 0.146696 0
    outer loop
      vertex -34.7616 -60.6902 2.8
      vertex -34.7904 -60.496 0
      vertex -34.7904 -60.496 2.8
    endloop
  endfacet
  facet normal 0.989182 0.146696 0
    outer loop
      vertex -34.7904 -60.496 0
      vertex -34.7616 -60.6902 2.8
      vertex -34.7616 -60.6902 0
    endloop
  endfacet
  facet normal 0.595508 -0.80335 0
    outer loop
      vertex -34.0688 61.846 0
      vertex -33.9111 61.9629 2.8
      vertex -34.0688 61.846 2.8
    endloop
  endfacet
  facet normal 0.595508 -0.80335 0
    outer loop
      vertex -33.9111 61.9629 2.8
      vertex -34.0688 61.846 0
      vertex -33.9111 61.9629 0
    endloop
  endfacet
  facet normal 0.9038 0.427955 0
    outer loop
      vertex -34.5638 -61.2428 2.8
      vertex -34.6478 -61.0654 0
      vertex -34.6478 -61.0654 2.8
    endloop
  endfacet
  facet normal 0.9038 0.427955 0
    outer loop
      vertex -34.6478 -61.0654 0
      vertex -34.5638 -61.2428 2.8
      vertex -34.5638 -61.2428 0
    endloop
  endfacet
  facet normal -0.989182 0.146696 0
    outer loop
      vertex 34.7616 -60.6902 0
      vertex 34.7904 -60.496 2.8
      vertex 34.7904 -60.496 0
    endloop
  endfacet
  facet normal -0.989182 0.146696 0
    outer loop
      vertex 34.7904 -60.496 2.8
      vertex 34.7616 -60.6902 0
      vertex 34.7616 -60.6902 2.8
    endloop
  endfacet
  facet normal -0.80335 0.595508 0
    outer loop
      vertex 34.346 -61.5688 0
      vertex 34.4629 -61.4111 2.8
      vertex 34.4629 -61.4111 0
    endloop
  endfacet
  facet normal -0.80335 0.595508 0
    outer loop
      vertex 34.4629 -61.4111 2.8
      vertex 34.346 -61.5688 0
      vertex 34.346 -61.5688 2.8
    endloop
  endfacet
  facet normal -0.427955 0.9038 0
    outer loop
      vertex 33.7428 -62.0638 0
      vertex 33.5654 -62.1478 2.8
      vertex 33.7428 -62.0638 2.8
    endloop
  endfacet
  facet normal -0.427955 0.9038 0
    outer loop
      vertex 33.5654 -62.1478 2.8
      vertex 33.7428 -62.0638 0
      vertex 33.5654 -62.1478 0
    endloop
  endfacet
  facet normal 0.9038 -0.427955 0
    outer loop
      vertex -34.6478 61.0654 2.8
      vertex -34.5638 61.2428 0
      vertex -34.5638 61.2428 2.8
    endloop
  endfacet
  facet normal 0.9038 -0.427955 0
    outer loop
      vertex -34.5638 61.2428 0
      vertex -34.6478 61.0654 2.8
      vertex -34.6478 61.0654 0
    endloop
  endfacet
  facet normal -0.427955 -0.9038 0
    outer loop
      vertex 33.5654 62.1478 0
      vertex 33.7428 62.0638 2.8
      vertex 33.5654 62.1478 2.8
    endloop
  endfacet
  facet normal -0.427955 -0.9038 -0
    outer loop
      vertex 33.7428 62.0638 2.8
      vertex 33.5654 62.1478 0
      vertex 33.7428 62.0638 0
    endloop
  endfacet
  facet normal -0.970023 0.243015 0
    outer loop
      vertex 34.7139 -60.8806 0
      vertex 34.7616 -60.6902 2.8
      vertex 34.7616 -60.6902 0
    endloop
  endfacet
  facet normal -0.970023 0.243015 0
    outer loop
      vertex 34.7616 -60.6902 2.8
      vertex 34.7139 -60.8806 0
      vertex 34.7139 -60.8806 2.8
    endloop
  endfacet
  facet normal 0.740908 0.671607 0
    outer loop
      vertex -34.2142 -61.7142 2.8
      vertex -34.346 -61.5688 0
      vertex -34.346 -61.5688 2.8
    endloop
  endfacet
  facet normal 0.740908 0.671607 0
    outer loop
      vertex -34.346 -61.5688 0
      vertex -34.2142 -61.7142 2.8
      vertex -34.2142 -61.7142 0
    endloop
  endfacet
  facet normal 0.243015 0.970023 -0
    outer loop
      vertex -33.1902 -62.2616 0
      vertex -33.3806 -62.2139 2.8
      vertex -33.1902 -62.2616 2.8
    endloop
  endfacet
  facet normal 0.243015 0.970023 0
    outer loop
      vertex -33.3806 -62.2139 2.8
      vertex -33.1902 -62.2616 0
      vertex -33.3806 -62.2139 0
    endloop
  endfacet
  facet normal -0.146696 -0.989182 0
    outer loop
      vertex 32.996 62.2904 0
      vertex 33.1902 62.2616 2.8
      vertex 32.996 62.2904 2.8
    endloop
  endfacet
  facet normal -0.146696 -0.989182 -0
    outer loop
      vertex 33.1902 62.2616 2.8
      vertex 32.996 62.2904 0
      vertex 33.1902 62.2616 0
    endloop
  endfacet
  facet normal -0.146696 0.989182 0
    outer loop
      vertex 33.1902 -62.2616 0
      vertex 32.996 -62.2904 2.8
      vertex 33.1902 -62.2616 2.8
    endloop
  endfacet
  facet normal -0.146696 0.989182 0
    outer loop
      vertex 32.996 -62.2904 2.8
      vertex 33.1902 -62.2616 0
      vertex 32.996 -62.2904 0
    endloop
  endfacet
  facet normal -0.336788 0.94158 0
    outer loop
      vertex 33.5654 -62.1478 0
      vertex 33.3806 -62.2139 2.8
      vertex 33.5654 -62.1478 2.8
    endloop
  endfacet
  facet normal -0.336788 0.94158 0
    outer loop
      vertex 33.3806 -62.2139 2.8
      vertex 33.5654 -62.1478 0
      vertex 33.3806 -62.2139 0
    endloop
  endfacet
  facet normal 0.243015 -0.970023 0
    outer loop
      vertex -33.3806 62.2139 0
      vertex -33.1902 62.2616 2.8
      vertex -33.3806 62.2139 2.8
    endloop
  endfacet
  facet normal 0.243015 -0.970023 0
    outer loop
      vertex -33.1902 62.2616 2.8
      vertex -33.3806 62.2139 0
      vertex -33.1902 62.2616 0
    endloop
  endfacet
  facet normal -0.671607 0.740908 0
    outer loop
      vertex 34.2142 -61.7142 0
      vertex 34.0688 -61.846 2.8
      vertex 34.2142 -61.7142 2.8
    endloop
  endfacet
  facet normal -0.671607 0.740908 0
    outer loop
      vertex 34.0688 -61.846 2.8
      vertex 34.2142 -61.7142 0
      vertex 34.0688 -61.846 0
    endloop
  endfacet
  facet normal 0.80335 -0.595508 0
    outer loop
      vertex -34.4629 61.4111 2.8
      vertex -34.346 61.5688 0
      vertex -34.346 61.5688 2.8
    endloop
  endfacet
  facet normal 0.80335 -0.595508 0
    outer loop
      vertex -34.346 61.5688 0
      vertex -34.4629 61.4111 2.8
      vertex -34.4629 61.4111 0
    endloop
  endfacet
  facet normal -0.9038 -0.427955 0
    outer loop
      vertex 34.6478 61.0654 0
      vertex 34.5638 61.2428 2.8
      vertex 34.5638 61.2428 0
    endloop
  endfacet
  facet normal -0.9038 -0.427955 0
    outer loop
      vertex 34.5638 61.2428 2.8
      vertex 34.6478 61.0654 0
      vertex 34.6478 61.0654 2.8
    endloop
  endfacet
  facet normal -0.94158 0.336788 0
    outer loop
      vertex 34.6478 -61.0654 0
      vertex 34.7139 -60.8806 2.8
      vertex 34.7139 -60.8806 0
    endloop
  endfacet
  facet normal -0.94158 0.336788 0
    outer loop
      vertex 34.7139 -60.8806 2.8
      vertex 34.6478 -61.0654 0
      vertex 34.6478 -61.0654 2.8
    endloop
  endfacet
  facet normal -0.595508 0.80335 0
    outer loop
      vertex 34.0688 -61.846 0
      vertex 33.9111 -61.9629 2.8
      vertex 34.0688 -61.846 2.8
    endloop
  endfacet
  facet normal -0.595508 0.80335 0
    outer loop
      vertex 33.9111 -61.9629 2.8
      vertex 34.0688 -61.846 0
      vertex 33.9111 -61.9629 0
    endloop
  endfacet
  facet normal -0.243015 0.970023 0
    outer loop
      vertex 33.3806 -62.2139 0
      vertex 33.1902 -62.2616 2.8
      vertex 33.3806 -62.2139 2.8
    endloop
  endfacet
  facet normal -0.243015 0.970023 0
    outer loop
      vertex 33.1902 -62.2616 2.8
      vertex 33.3806 -62.2139 0
      vertex 33.1902 -62.2616 0
    endloop
  endfacet
  facet normal -0.9038 0.427955 0
    outer loop
      vertex 34.5638 -61.2428 0
      vertex 34.6478 -61.0654 2.8
      vertex 34.6478 -61.0654 0
    endloop
  endfacet
  facet normal -0.9038 0.427955 0
    outer loop
      vertex 34.6478 -61.0654 2.8
      vertex 34.5638 -61.2428 0
      vertex 34.5638 -61.2428 2.8
    endloop
  endfacet
  facet normal -0.740908 0.671607 0
    outer loop
      vertex 34.2142 -61.7142 0
      vertex 34.346 -61.5688 2.8
      vertex 34.346 -61.5688 0
    endloop
  endfacet
  facet normal -0.740908 0.671607 0
    outer loop
      vertex 34.346 -61.5688 2.8
      vertex 34.2142 -61.7142 0
      vertex 34.2142 -61.7142 2.8
    endloop
  endfacet
  facet normal -0.857673 0.514196 0
    outer loop
      vertex 34.4629 -61.4111 0
      vertex 34.5638 -61.2428 2.8
      vertex 34.5638 -61.2428 0
    endloop
  endfacet
  facet normal -0.857673 0.514196 0
    outer loop
      vertex 34.5638 -61.2428 2.8
      vertex 34.4629 -61.4111 0
      vertex 34.4629 -61.4111 2.8
    endloop
  endfacet
  facet normal 0.671607 0.740908 -0
    outer loop
      vertex -34.0688 -61.846 0
      vertex -34.2142 -61.7142 2.8
      vertex -34.0688 -61.846 2.8
    endloop
  endfacet
  facet normal 0.671607 0.740908 0
    outer loop
      vertex -34.2142 -61.7142 2.8
      vertex -34.0688 -61.846 0
      vertex -34.2142 -61.7142 0
    endloop
  endfacet
endsolid OpenSCAD_Model
