solid OpenSCAD_Model
  facet normal 0.697629 0.163182 0.697629
    outer loop
      vertex 40.3616 70.1902 2.01
      vertex 42.3318 70.3176 0.00999928
      vertex 40.3318 70.3176 2.01
    endloop
  endfacet
  facet normal 0.697629 0.163182 0.697629
    outer loop
      vertex 42.3318 70.3176 0.00999928
      vertex 40.3616 70.1902 2.01
      vertex 42.3616 70.1902 0.00999928
    endloop
  endfacet
  facet normal 0.332208 0.882766 0.332208
    outer loop
      vertex 41.0429 71.6939 0.00999928
      vertex 39.1654 71.6478 2.01
      vertex 41.1654 71.6478 0.00999928
    endloop
  endfacet
  facet normal 0.332208 0.882766 0.332208
    outer loop
      vertex 39.1654 71.6478 2.01
      vertex 41.0429 71.6939 0.00999928
      vertex 39.0429 71.6939 2.01
    endloop
  endfacet
  facet normal -0.705405 -0.0693485 0.705404
    outer loop
      vertex -42.3829 -66.261 0.00999928
      vertex -40.3957 -66.1308 2.01
      vertex -42.3957 -66.1308 0.00999928
    endloop
  endfacet
  facet normal -0.705405 -0.0693485 0.705404
    outer loop
      vertex -40.3957 -66.1308 2.01
      vertex -42.3829 -66.261 0.00999928
      vertex -40.3829 -66.261 2.01
    endloop
  endfacet
  facet normal -0.352212 -0.93592 0
    outer loop
      vertex -41.1654 -67.8478 0
      vertex -41.0429 -67.8939 0.00999928
      vertex -41.1654 -67.8478 0.00999928
    endloop
  endfacet
  facet normal -0.352212 -0.93592 -0
    outer loop
      vertex -41.0429 -67.8939 0.00999928
      vertex -41.1654 -67.8478 0
      vertex -41.0429 -67.8939 0
    endloop
  endfacet
  facet normal -0.661416 -0.353634 0.661416
    outer loop
      vertex -42.132 -67 0.00999928
      vertex -40.1937 -66.8846 2.01
      vertex -42.1937 -66.8846 0.00999928
    endloop
  endfacet
  facet normal -0.661416 -0.353634 0.661416
    outer loop
      vertex -40.1937 -66.8846 2.01
      vertex -42.132 -67 0.00999928
      vertex -40.132 -67 2.01
    endloop
  endfacet
  facet normal -0.99946 0.0328569 0
    outer loop
      vertex -42.4 69.8 0
      vertex -42.3957 69.9308 0.00999928
      vertex -42.3957 69.9308 0
    endloop
  endfacet
  facet normal -0.99946 0.0328569 0
    outer loop
      vertex -42.3957 69.9308 0.00999928
      vertex -42.4 69.8 0
      vertex -42.4 69.8 0.00999928
    endloop
  endfacet
  facet normal 0.849156 -0.528143 0
    outer loop
      vertex 42.0629 -67.1111 0.00999928
      vertex 42.132 -67 0
      vertex 42.132 -67 0.00999928
    endloop
  endfacet
  facet normal 0.849156 -0.528143 0
    outer loop
      vertex 42.132 -67 0
      vertex 42.0629 -67.1111 0.00999928
      vertex 42.0629 -67.1111 0
    endloop
  endfacet
  facet normal -0.426032 0.798119 0.426032
    outer loop
      vertex -41.2846 71.5937 0.00999928
      vertex -39.4 71.5321 2.01
      vertex -39.2846 71.5937 2.01
    endloop
  endfacet
  facet normal -0.426032 0.798119 0.426032
    outer loop
      vertex -39.4 71.5321 2.01
      vertex -41.2846 71.5937 0.00999928
      vertex -41.4 71.5321 0.00999928
    endloop
  endfacet
  facet normal -0.28952 0.957172 0
    outer loop
      vertex -40.9176 71.7318 0
      vertex -41.0429 71.6939 0.00999928
      vertex -40.9176 71.7318 0.00999928
    endloop
  endfacet
  facet normal -0.28952 0.957172 0
    outer loop
      vertex -41.0429 71.6939 0.00999928
      vertex -40.9176 71.7318 0
      vertex -41.0429 71.6939 0
    endloop
  endfacet
  facet normal -0.707107 0 0.707107
    outer loop
      vertex -42.4 2.69643 0.00999928
      vertex -40.4 69.8 2.01
      vertex -42.4 69.8 0.00999928
    endloop
  endfacet
  facet normal -0.707217 6.59257e-06 0.706996
    outer loop
      vertex -42.3505 2.67332 0.059515
      vertex -40.4 69.8 2.01
      vertex -42.4 2.69643 0.00999928
    endloop
  endfacet
  facet normal -0.707041 -3.69323e-06 0.707173
    outer loop
      vertex -42.2211 2.53023 0.18889
      vertex -40.4 69.8 2.01
      vertex -42.3505 2.67332 0.059515
    endloop
  endfacet
  facet normal -0.707016 -5.01619e-06 0.707197
    outer loop
      vertex -42.1871 2.49099 0.222881
      vertex -40.4 69.8 2.01
      vertex -42.2211 2.53023 0.18889
    endloop
  endfacet
  facet normal -0.706848 -1.39237e-05 0.707365
    outer loop
      vertex -42.1703 2.45423 0.239668
      vertex -40.4 69.8 2.01
      vertex -42.1871 2.49099 0.222881
    endloop
  endfacet
  facet normal -0.707253 7.37621e-06 0.70696
    outer loop
      vertex -42.0746 2.23523 0.33541
      vertex -40.4 69.8 2.01
      vertex -42.1703 2.45423 0.239668
    endloop
  endfacet
  facet normal -0.707573 2.31988e-05 0.706641
    outer loop
      vertex -42.0633 2.17127 0.346727
      vertex -40.4 69.8 2.01
      vertex -42.0746 2.23523 0.33541
    endloop
  endfacet
  facet normal -0.693002 -0.000686708 0.720935
    outer loop
      vertex -42.0615 2.16155 0.348448
      vertex -40.4 69.8 2.01
      vertex -42.0633 2.17127 0.346727
    endloop
  endfacet
  facet normal -0.716653 0.000471676 0.69743
    outer loop
      vertex -42.0597 2.14915 0.350306
      vertex -40.4 69.8 2.01
      vertex -42.0615 2.16155 0.348448
    endloop
  endfacet
  facet normal -0.707275 8.33396e-06 0.706938
    outer loop
      vertex -42.0471 2.06509 0.362913
      vertex -40.4 69.8 2.01
      vertex -42.0597 2.14915 0.350306
    endloop
  endfacet
  facet normal -0.70689 -1.03962e-05 0.707323
    outer loop
      vertex -42.0417 2.01791 0.368309
      vertex -40.4 69.8 2.01
      vertex -42.0471 2.06509 0.362913
    endloop
  endfacet
  facet normal -0.698696 -0.000404913 0.715418
    outer loop
      vertex -42.0395 1.99922 0.370447
      vertex -40.4 69.8 2.01
      vertex -42.0417 2.01791 0.368309
    endloop
  endfacet
  facet normal -0.718237 0.000542034 0.695799
    outer loop
      vertex -42.0381 1.97887 0.371908
      vertex -40.4 69.8 2.01
      vertex -42.0395 1.99922 0.370447
    endloop
  endfacet
  facet normal -0.706299 -3.88964e-05 0.707913
    outer loop
      vertex -42.0358 1.9469 0.374201
      vertex -40.4 69.8 2.01
      vertex -42.0381 1.97887 0.371908
    endloop
  endfacet
  facet normal -0.697524 -0.000458953 0.716562
    outer loop
      vertex -42.0351 1.91973 0.374865
      vertex -40.4 69.8 2.01
      vertex -42.0358 1.9469 0.374201
    endloop
  endfacet
  facet normal -0.700866 -0.00029969 0.713293
    outer loop
      vertex -42.0346 1.9 0.375348
      vertex -40.4 69.8 2.01
      vertex -42.0351 1.91973 0.374865
    endloop
  endfacet
  facet normal -0.707107 0 0.707107
    outer loop
      vertex -40.4 -66 2.01
      vertex -42.4 1.10356 0.00999928
      vertex -42.4 -66 0.00999928
    endloop
  endfacet
  facet normal -0.707217 -6.59253e-06 0.706996
    outer loop
      vertex -42.4 1.10356 0.00999928
      vertex -40.4 -66 2.01
      vertex -42.3505 1.12668 0.059515
    endloop
  endfacet
  facet normal -0.707041 3.69323e-06 0.707173
    outer loop
      vertex -42.3505 1.12668 0.059515
      vertex -40.4 -66 2.01
      vertex -42.2211 1.26977 0.18889
    endloop
  endfacet
  facet normal -0.707016 5.01619e-06 0.707197
    outer loop
      vertex -42.2211 1.26977 0.18889
      vertex -40.4 -66 2.01
      vertex -42.1871 1.30901 0.222881
    endloop
  endfacet
  facet normal -0.706848 1.39237e-05 0.707365
    outer loop
      vertex -42.1871 1.30901 0.222881
      vertex -40.4 -66 2.01
      vertex -42.1703 1.34577 0.239668
    endloop
  endfacet
  facet normal -0.707253 -7.37621e-06 0.70696
    outer loop
      vertex -42.1703 1.34577 0.239668
      vertex -40.4 -66 2.01
      vertex -42.0746 1.56477 0.33541
    endloop
  endfacet
  facet normal -0.707573 -2.31988e-05 0.706641
    outer loop
      vertex -42.0746 1.56477 0.33541
      vertex -40.4 -66 2.01
      vertex -42.0633 1.62873 0.346727
    endloop
  endfacet
  facet normal -0.693002 0.000686708 0.720935
    outer loop
      vertex -42.0633 1.62873 0.346727
      vertex -40.4 -66 2.01
      vertex -42.0615 1.63845 0.348448
    endloop
  endfacet
  facet normal -0.716653 -0.000471676 0.69743
    outer loop
      vertex -42.0615 1.63845 0.348448
      vertex -40.4 -66 2.01
      vertex -42.0597 1.65085 0.350306
    endloop
  endfacet
  facet normal -0.707275 -8.33396e-06 0.706938
    outer loop
      vertex -42.0597 1.65085 0.350306
      vertex -40.4 -66 2.01
      vertex -42.0471 1.73491 0.362913
    endloop
  endfacet
  facet normal -0.70689 1.03962e-05 0.707323
    outer loop
      vertex -42.0471 1.73491 0.362913
      vertex -40.4 -66 2.01
      vertex -42.0417 1.78209 0.368309
    endloop
  endfacet
  facet normal -0.698696 0.000404913 0.715418
    outer loop
      vertex -42.0417 1.78209 0.368309
      vertex -40.4 -66 2.01
      vertex -42.0395 1.80078 0.370447
    endloop
  endfacet
  facet normal -0.718237 -0.000542034 0.695799
    outer loop
      vertex -42.0395 1.80078 0.370447
      vertex -40.4 -66 2.01
      vertex -42.0381 1.82113 0.371908
    endloop
  endfacet
  facet normal -0.706299 3.88964e-05 0.707913
    outer loop
      vertex -42.0381 1.82113 0.371908
      vertex -40.4 -66 2.01
      vertex -42.0358 1.8531 0.374201
    endloop
  endfacet
  facet normal -0.697524 0.000458953 0.716562
    outer loop
      vertex -42.0358 1.8531 0.374201
      vertex -40.4 -66 2.01
      vertex -42.0351 1.88027 0.374865
    endloop
  endfacet
  facet normal -0.700866 0.00029969 0.713293
    outer loop
      vertex -42.0351 1.88027 0.374865
      vertex -40.4 -66 2.01
      vertex -42.0346 1.9 0.375348
    endloop
  endfacet
  facet normal -0.707118 0 0.707096
    outer loop
      vertex -42.0346 1.9 0.375348
      vertex -40.4 -66 2.01
      vertex -40.4 69.8 2.01
    endloop
  endfacet
  facet normal 0.467392 0.750393 0.467392
    outer loop
      vertex 41.4 71.5321 0.00999928
      vertex 39.5111 71.4629 2.01
      vertex 41.5111 71.4629 0.00999928
    endloop
  endfacet
  facet normal 0.467392 0.750393 0.467392
    outer loop
      vertex 39.5111 71.4629 2.01
      vertex 41.4 71.5321 0.00999928
      vertex 39.4 71.5321 2.01
    endloop
  endfacet
  facet normal -0.957172 0.28952 0
    outer loop
      vertex -42.3318 70.3176 0
      vertex -42.2939 70.4429 0.00999928
      vertex -42.2939 70.4429 0
    endloop
  endfacet
  facet normal -0.957172 0.28952 0
    outer loop
      vertex -42.2939 70.4429 0.00999928
      vertex -42.3318 70.3176 0
      vertex -42.3318 70.3176 0.00999928
    endloop
  endfacet
  facet normal -0.630831 0.451779 0.630831
    outer loop
      vertex -42.0629 70.9111 0.00999928
      vertex -39.9867 71.0175 2.01
      vertex -41.9867 71.0175 0.00999928
    endloop
  endfacet
  facet normal -0.630831 0.451779 0.630831
    outer loop
      vertex -39.9867 71.0175 2.01
      vertex -42.0629 70.9111 0.00999928
      vertex -40.0629 70.9111 2.01
    endloop
  endfacet
  facet normal 0.81301 0.58225 0
    outer loop
      vertex 42.0629 70.9111 0.00999928
      vertex 41.9867 71.0175 0
      vertex 41.9867 71.0175 0.00999928
    endloop
  endfacet
  facet normal 0.81301 0.58225 0
    outer loop
      vertex 41.9867 71.0175 0
      vertex 42.0629 70.9111 0.00999928
      vertex 42.0629 70.9111 0
    endloop
  endfacet
  facet normal 0.707107 0 0.707107
    outer loop
      vertex 40.4 69.8 2.01
      vertex 42.4 2.69643 0.00999928
      vertex 42.4 69.8 0.00999928
    endloop
  endfacet
  facet normal 0.707217 6.59257e-06 0.706996
    outer loop
      vertex 40.4 69.8 2.01
      vertex 42.3505 2.67332 0.059515
      vertex 42.4 2.69643 0.00999928
    endloop
  endfacet
  facet normal 0.707041 -3.69323e-06 0.707173
    outer loop
      vertex 40.4 69.8 2.01
      vertex 42.2211 2.53023 0.18889
      vertex 42.3505 2.67332 0.059515
    endloop
  endfacet
  facet normal 0.707016 -5.01619e-06 0.707197
    outer loop
      vertex 40.4 69.8 2.01
      vertex 42.1871 2.49099 0.222881
      vertex 42.2211 2.53023 0.18889
    endloop
  endfacet
  facet normal 0.706848 -1.39237e-05 0.707365
    outer loop
      vertex 40.4 69.8 2.01
      vertex 42.1703 2.45423 0.239668
      vertex 42.1871 2.49099 0.222881
    endloop
  endfacet
  facet normal 0.707253 7.37621e-06 0.70696
    outer loop
      vertex 40.4 69.8 2.01
      vertex 42.0746 2.23523 0.33541
      vertex 42.1703 2.45423 0.239668
    endloop
  endfacet
  facet normal 0.707573 2.31988e-05 0.706641
    outer loop
      vertex 40.4 69.8 2.01
      vertex 42.0633 2.17127 0.346727
      vertex 42.0746 2.23523 0.33541
    endloop
  endfacet
  facet normal 0.693002 -0.000686708 0.720935
    outer loop
      vertex 40.4 69.8 2.01
      vertex 42.0615 2.16155 0.348448
      vertex 42.0633 2.17127 0.346727
    endloop
  endfacet
  facet normal 0.716653 0.000471676 0.69743
    outer loop
      vertex 40.4 69.8 2.01
      vertex 42.0597 2.14915 0.350306
      vertex 42.0615 2.16155 0.348448
    endloop
  endfacet
  facet normal 0.707275 8.33396e-06 0.706938
    outer loop
      vertex 40.4 69.8 2.01
      vertex 42.0471 2.06509 0.362913
      vertex 42.0597 2.14915 0.350306
    endloop
  endfacet
  facet normal 0.70689 -1.03962e-05 0.707323
    outer loop
      vertex 40.4 69.8 2.01
      vertex 42.0417 2.01791 0.368309
      vertex 42.0471 2.06509 0.362913
    endloop
  endfacet
  facet normal 0.698696 -0.000404913 0.715418
    outer loop
      vertex 40.4 69.8 2.01
      vertex 42.0395 1.99922 0.370447
      vertex 42.0417 2.01791 0.368309
    endloop
  endfacet
  facet normal 0.718237 0.000542034 0.695799
    outer loop
      vertex 40.4 69.8 2.01
      vertex 42.0381 1.97887 0.371908
      vertex 42.0395 1.99922 0.370447
    endloop
  endfacet
  facet normal 0.706299 -3.88964e-05 0.707913
    outer loop
      vertex 40.4 69.8 2.01
      vertex 42.0358 1.9469 0.374201
      vertex 42.0381 1.97887 0.371908
    endloop
  endfacet
  facet normal 0.697524 -0.000458953 0.716562
    outer loop
      vertex 40.4 69.8 2.01
      vertex 42.0351 1.91973 0.374865
      vertex 42.0358 1.9469 0.374201
    endloop
  endfacet
  facet normal 0.700866 -0.00029969 0.713293
    outer loop
      vertex 40.4 69.8 2.01
      vertex 42.0346 1.9 0.375348
      vertex 42.0351 1.91973 0.374865
    endloop
  endfacet
  facet normal 0.707118 -0 0.707096
    outer loop
      vertex 40.4 -66 2.01
      vertex 42.0346 1.9 0.375348
      vertex 40.4 69.8 2.01
    endloop
  endfacet
  facet normal 0.700866 0.00029969 0.713293
    outer loop
      vertex 40.4 -66 2.01
      vertex 42.0351 1.88027 0.374865
      vertex 42.0346 1.9 0.375348
    endloop
  endfacet
  facet normal 0.697524 0.000458953 0.716562
    outer loop
      vertex 40.4 -66 2.01
      vertex 42.0358 1.8531 0.374201
      vertex 42.0351 1.88027 0.374865
    endloop
  endfacet
  facet normal 0.706299 3.88964e-05 0.707913
    outer loop
      vertex 40.4 -66 2.01
      vertex 42.0381 1.82113 0.371908
      vertex 42.0358 1.8531 0.374201
    endloop
  endfacet
  facet normal 0.718237 -0.000542034 0.695799
    outer loop
      vertex 40.4 -66 2.01
      vertex 42.0395 1.80078 0.370447
      vertex 42.0381 1.82113 0.371908
    endloop
  endfacet
  facet normal 0.698696 0.000404913 0.715418
    outer loop
      vertex 40.4 -66 2.01
      vertex 42.0417 1.78209 0.368309
      vertex 42.0395 1.80078 0.370447
    endloop
  endfacet
  facet normal 0.70689 1.03962e-05 0.707323
    outer loop
      vertex 40.4 -66 2.01
      vertex 42.0471 1.73491 0.362913
      vertex 42.0417 1.78209 0.368309
    endloop
  endfacet
  facet normal 0.707275 -8.33396e-06 0.706938
    outer loop
      vertex 40.4 -66 2.01
      vertex 42.0597 1.65085 0.350306
      vertex 42.0471 1.73491 0.362913
    endloop
  endfacet
  facet normal 0.716653 -0.000471676 0.69743
    outer loop
      vertex 40.4 -66 2.01
      vertex 42.0615 1.63845 0.348448
      vertex 42.0597 1.65085 0.350306
    endloop
  endfacet
  facet normal 0.693002 0.000686708 0.720935
    outer loop
      vertex 40.4 -66 2.01
      vertex 42.0633 1.62873 0.346727
      vertex 42.0615 1.63845 0.348448
    endloop
  endfacet
  facet normal 0.707573 -2.31988e-05 0.706641
    outer loop
      vertex 40.4 -66 2.01
      vertex 42.0746 1.56477 0.33541
      vertex 42.0633 1.62873 0.346727
    endloop
  endfacet
  facet normal 0.707253 -7.37621e-06 0.70696
    outer loop
      vertex 40.4 -66 2.01
      vertex 42.1703 1.34577 0.239668
      vertex 42.0746 1.56477 0.33541
    endloop
  endfacet
  facet normal 0.706848 1.39237e-05 0.707365
    outer loop
      vertex 40.4 -66 2.01
      vertex 42.1871 1.30901 0.222881
      vertex 42.1703 1.34577 0.239668
    endloop
  endfacet
  facet normal 0.707016 5.01619e-06 0.707197
    outer loop
      vertex 40.4 -66 2.01
      vertex 42.2211 1.26977 0.18889
      vertex 42.1871 1.30901 0.222881
    endloop
  endfacet
  facet normal 0.707041 3.69323e-06 0.707173
    outer loop
      vertex 40.4 -66 2.01
      vertex 42.3505 1.12668 0.059515
      vertex 42.2211 1.26977 0.18889
    endloop
  endfacet
  facet normal 0.707217 -6.59253e-06 0.706996
    outer loop
      vertex 40.4 -66 2.01
      vertex 42.4 1.10356 0.00999928
      vertex 42.3505 1.12668 0.059515
    endloop
  endfacet
  facet normal 0.707107 0 0.707107
    outer loop
      vertex 42.4 1.10356 0.00999928
      vertex 40.4 -66 2.01
      vertex 42.4 -66 0.00999928
    endloop
  endfacet
  facet normal 1 0 0
    outer loop
      vertex 42.4 69.8 0.00999928
      vertex 42.4 2.70931 0
      vertex 42.4 69.8 0
    endloop
  endfacet
  facet normal 1 0 -0
    outer loop
      vertex 42.4 2.70931 0
      vertex 42.4 69.8 0.00999928
      vertex 42.4 2.69643 0.00999928
    endloop
  endfacet
  facet normal 1 -0 0
    outer loop
      vertex 42.4 -66 0.00999928
      vertex 42.4 1.09069 0
      vertex 42.4 1.10356 0.00999928
    endloop
  endfacet
  facet normal 1 0 0
    outer loop
      vertex 42.4 1.09069 0
      vertex 42.4 -66 0.00999928
      vertex 42.4 -66 0
    endloop
  endfacet
  facet normal 0.0328353 -0.998921 0.0328356
    outer loop
      vertex 40.4 -68 0.00999928
      vertex 39.7 -67.9957 0.840807
      vertex 39.7 -68 0.709993
    endloop
  endfacet
  facet normal 0.0328391 -0.998921 0.0328388
    outer loop
      vertex 39.7 -67.9957 0.840807
      vertex 40.4 -68 0.00999928
      vertex 40.5308 -67.9957 0.00999928
    endloop
  endfacet
  facet normal 0.470906 0.882184 -0
    outer loop
      vertex 41.4 71.5321 0
      vertex 41.2846 71.5937 0.00999928
      vertex 41.4 71.5321 0.00999928
    endloop
  endfacet
  facet normal 0.470906 0.882184 0
    outer loop
      vertex 41.2846 71.5937 0.00999928
      vertex 41.4 71.5321 0
      vertex 41.2846 71.5937 0
    endloop
  endfacet
  facet normal -0.986681 0.162665 0
    outer loop
      vertex -42.3829 70.061 0
      vertex -42.3616 70.1902 0.00999928
      vertex -42.3616 70.1902 0
    endloop
  endfacet
  facet normal -0.986681 0.162665 0
    outer loop
      vertex -42.3616 70.1902 0.00999928
      vertex -42.3829 70.061 0
      vertex -42.3829 70.061 0.00999928
    endloop
  endfacet
  facet normal -0.0328569 -0.99946 0
    outer loop
      vertex -40.5308 -67.9957 0
      vertex -40.4 -68 0.00999928
      vertex -40.5308 -67.9957 0.00999928
    endloop
  endfacet
  facet normal -0.0328569 -0.99946 -0
    outer loop
      vertex -40.4 -68 0.00999928
      vertex -40.5308 -67.9957 0
      vertex -40.4 -68 0
    endloop
  endfacet
  facet normal 0.99946 -0.0328569 0
    outer loop
      vertex 42.3957 -66.1308 0.00999928
      vertex 42.4 -66 0
      vertex 42.4 -66 0.00999928
    endloop
  endfacet
  facet normal 0.99946 -0.0328569 0
    outer loop
      vertex 42.4 -66 0
      vertex 42.3957 -66.1308 0.00999928
      vertex 42.3957 -66.1308 0
    endloop
  endfacet
  facet normal 0.28952 0.957172 -0
    outer loop
      vertex 41.0429 71.6939 0
      vertex 40.9176 71.7318 0.00999928
      vertex 41.0429 71.6939 0.00999928
    endloop
  endfacet
  facet normal 0.28952 0.957172 0
    outer loop
      vertex 40.9176 71.7318 0.00999928
      vertex 41.0429 71.6939 0
      vertex 40.9176 71.7318 0
    endloop
  endfacet
  facet normal -0.227761 0.973717 0
    outer loop
      vertex -40.7902 71.7616 0
      vertex -40.9176 71.7318 0.00999928
      vertex -40.7902 71.7616 0.00999928
    endloop
  endfacet
  facet normal -0.227761 0.973717 0
    outer loop
      vertex -40.9176 71.7318 0.00999928
      vertex -40.7902 71.7616 0
      vertex -40.9176 71.7318 0
    endloop
  endfacet
  facet normal 0.93592 0.352212 0
    outer loop
      vertex 42.2939 70.4429 0.00999928
      vertex 42.2478 70.5654 0
      vertex 42.2478 70.5654 0.00999928
    endloop
  endfacet
  facet normal 0.93592 0.352212 0
    outer loop
      vertex 42.2478 70.5654 0
      vertex 42.2939 70.4429 0.00999928
      vertex 42.2939 70.4429 0
    endloop
  endfacet
  facet normal 0.528693 0.848813 -0
    outer loop
      vertex 41.5111 71.4629 0
      vertex 41.4 71.5321 0.00999928
      vertex 41.5111 71.4629 0.00999928
    endloop
  endfacet
  facet normal 0.528693 0.848813 0
    outer loop
      vertex 41.4 71.5321 0.00999928
      vertex 41.5111 71.4629 0
      vertex 41.4 71.5321 0
    endloop
  endfacet
  facet normal 0.611686 -0.501679 0.611685
    outer loop
      vertex 39.9037 -67.3187 2.01
      vertex 41.9867 -67.2175 0.00999928
      vertex 39.9867 -67.2175 2.01
    endloop
  endfacet
  facet normal 0.611686 -0.501679 0.611685
    outer loop
      vertex 41.9867 -67.2175 0.00999928
      vertex 39.9037 -67.3187 2.01
      vertex 41.9037 -67.3187 0.00999928
    endloop
  endfacet
  facet normal -0.564461 0.602302 0.564461
    outer loop
      vertex -41.7187 71.3037 0.00999928
      vertex -39.8142 71.2142 2.01
      vertex -39.7187 71.3037 2.01
    endloop
  endfacet
  facet normal -0.564461 0.602302 0.564461
    outer loop
      vertex -39.8142 71.2142 2.01
      vertex -41.7187 71.3037 0.00999928
      vertex -41.8142 71.2142 0.00999928
    endloop
  endfacet
  facet normal 0.705405 -0.0693485 0.705404
    outer loop
      vertex 40.3829 -66.261 2.01
      vertex 42.3957 -66.1308 0.00999928
      vertex 40.3957 -66.1308 2.01
    endloop
  endfacet
  facet normal 0.705405 -0.0693485 0.705404
    outer loop
      vertex 42.3957 -66.1308 0.00999928
      vertex 40.3829 -66.261 2.01
      vertex 42.3829 -66.261 0.00999928
    endloop
  endfacet
  facet normal 0.683327 -0.257154 0.683327
    outer loop
      vertex 40.2478 -66.7654 2.01
      vertex 42.2939 -66.6429 0.00999928
      vertex 40.2939 -66.6429 2.01
    endloop
  endfacet
  facet normal 0.683327 -0.257154 0.683327
    outer loop
      vertex 42.2939 -66.6429 0.00999928
      vertex 40.2478 -66.7654 2.01
      vertex 42.2478 -66.7654 0.00999928
    endloop
  endfacet
  facet normal -0.528143 -0.849156 0
    outer loop
      vertex -41.5111 -67.6629 0
      vertex -41.4 -67.732 0.00999928
      vertex -41.5111 -67.6629 0.00999928
    endloop
  endfacet
  facet normal -0.528143 -0.849156 -0
    outer loop
      vertex -41.4 -67.732 0.00999928
      vertex -41.5111 -67.6629 0
      vertex -41.4 -67.732 0
    endloop
  endfacet
  facet normal -0.278099 0.919414 0.278099
    outer loop
      vertex -40.9176 71.7318 0.00999928
      vertex -39.0429 71.6939 2.01
      vertex -38.9176 71.7318 2.01
    endloop
  endfacet
  facet normal -0.278099 0.919414 0.278099
    outer loop
      vertex -39.0429 71.6939 2.01
      vertex -40.9176 71.7318 0.00999928
      vertex -41.0429 71.6939 0.00999928
    endloop
  endfacet
  facet normal 0.426445 -0.797675 0.42645
    outer loop
      vertex 41.2846 -67.7937 0.00999928
      vertex 39.7 -67.732 1.70999
      vertex 39.7 -67.7937 1.59458
    endloop
  endfacet
  facet normal 0.426472 -0.797648 0.426474
    outer loop
      vertex 39.7 -67.732 1.70999
      vertex 41.2846 -67.7937 0.00999928
      vertex 41.4 -67.732 0.00999928
    endloop
  endfacet
  facet normal -0.99946 -0.0328569 0
    outer loop
      vertex -42.3957 -66.1308 0
      vertex -42.4 -66 0.00999928
      vertex -42.4 -66 0
    endloop
  endfacet
  facet normal -0.99946 -0.0328569 0
    outer loop
      vertex -42.4 -66 0.00999928
      vertex -42.3957 -66.1308 0
      vertex -42.3957 -66.1308 0.00999928
    endloop
  endfacet
  facet normal 0.28952 -0.957172 0
    outer loop
      vertex 40.9176 -67.9318 0
      vertex 41.0429 -67.8939 0.00999928
      vertex 40.9176 -67.9318 0.00999928
    endloop
  endfacet
  facet normal 0.28952 -0.957172 0
    outer loop
      vertex 41.0429 -67.8939 0.00999928
      vertex 40.9176 -67.9318 0
      vertex 41.0429 -67.8939 0
    endloop
  endfacet
  facet normal 0.729656 -0.683814 0
    outer loop
      vertex 41.8142 -67.4142 0.00999928
      vertex 41.9037 -67.3187 0
      vertex 41.9037 -67.3187 0.00999928
    endloop
  endfacet
  facet normal 0.729656 -0.683814 0
    outer loop
      vertex 41.9037 -67.3187 0
      vertex 41.8142 -67.4142 0.00999928
      vertex 41.8142 -67.4142 0
    endloop
  endfacet
  facet normal 0.957172 0.28952 0
    outer loop
      vertex 42.3318 70.3176 0.00999928
      vertex 42.2939 70.4429 0
      vertex 42.2939 70.4429 0.00999928
    endloop
  endfacet
  facet normal 0.957172 0.28952 0
    outer loop
      vertex 42.2939 70.4429 0
      vertex 42.3318 70.3176 0.00999928
      vertex 42.3318 70.3176 0
    endloop
  endfacet
  facet normal 0.661416 -0.353634 0.661416
    outer loop
      vertex 40.132 -67 2.01
      vertex 42.1937 -66.8846 0.00999928
      vertex 40.1937 -66.8846 2.01
    endloop
  endfacet
  facet normal 0.661416 -0.353634 0.661416
    outer loop
      vertex 42.1937 -66.8846 0.00999928
      vertex 40.132 -67 2.01
      vertex 42.132 -67 0.00999928
    endloop
  endfacet
  facet normal -0.957172 -0.28952 0
    outer loop
      vertex -42.2939 -66.6429 0
      vertex -42.3318 -66.5176 0.00999928
      vertex -42.3318 -66.5176 0
    endloop
  endfacet
  facet normal -0.957172 -0.28952 0
    outer loop
      vertex -42.3318 -66.5176 0.00999928
      vertex -42.2939 -66.6429 0
      vertex -42.2939 -66.6429 0.00999928
    endloop
  endfacet
  facet normal 0.0328569 0.99946 -0
    outer loop
      vertex 40.5308 71.7957 0
      vertex 40.4 71.8 0.00999928
      vertex 40.5308 71.7957 0.00999928
    endloop
  endfacet
  facet normal 0.0328569 0.99946 0
    outer loop
      vertex 40.4 71.8 0.00999928
      vertex 40.5308 71.7957 0
      vertex 40.4 71.8 0
    endloop
  endfacet
  facet normal -0.58225 0.81301 0
    outer loop
      vertex -41.5111 71.4629 0
      vertex -41.6175 71.3867 0.00999928
      vertex -41.5111 71.4629 0.00999928
    endloop
  endfacet
  facet normal -0.58225 0.81301 0
    outer loop
      vertex -41.6175 71.3867 0.00999928
      vertex -41.5111 71.4629 0
      vertex -41.6175 71.3867 0
    endloop
  endfacet
  facet normal -1 0 0
    outer loop
      vertex -42.4 2.70931 0
      vertex -42.4 69.8 0.00999928
      vertex -42.4 69.8 0
    endloop
  endfacet
  facet normal -1 -0 0
    outer loop
      vertex -42.4 69.8 0.00999928
      vertex -42.4 2.70931 0
      vertex -42.4 2.69643 0.00999928
    endloop
  endfacet
  facet normal -1 0 0
    outer loop
      vertex -42.4 -66 0.00999928
      vertex -42.4 1.09069 0
      vertex -42.4 -66 0
    endloop
  endfacet
  facet normal -1 0 0
    outer loop
      vertex -42.4 1.09069 0
      vertex -42.4 -66 0.00999928
      vertex -42.4 1.10356 0.00999928
    endloop
  endfacet
  facet normal 0.706916 -0.0232396 0.706916
    outer loop
      vertex 40.3957 -66.1308 2.01
      vertex 42.4 -66 0.00999928
      vertex 40.4 -66 2.01
    endloop
  endfacet
  facet normal 0.706916 -0.0232396 0.706916
    outer loop
      vertex 42.4 -66 0.00999928
      vertex 40.3957 -66.1308 2.01
      vertex 42.3957 -66.1308 0.00999928
    endloop
  endfacet
  facet normal -0.691468 -0.209151 0.691468
    outer loop
      vertex -42.2939 -66.6429 0.00999928
      vertex -40.3318 -66.5176 2.01
      vertex -42.3318 -66.5176 0.00999928
    endloop
  endfacet
  facet normal -0.691468 -0.209151 0.691468
    outer loop
      vertex -40.3318 -66.5176 2.01
      vertex -42.2939 -66.6429 0.00999928
      vertex -40.2939 -66.6429 2.01
    endloop
  endfacet
  facet normal -0.0328391 0.998921 0.0328391
    outer loop
      vertex -40.4 71.8 0.00999928
      vertex -38.5308 71.7957 2.01
      vertex -38.4 71.8 2.01
    endloop
  endfacet
  facet normal -0.0328391 0.998921 0.0328391
    outer loop
      vertex -38.5308 71.7957 2.01
      vertex -40.4 71.8 0.00999928
      vertex -40.5308 71.7957 0.00999928
    endloop
  endfacet
  facet normal 0.683327 0.257154 0.683327
    outer loop
      vertex 40.2939 70.4429 2.01
      vertex 42.2478 70.5654 0.00999928
      vertex 40.2478 70.5654 2.01
    endloop
  endfacet
  facet normal 0.683327 0.257154 0.683327
    outer loop
      vertex 42.2478 70.5654 0.00999928
      vertex 40.2939 70.4429 2.01
      vertex 42.2939 70.4429 0.00999928
    endloop
  endfacet
  facet normal -0.503172 0.702592 0.503172
    outer loop
      vertex -41.5111 71.4629 0.00999928
      vertex -39.6175 71.3867 2.01
      vertex -39.5111 71.4629 2.01
    endloop
  endfacet
  facet normal -0.503172 0.702592 0.503172
    outer loop
      vertex -39.6175 71.3867 2.01
      vertex -41.5111 71.4629 0.00999928
      vertex -41.6175 71.3867 0.00999928
    endloop
  endfacet
  facet normal 0.995202 -0.0978386 0
    outer loop
      vertex 42.3829 -66.261 0.00999928
      vertex 42.3957 -66.1308 0
      vertex 42.3957 -66.1308 0.00999928
    endloop
  endfacet
  facet normal 0.995202 -0.0978386 0
    outer loop
      vertex 42.3957 -66.1308 0
      vertex 42.3829 -66.261 0.00999928
      vertex 42.3829 -66.261 0
    endloop
  endfacet
  facet normal 0.634153 -0.773208 0
    outer loop
      vertex 41.6175 -67.5867 0
      vertex 41.7187 -67.5037 0.00999928
      vertex 41.6175 -67.5867 0.00999928
    endloop
  endfacet
  facet normal 0.634153 -0.773208 0
    outer loop
      vertex 41.7187 -67.5037 0.00999928
      vertex 41.6175 -67.5867 0
      vertex 41.7187 -67.5037 0
    endloop
  endfacet
  facet normal -0.381901 -0.841605 0.381906
    outer loop
      vertex -41.2846 -67.7937 0.00999928
      vertex -39.7 -67.8478 1.47536
      vertex -39.7 -67.7937 1.59458
    endloop
  endfacet
  facet normal -0.381949 -0.841559 0.381959
    outer loop
      vertex -39.7 -67.8478 1.47536
      vertex -41.2846 -67.7937 0.00999928
      vertex -41.1654 -67.8478 0.00999928
    endloop
  endfacet
  facet normal -0.81301 -0.58225 0
    outer loop
      vertex -41.9867 -67.2175 0
      vertex -42.0629 -67.1111 0.00999928
      vertex -42.0629 -67.1111 0
    endloop
  endfacet
  facet normal -0.81301 -0.58225 0
    outer loop
      vertex -42.0629 -67.1111 0.00999928
      vertex -41.9867 -67.2175 0
      vertex -41.9867 -67.2175 0.00999928
    endloop
  endfacet
  facet normal -0.466901 -0.751011 0.46689
    outer loop
      vertex -41.5111 -67.6629 0.00999928
      vertex -39.7 -67.732 1.70999
      vertex -39.7 -67.6629 1.82114
    endloop
  endfacet
  facet normal -0.46701 -0.750866 0.467013
    outer loop
      vertex -39.7 -67.732 1.70999
      vertex -41.5111 -67.6629 0.00999928
      vertex -41.4 -67.732 0.00999928
    endloop
  endfacet
  facet normal 0.81301 -0.58225 0
    outer loop
      vertex 41.9867 -67.2175 0.00999928
      vertex 42.0629 -67.1111 0
      vertex 42.0629 -67.1111 0.00999928
    endloop
  endfacet
  facet normal 0.81301 -0.58225 0
    outer loop
      vertex 42.0629 -67.1111 0
      vertex 41.9867 -67.2175 0.00999928
      vertex 41.9867 -67.2175 0
    endloop
  endfacet
  facet normal -0.697629 -0.163182 0.697629
    outer loop
      vertex -42.3318 -66.5176 0.00999928
      vertex -40.3616 -66.3902 2.01
      vertex -42.3616 -66.3902 0.00999928
    endloop
  endfacet
  facet normal -0.697629 -0.163182 0.697629
    outer loop
      vertex -40.3616 -66.3902 2.01
      vertex -42.3318 -66.5176 0.00999928
      vertex -40.3318 -66.5176 2.01
    endloop
  endfacet
  facet normal -0.93592 0.352212 0
    outer loop
      vertex -42.2939 70.4429 0
      vertex -42.2478 70.5654 0.00999928
      vertex -42.2478 70.5654 0
    endloop
  endfacet
  facet normal -0.93592 0.352212 0
    outer loop
      vertex -42.2478 70.5654 0.00999928
      vertex -42.2939 70.4429 0
      vertex -42.2939 70.4429 0.00999928
    endloop
  endfacet
  facet normal -0.58225 -0.81301 0
    outer loop
      vertex -41.6175 -67.5867 0
      vertex -41.5111 -67.6629 0.00999928
      vertex -41.6175 -67.5867 0.00999928
    endloop
  endfacet
  facet normal -0.58225 -0.81301 -0
    outer loop
      vertex -41.5111 -67.6629 0.00999928
      vertex -41.6175 -67.5867 0
      vertex -41.5111 -67.6629 0
    endloop
  endfacet
  facet normal 0.673284 -0.305576 0.673284
    outer loop
      vertex 40.1937 -66.8846 2.01
      vertex 42.2478 -66.7654 0.00999928
      vertex 40.2478 -66.7654 2.01
    endloop
  endfacet
  facet normal 0.673284 -0.305576 0.673284
    outer loop
      vertex 42.2478 -66.7654 0.00999928
      vertex 40.1937 -66.8846 2.01
      vertex 42.1937 -66.8846 0.00999928
    endloop
  endfacet
  facet normal -0.81301 0.58225 0
    outer loop
      vertex -42.0629 70.9111 0
      vertex -41.9867 71.0175 0.00999928
      vertex -41.9867 71.0175 0
    endloop
  endfacet
  facet normal -0.81301 0.58225 0
    outer loop
      vertex -41.9867 71.0175 0.00999928
      vertex -42.0629 70.9111 0
      vertex -42.0629 70.9111 0.00999928
    endloop
  endfacet
  facet normal 0.647275 -0.40258 0.647275
    outer loop
      vertex 40.0629 -67.1111 2.01
      vertex 42.132 -67 0.00999928
      vertex 40.132 -67 2.01
    endloop
  endfacet
  facet normal 0.647275 -0.40258 0.647275
    outer loop
      vertex 42.132 -67 0.00999928
      vertex 40.0629 -67.1111 2.01
      vertex 42.0629 -67.1111 0.00999928
    endloop
  endfacet
  facet normal -0.702351 0.11579 0.70235
    outer loop
      vertex -42.3829 70.061 0.00999928
      vertex -40.3616 70.1902 2.01
      vertex -42.3616 70.1902 0.00999928
    endloop
  endfacet
  facet normal -0.702351 0.11579 0.70235
    outer loop
      vertex -40.3616 70.1902 2.01
      vertex -42.3829 70.061 0.00999928
      vertex -40.3829 70.061 2.01
    endloop
  endfacet
  facet normal -0.995202 0.0978386 0
    outer loop
      vertex -42.3957 69.9308 0
      vertex -42.3829 70.061 0.00999928
      vertex -42.3829 70.061 0
    endloop
  endfacet
  facet normal -0.995202 0.0978386 0
    outer loop
      vertex -42.3829 70.061 0.00999928
      vertex -42.3957 69.9308 0
      vertex -42.3957 69.9308 0.00999928
    endloop
  endfacet
  facet normal 0.227761 0.973717 -0
    outer loop
      vertex 40.9176 71.7318 0
      vertex 40.7902 71.7616 0.00999928
      vertex 40.9176 71.7318 0.00999928
    endloop
  endfacet
  facet normal 0.227761 0.973717 0
    outer loop
      vertex 40.7902 71.7616 0.00999928
      vertex 40.9176 71.7318 0
      vertex 40.7902 71.7616 0
    endloop
  endfacet
  facet normal 0.0973496 -0.990478 0.0973487
    outer loop
      vertex 40.5308 -67.9957 0.00999928
      vertex 39.7 -67.9829 0.971041
      vertex 39.7 -67.9957 0.840807
    endloop
  endfacet
  facet normal 0.0973737 -0.990473 0.0973695
    outer loop
      vertex 39.7 -67.9829 0.971041
      vertex 40.5308 -67.9957 0.00999928
      vertex 40.661 -67.9829 0.00999928
    endloop
  endfacet
  facet normal 0.0328391 0.998921 0.0328391
    outer loop
      vertex 40.4 71.8 0.00999928
      vertex 38.5308 71.7957 2.01
      vertex 40.5308 71.7957 0.00999928
    endloop
  endfacet
  facet normal 0.0328391 0.998921 0.0328391
    outer loop
      vertex 38.5308 71.7957 2.01
      vertex 40.4 71.8 0.00999928
      vertex 38.4 71.8 2.01
    endloop
  endfacet
  facet normal -0.705405 0.0693485 0.705404
    outer loop
      vertex -42.3957 69.9308 0.00999928
      vertex -40.3829 70.061 2.01
      vertex -42.3829 70.061 0.00999928
    endloop
  endfacet
  facet normal -0.705405 0.0693485 0.705404
    outer loop
      vertex -40.3829 70.061 2.01
      vertex -42.3957 69.9308 0.00999928
      vertex -40.3957 69.9308 2.01
    endloop
  endfacet
  facet normal -0.702351 -0.11579 0.70235
    outer loop
      vertex -42.3616 -66.3902 0.00999928
      vertex -40.3829 -66.261 2.01
      vertex -42.3829 -66.261 0.00999928
    endloop
  endfacet
  facet normal -0.702351 -0.11579 0.70235
    outer loop
      vertex -40.3829 -66.261 2.01
      vertex -42.3616 -66.3902 0.00999928
      vertex -40.3616 -66.3902 2.01
    endloop
  endfacet
  facet normal 0.58225 -0.81301 0
    outer loop
      vertex 41.5111 -67.6629 0
      vertex 41.6175 -67.5867 0.00999928
      vertex 41.5111 -67.6629 0.00999928
    endloop
  endfacet
  facet normal 0.58225 -0.81301 0
    outer loop
      vertex 41.6175 -67.5867 0.00999928
      vertex 41.5111 -67.6629 0
      vertex 41.6175 -67.5867 0
    endloop
  endfacet
  facet normal 0.957172 -0.28952 0
    outer loop
      vertex 42.2939 -66.6429 0.00999928
      vertex 42.3318 -66.5176 0
      vertex 42.3318 -66.5176 0.00999928
    endloop
  endfacet
  facet normal 0.957172 -0.28952 0
    outer loop
      vertex 42.3318 -66.5176 0
      vertex 42.2939 -66.6429 0.00999928
      vertex 42.2939 -66.6429 0
    endloop
  endfacet
  facet normal 0.683814 -0.729656 0
    outer loop
      vertex 41.7187 -67.5037 0
      vertex 41.8142 -67.4142 0.00999928
      vertex 41.7187 -67.5037 0.00999928
    endloop
  endfacet
  facet normal 0.683814 -0.729656 0
    outer loop
      vertex 41.8142 -67.4142 0.00999928
      vertex 41.7187 -67.5037 0
      vertex 41.8142 -67.4142 0
    endloop
  endfacet
  facet normal 0.528143 -0.849156 0
    outer loop
      vertex 41.4 -67.732 0
      vertex 41.5111 -67.6629 0.00999928
      vertex 41.4 -67.732 0.00999928
    endloop
  endfacet
  facet normal 0.528143 -0.849156 0
    outer loop
      vertex 41.5111 -67.6629 0.00999928
      vertex 41.4 -67.732 0
      vertex 41.5111 -67.6629 0
    endloop
  endfacet
  facet normal 0.534503 -0.653282 0.536217
    outer loop
      vertex 39.7 -67.5867 1.92752
      vertex 39.7187 -67.5037 2.01
      vertex 39.7 -67.519 2.01
    endloop
  endfacet
  facet normal 0.535595 -0.652903 0.535589
    outer loop
      vertex 41.6175 -67.5867 0.00999928
      vertex 39.7187 -67.5037 2.01
      vertex 39.7 -67.5867 1.92752
    endloop
  endfacet
  facet normal 0.535546 -0.652979 0.535546
    outer loop
      vertex 39.7187 -67.5037 2.01
      vertex 41.6175 -67.5867 0.00999928
      vertex 41.7187 -67.5037 0.00999928
    endloop
  endfacet
  facet normal -0.647275 -0.40258 0.647275
    outer loop
      vertex -42.0629 -67.1111 0.00999928
      vertex -40.132 -67 2.01
      vertex -42.132 -67 0.00999928
    endloop
  endfacet
  facet normal -0.647275 -0.40258 0.647275
    outer loop
      vertex -40.132 -67 2.01
      vertex -42.0629 -67.1111 0.00999928
      vertex -40.0629 -67.1111 2.01
    endloop
  endfacet
  facet normal 0.673284 0.305576 0.673284
    outer loop
      vertex 40.2478 70.5654 2.01
      vertex 42.1937 70.6846 0.00999928
      vertex 40.1937 70.6846 2.01
    endloop
  endfacet
  facet normal 0.673284 0.305576 0.673284
    outer loop
      vertex 42.1937 70.6846 0.00999928
      vertex 40.2478 70.5654 2.01
      vertex 42.2478 70.5654 0.00999928
    endloop
  endfacet
  facet normal -0.729656 -0.683814 0
    outer loop
      vertex -41.8142 -67.4142 0
      vertex -41.9037 -67.3187 0.00999928
      vertex -41.9037 -67.3187 0
    endloop
  endfacet
  facet normal -0.729656 -0.683814 0
    outer loop
      vertex -41.9037 -67.3187 0.00999928
      vertex -41.8142 -67.4142 0
      vertex -41.8142 -67.4142 0.00999928
    endloop
  endfacet
  facet normal -0.849156 -0.528143 0
    outer loop
      vertex -42.0629 -67.1111 0
      vertex -42.132 -67 0.00999928
      vertex -42.132 -67 0
    endloop
  endfacet
  facet normal -0.849156 -0.528143 0
    outer loop
      vertex -42.132 -67 0.00999928
      vertex -42.0629 -67.1111 0
      vertex -42.0629 -67.1111 0.00999928
    endloop
  endfacet
  facet normal -0.691468 0.209151 0.691468
    outer loop
      vertex -42.3318 70.3176 0.00999928
      vertex -40.2939 70.4429 2.01
      vertex -42.2939 70.4429 0.00999928
    endloop
  endfacet
  facet normal -0.691468 0.209151 0.691468
    outer loop
      vertex -40.2939 70.4429 2.01
      vertex -42.3318 70.3176 0.00999928
      vertex -40.3318 70.3176 2.01
    endloop
  endfacet
  facet normal -0.0978386 -0.995202 0
    outer loop
      vertex -40.661 -67.9829 0
      vertex -40.5308 -67.9957 0.00999928
      vertex -40.661 -67.9829 0.00999928
    endloop
  endfacet
  facet normal -0.0978386 -0.995202 -0
    outer loop
      vertex -40.5308 -67.9957 0.00999928
      vertex -40.661 -67.9829 0
      vertex -40.5308 -67.9957 0
    endloop
  endfacet
  facet normal -0.0973737 0.990473 0.0973737
    outer loop
      vertex -40.5308 71.7957 0.00999928
      vertex -38.661 71.7829 2.01
      vertex -38.5308 71.7957 2.01
    endloop
  endfacet
  facet normal -0.0973737 0.990473 0.0973737
    outer loop
      vertex -38.661 71.7829 2.01
      vertex -40.5308 71.7957 0.00999928
      vertex -40.661 71.7829 0.00999928
    endloop
  endfacet
  facet normal 0.58943 -0.552398 0.58943
    outer loop
      vertex 39.8142 -67.4142 2.01
      vertex 41.9037 -67.3187 0.00999928
      vertex 39.9037 -67.3187 2.01
    endloop
  endfacet
  facet normal 0.58943 -0.552398 0.58943
    outer loop
      vertex 41.9037 -67.3187 0.00999928
      vertex 39.8142 -67.4142 2.01
      vertex 41.8142 -67.4142 0.00999928
    endloop
  endfacet
  facet normal -0.58943 -0.552398 0.58943
    outer loop
      vertex -41.8142 -67.4142 0.00999928
      vertex -39.9037 -67.3187 2.01
      vertex -41.9037 -67.3187 0.00999928
    endloop
  endfacet
  facet normal -0.58943 -0.552398 0.58943
    outer loop
      vertex -39.9037 -67.3187 2.01
      vertex -41.8142 -67.4142 0.00999928
      vertex -39.8142 -67.4142 2.01
    endloop
  endfacet
  facet normal 0.0973737 0.990473 0.0973737
    outer loop
      vertex 40.5308 71.7957 0.00999928
      vertex 38.661 71.7829 2.01
      vertex 40.661 71.7829 0.00999928
    endloop
  endfacet
  facet normal 0.0973737 0.990473 0.0973737
    outer loop
      vertex 38.661 71.7829 2.01
      vertex 40.5308 71.7957 0.00999928
      vertex 38.5308 71.7957 2.01
    endloop
  endfacet
  facet normal -0.426447 -0.797674 0.426449
    outer loop
      vertex -41.4 -67.732 0.00999928
      vertex -39.7 -67.7937 1.59458
      vertex -39.7 -67.732 1.70999
    endloop
  endfacet
  facet normal -0.426471 -0.797647 0.426477
    outer loop
      vertex -39.7 -67.7937 1.59458
      vertex -41.4 -67.732 0.00999928
      vertex -41.2846 -67.7937 0.00999928
    endloop
  endfacet
  facet normal 0.93592 -0.352212 0
    outer loop
      vertex 42.2478 -66.7654 0.00999928
      vertex 42.2939 -66.6429 0
      vertex 42.2939 -66.6429 0.00999928
    endloop
  endfacet
  facet normal 0.93592 -0.352212 0
    outer loop
      vertex 42.2939 -66.6429 0
      vertex 42.2478 -66.7654 0.00999928
      vertex 42.2478 -66.7654 0
    endloop
  endfacet
  facet normal -0.773208 -0.634153 0
    outer loop
      vertex -41.9037 -67.3187 0
      vertex -41.9867 -67.2175 0.00999928
      vertex -41.9867 -67.2175 0
    endloop
  endfacet
  facet normal -0.773208 -0.634153 0
    outer loop
      vertex -41.9867 -67.2175 0.00999928
      vertex -41.9037 -67.3187 0
      vertex -41.9037 -67.3187 0.00999928
    endloop
  endfacet
  facet normal -0.973717 -0.227761 0
    outer loop
      vertex -42.3318 -66.5176 0
      vertex -42.3616 -66.3902 0.00999928
      vertex -42.3616 -66.3902 0
    endloop
  endfacet
  facet normal -0.973717 -0.227761 0
    outer loop
      vertex -42.3616 -66.3902 0.00999928
      vertex -42.3318 -66.5176 0
      vertex -42.3318 -66.5176 0.00999928
    endloop
  endfacet
  facet normal -0.995202 -0.0978386 0
    outer loop
      vertex -42.3829 -66.261 0
      vertex -42.3957 -66.1308 0.00999928
      vertex -42.3957 -66.1308 0
    endloop
  endfacet
  facet normal -0.995202 -0.0978386 0
    outer loop
      vertex -42.3957 -66.1308 0.00999928
      vertex -42.3829 -66.261 0
      vertex -42.3829 -66.261 0.00999928
    endloop
  endfacet
  facet normal -0.93592 -0.352212 0
    outer loop
      vertex -42.2478 -66.7654 0
      vertex -42.2939 -66.6429 0.00999928
      vertex -42.2939 -66.6429 0
    endloop
  endfacet
  facet normal -0.93592 -0.352212 0
    outer loop
      vertex -42.2939 -66.6429 0.00999928
      vertex -42.2478 -66.7654 0
      vertex -42.2478 -66.7654 0.00999928
    endloop
  endfacet
  facet normal -0.673284 0.305576 0.673284
    outer loop
      vertex -42.2478 70.5654 0.00999928
      vertex -40.1937 70.6846 2.01
      vertex -42.1937 70.6846 0.00999928
    endloop
  endfacet
  facet normal -0.673284 0.305576 0.673284
    outer loop
      vertex -40.1937 70.6846 2.01
      vertex -42.2478 70.5654 0.00999928
      vertex -40.2478 70.5654 2.01
    endloop
  endfacet
  facet normal -0.222074 0.949403 0.222074
    outer loop
      vertex -40.7902 71.7616 0.00999928
      vertex -38.9176 71.7318 2.01
      vertex -38.7902 71.7616 2.01
    endloop
  endfacet
  facet normal -0.222074 0.949403 0.222074
    outer loop
      vertex -38.9176 71.7318 2.01
      vertex -40.7902 71.7616 0.00999928
      vertex -40.9176 71.7318 0.00999928
    endloop
  endfacet
  facet normal 0.160633 -0.973856 0.160626
    outer loop
      vertex 40.661 -67.9829 0.00999928
      vertex 39.7 -67.9616 1.10018
      vertex 39.7 -67.9829 0.971041
    endloop
  endfacet
  facet normal 0.160555 -0.973881 0.160557
    outer loop
      vertex 39.7 -67.9616 1.10018
      vertex 40.661 -67.9829 0.00999928
      vertex 40.7902 -67.9616 0.00999928
    endloop
  endfacet
  facet normal -0.0328359 -0.998921 0.0328356
    outer loop
      vertex -40.5308 -67.9957 0.00999928
      vertex -39.7 -68 0.709993
      vertex -39.7 -67.9957 0.840807
    endloop
  endfacet
  facet normal -0.0328391 -0.998921 0.0328394
    outer loop
      vertex -39.7 -68 0.709993
      vertex -40.5308 -67.9957 0.00999928
      vertex -40.4 -68 0.00999928
    endloop
  endfacet
  facet normal 0.910602 -0.413285 0
    outer loop
      vertex 42.1937 -66.8846 0.00999928
      vertex 42.2478 -66.7654 0
      vertex 42.2478 -66.7654 0.00999928
    endloop
  endfacet
  facet normal 0.910602 -0.413285 0
    outer loop
      vertex 42.2478 -66.7654 0
      vertex 42.1937 -66.8846 0.00999928
      vertex 42.1937 -66.8846 0
    endloop
  endfacet
  facet normal 0.910602 0.413285 0
    outer loop
      vertex 42.2478 70.5654 0.00999928
      vertex 42.1937 70.6846 0
      vertex 42.1937 70.6846 0.00999928
    endloop
  endfacet
  facet normal 0.910602 0.413285 0
    outer loop
      vertex 42.1937 70.6846 0
      vertex 42.2478 70.5654 0.00999928
      vertex 42.2478 70.5654 0
    endloop
  endfacet
  facet normal -0.973717 0.227761 0
    outer loop
      vertex -42.3616 70.1902 0
      vertex -42.3318 70.3176 0.00999928
      vertex -42.3318 70.3176 0
    endloop
  endfacet
  facet normal -0.973717 0.227761 0
    outer loop
      vertex -42.3318 70.3176 0.00999928
      vertex -42.3616 70.1902 0
      vertex -42.3616 70.1902 0.00999928
    endloop
  endfacet
  facet normal 0.630831 -0.451779 0.630831
    outer loop
      vertex 39.9867 -67.2175 2.01
      vertex 42.0629 -67.1111 0.00999928
      vertex 40.0629 -67.1111 2.01
    endloop
  endfacet
  facet normal 0.630831 -0.451779 0.630831
    outer loop
      vertex 42.0629 -67.1111 0.00999928
      vertex 39.9867 -67.2175 2.01
      vertex 41.9867 -67.2175 0.00999928
    endloop
  endfacet
  facet normal 0.58225 0.81301 -0
    outer loop
      vertex 41.6175 71.3867 0
      vertex 41.5111 71.4629 0.00999928
      vertex 41.6175 71.3867 0.00999928
    endloop
  endfacet
  facet normal 0.58225 0.81301 0
    outer loop
      vertex 41.5111 71.4629 0.00999928
      vertex 41.6175 71.3867 0
      vertex 41.5111 71.4629 0
    endloop
  endfacet
  facet normal 0.162665 -0.986681 0
    outer loop
      vertex 40.661 -67.9829 0
      vertex 40.7902 -67.9616 0.00999928
      vertex 40.661 -67.9829 0.00999928
    endloop
  endfacet
  facet normal 0.162665 -0.986681 0
    outer loop
      vertex 40.7902 -67.9616 0.00999928
      vertex 40.661 -67.9829 0
      vertex 40.7902 -67.9616 0
    endloop
  endfacet
  facet normal 0.683814 0.729656 -0
    outer loop
      vertex 41.8142 71.2142 0
      vertex 41.7187 71.3037 0.00999928
      vertex 41.8142 71.2142 0.00999928
    endloop
  endfacet
  facet normal 0.683814 0.729656 0
    outer loop
      vertex 41.7187 71.3037 0.00999928
      vertex 41.8142 71.2142 0
      vertex 41.7187 71.3037 0
    endloop
  endfacet
  facet normal 0.221992 -0.949441 0.221996
    outer loop
      vertex 40.7902 -67.9616 0.00999928
      vertex 39.7 -67.9318 1.22763
      vertex 39.7 -67.9616 1.10018
    endloop
  endfacet
  facet normal 0.222074 -0.949404 0.222069
    outer loop
      vertex 39.7 -67.9318 1.22763
      vertex 40.7902 -67.9616 0.00999928
      vertex 40.9176 -67.9318 0.00999928
    endloop
  endfacet
  facet normal 0.647275 0.40258 0.647275
    outer loop
      vertex 40.132 70.8 2.01
      vertex 42.0629 70.9111 0.00999928
      vertex 40.0629 70.9111 2.01
    endloop
  endfacet
  facet normal 0.647275 0.40258 0.647275
    outer loop
      vertex 42.0629 70.9111 0.00999928
      vertex 40.132 70.8 2.01
      vertex 42.132 70.8 0.00999928
    endloop
  endfacet
  facet normal 0.352212 0.93592 -0
    outer loop
      vertex 41.1654 71.6478 0
      vertex 41.0429 71.6939 0.00999928
      vertex 41.1654 71.6478 0.00999928
    endloop
  endfacet
  facet normal 0.352212 0.93592 0
    outer loop
      vertex 41.0429 71.6939 0.00999928
      vertex 41.1654 71.6478 0
      vertex 41.0429 71.6939 0
    endloop
  endfacet
  facet normal 0.503172 0.702592 0.503172
    outer loop
      vertex 41.5111 71.4629 0.00999928
      vertex 39.6175 71.3867 2.01
      vertex 41.6175 71.3867 0.00999928
    endloop
  endfacet
  facet normal 0.503172 0.702592 0.503172
    outer loop
      vertex 39.6175 71.3867 2.01
      vertex 41.5111 71.4629 0.00999928
      vertex 39.5111 71.4629 2.01
    endloop
  endfacet
  facet normal 0.162665 0.986681 -0
    outer loop
      vertex 40.7902 71.7616 0
      vertex 40.661 71.7829 0.00999928
      vertex 40.7902 71.7616 0.00999928
    endloop
  endfacet
  facet normal 0.162665 0.986681 0
    outer loop
      vertex 40.661 71.7829 0.00999928
      vertex 40.7902 71.7616 0
      vertex 40.661 71.7829 0
    endloop
  endfacet
  facet normal 0.564461 0.602302 0.564461
    outer loop
      vertex 41.7187 71.3037 0.00999928
      vertex 39.8142 71.2142 2.01
      vertex 41.8142 71.2142 0.00999928
    endloop
  endfacet
  facet normal 0.564461 0.602302 0.564461
    outer loop
      vertex 39.8142 71.2142 2.01
      vertex 41.7187 71.3037 0.00999928
      vertex 39.7187 71.3037 2.01
    endloop
  endfacet
  facet normal -0.278189 -0.919358 0.278193
    outer loop
      vertex -41.0429 -67.8939 0.00999928
      vertex -39.7 -67.9318 1.22763
      vertex -39.7 -67.8939 1.35288
    endloop
  endfacet
  facet normal -0.278099 -0.919416 0.278092
    outer loop
      vertex -39.7 -67.9318 1.22763
      vertex -41.0429 -67.8939 0.00999928
      vertex -40.9176 -67.9318 0.00999928
    endloop
  endfacet
  facet normal 0.705405 0.0693485 0.705404
    outer loop
      vertex 40.3957 69.9308 2.01
      vertex 42.3829 70.061 0.00999928
      vertex 40.3829 70.061 2.01
    endloop
  endfacet
  facet normal 0.705405 0.0693485 0.705404
    outer loop
      vertex 42.3829 70.061 0.00999928
      vertex 40.3957 69.9308 2.01
      vertex 42.3957 69.9308 0.00999928
    endloop
  endfacet
  facet normal -0.222001 -0.949439 0.221995
    outer loop
      vertex -40.9176 -67.9318 0.00999928
      vertex -39.7 -67.9616 1.10018
      vertex -39.7 -67.9318 1.22763
    endloop
  endfacet
  facet normal -0.222074 -0.949402 0.222078
    outer loop
      vertex -39.7 -67.9616 1.10018
      vertex -40.9176 -67.9318 0.00999928
      vertex -40.7902 -67.9616 0.00999928
    endloop
  endfacet
  facet normal 0.222074 0.949403 0.222074
    outer loop
      vertex 40.7902 71.7616 0.00999928
      vertex 38.9176 71.7318 2.01
      vertex 40.9176 71.7318 0.00999928
    endloop
  endfacet
  facet normal 0.222074 0.949403 0.222074
    outer loop
      vertex 38.9176 71.7318 2.01
      vertex 40.7902 71.7616 0.00999928
      vertex 38.7902 71.7616 2.01
    endloop
  endfacet
  facet normal 0.881866 -0.4715 0
    outer loop
      vertex 42.132 -67 0.00999928
      vertex 42.1937 -66.8846 0
      vertex 42.1937 -66.8846 0.00999928
    endloop
  endfacet
  facet normal 0.881866 -0.4715 0
    outer loop
      vertex 42.1937 -66.8846 0
      vertex 42.132 -67 0.00999928
      vertex 42.132 -67 0
    endloop
  endfacet
  facet normal -0.881866 0.4715 0
    outer loop
      vertex -42.1937 70.6846 0
      vertex -42.132 70.8 0.00999928
      vertex -42.132 70.8 0
    endloop
  endfacet
  facet normal -0.881866 0.4715 0
    outer loop
      vertex -42.132 70.8 0.00999928
      vertex -42.1937 70.6846 0
      vertex -42.1937 70.6846 0.00999928
    endloop
  endfacet
  facet normal -0.227761 -0.973717 0
    outer loop
      vertex -40.9176 -67.9318 0
      vertex -40.7902 -67.9616 0.00999928
      vertex -40.9176 -67.9318 0.00999928
    endloop
  endfacet
  facet normal -0.227761 -0.973717 -0
    outer loop
      vertex -40.7902 -67.9616 0.00999928
      vertex -40.9176 -67.9318 0
      vertex -40.7902 -67.9616 0
    endloop
  endfacet
  facet normal 0.381897 -0.841607 0.381907
    outer loop
      vertex 41.1654 -67.8478 0.00999928
      vertex 39.7 -67.7937 1.59458
      vertex 39.7 -67.8478 1.47536
    endloop
  endfacet
  facet normal 0.38195 -0.841561 0.381955
    outer loop
      vertex 39.7 -67.7937 1.59458
      vertex 41.1654 -67.8478 0.00999928
      vertex 41.2846 -67.7937 0.00999928
    endloop
  endfacet
  facet normal 0.535546 0.652979 0.535546
    outer loop
      vertex 41.6175 71.3867 0.00999928
      vertex 39.7187 71.3037 2.01
      vertex 41.7187 71.3037 0.00999928
    endloop
  endfacet
  facet normal 0.535546 0.652979 0.535546
    outer loop
      vertex 39.7187 71.3037 2.01
      vertex 41.6175 71.3867 0.00999928
      vertex 39.6175 71.3867 2.01
    endloop
  endfacet
  facet normal -0.160555 0.973881 0.160555
    outer loop
      vertex -40.661 71.7829 0.00999928
      vertex -38.7902 71.7616 2.01
      vertex -38.661 71.7829 2.01
    endloop
  endfacet
  facet normal -0.160555 0.973881 0.160555
    outer loop
      vertex -38.7902 71.7616 2.01
      vertex -40.661 71.7829 0.00999928
      vertex -40.7902 71.7616 0.00999928
    endloop
  endfacet
  facet normal 0.0978386 -0.995202 0
    outer loop
      vertex 40.5308 -67.9957 0
      vertex 40.661 -67.9829 0.00999928
      vertex 40.5308 -67.9957 0.00999928
    endloop
  endfacet
  facet normal 0.0978386 -0.995202 0
    outer loop
      vertex 40.661 -67.9829 0.00999928
      vertex 40.5308 -67.9957 0
      vertex 40.661 -67.9829 0
    endloop
  endfacet
  facet normal -0.611686 0.501679 0.611685
    outer loop
      vertex -41.9867 71.0175 0.00999928
      vertex -39.9037 71.1187 2.01
      vertex -41.9037 71.1187 0.00999928
    endloop
  endfacet
  facet normal -0.611686 0.501679 0.611685
    outer loop
      vertex -39.9037 71.1187 2.01
      vertex -41.9867 71.0175 0.00999928
      vertex -39.9867 71.0175 2.01
    endloop
  endfacet
  facet normal 0.697629 -0.163182 0.697629
    outer loop
      vertex 40.3318 -66.5176 2.01
      vertex 42.3616 -66.3902 0.00999928
      vertex 40.3616 -66.3902 2.01
    endloop
  endfacet
  facet normal 0.697629 -0.163182 0.697629
    outer loop
      vertex 42.3616 -66.3902 0.00999928
      vertex 40.3318 -66.5176 2.01
      vertex 42.3318 -66.5176 0.00999928
    endloop
  endfacet
  facet normal -0.4715 -0.881866 0
    outer loop
      vertex -41.4 -67.732 0
      vertex -41.2846 -67.7937 0.00999928
      vertex -41.4 -67.732 0.00999928
    endloop
  endfacet
  facet normal -0.4715 -0.881866 -0
    outer loop
      vertex -41.2846 -67.7937 0.00999928
      vertex -41.4 -67.732 0
      vertex -41.2846 -67.7937 0
    endloop
  endfacet
  facet normal 0.564461 -0.602302 0.564461
    outer loop
      vertex 41.7187 -67.5037 0.00999928
      vertex 39.8142 -67.4142 2.01
      vertex 39.7187 -67.5037 2.01
    endloop
  endfacet
  facet normal 0.564461 -0.602302 0.564461
    outer loop
      vertex 39.8142 -67.4142 2.01
      vertex 41.7187 -67.5037 0.00999928
      vertex 41.8142 -67.4142 0.00999928
    endloop
  endfacet
  facet normal 0.634153 0.773208 -0
    outer loop
      vertex 41.7187 71.3037 0
      vertex 41.6175 71.3867 0.00999928
      vertex 41.7187 71.3037 0.00999928
    endloop
  endfacet
  facet normal 0.634153 0.773208 0
    outer loop
      vertex 41.6175 71.3867 0.00999928
      vertex 41.7187 71.3037 0
      vertex 41.6175 71.3867 0
    endloop
  endfacet
  facet normal -0.0978386 0.995202 0
    outer loop
      vertex -40.5308 71.7957 0
      vertex -40.661 71.7829 0.00999928
      vertex -40.5308 71.7957 0.00999928
    endloop
  endfacet
  facet normal -0.0978386 0.995202 0
    outer loop
      vertex -40.661 71.7829 0.00999928
      vertex -40.5308 71.7957 0
      vertex -40.661 71.7829 0
    endloop
  endfacet
  facet normal -0.611686 -0.501679 0.611685
    outer loop
      vertex -41.9037 -67.3187 0.00999928
      vertex -39.9867 -67.2175 2.01
      vertex -41.9867 -67.2175 0.00999928
    endloop
  endfacet
  facet normal -0.611686 -0.501679 0.611685
    outer loop
      vertex -39.9867 -67.2175 2.01
      vertex -41.9037 -67.3187 0.00999928
      vertex -39.9037 -67.3187 2.01
    endloop
  endfacet
  facet normal 0.691468 -0.209151 0.691468
    outer loop
      vertex 40.2939 -66.6429 2.01
      vertex 42.3318 -66.5176 0.00999928
      vertex 40.3318 -66.5176 2.01
    endloop
  endfacet
  facet normal 0.691468 -0.209151 0.691468
    outer loop
      vertex 42.3318 -66.5176 0.00999928
      vertex 40.2939 -66.6429 2.01
      vertex 42.2939 -66.6429 0.00999928
    endloop
  endfacet
  facet normal 0.227761 -0.973717 0
    outer loop
      vertex 40.7902 -67.9616 0
      vertex 40.9176 -67.9318 0.00999928
      vertex 40.7902 -67.9616 0.00999928
    endloop
  endfacet
  facet normal 0.227761 -0.973717 0
    outer loop
      vertex 40.9176 -67.9318 0.00999928
      vertex 40.7902 -67.9616 0
      vertex 40.9176 -67.9318 0
    endloop
  endfacet
  facet normal 0.0978386 0.995202 -0
    outer loop
      vertex 40.661 71.7829 0
      vertex 40.5308 71.7957 0.00999928
      vertex 40.661 71.7829 0.00999928
    endloop
  endfacet
  facet normal 0.0978386 0.995202 0
    outer loop
      vertex 40.5308 71.7957 0.00999928
      vertex 40.661 71.7829 0
      vertex 40.5308 71.7957 0
    endloop
  endfacet
  facet normal -0.706916 -0.0232396 0.706916
    outer loop
      vertex -42.3957 -66.1308 0.00999928
      vertex -40.4 -66 2.01
      vertex -42.4 -66 0.00999928
    endloop
  endfacet
  facet normal -0.706916 -0.0232396 0.706916
    outer loop
      vertex -40.4 -66 2.01
      vertex -42.3957 -66.1308 0.00999928
      vertex -40.3957 -66.1308 2.01
    endloop
  endfacet
  facet normal -0.986681 -0.162665 0
    outer loop
      vertex -42.3616 -66.3902 0
      vertex -42.3829 -66.261 0.00999928
      vertex -42.3829 -66.261 0
    endloop
  endfacet
  facet normal -0.986681 -0.162665 0
    outer loop
      vertex -42.3829 -66.261 0.00999928
      vertex -42.3616 -66.3902 0
      vertex -42.3616 -66.3902 0.00999928
    endloop
  endfacet
  facet normal -0.683327 -0.257154 0.683327
    outer loop
      vertex -42.2478 -66.7654 0.00999928
      vertex -40.2939 -66.6429 2.01
      vertex -42.2939 -66.6429 0.00999928
    endloop
  endfacet
  facet normal -0.683327 -0.257154 0.683327
    outer loop
      vertex -40.2939 -66.6429 2.01
      vertex -42.2478 -66.7654 0.00999928
      vertex -40.2478 -66.7654 2.01
    endloop
  endfacet
  facet normal -0.413285 0.910602 0
    outer loop
      vertex -41.1654 71.6478 0
      vertex -41.2846 71.5937 0.00999928
      vertex -41.1654 71.6478 0.00999928
    endloop
  endfacet
  facet normal -0.413285 0.910602 0
    outer loop
      vertex -41.2846 71.5937 0.00999928
      vertex -41.1654 71.6478 0
      vertex -41.2846 71.5937 0
    endloop
  endfacet
  facet normal 0.160555 0.973881 0.160555
    outer loop
      vertex 40.661 71.7829 0.00999928
      vertex 38.7902 71.7616 2.01
      vertex 40.7902 71.7616 0.00999928
    endloop
  endfacet
  facet normal 0.160555 0.973881 0.160555
    outer loop
      vertex 38.7902 71.7616 2.01
      vertex 40.661 71.7829 0.00999928
      vertex 38.661 71.7829 2.01
    endloop
  endfacet
  facet normal 0.0328569 -0.99946 0
    outer loop
      vertex 40.4 -68 0
      vertex 40.5308 -67.9957 0.00999928
      vertex 40.4 -68 0.00999928
    endloop
  endfacet
  facet normal 0.0328569 -0.99946 0
    outer loop
      vertex 40.5308 -67.9957 0.00999928
      vertex 40.4 -68 0
      vertex 40.5308 -67.9957 0
    endloop
  endfacet
  facet normal 0.352212 -0.93592 0
    outer loop
      vertex 41.0429 -67.8939 0
      vertex 41.1654 -67.8478 0.00999928
      vertex 41.0429 -67.8939 0.00999928
    endloop
  endfacet
  facet normal 0.352212 -0.93592 0
    outer loop
      vertex 41.1654 -67.8478 0.00999928
      vertex 41.0429 -67.8939 0
      vertex 41.1654 -67.8478 0
    endloop
  endfacet
  facet normal 0.702351 0.11579 0.70235
    outer loop
      vertex 40.3829 70.061 2.01
      vertex 42.3616 70.1902 0.00999928
      vertex 40.3616 70.1902 2.01
    endloop
  endfacet
  facet normal 0.702351 0.11579 0.70235
    outer loop
      vertex 42.3616 70.1902 0.00999928
      vertex 40.3829 70.061 2.01
      vertex 42.3829 70.061 0.00999928
    endloop
  endfacet
  facet normal 0.413285 -0.910602 0
    outer loop
      vertex 41.1654 -67.8478 0
      vertex 41.2846 -67.7937 0.00999928
      vertex 41.1654 -67.8478 0.00999928
    endloop
  endfacet
  facet normal 0.413285 -0.910602 0
    outer loop
      vertex 41.2846 -67.7937 0.00999928
      vertex 41.1654 -67.8478 0
      vertex 41.2846 -67.7937 0
    endloop
  endfacet
  facet normal -0.0973529 -0.990477 0.0973487
    outer loop
      vertex -40.661 -67.9829 0.00999928
      vertex -39.7 -67.9957 0.840807
      vertex -39.7 -67.9829 0.971041
    endloop
  endfacet
  facet normal -0.0973737 -0.990473 0.0973728
    outer loop
      vertex -39.7 -67.9957 0.840807
      vertex -40.661 -67.9829 0.00999928
      vertex -40.5308 -67.9957 0.00999928
    endloop
  endfacet
  facet normal 0.381951 0.841562 0.381951
    outer loop
      vertex 41.1654 71.6478 0.00999928
      vertex 39.2846 71.5937 2.01
      vertex 41.2846 71.5937 0.00999928
    endloop
  endfacet
  facet normal 0.381951 0.841562 0.381951
    outer loop
      vertex 39.2846 71.5937 2.01
      vertex 41.1654 71.6478 0.00999928
      vertex 39.1654 71.6478 2.01
    endloop
  endfacet
  facet normal 0 -1 0
    outer loop
      vertex 39.7 -68 0
      vertex 40.4 -68 0.00999928
      vertex 39.7 -68 0.709993
    endloop
  endfacet
  facet normal 0 -1 -0
    outer loop
      vertex 40.4 -68 0.00999928
      vertex 39.7 -68 0
      vertex 40.4 -68 0
    endloop
  endfacet
  facet normal 0 -1 0
    outer loop
      vertex -39.7 -68 0
      vertex -40.4 -68 0.00999928
      vertex -40.4 -68 0
    endloop
  endfacet
  facet normal 0 -1 0
    outer loop
      vertex -40.4 -68 0.00999928
      vertex -39.7 -68 0
      vertex -39.7 -68 0.709993
    endloop
  endfacet
  facet normal -0.773208 0.634153 0
    outer loop
      vertex -41.9867 71.0175 0
      vertex -41.9037 71.1187 0.00999928
      vertex -41.9037 71.1187 0
    endloop
  endfacet
  facet normal -0.773208 0.634153 0
    outer loop
      vertex -41.9037 71.1187 0.00999928
      vertex -41.9867 71.0175 0
      vertex -41.9867 71.0175 0.00999928
    endloop
  endfacet
  facet normal -0.706916 0.0232396 0.706916
    outer loop
      vertex -42.4 69.8 0.00999928
      vertex -40.3957 69.9308 2.01
      vertex -42.3957 69.9308 0.00999928
    endloop
  endfacet
  facet normal -0.706916 0.0232396 0.706916
    outer loop
      vertex -40.3957 69.9308 2.01
      vertex -42.4 69.8 0.00999928
      vertex -40.4 69.8 2.01
    endloop
  endfacet
  facet normal -0.697629 0.163182 0.697629
    outer loop
      vertex -42.3616 70.1902 0.00999928
      vertex -40.3318 70.3176 2.01
      vertex -42.3318 70.3176 0.00999928
    endloop
  endfacet
  facet normal -0.697629 0.163182 0.697629
    outer loop
      vertex -40.3318 70.3176 2.01
      vertex -42.3616 70.1902 0.00999928
      vertex -40.3616 70.1902 2.01
    endloop
  endfacet
  facet normal -0.683327 0.257154 0.683327
    outer loop
      vertex -42.2939 70.4429 0.00999928
      vertex -40.2478 70.5654 2.01
      vertex -42.2478 70.5654 0.00999928
    endloop
  endfacet
  facet normal -0.683327 0.257154 0.683327
    outer loop
      vertex -40.2478 70.5654 2.01
      vertex -42.2939 70.4429 0.00999928
      vertex -40.2939 70.4429 2.01
    endloop
  endfacet
  facet normal 0.986681 -0.162665 0
    outer loop
      vertex 42.3616 -66.3902 0.00999928
      vertex 42.3829 -66.261 0
      vertex 42.3829 -66.261 0.00999928
    endloop
  endfacet
  facet normal 0.986681 -0.162665 0
    outer loop
      vertex 42.3829 -66.261 0
      vertex 42.3616 -66.3902 0.00999928
      vertex 42.3616 -66.3902 0
    endloop
  endfacet
  facet normal 0.973717 -0.227761 0
    outer loop
      vertex 42.3318 -66.5176 0.00999928
      vertex 42.3616 -66.3902 0
      vertex 42.3616 -66.3902 0.00999928
    endloop
  endfacet
  facet normal 0.973717 -0.227761 0
    outer loop
      vertex 42.3616 -66.3902 0
      vertex 42.3318 -66.5176 0.00999928
      vertex 42.3318 -66.5176 0
    endloop
  endfacet
  facet normal 0.278099 0.919414 0.278099
    outer loop
      vertex 40.9176 71.7318 0.00999928
      vertex 39.0429 71.6939 2.01
      vertex 41.0429 71.6939 0.00999928
    endloop
  endfacet
  facet normal 0.278099 0.919414 0.278099
    outer loop
      vertex 39.0429 71.6939 2.01
      vertex 40.9176 71.7318 0.00999928
      vertex 38.9176 71.7318 2.01
    endloop
  endfacet
  facet normal 0.773208 0.634153 0
    outer loop
      vertex 41.9867 71.0175 0.00999928
      vertex 41.9037 71.1187 0
      vertex 41.9037 71.1187 0.00999928
    endloop
  endfacet
  facet normal 0.773208 0.634153 0
    outer loop
      vertex 41.9037 71.1187 0
      vertex 41.9867 71.0175 0.00999928
      vertex 41.9867 71.0175 0
    endloop
  endfacet
  facet normal 0.986681 0.162665 0
    outer loop
      vertex 42.3829 70.061 0.00999928
      vertex 42.3616 70.1902 0
      vertex 42.3616 70.1902 0.00999928
    endloop
  endfacet
  facet normal 0.986681 0.162665 0
    outer loop
      vertex 42.3616 70.1902 0
      vertex 42.3829 70.061 0.00999928
      vertex 42.3829 70.061 0
    endloop
  endfacet
  facet normal 0.58943 0.552398 0.58943
    outer loop
      vertex 39.9037 71.1187 2.01
      vertex 41.8142 71.2142 0.00999928
      vertex 39.8142 71.2142 2.01
    endloop
  endfacet
  facet normal 0.58943 0.552398 0.58943
    outer loop
      vertex 41.8142 71.2142 0.00999928
      vertex 39.9037 71.1187 2.01
      vertex 41.9037 71.1187 0.00999928
    endloop
  endfacet
  facet normal 0.691468 0.209151 0.691468
    outer loop
      vertex 40.3318 70.3176 2.01
      vertex 42.2939 70.4429 0.00999928
      vertex 40.2939 70.4429 2.01
    endloop
  endfacet
  facet normal 0.691468 0.209151 0.691468
    outer loop
      vertex 42.2939 70.4429 0.00999928
      vertex 40.3318 70.3176 2.01
      vertex 42.3318 70.3176 0.00999928
    endloop
  endfacet
  facet normal 0.702351 -0.11579 0.70235
    outer loop
      vertex 40.3616 -66.3902 2.01
      vertex 42.3829 -66.261 0.00999928
      vertex 40.3829 -66.261 2.01
    endloop
  endfacet
  facet normal 0.702351 -0.11579 0.70235
    outer loop
      vertex 42.3829 -66.261 0.00999928
      vertex 40.3616 -66.3902 2.01
      vertex 42.3616 -66.3902 0.00999928
    endloop
  endfacet
  facet normal -0.162665 -0.986681 0
    outer loop
      vertex -40.7902 -67.9616 0
      vertex -40.661 -67.9829 0.00999928
      vertex -40.7902 -67.9616 0.00999928
    endloop
  endfacet
  facet normal -0.162665 -0.986681 -0
    outer loop
      vertex -40.661 -67.9829 0.00999928
      vertex -40.7902 -67.9616 0
      vertex -40.661 -67.9829 0
    endloop
  endfacet
  facet normal -0.630831 -0.451779 0.630831
    outer loop
      vertex -41.9867 -67.2175 0.00999928
      vertex -40.0629 -67.1111 2.01
      vertex -42.0629 -67.1111 0.00999928
    endloop
  endfacet
  facet normal -0.630831 -0.451779 0.630831
    outer loop
      vertex -40.0629 -67.1111 2.01
      vertex -41.9867 -67.2175 0.00999928
      vertex -39.9867 -67.2175 2.01
    endloop
  endfacet
  facet normal 0.332246 -0.882735 0.332251
    outer loop
      vertex 41.0429 -67.8939 0.00999928
      vertex 39.7 -67.8478 1.47536
      vertex 39.7 -67.8939 1.35288
    endloop
  endfacet
  facet normal 0.332207 -0.882763 0.332216
    outer loop
      vertex 39.7 -67.8478 1.47536
      vertex 41.0429 -67.8939 0.00999928
      vertex 41.1654 -67.8478 0.00999928
    endloop
  endfacet
  facet normal -0.683814 -0.729656 0
    outer loop
      vertex -41.8142 -67.4142 0
      vertex -41.7187 -67.5037 0.00999928
      vertex -41.8142 -67.4142 0.00999928
    endloop
  endfacet
  facet normal -0.683814 -0.729656 -0
    outer loop
      vertex -41.7187 -67.5037 0.00999928
      vertex -41.8142 -67.4142 0
      vertex -41.7187 -67.5037 0
    endloop
  endfacet
  facet normal -0.683814 0.729656 0
    outer loop
      vertex -41.7187 71.3037 0
      vertex -41.8142 71.2142 0.00999928
      vertex -41.7187 71.3037 0.00999928
    endloop
  endfacet
  facet normal -0.683814 0.729656 0
    outer loop
      vertex -41.8142 71.2142 0.00999928
      vertex -41.7187 71.3037 0
      vertex -41.8142 71.2142 0
    endloop
  endfacet
  facet normal -0.332243 -0.882737 0.332251
    outer loop
      vertex -41.1654 -67.8478 0.00999928
      vertex -39.7 -67.8939 1.35288
      vertex -39.7 -67.8478 1.47536
    endloop
  endfacet
  facet normal -0.332208 -0.882764 0.332212
    outer loop
      vertex -39.7 -67.8939 1.35288
      vertex -41.1654 -67.8478 0.00999928
      vertex -41.0429 -67.8939 0.00999928
    endloop
  endfacet
  facet normal -0.28952 -0.957172 0
    outer loop
      vertex -41.0429 -67.8939 0
      vertex -40.9176 -67.9318 0.00999928
      vertex -41.0429 -67.8939 0.00999928
    endloop
  endfacet
  facet normal -0.28952 -0.957172 -0
    outer loop
      vertex -40.9176 -67.9318 0.00999928
      vertex -41.0429 -67.8939 0
      vertex -40.9176 -67.9318 0
    endloop
  endfacet
  facet normal -0.381951 0.841562 0.381951
    outer loop
      vertex -41.1654 71.6478 0.00999928
      vertex -39.2846 71.5937 2.01
      vertex -39.1654 71.6478 2.01
    endloop
  endfacet
  facet normal -0.381951 0.841562 0.381951
    outer loop
      vertex -39.2846 71.5937 2.01
      vertex -41.1654 71.6478 0.00999928
      vertex -41.2846 71.5937 0.00999928
    endloop
  endfacet
  facet normal -0.160624 -0.973858 0.160627
    outer loop
      vertex -40.7902 -67.9616 0.00999928
      vertex -39.7 -67.9829 0.971041
      vertex -39.7 -67.9616 1.10018
    endloop
  endfacet
  facet normal -0.160555 -0.973882 0.160548
    outer loop
      vertex -39.7 -67.9829 0.971041
      vertex -40.7902 -67.9616 0.00999928
      vertex -40.661 -67.9829 0.00999928
    endloop
  endfacet
  facet normal -0.528693 0.848813 0
    outer loop
      vertex -41.4 71.5321 0
      vertex -41.5111 71.4629 0.00999928
      vertex -41.4 71.5321 0.00999928
    endloop
  endfacet
  facet normal -0.528693 0.848813 0
    outer loop
      vertex -41.5111 71.4629 0.00999928
      vertex -41.4 71.5321 0
      vertex -41.5111 71.4629 0
    endloop
  endfacet
  facet normal 0.503227 -0.702521 0.503216
    outer loop
      vertex 41.5111 -67.6629 0.00999928
      vertex 39.7 -67.5867 1.92752
      vertex 39.7 -67.6629 1.82114
    endloop
  endfacet
  facet normal 0.503174 -0.702594 0.503168
    outer loop
      vertex 39.7 -67.5867 1.92752
      vertex 41.5111 -67.6629 0.00999928
      vertex 41.6175 -67.5867 0.00999928
    endloop
  endfacet
  facet normal -0.503223 -0.702523 0.503217
    outer loop
      vertex -41.6175 -67.5867 0.00999928
      vertex -39.7 -67.6629 1.82114
      vertex -39.7 -67.5867 1.92752
    endloop
  endfacet
  facet normal -0.503175 -0.702596 0.503164
    outer loop
      vertex -39.7 -67.6629 1.82114
      vertex -41.6175 -67.5867 0.00999928
      vertex -41.5111 -67.6629 0.00999928
    endloop
  endfacet
  facet normal -0.881866 -0.4715 0
    outer loop
      vertex -42.132 -67 0
      vertex -42.1937 -66.8846 0.00999928
      vertex -42.1937 -66.8846 0
    endloop
  endfacet
  facet normal -0.881866 -0.4715 0
    outer loop
      vertex -42.1937 -66.8846 0.00999928
      vertex -42.132 -67 0
      vertex -42.132 -67 0.00999928
    endloop
  endfacet
  facet normal 0.881866 0.4715 0
    outer loop
      vertex 42.1937 70.6846 0.00999928
      vertex 42.132 70.8 0
      vertex 42.132 70.8 0.00999928
    endloop
  endfacet
  facet normal 0.881866 0.4715 0
    outer loop
      vertex 42.132 70.8 0
      vertex 42.1937 70.6846 0.00999928
      vertex 42.1937 70.6846 0
    endloop
  endfacet
  facet normal -0.162665 0.986681 0
    outer loop
      vertex -40.661 71.7829 0
      vertex -40.7902 71.7616 0.00999928
      vertex -40.661 71.7829 0.00999928
    endloop
  endfacet
  facet normal -0.162665 0.986681 0
    outer loop
      vertex -40.7902 71.7616 0.00999928
      vertex -40.661 71.7829 0
      vertex -40.7902 71.7616 0
    endloop
  endfacet
  facet normal 0.611686 0.501679 0.611685
    outer loop
      vertex 39.9867 71.0175 2.01
      vertex 41.9037 71.1187 0.00999928
      vertex 39.9037 71.1187 2.01
    endloop
  endfacet
  facet normal 0.611686 0.501679 0.611685
    outer loop
      vertex 41.9037 71.1187 0.00999928
      vertex 39.9867 71.0175 2.01
      vertex 41.9867 71.0175 0.00999928
    endloop
  endfacet
  facet normal 0.729656 0.683814 0
    outer loop
      vertex 41.9037 71.1187 0.00999928
      vertex 41.8142 71.2142 0
      vertex 41.8142 71.2142 0.00999928
    endloop
  endfacet
  facet normal 0.729656 0.683814 0
    outer loop
      vertex 41.8142 71.2142 0
      vertex 41.9037 71.1187 0.00999928
      vertex 41.9037 71.1187 0
    endloop
  endfacet
  facet normal 0.706916 0.0232396 0.706916
    outer loop
      vertex 40.4 69.8 2.01
      vertex 42.3957 69.9308 0.00999928
      vertex 40.3957 69.9308 2.01
    endloop
  endfacet
  facet normal 0.706916 0.0232396 0.706916
    outer loop
      vertex 42.3957 69.9308 0.00999928
      vertex 40.4 69.8 2.01
      vertex 42.4 69.8 0.00999928
    endloop
  endfacet
  facet normal -0.647275 0.40258 0.647275
    outer loop
      vertex -42.132 70.8 0.00999928
      vertex -40.0629 70.9111 2.01
      vertex -42.0629 70.9111 0.00999928
    endloop
  endfacet
  facet normal -0.647275 0.40258 0.647275
    outer loop
      vertex -40.0629 70.9111 2.01
      vertex -42.132 70.8 0.00999928
      vertex -40.132 70.8 2.01
    endloop
  endfacet
  facet normal 0.413285 0.910602 -0
    outer loop
      vertex 41.2846 71.5937 0
      vertex 41.1654 71.6478 0.00999928
      vertex 41.2846 71.5937 0.00999928
    endloop
  endfacet
  facet normal 0.413285 0.910602 0
    outer loop
      vertex 41.1654 71.6478 0.00999928
      vertex 41.2846 71.5937 0
      vertex 41.1654 71.6478 0
    endloop
  endfacet
  facet normal -0.352212 0.93592 0
    outer loop
      vertex -41.0429 71.6939 0
      vertex -41.1654 71.6478 0.00999928
      vertex -41.0429 71.6939 0.00999928
    endloop
  endfacet
  facet normal -0.352212 0.93592 0
    outer loop
      vertex -41.1654 71.6478 0.00999928
      vertex -41.0429 71.6939 0
      vertex -41.1654 71.6478 0
    endloop
  endfacet
  facet normal 0.773208 -0.634153 0
    outer loop
      vertex 41.9037 -67.3187 0.00999928
      vertex 41.9867 -67.2175 0
      vertex 41.9867 -67.2175 0.00999928
    endloop
  endfacet
  facet normal 0.773208 -0.634153 0
    outer loop
      vertex 41.9867 -67.2175 0
      vertex 41.9037 -67.3187 0.00999928
      vertex 41.9037 -67.3187 0
    endloop
  endfacet
  facet normal -0.413285 -0.910602 0
    outer loop
      vertex -41.2846 -67.7937 0
      vertex -41.1654 -67.8478 0.00999928
      vertex -41.2846 -67.7937 0.00999928
    endloop
  endfacet
  facet normal -0.413285 -0.910602 -0
    outer loop
      vertex -41.1654 -67.8478 0.00999928
      vertex -41.2846 -67.7937 0
      vertex -41.1654 -67.8478 0
    endloop
  endfacet
  facet normal -0.332208 0.882766 0.332208
    outer loop
      vertex -41.0429 71.6939 0.00999928
      vertex -39.1654 71.6478 2.01
      vertex -39.0429 71.6939 2.01
    endloop
  endfacet
  facet normal -0.332208 0.882766 0.332208
    outer loop
      vertex -39.1654 71.6478 2.01
      vertex -41.0429 71.6939 0.00999928
      vertex -41.1654 71.6478 0.00999928
    endloop
  endfacet
  facet normal 0.849156 0.528143 0
    outer loop
      vertex 42.132 70.8 0.00999928
      vertex 42.0629 70.9111 0
      vertex 42.0629 70.9111 0.00999928
    endloop
  endfacet
  facet normal 0.849156 0.528143 0
    outer loop
      vertex 42.0629 70.9111 0
      vertex 42.132 70.8 0.00999928
      vertex 42.132 70.8 0
    endloop
  endfacet
  facet normal -0.634153 0.773208 0
    outer loop
      vertex -41.6175 71.3867 0
      vertex -41.7187 71.3037 0.00999928
      vertex -41.6175 71.3867 0.00999928
    endloop
  endfacet
  facet normal -0.634153 0.773208 0
    outer loop
      vertex -41.7187 71.3037 0.00999928
      vertex -41.6175 71.3867 0
      vertex -41.7187 71.3037 0
    endloop
  endfacet
  facet normal -0.0328569 0.99946 0
    outer loop
      vertex -40.4 71.8 0
      vertex -40.5308 71.7957 0.00999928
      vertex -40.4 71.8 0.00999928
    endloop
  endfacet
  facet normal -0.0328569 0.99946 0
    outer loop
      vertex -40.5308 71.7957 0.00999928
      vertex -40.4 71.8 0
      vertex -40.5308 71.7957 0
    endloop
  endfacet
  facet normal 0.995202 0.0978386 0
    outer loop
      vertex 42.3957 69.9308 0.00999928
      vertex 42.3829 70.061 0
      vertex 42.3829 70.061 0.00999928
    endloop
  endfacet
  facet normal 0.995202 0.0978386 0
    outer loop
      vertex 42.3829 70.061 0
      vertex 42.3957 69.9308 0.00999928
      vertex 42.3957 69.9308 0
    endloop
  endfacet
  facet normal 0.466891 -0.751015 0.466893
    outer loop
      vertex 41.4 -67.732 0.00999928
      vertex 39.7 -67.6629 1.82114
      vertex 39.7 -67.732 1.70999
    endloop
  endfacet
  facet normal 0.467013 -0.750871 0.467003
    outer loop
      vertex 39.7 -67.6629 1.82114
      vertex 41.4 -67.732 0.00999928
      vertex 41.5111 -67.6629 0.00999928
    endloop
  endfacet
  facet normal -0.634153 -0.773208 0
    outer loop
      vertex -41.7187 -67.5037 0
      vertex -41.6175 -67.5867 0.00999928
      vertex -41.7187 -67.5037 0.00999928
    endloop
  endfacet
  facet normal -0.634153 -0.773208 -0
    outer loop
      vertex -41.6175 -67.5867 0.00999928
      vertex -41.7187 -67.5037 0
      vertex -41.6175 -67.5867 0
    endloop
  endfacet
  facet normal 0.630831 0.451779 0.630831
    outer loop
      vertex 40.0629 70.9111 2.01
      vertex 41.9867 71.0175 0.00999928
      vertex 39.9867 71.0175 2.01
    endloop
  endfacet
  facet normal 0.630831 0.451779 0.630831
    outer loop
      vertex 41.9867 71.0175 0.00999928
      vertex 40.0629 70.9111 2.01
      vertex 42.0629 70.9111 0.00999928
    endloop
  endfacet
  facet normal 0 1 0
    outer loop
      vertex 40.4 71.8 0.00999928
      vertex 37.8 71.8 1
      vertex 38.4 71.8 2.01
    endloop
  endfacet
  facet normal 0 1 0
    outer loop
      vertex 37.8 71.8 0
      vertex 40.4 71.8 0.00999928
      vertex 40.4 71.8 0
    endloop
  endfacet
  facet normal 0 1 0
    outer loop
      vertex 40.4 71.8 0.00999928
      vertex 37.8 71.8 0
      vertex 37.8 71.8 1
    endloop
  endfacet
  facet normal 0 1 0
    outer loop
      vertex 37.8 71.8 1
      vertex 38.4 71.8 5.3
      vertex 38.4 71.8 2.01
    endloop
  endfacet
  facet normal 0 1 0
    outer loop
      vertex 38.4 71.8 5.3
      vertex 37.8 71.8 1
      vertex 8 71.8 5.3
    endloop
  endfacet
  facet normal 0 1 0
    outer loop
      vertex 8 71.8 5.3
      vertex 37.8 71.8 1
      vertex 8 71.8 1
    endloop
  endfacet
  facet normal 0 1 -0
    outer loop
      vertex -37.8 71.8 1
      vertex -38.4 71.8 5.3
      vertex -8 71.8 5.3
    endloop
  endfacet
  facet normal 0 1 0
    outer loop
      vertex -37.8 71.8 1
      vertex -8 71.8 5.3
      vertex -8 71.8 1
    endloop
  endfacet
  facet normal 0 1 0
    outer loop
      vertex -38.4 71.8 5.3
      vertex -37.8 71.8 1
      vertex -38.4 71.8 2.01
    endloop
  endfacet
  facet normal 0 1 0
    outer loop
      vertex -37.8 71.8 1
      vertex -40.4 71.8 0.00999928
      vertex -38.4 71.8 2.01
    endloop
  endfacet
  facet normal 0 1 -0
    outer loop
      vertex -37.8 71.8 0
      vertex -40.4 71.8 0.00999928
      vertex -37.8 71.8 1
    endloop
  endfacet
  facet normal 0 1 0
    outer loop
      vertex -40.4 71.8 0.00999928
      vertex -37.8 71.8 0
      vertex -40.4 71.8 0
    endloop
  endfacet
  facet normal -0.467392 0.750393 0.467392
    outer loop
      vertex -41.4 71.5321 0.00999928
      vertex -39.5111 71.4629 2.01
      vertex -39.4 71.5321 2.01
    endloop
  endfacet
  facet normal -0.467392 0.750393 0.467392
    outer loop
      vertex -39.5111 71.4629 2.01
      vertex -41.4 71.5321 0.00999928
      vertex -41.5111 71.4629 0.00999928
    endloop
  endfacet
  facet normal -0.534503 -0.653282 0.536217
    outer loop
      vertex -39.7187 -67.5037 2.01
      vertex -39.7 -67.5867 1.92752
      vertex -39.7 -67.519 2.01
    endloop
  endfacet
  facet normal -0.535546 -0.652979 0.535546
    outer loop
      vertex -41.6175 -67.5867 0.00999928
      vertex -39.7187 -67.5037 2.01
      vertex -41.7187 -67.5037 0.00999928
    endloop
  endfacet
  facet normal -0.535595 -0.652903 0.535589
    outer loop
      vertex -39.7187 -67.5037 2.01
      vertex -41.6175 -67.5867 0.00999928
      vertex -39.7 -67.5867 1.92752
    endloop
  endfacet
  facet normal -0.564461 -0.602302 0.564461
    outer loop
      vertex -41.7187 -67.5037 0.00999928
      vertex -39.8142 -67.4142 2.01
      vertex -41.8142 -67.4142 0.00999928
    endloop
  endfacet
  facet normal -0.564461 -0.602302 0.564461
    outer loop
      vertex -39.8142 -67.4142 2.01
      vertex -41.7187 -67.5037 0.00999928
      vertex -39.7187 -67.5037 2.01
    endloop
  endfacet
  facet normal 0.973717 0.227761 0
    outer loop
      vertex 42.3616 70.1902 0.00999928
      vertex 42.3318 70.3176 0
      vertex 42.3318 70.3176 0.00999928
    endloop
  endfacet
  facet normal 0.973717 0.227761 0
    outer loop
      vertex 42.3318 70.3176 0
      vertex 42.3616 70.1902 0.00999928
      vertex 42.3616 70.1902 0
    endloop
  endfacet
  facet normal 0.99946 0.0328569 0
    outer loop
      vertex 42.4 69.8 0.00999928
      vertex 42.3957 69.9308 0
      vertex 42.3957 69.9308 0.00999928
    endloop
  endfacet
  facet normal 0.99946 0.0328569 0
    outer loop
      vertex 42.3957 69.9308 0
      vertex 42.4 69.8 0.00999928
      vertex 42.4 69.8 0
    endloop
  endfacet
  facet normal -0.673284 -0.305576 0.673284
    outer loop
      vertex -42.1937 -66.8846 0.00999928
      vertex -40.2478 -66.7654 2.01
      vertex -42.2478 -66.7654 0.00999928
    endloop
  endfacet
  facet normal -0.673284 -0.305576 0.673284
    outer loop
      vertex -40.2478 -66.7654 2.01
      vertex -42.1937 -66.8846 0.00999928
      vertex -40.1937 -66.8846 2.01
    endloop
  endfacet
  facet normal -0.910602 -0.413285 0
    outer loop
      vertex -42.1937 -66.8846 0
      vertex -42.2478 -66.7654 0.00999928
      vertex -42.2478 -66.7654 0
    endloop
  endfacet
  facet normal -0.910602 -0.413285 0
    outer loop
      vertex -42.2478 -66.7654 0.00999928
      vertex -42.1937 -66.8846 0
      vertex -42.1937 -66.8846 0.00999928
    endloop
  endfacet
  facet normal 0.278199 -0.919355 0.278192
    outer loop
      vertex 40.9176 -67.9318 0.00999928
      vertex 39.7 -67.8939 1.35288
      vertex 39.7 -67.9318 1.22763
    endloop
  endfacet
  facet normal 0.278099 -0.919413 0.278103
    outer loop
      vertex 39.7 -67.8939 1.35288
      vertex 40.9176 -67.9318 0.00999928
      vertex 41.0429 -67.8939 0.00999928
    endloop
  endfacet
  facet normal 0.4715 -0.881866 0
    outer loop
      vertex 41.2846 -67.7937 0
      vertex 41.4 -67.732 0.00999928
      vertex 41.2846 -67.7937 0.00999928
    endloop
  endfacet
  facet normal 0.4715 -0.881866 0
    outer loop
      vertex 41.4 -67.732 0.00999928
      vertex 41.2846 -67.7937 0
      vertex 41.4 -67.732 0
    endloop
  endfacet
  facet normal -0.470906 0.882184 0
    outer loop
      vertex -41.2846 71.5937 0
      vertex -41.4 71.5321 0.00999928
      vertex -41.2846 71.5937 0.00999928
    endloop
  endfacet
  facet normal -0.470906 0.882184 0
    outer loop
      vertex -41.4 71.5321 0.00999928
      vertex -41.2846 71.5937 0
      vertex -41.4 71.5321 0
    endloop
  endfacet
  facet normal -0.661416 0.353634 0.661416
    outer loop
      vertex -42.1937 70.6846 0.00999928
      vertex -40.132 70.8 2.01
      vertex -42.132 70.8 0.00999928
    endloop
  endfacet
  facet normal -0.661416 0.353634 0.661416
    outer loop
      vertex -40.132 70.8 2.01
      vertex -42.1937 70.6846 0.00999928
      vertex -40.1937 70.6846 2.01
    endloop
  endfacet
  facet normal -0.910602 0.413285 0
    outer loop
      vertex -42.2478 70.5654 0
      vertex -42.1937 70.6846 0.00999928
      vertex -42.1937 70.6846 0
    endloop
  endfacet
  facet normal -0.910602 0.413285 0
    outer loop
      vertex -42.1937 70.6846 0.00999928
      vertex -42.2478 70.5654 0
      vertex -42.2478 70.5654 0.00999928
    endloop
  endfacet
  facet normal -0.849156 0.528143 0
    outer loop
      vertex -42.132 70.8 0
      vertex -42.0629 70.9111 0.00999928
      vertex -42.0629 70.9111 0
    endloop
  endfacet
  facet normal -0.849156 0.528143 0
    outer loop
      vertex -42.0629 70.9111 0.00999928
      vertex -42.132 70.8 0
      vertex -42.132 70.8 0.00999928
    endloop
  endfacet
  facet normal -0.58943 0.552398 0.58943
    outer loop
      vertex -41.9037 71.1187 0.00999928
      vertex -39.8142 71.2142 2.01
      vertex -41.8142 71.2142 0.00999928
    endloop
  endfacet
  facet normal -0.58943 0.552398 0.58943
    outer loop
      vertex -39.8142 71.2142 2.01
      vertex -41.9037 71.1187 0.00999928
      vertex -39.9037 71.1187 2.01
    endloop
  endfacet
  facet normal 0.426032 0.798119 0.426032
    outer loop
      vertex 41.2846 71.5937 0.00999928
      vertex 39.4 71.5321 2.01
      vertex 41.4 71.5321 0.00999928
    endloop
  endfacet
  facet normal 0.426032 0.798119 0.426032
    outer loop
      vertex 39.4 71.5321 2.01
      vertex 41.2846 71.5937 0.00999928
      vertex 39.2846 71.5937 2.01
    endloop
  endfacet
  facet normal 0.661416 0.353634 0.661416
    outer loop
      vertex 40.1937 70.6846 2.01
      vertex 42.132 70.8 0.00999928
      vertex 40.132 70.8 2.01
    endloop
  endfacet
  facet normal 0.661416 0.353634 0.661416
    outer loop
      vertex 42.132 70.8 0.00999928
      vertex 40.1937 70.6846 2.01
      vertex 42.1937 70.6846 0.00999928
    endloop
  endfacet
  facet normal -0.729656 0.683814 0
    outer loop
      vertex -41.9037 71.1187 0
      vertex -41.8142 71.2142 0.00999928
      vertex -41.8142 71.2142 0
    endloop
  endfacet
  facet normal -0.729656 0.683814 0
    outer loop
      vertex -41.8142 71.2142 0.00999928
      vertex -41.9037 71.1187 0
      vertex -41.9037 71.1187 0.00999928
    endloop
  endfacet
  facet normal 0 0 -1
    outer loop
      vertex 39.7 -68.9 0
      vertex 37.8 -65.3 0
      vertex 39.7 -68 0
    endloop
  endfacet
  facet normal 0 0 -1
    outer loop
      vertex 39.7 -68.9 0
      vertex -37.8 -65.3 0
      vertex 37.8 -65.3 0
    endloop
  endfacet
  facet normal 0 0 -1
    outer loop
      vertex -39.7 -68.9 0
      vertex -37.8 -65.3 0
      vertex 39.7 -68.9 0
    endloop
  endfacet
  facet normal 0 0 -1
    outer loop
      vertex -39.7 -68 0
      vertex -37.8 -65.3 0
      vertex -39.7 -68.9 0
    endloop
  endfacet
  facet normal 0 0 -1
    outer loop
      vertex -40.4 -68 0
      vertex -37.8 -65.3 0
      vertex -39.7 -68 0
    endloop
  endfacet
  facet normal 0 0 -1
    outer loop
      vertex -37.8 -65.3 0
      vertex -40.4 -68 0
      vertex -42.4 -66 0
    endloop
  endfacet
  facet normal 0 0 -1
    outer loop
      vertex -37.8 -65.3 0
      vertex -40.7889 1.9 0
      vertex -37.8 71.8 0
    endloop
  endfacet
  facet normal 0 0 -1
    outer loop
      vertex -42.4 -66 0
      vertex -40.4 -68 0
      vertex -40.5308 -67.9957 0
    endloop
  endfacet
  facet normal 0 0 -1
    outer loop
      vertex -40.7953 1.96475 0
      vertex -37.8 71.8 0
      vertex -40.7889 1.9 0
    endloop
  endfacet
  facet normal 0 0 -1
    outer loop
      vertex -42.4 -66 0
      vertex -40.5308 -67.9957 0
      vertex -40.661 -67.9829 0
    endloop
  endfacet
  facet normal 0 0 -1
    outer loop
      vertex -40.8083 2.09726 0
      vertex -37.8 71.8 0
      vertex -40.7953 1.96475 0
    endloop
  endfacet
  facet normal 0 0 -1
    outer loop
      vertex -40.847 2.22467 0
      vertex -37.8 71.8 0
      vertex -40.8083 2.09726 0
    endloop
  endfacet
  facet normal 0 0 -1
    outer loop
      vertex -42.4 -66 0
      vertex -40.661 -67.9829 0
      vertex -40.7902 -67.9616 0
    endloop
  endfacet
  facet normal 0 0 -1
    outer loop
      vertex -37.8 -65.3 0
      vertex -40.7953 1.83525 0
      vertex -40.7889 1.9 0
    endloop
  endfacet
  facet normal 0 0 -1
    outer loop
      vertex -37.8 -65.3 0
      vertex -40.8083 1.70274 0
      vertex -40.7953 1.83525 0
    endloop
  endfacet
  facet normal 0 0 -1
    outer loop
      vertex -37.8 -65.3 0
      vertex -40.847 1.57533 0
      vertex -40.8083 1.70274 0
    endloop
  endfacet
  facet normal 0 0 -1
    outer loop
      vertex -37.8 -65.3 0
      vertex -40.8659 1.51307 0
      vertex -40.847 1.57533 0
    endloop
  endfacet
  facet normal 0 0 -1
    outer loop
      vertex -42.4 -66 0
      vertex -40.7902 -67.9616 0
      vertex -40.9176 -67.9318 0
    endloop
  endfacet
  facet normal 0 0 -1
    outer loop
      vertex -37.8 -65.3 0
      vertex -40.9286 1.39564 0
      vertex -40.8659 1.51307 0
    endloop
  endfacet
  facet normal 0 0 -1
    outer loop
      vertex -37.8 -65.3 0
      vertex -40.9593 1.33826 0
      vertex -40.9286 1.39564 0
    endloop
  endfacet
  facet normal 0 -0 -1
    outer loop
      vertex -41.8 0.888895 0
      vertex -37.8 -65.3 0
      vertex -42.4 -66 0
    endloop
  endfacet
  facet normal 0 0 -1
    outer loop
      vertex -42.4 -66 0
      vertex -40.9176 -67.9318 0
      vertex -41.0429 -67.8939 0
    endloop
  endfacet
  facet normal 0 0 -1
    outer loop
      vertex -37.8 -65.3 0
      vertex -41.0006 1.28797 0
      vertex -40.9593 1.33826 0
    endloop
  endfacet
  facet normal 0 0 -1
    outer loop
      vertex -42.4 -66 0
      vertex -41.0429 -67.8939 0
      vertex -41.1654 -67.8478 0
    endloop
  endfacet
  facet normal 0 0 -1
    outer loop
      vertex -37.8 -65.3 0
      vertex -41.085 1.18504 0
      vertex -41.0006 1.28797 0
    endloop
  endfacet
  facet normal 0 0 -1
    outer loop
      vertex -37.8 -65.3 0
      vertex -41.188 1.10057 0
      vertex -41.085 1.18504 0
    endloop
  endfacet
  facet normal 0 0 -1
    outer loop
      vertex -42.4 -66 0
      vertex -41.1654 -67.8478 0
      vertex -41.2846 -67.7937 0
    endloop
  endfacet
  facet normal 0 0 -1
    outer loop
      vertex -37.8 -65.3 0
      vertex -41.2383 1.0593 0
      vertex -41.188 1.10057 0
    endloop
  endfacet
  facet normal 0 0 -1
    outer loop
      vertex -42.4 -66 0
      vertex -41.2846 -67.7937 0
      vertex -41.4 -67.732 0
    endloop
  endfacet
  facet normal 0 0 -1
    outer loop
      vertex -37.8 -65.3 0
      vertex -41.2956 1.02863 0
      vertex -41.2383 1.0593 0
    endloop
  endfacet
  facet normal 0 0 -1
    outer loop
      vertex -42.4 -66 0
      vertex -41.4 -67.732 0
      vertex -41.5111 -67.6629 0
    endloop
  endfacet
  facet normal 0 0 -1
    outer loop
      vertex -37.8 -65.3 0
      vertex -41.4131 0.96586 0
      vertex -41.2956 1.02863 0
    endloop
  endfacet
  facet normal 0 0 -1
    outer loop
      vertex -37.8 -65.3 0
      vertex -41.5405 0.927209 0
      vertex -41.4131 0.96586 0
    endloop
  endfacet
  facet normal 0 0 -1
    outer loop
      vertex -42.4 -66 0
      vertex -41.5111 -67.6629 0
      vertex -41.6175 -67.5867 0
    endloop
  endfacet
  facet normal 0 0 -1
    outer loop
      vertex -37.8 -65.3 0
      vertex -41.6027 0.908322 0
      vertex -41.5405 0.927209 0
    endloop
  endfacet
  facet normal 0 0 -1
    outer loop
      vertex -42.4 -66 0
      vertex -41.6175 -67.5867 0
      vertex -41.7187 -67.5037 0
    endloop
  endfacet
  facet normal 0 0 -1
    outer loop
      vertex -37.8 -65.3 0
      vertex -41.6675 0.901945 0
      vertex -41.6027 0.908322 0
    endloop
  endfacet
  facet normal 0 0 -1
    outer loop
      vertex -42.4 -66 0
      vertex -41.7187 -67.5037 0
      vertex -41.8142 -67.4142 0
    endloop
  endfacet
  facet normal 0 0 -1
    outer loop
      vertex -42.4 -66 0
      vertex -41.8142 -67.4142 0
      vertex -41.9037 -67.3187 0
    endloop
  endfacet
  facet normal 0 0 -1
    outer loop
      vertex -37.8 -65.3 0
      vertex -41.8 0.888895 0
      vertex -41.6675 0.901945 0
    endloop
  endfacet
  facet normal 0 0 -1
    outer loop
      vertex -42.4 -66 0
      vertex -41.9037 -67.3187 0
      vertex -41.9867 -67.2175 0
    endloop
  endfacet
  facet normal -0 0 -1
    outer loop
      vertex -41.8 0.888895 0
      vertex -42.4 -66 0
      vertex -41.9325 0.901945 0
    endloop
  endfacet
  facet normal -0 0 -1
    outer loop
      vertex -41.9325 0.901945 0
      vertex -42.4 -66 0
      vertex -41.9973 0.908322 0
    endloop
  endfacet
  facet normal 0 0 -1
    outer loop
      vertex -42.4 -66 0
      vertex -41.9867 -67.2175 0
      vertex -42.0629 -67.1111 0
    endloop
  endfacet
  facet normal 0 0 -1
    outer loop
      vertex -42.4 -66 0
      vertex -42.0629 -67.1111 0
      vertex -42.132 -67 0
    endloop
  endfacet
  facet normal -0 0 -1
    outer loop
      vertex -41.9973 0.908322 0
      vertex -42.4 -66 0
      vertex -42.0595 0.927209 0
    endloop
  endfacet
  facet normal 0 0 -1
    outer loop
      vertex -42.4 -66 0
      vertex -42.132 -67 0
      vertex -42.1937 -66.8846 0
    endloop
  endfacet
  facet normal 0 0 -1
    outer loop
      vertex -42.4 -66 0
      vertex -42.1937 -66.8846 0
      vertex -42.2478 -66.7654 0
    endloop
  endfacet
  facet normal 0 0 -1
    outer loop
      vertex -42.4 -66 0
      vertex -42.2478 -66.7654 0
      vertex -42.2939 -66.6429 0
    endloop
  endfacet
  facet normal -0 0 -1
    outer loop
      vertex -42.0595 0.927209 0
      vertex -42.4 -66 0
      vertex -42.1869 0.96586 0
    endloop
  endfacet
  facet normal 0 0 -1
    outer loop
      vertex -42.4 -66 0
      vertex -42.2939 -66.6429 0
      vertex -42.3318 -66.5176 0
    endloop
  endfacet
  facet normal 0 0 -1
    outer loop
      vertex -42.4 -66 0
      vertex -42.3318 -66.5176 0
      vertex -42.3616 -66.3902 0
    endloop
  endfacet
  facet normal -0 0 -1
    outer loop
      vertex -42.1869 0.96586 0
      vertex -42.4 -66 0
      vertex -42.3044 1.02863 0
    endloop
  endfacet
  facet normal 0 0 -1
    outer loop
      vertex -42.4 -66 0
      vertex -42.3616 -66.3902 0
      vertex -42.3829 -66.261 0
    endloop
  endfacet
  facet normal 0 0 -1
    outer loop
      vertex -42.4 -66 0
      vertex -42.3829 -66.261 0
      vertex -42.3957 -66.1308 0
    endloop
  endfacet
  facet normal -0 0 -1
    outer loop
      vertex -42.3044 1.02863 0
      vertex -42.4 -66 0
      vertex -42.3617 1.0593 0
    endloop
  endfacet
  facet normal -0 0 -1
    outer loop
      vertex -42.3617 1.0593 0
      vertex -42.4 -66 0
      vertex -42.4 1.09069 0
    endloop
  endfacet
  facet normal 0 0 -1
    outer loop
      vertex 40.4 -68 0
      vertex 42.4 -66 0
      vertex 42.3957 -66.1308 0
    endloop
  endfacet
  facet normal 0 0 -1
    outer loop
      vertex 40.4 -68 0
      vertex 42.3957 -66.1308 0
      vertex 42.3829 -66.261 0
    endloop
  endfacet
  facet normal 0 0 -1
    outer loop
      vertex 42.4 -66 0
      vertex 42.3617 1.0593 0
      vertex 42.4 1.09069 0
    endloop
  endfacet
  facet normal 0 0 -1
    outer loop
      vertex 40.4 -68 0
      vertex 42.3829 -66.261 0
      vertex 42.3616 -66.3902 0
    endloop
  endfacet
  facet normal 0 0 -1
    outer loop
      vertex 40.4 -68 0
      vertex 42.3616 -66.3902 0
      vertex 42.3318 -66.5176 0
    endloop
  endfacet
  facet normal 0 0 -1
    outer loop
      vertex 42.4 -66 0
      vertex 42.3044 1.02863 0
      vertex 42.3617 1.0593 0
    endloop
  endfacet
  facet normal 0 0 -1
    outer loop
      vertex 40.4 -68 0
      vertex 42.3318 -66.5176 0
      vertex 42.2939 -66.6429 0
    endloop
  endfacet
  facet normal 0 0 -1
    outer loop
      vertex 40.4 -68 0
      vertex 42.2939 -66.6429 0
      vertex 42.2478 -66.7654 0
    endloop
  endfacet
  facet normal 0 0 -1
    outer loop
      vertex 40.4 -68 0
      vertex 42.2478 -66.7654 0
      vertex 42.1937 -66.8846 0
    endloop
  endfacet
  facet normal 0 0 -1
    outer loop
      vertex 42.4 -66 0
      vertex 42.1869 0.96586 0
      vertex 42.3044 1.02863 0
    endloop
  endfacet
  facet normal 0 0 -1
    outer loop
      vertex 40.4 -68 0
      vertex 42.1937 -66.8846 0
      vertex 42.132 -67 0
    endloop
  endfacet
  facet normal 0 0 -1
    outer loop
      vertex 40.4 -68 0
      vertex 42.132 -67 0
      vertex 42.0629 -67.1111 0
    endloop
  endfacet
  facet normal 0 0 -1
    outer loop
      vertex 42.4 -66 0
      vertex 37.8 -65.3 0
      vertex 41.9973 0.908322 0
    endloop
  endfacet
  facet normal 0 0 -1
    outer loop
      vertex 42.4 -66 0
      vertex 42.0595 0.927209 0
      vertex 42.1869 0.96586 0
    endloop
  endfacet
  facet normal 0 0 -1
    outer loop
      vertex 40.4 -68 0
      vertex 42.0629 -67.1111 0
      vertex 41.9867 -67.2175 0
    endloop
  endfacet
  facet normal 0 0 -1
    outer loop
      vertex 42.4 -66 0
      vertex 41.9973 0.908322 0
      vertex 42.0595 0.927209 0
    endloop
  endfacet
  facet normal 0 0 -1
    outer loop
      vertex 40.4 -68 0
      vertex 41.9867 -67.2175 0
      vertex 41.9037 -67.3187 0
    endloop
  endfacet
  facet normal 0 0 -1
    outer loop
      vertex 40.4 -68 0
      vertex 41.9037 -67.3187 0
      vertex 41.8142 -67.4142 0
    endloop
  endfacet
  facet normal 0 0 -1
    outer loop
      vertex 41.9973 0.908322 0
      vertex 37.8 -65.3 0
      vertex 41.9325 0.901945 0
    endloop
  endfacet
  facet normal 0 0 -1
    outer loop
      vertex 40.4 -68 0
      vertex 41.8142 -67.4142 0
      vertex 41.7187 -67.5037 0
    endloop
  endfacet
  facet normal 0 0 -1
    outer loop
      vertex 41.9325 0.901945 0
      vertex 37.8 -65.3 0
      vertex 41.8 0.888895 0
    endloop
  endfacet
  facet normal 0 0 -1
    outer loop
      vertex 40.4 -68 0
      vertex 41.7187 -67.5037 0
      vertex 41.6175 -67.5867 0
    endloop
  endfacet
  facet normal -0 0 -1
    outer loop
      vertex 41.8 0.888895 0
      vertex 37.8 -65.3 0
      vertex 41.6675 0.901945 0
    endloop
  endfacet
  facet normal -0 0 -1
    outer loop
      vertex 41.6675 0.901945 0
      vertex 37.8 -65.3 0
      vertex 41.6027 0.908322 0
    endloop
  endfacet
  facet normal 0 0 -1
    outer loop
      vertex 40.4 -68 0
      vertex 41.6175 -67.5867 0
      vertex 41.5111 -67.6629 0
    endloop
  endfacet
  facet normal -0 0 -1
    outer loop
      vertex 41.6027 0.908322 0
      vertex 37.8 -65.3 0
      vertex 41.5405 0.927209 0
    endloop
  endfacet
  facet normal 0 0 -1
    outer loop
      vertex 40.4 -68 0
      vertex 41.5111 -67.6629 0
      vertex 41.4 -67.732 0
    endloop
  endfacet
  facet normal -0 0 -1
    outer loop
      vertex 41.5405 0.927209 0
      vertex 37.8 -65.3 0
      vertex 41.4131 0.96586 0
    endloop
  endfacet
  facet normal 0 0 -1
    outer loop
      vertex 40.4 -68 0
      vertex 41.4 -67.732 0
      vertex 41.2846 -67.7937 0
    endloop
  endfacet
  facet normal -0 0 -1
    outer loop
      vertex 41.4131 0.96586 0
      vertex 37.8 -65.3 0
      vertex 41.2956 1.02863 0
    endloop
  endfacet
  facet normal -0 0 -1
    outer loop
      vertex 41.2956 1.02863 0
      vertex 37.8 -65.3 0
      vertex 41.2383 1.0593 0
    endloop
  endfacet
  facet normal 0 0 -1
    outer loop
      vertex 40.4 -68 0
      vertex 41.2846 -67.7937 0
      vertex 41.1654 -67.8478 0
    endloop
  endfacet
  facet normal -0 0 -1
    outer loop
      vertex 41.2383 1.0593 0
      vertex 37.8 -65.3 0
      vertex 41.188 1.10057 0
    endloop
  endfacet
  facet normal 0 0 -1
    outer loop
      vertex 40.4 -68 0
      vertex 41.1654 -67.8478 0
      vertex 41.0429 -67.8939 0
    endloop
  endfacet
  facet normal -0 0 -1
    outer loop
      vertex 41.188 1.10057 0
      vertex 37.8 -65.3 0
      vertex 41.085 1.18504 0
    endloop
  endfacet
  facet normal -0 0 -1
    outer loop
      vertex 41.085 1.18504 0
      vertex 37.8 -65.3 0
      vertex 41.0006 1.28797 0
    endloop
  endfacet
  facet normal -0 0 -1
    outer loop
      vertex 41.0006 1.28797 0
      vertex 37.8 -65.3 0
      vertex 40.9593 1.33826 0
    endloop
  endfacet
  facet normal 0 0 -1
    outer loop
      vertex 40.4 -68 0
      vertex 41.0429 -67.8939 0
      vertex 40.9176 -67.9318 0
    endloop
  endfacet
  facet normal -0 0 -1
    outer loop
      vertex 40.9593 1.33826 0
      vertex 37.8 -65.3 0
      vertex 40.9286 1.39564 0
    endloop
  endfacet
  facet normal -0 0 -1
    outer loop
      vertex 40.9286 1.39564 0
      vertex 37.8 -65.3 0
      vertex 40.8659 1.51307 0
    endloop
  endfacet
  facet normal -0 0 -1
    outer loop
      vertex 40.8659 1.51307 0
      vertex 37.8 -65.3 0
      vertex 40.847 1.57533 0
    endloop
  endfacet
  facet normal -0 0 -1
    outer loop
      vertex 40.847 1.57533 0
      vertex 37.8 -65.3 0
      vertex 40.8083 1.70274 0
    endloop
  endfacet
  facet normal 0 0 -1
    outer loop
      vertex 40.4 -68 0
      vertex 40.9176 -67.9318 0
      vertex 40.7902 -67.9616 0
    endloop
  endfacet
  facet normal -0 0 -1
    outer loop
      vertex 40.8083 1.70274 0
      vertex 37.8 -65.3 0
      vertex 40.7953 1.83525 0
    endloop
  endfacet
  facet normal 0 0 -1
    outer loop
      vertex 40.4 -68 0
      vertex 40.7902 -67.9616 0
      vertex 40.661 -67.9829 0
    endloop
  endfacet
  facet normal 0 0 -1
    outer loop
      vertex 42.3617 2.7407 0
      vertex 42.4 69.8 0
      vertex 42.4 2.70931 0
    endloop
  endfacet
  facet normal 0 0 -1
    outer loop
      vertex 42.3044 2.77137 0
      vertex 42.4 69.8 0
      vertex 42.3617 2.7407 0
    endloop
  endfacet
  facet normal 0 0 -1
    outer loop
      vertex 42.1869 2.83414 0
      vertex 42.4 69.8 0
      vertex 42.3044 2.77137 0
    endloop
  endfacet
  facet normal 0 0 -1
    outer loop
      vertex 42.0595 2.87279 0
      vertex 42.4 69.8 0
      vertex 42.1869 2.83414 0
    endloop
  endfacet
  facet normal 0 0 -1
    outer loop
      vertex 41.9973 2.89168 0
      vertex 42.4 69.8 0
      vertex 42.0595 2.87279 0
    endloop
  endfacet
  facet normal 0 0 -1
    outer loop
      vertex 41.9325 2.89805 0
      vertex 42.4 69.8 0
      vertex 41.9973 2.89168 0
    endloop
  endfacet
  facet normal 0 0 -1
    outer loop
      vertex 41.8 2.9111 0
      vertex 42.4 69.8 0
      vertex 41.9325 2.89805 0
    endloop
  endfacet
  facet normal 0 0 -1
    outer loop
      vertex 41.6675 2.89805 0
      vertex 42.4 69.8 0
      vertex 41.8 2.9111 0
    endloop
  endfacet
  facet normal 0 0 -1
    outer loop
      vertex 41.6027 2.89168 0
      vertex 42.4 69.8 0
      vertex 41.6675 2.89805 0
    endloop
  endfacet
  facet normal 0 0 -1
    outer loop
      vertex 41.5405 2.87279 0
      vertex 42.4 69.8 0
      vertex 41.6027 2.89168 0
    endloop
  endfacet
  facet normal 0 0 -1
    outer loop
      vertex 41.4131 2.83414 0
      vertex 42.4 69.8 0
      vertex 41.5405 2.87279 0
    endloop
  endfacet
  facet normal 0 0 -1
    outer loop
      vertex 37.8 71.8 0
      vertex 42.4 69.8 0
      vertex 41.4131 2.83414 0
    endloop
  endfacet
  facet normal -0 -0 -1
    outer loop
      vertex 40.4 71.8 0
      vertex 42.4 69.8 0
      vertex 37.8 71.8 0
    endloop
  endfacet
  facet normal 0 0 -1
    outer loop
      vertex 42.4 69.8 0
      vertex 40.4 71.8 0
      vertex 42.3957 69.9308 0
    endloop
  endfacet
  facet normal 0 0 -1
    outer loop
      vertex 42.3957 69.9308 0
      vertex 40.4 71.8 0
      vertex 42.3829 70.061 0
    endloop
  endfacet
  facet normal 0 0 -1
    outer loop
      vertex 42.3829 70.061 0
      vertex 40.4 71.8 0
      vertex 42.3616 70.1902 0
    endloop
  endfacet
  facet normal 0 0 -1
    outer loop
      vertex 42.2939 70.4429 0
      vertex 40.4 71.8 0
      vertex 42.2478 70.5654 0
    endloop
  endfacet
  facet normal 0 0 -1
    outer loop
      vertex 42.2478 70.5654 0
      vertex 40.4 71.8 0
      vertex 42.1937 70.6846 0
    endloop
  endfacet
  facet normal 0 0 -1
    outer loop
      vertex 42.1937 70.6846 0
      vertex 40.4 71.8 0
      vertex 42.132 70.8 0
    endloop
  endfacet
  facet normal 0 0 -1
    outer loop
      vertex 42.132 70.8 0
      vertex 40.4 71.8 0
      vertex 42.0629 70.9111 0
    endloop
  endfacet
  facet normal 0 0 -1
    outer loop
      vertex 42.0629 70.9111 0
      vertex 40.4 71.8 0
      vertex 41.9867 71.0175 0
    endloop
  endfacet
  facet normal 0 0 -1
    outer loop
      vertex 41.9867 71.0175 0
      vertex 40.4 71.8 0
      vertex 41.9037 71.1187 0
    endloop
  endfacet
  facet normal 0 0 -1
    outer loop
      vertex 41.9037 71.1187 0
      vertex 40.4 71.8 0
      vertex 41.8142 71.2142 0
    endloop
  endfacet
  facet normal 0 0 -1
    outer loop
      vertex 42.3616 70.1902 0
      vertex 40.4 71.8 0
      vertex 42.3318 70.3176 0
    endloop
  endfacet
  facet normal 0 0 -1
    outer loop
      vertex 41.8142 71.2142 0
      vertex 40.4 71.8 0
      vertex 41.7187 71.3037 0
    endloop
  endfacet
  facet normal 0 0 -1
    outer loop
      vertex 42.3318 70.3176 0
      vertex 40.4 71.8 0
      vertex 42.2939 70.4429 0
    endloop
  endfacet
  facet normal 0 0 -1
    outer loop
      vertex 41.7187 71.3037 0
      vertex 40.4 71.8 0
      vertex 41.6175 71.3867 0
    endloop
  endfacet
  facet normal 0 0 -1
    outer loop
      vertex 37.8 71.8 0
      vertex 41.4131 2.83414 0
      vertex 41.2956 2.77137 0
    endloop
  endfacet
  facet normal 0 0 -1
    outer loop
      vertex 41.6175 71.3867 0
      vertex 40.4 71.8 0
      vertex 41.5111 71.4629 0
    endloop
  endfacet
  facet normal 0 0 -1
    outer loop
      vertex 37.8 71.8 0
      vertex 41.2956 2.77137 0
      vertex 41.2383 2.7407 0
    endloop
  endfacet
  facet normal 0 0 -1
    outer loop
      vertex 37.8 71.8 0
      vertex 41.2383 2.7407 0
      vertex 41.188 2.69943 0
    endloop
  endfacet
  facet normal 0 0 -1
    outer loop
      vertex 41.5111 71.4629 0
      vertex 40.4 71.8 0
      vertex 41.4 71.5321 0
    endloop
  endfacet
  facet normal 0 0 -1
    outer loop
      vertex 37.8 71.8 0
      vertex 41.188 2.69943 0
      vertex 41.085 2.61496 0
    endloop
  endfacet
  facet normal 0 0 -1
    outer loop
      vertex 41.4 71.5321 0
      vertex 40.4 71.8 0
      vertex 41.2846 71.5937 0
    endloop
  endfacet
  facet normal 0 0 -1
    outer loop
      vertex 37.8 71.8 0
      vertex 41.085 2.61496 0
      vertex 41.0006 2.51203 0
    endloop
  endfacet
  facet normal 0 0 -1
    outer loop
      vertex 37.8 71.8 0
      vertex 41.0006 2.51203 0
      vertex 40.9593 2.46174 0
    endloop
  endfacet
  facet normal 0 0 -1
    outer loop
      vertex 37.8 71.8 0
      vertex 40.9593 2.46174 0
      vertex 40.9286 2.40436 0
    endloop
  endfacet
  facet normal 0 0 -1
    outer loop
      vertex 41.2846 71.5937 0
      vertex 40.4 71.8 0
      vertex 41.1654 71.6478 0
    endloop
  endfacet
  facet normal 0 0 -1
    outer loop
      vertex 37.8 71.8 0
      vertex 40.9286 2.40436 0
      vertex 40.8659 2.28693 0
    endloop
  endfacet
  facet normal 0 0 -1
    outer loop
      vertex 37.8 71.8 0
      vertex 40.8659 2.28693 0
      vertex 40.847 2.22467 0
    endloop
  endfacet
  facet normal 0 0 -1
    outer loop
      vertex 37.8 71.8 0
      vertex 40.847 2.22467 0
      vertex 40.8083 2.09726 0
    endloop
  endfacet
  facet normal 0 0 -1
    outer loop
      vertex 37.8 71.8 0
      vertex 40.8083 2.09726 0
      vertex 40.7953 1.96475 0
    endloop
  endfacet
  facet normal 0 0 -1
    outer loop
      vertex 41.1654 71.6478 0
      vertex 40.4 71.8 0
      vertex 41.0429 71.6939 0
    endloop
  endfacet
  facet normal 0 0 -1
    outer loop
      vertex 37.8 71.8 0
      vertex 40.7953 1.96475 0
      vertex 40.7889 1.9 0
    endloop
  endfacet
  facet normal -0 0 -1
    outer loop
      vertex 40.7953 1.83525 0
      vertex 37.8 -65.3 0
      vertex 40.7889 1.9 0
    endloop
  endfacet
  facet normal 0 0 -1
    outer loop
      vertex 37.8 71.8 0
      vertex 40.7889 1.9 0
      vertex 37.8 -65.3 0
    endloop
  endfacet
  facet normal 0 0 -1
    outer loop
      vertex 40.4 -68 0
      vertex 40.661 -67.9829 0
      vertex 40.5308 -67.9957 0
    endloop
  endfacet
  facet normal 0 0 -1
    outer loop
      vertex 41.0429 71.6939 0
      vertex 40.4 71.8 0
      vertex 40.9176 71.7318 0
    endloop
  endfacet
  facet normal -0 0 -1
    outer loop
      vertex 42.4 -66 0
      vertex 40.4 -68 0
      vertex 37.8 -65.3 0
    endloop
  endfacet
  facet normal 0 0 -1
    outer loop
      vertex 40.9176 71.7318 0
      vertex 40.4 71.8 0
      vertex 40.7902 71.7616 0
    endloop
  endfacet
  facet normal 0 0 -1
    outer loop
      vertex 37.8 -65.3 0
      vertex 40.4 -68 0
      vertex 39.7 -68 0
    endloop
  endfacet
  facet normal 0 0 -1
    outer loop
      vertex 40.7902 71.7616 0
      vertex 40.4 71.8 0
      vertex 40.661 71.7829 0
    endloop
  endfacet
  facet normal 0 0 -1
    outer loop
      vertex 40.661 71.7829 0
      vertex 40.4 71.8 0
      vertex 40.5308 71.7957 0
    endloop
  endfacet
  facet normal 0 0 -1
    outer loop
      vertex -40.8659 2.28693 0
      vertex -37.8 71.8 0
      vertex -40.847 2.22467 0
    endloop
  endfacet
  facet normal 0 0 -1
    outer loop
      vertex -40.9286 2.40436 0
      vertex -37.8 71.8 0
      vertex -40.8659 2.28693 0
    endloop
  endfacet
  facet normal 0 0 -1
    outer loop
      vertex -40.9593 2.46174 0
      vertex -37.8 71.8 0
      vertex -40.9286 2.40436 0
    endloop
  endfacet
  facet normal 0 0 -1
    outer loop
      vertex -41.0006 2.51203 0
      vertex -37.8 71.8 0
      vertex -40.9593 2.46174 0
    endloop
  endfacet
  facet normal 0 0 -1
    outer loop
      vertex -41.085 2.61496 0
      vertex -37.8 71.8 0
      vertex -41.0006 2.51203 0
    endloop
  endfacet
  facet normal 0 0 -1
    outer loop
      vertex -41.188 2.69943 0
      vertex -37.8 71.8 0
      vertex -41.085 2.61496 0
    endloop
  endfacet
  facet normal -0 0 -1
    outer loop
      vertex -37.8 71.8 0
      vertex -42.4 69.8 0
      vertex -40.4 71.8 0
    endloop
  endfacet
  facet normal 0 0 -1
    outer loop
      vertex -40.4 71.8 0
      vertex -42.4 69.8 0
      vertex -40.5308 71.7957 0
    endloop
  endfacet
  facet normal 0 0 -1
    outer loop
      vertex -40.5308 71.7957 0
      vertex -42.4 69.8 0
      vertex -40.661 71.7829 0
    endloop
  endfacet
  facet normal 0 0 -1
    outer loop
      vertex -40.7902 71.7616 0
      vertex -42.4 69.8 0
      vertex -40.9176 71.7318 0
    endloop
  endfacet
  facet normal 0 0 -1
    outer loop
      vertex -40.661 71.7829 0
      vertex -42.4 69.8 0
      vertex -40.7902 71.7616 0
    endloop
  endfacet
  facet normal 0 0 -1
    outer loop
      vertex -40.9176 71.7318 0
      vertex -42.4 69.8 0
      vertex -41.0429 71.6939 0
    endloop
  endfacet
  facet normal 0 0 -1
    outer loop
      vertex -41.2383 2.7407 0
      vertex -37.8 71.8 0
      vertex -41.188 2.69943 0
    endloop
  endfacet
  facet normal 0 0 -1
    outer loop
      vertex -41.2956 2.77137 0
      vertex -37.8 71.8 0
      vertex -41.2383 2.7407 0
    endloop
  endfacet
  facet normal 0 0 -1
    outer loop
      vertex -41.0429 71.6939 0
      vertex -42.4 69.8 0
      vertex -41.1654 71.6478 0
    endloop
  endfacet
  facet normal 0 0 -1
    outer loop
      vertex -41.4131 2.83414 0
      vertex -37.8 71.8 0
      vertex -41.2956 2.77137 0
    endloop
  endfacet
  facet normal 0 0 -1
    outer loop
      vertex -41.1654 71.6478 0
      vertex -42.4 69.8 0
      vertex -41.2846 71.5937 0
    endloop
  endfacet
  facet normal 0 0 -1
    outer loop
      vertex -37.8 71.8 0
      vertex -41.4131 2.83414 0
      vertex -42.4 69.8 0
    endloop
  endfacet
  facet normal 0 0 -1
    outer loop
      vertex -41.2846 71.5937 0
      vertex -42.4 69.8 0
      vertex -41.4 71.5321 0
    endloop
  endfacet
  facet normal 0 0 -1
    outer loop
      vertex -42.4 69.8 0
      vertex -41.4131 2.83414 0
      vertex -41.5405 2.87279 0
    endloop
  endfacet
  facet normal 0 0 -1
    outer loop
      vertex -42.4 69.8 0
      vertex -41.5405 2.87279 0
      vertex -41.6027 2.89168 0
    endloop
  endfacet
  facet normal 0 0 -1
    outer loop
      vertex -41.4 71.5321 0
      vertex -42.4 69.8 0
      vertex -41.5111 71.4629 0
    endloop
  endfacet
  facet normal 0 0 -1
    outer loop
      vertex -42.4 69.8 0
      vertex -41.6027 2.89168 0
      vertex -41.6675 2.89805 0
    endloop
  endfacet
  facet normal 0 0 -1
    outer loop
      vertex -41.5111 71.4629 0
      vertex -42.4 69.8 0
      vertex -41.6175 71.3867 0
    endloop
  endfacet
  facet normal 0 0 -1
    outer loop
      vertex -42.4 69.8 0
      vertex -41.6675 2.89805 0
      vertex -41.8 2.9111 0
    endloop
  endfacet
  facet normal 0 0 -1
    outer loop
      vertex -41.6175 71.3867 0
      vertex -42.4 69.8 0
      vertex -41.7187 71.3037 0
    endloop
  endfacet
  facet normal 0 0 -1
    outer loop
      vertex -41.7187 71.3037 0
      vertex -42.4 69.8 0
      vertex -41.8142 71.2142 0
    endloop
  endfacet
  facet normal 0 0 -1
    outer loop
      vertex -42.4 69.8 0
      vertex -41.8 2.9111 0
      vertex -41.9325 2.89805 0
    endloop
  endfacet
  facet normal 0 0 -1
    outer loop
      vertex -41.8142 71.2142 0
      vertex -42.4 69.8 0
      vertex -41.9037 71.1187 0
    endloop
  endfacet
  facet normal 0 0 -1
    outer loop
      vertex -42.4 69.8 0
      vertex -41.9325 2.89805 0
      vertex -41.9973 2.89168 0
    endloop
  endfacet
  facet normal 0 0 -1
    outer loop
      vertex -42.4 69.8 0
      vertex -41.9973 2.89168 0
      vertex -42.0595 2.87279 0
    endloop
  endfacet
  facet normal 0 0 -1
    outer loop
      vertex -41.9037 71.1187 0
      vertex -42.4 69.8 0
      vertex -41.9867 71.0175 0
    endloop
  endfacet
  facet normal 0 0 -1
    outer loop
      vertex -41.9867 71.0175 0
      vertex -42.4 69.8 0
      vertex -42.0629 70.9111 0
    endloop
  endfacet
  facet normal 0 0 -1
    outer loop
      vertex -42.4 69.8 0
      vertex -42.0595 2.87279 0
      vertex -42.1869 2.83414 0
    endloop
  endfacet
  facet normal 0 0 -1
    outer loop
      vertex -42.0629 70.9111 0
      vertex -42.4 69.8 0
      vertex -42.132 70.8 0
    endloop
  endfacet
  facet normal 0 0 -1
    outer loop
      vertex -42.132 70.8 0
      vertex -42.4 69.8 0
      vertex -42.1937 70.6846 0
    endloop
  endfacet
  facet normal 0 0 -1
    outer loop
      vertex -42.1937 70.6846 0
      vertex -42.4 69.8 0
      vertex -42.2478 70.5654 0
    endloop
  endfacet
  facet normal 0 0 -1
    outer loop
      vertex -42.4 69.8 0
      vertex -42.1869 2.83414 0
      vertex -42.3044 2.77137 0
    endloop
  endfacet
  facet normal 0 0 -1
    outer loop
      vertex -42.2478 70.5654 0
      vertex -42.4 69.8 0
      vertex -42.2939 70.4429 0
    endloop
  endfacet
  facet normal 0 0 -1
    outer loop
      vertex -42.2939 70.4429 0
      vertex -42.4 69.8 0
      vertex -42.3318 70.3176 0
    endloop
  endfacet
  facet normal 0 0 -1
    outer loop
      vertex -42.4 69.8 0
      vertex -42.3044 2.77137 0
      vertex -42.3617 2.7407 0
    endloop
  endfacet
  facet normal 0 0 -1
    outer loop
      vertex -42.3318 70.3176 0
      vertex -42.4 69.8 0
      vertex -42.3616 70.1902 0
    endloop
  endfacet
  facet normal 0 0 -1
    outer loop
      vertex -42.3616 70.1902 0
      vertex -42.4 69.8 0
      vertex -42.3829 70.061 0
    endloop
  endfacet
  facet normal 0 0 -1
    outer loop
      vertex -42.4 69.8 0
      vertex -42.3617 2.7407 0
      vertex -42.4 2.70931 0
    endloop
  endfacet
  facet normal 0 0 -1
    outer loop
      vertex -42.3829 70.061 0
      vertex -42.4 69.8 0
      vertex -42.3957 69.9308 0
    endloop
  endfacet
  facet normal -0.535546 0.652979 0.535546
    outer loop
      vertex -41.6175 71.3867 0.00999928
      vertex -39.7187 71.3037 2.01
      vertex -39.6175 71.3867 2.01
    endloop
  endfacet
  facet normal -0.535546 0.652979 0.535546
    outer loop
      vertex -39.7187 71.3037 2.01
      vertex -41.6175 71.3867 0.00999928
      vertex -41.7187 71.3037 0.00999928
    endloop
  endfacet
  facet normal -0.634153 0.773208 0
    outer loop
      vertex -39.6175 71.3867 2.01
      vertex -39.7187 71.3037 5.3
      vertex -39.6175 71.3867 5.3
    endloop
  endfacet
  facet normal -0.634153 0.773208 0
    outer loop
      vertex -39.7187 71.3037 5.3
      vertex -39.6175 71.3867 2.01
      vertex -39.7187 71.3037 2.01
    endloop
  endfacet
  facet normal 0.162665 -0.986681 0
    outer loop
      vertex 38.661 -67.9829 2.8
      vertex 38.7902 -67.9616 5.3
      vertex 38.661 -67.9829 5.3
    endloop
  endfacet
  facet normal 0.162665 -0.986681 0
    outer loop
      vertex 38.7902 -67.9616 5.3
      vertex 38.661 -67.9829 2.8
      vertex 38.7902 -67.9616 2.8
    endloop
  endfacet
  facet normal 0 -1 0
    outer loop
      vertex -38.4 -68 2.8
      vertex 38.4 -68 5.3
      vertex -38.4 -68 5.3
    endloop
  endfacet
  facet normal 0 -1 -0
    outer loop
      vertex 38.4 -68 5.3
      vertex -38.4 -68 2.8
      vertex 38.4 -68 2.8
    endloop
  endfacet
  facet normal 0.0978386 -0.995202 0
    outer loop
      vertex 38.5308 -67.9957 2.8
      vertex 38.661 -67.9829 5.3
      vertex 38.5308 -67.9957 5.3
    endloop
  endfacet
  facet normal 0.0978386 -0.995202 0
    outer loop
      vertex 38.661 -67.9829 5.3
      vertex 38.5308 -67.9957 2.8
      vertex 38.661 -67.9829 2.8
    endloop
  endfacet
  facet normal -0.683814 -0.729656 0
    outer loop
      vertex -39.8142 -67.4142 2.01
      vertex -39.7187 -67.5037 5.3
      vertex -39.8142 -67.4142 5.3
    endloop
  endfacet
  facet normal -0.683814 -0.729656 -0
    outer loop
      vertex -39.7187 -67.5037 5.3
      vertex -39.8142 -67.4142 2.01
      vertex -39.7187 -67.5037 2.01
    endloop
  endfacet
  facet normal 0.910602 -0.413285 0
    outer loop
      vertex 40.1937 -66.8846 5.3
      vertex 40.2478 -66.7654 2.01
      vertex 40.2478 -66.7654 5.3
    endloop
  endfacet
  facet normal 0.910602 -0.413285 0
    outer loop
      vertex 40.2478 -66.7654 2.01
      vertex 40.1937 -66.8846 5.3
      vertex 40.1937 -66.8846 2.01
    endloop
  endfacet
  facet normal 0.0328569 -0.99946 0
    outer loop
      vertex 38.4 -68 2.8
      vertex 38.5308 -67.9957 5.3
      vertex 38.4 -68 5.3
    endloop
  endfacet
  facet normal 0.0328569 -0.99946 0
    outer loop
      vertex 38.5308 -67.9957 5.3
      vertex 38.4 -68 2.8
      vertex 38.5308 -67.9957 2.8
    endloop
  endfacet
  facet normal -0.957172 -0.28952 0
    outer loop
      vertex -40.2939 -66.6429 2.01
      vertex -40.3318 -66.5176 5.3
      vertex -40.3318 -66.5176 2.01
    endloop
  endfacet
  facet normal -0.957172 -0.28952 0
    outer loop
      vertex -40.3318 -66.5176 5.3
      vertex -40.2939 -66.6429 2.01
      vertex -40.2939 -66.6429 5.3
    endloop
  endfacet
  facet normal -0.849156 -0.528143 0
    outer loop
      vertex -40.0629 -67.1111 2.01
      vertex -40.132 -67 5.3
      vertex -40.132 -67 2.01
    endloop
  endfacet
  facet normal -0.849156 -0.528143 0
    outer loop
      vertex -40.132 -67 5.3
      vertex -40.0629 -67.1111 2.01
      vertex -40.0629 -67.1111 5.3
    endloop
  endfacet
  facet normal 0.99946 -0.0328569 0
    outer loop
      vertex 40.3957 -66.1308 5.3
      vertex 40.4 -66 2.01
      vertex 40.4 -66 5.3
    endloop
  endfacet
  facet normal 0.99946 -0.0328569 0
    outer loop
      vertex 40.4 -66 2.01
      vertex 40.3957 -66.1308 5.3
      vertex 40.3957 -66.1308 2.01
    endloop
  endfacet
  facet normal -0.58225 -0.81301 0
    outer loop
      vertex -39.6175 -67.5867 2.8
      vertex -39.5111 -67.6629 5.3
      vertex -39.6175 -67.5867 5.3
    endloop
  endfacet
  facet normal -0.58225 -0.81301 -0
    outer loop
      vertex -39.5111 -67.6629 5.3
      vertex -39.6175 -67.5867 2.8
      vertex -39.5111 -67.6629 2.8
    endloop
  endfacet
  facet normal -0.352212 0.93592 0
    outer loop
      vertex -39.0429 71.6939 2.01
      vertex -39.1654 71.6478 5.3
      vertex -39.0429 71.6939 5.3
    endloop
  endfacet
  facet normal -0.352212 0.93592 0
    outer loop
      vertex -39.1654 71.6478 5.3
      vertex -39.0429 71.6939 2.01
      vertex -39.1654 71.6478 2.01
    endloop
  endfacet
  facet normal -0.0328569 0.99946 0
    outer loop
      vertex -38.4 71.8 2.01
      vertex -38.5308 71.7957 5.3
      vertex -38.4 71.8 5.3
    endloop
  endfacet
  facet normal -0.0328569 0.99946 0
    outer loop
      vertex -38.5308 71.7957 5.3
      vertex -38.4 71.8 2.01
      vertex -38.5308 71.7957 2.01
    endloop
  endfacet
  facet normal 0.683814 0.729656 -0
    outer loop
      vertex 39.8142 71.2142 2.01
      vertex 39.7187 71.3037 5.3
      vertex 39.8142 71.2142 5.3
    endloop
  endfacet
  facet normal 0.683814 0.729656 0
    outer loop
      vertex 39.7187 71.3037 5.3
      vertex 39.8142 71.2142 2.01
      vertex 39.7187 71.3037 2.01
    endloop
  endfacet
  facet normal 1 -0 0
    outer loop
      vertex 40.4 -66 5.3
      vertex 40.4 69.8 2.01
      vertex 40.4 69.8 5.3
    endloop
  endfacet
  facet normal 1 0 0
    outer loop
      vertex 40.4 69.8 2.01
      vertex 40.4 -66 5.3
      vertex 40.4 -66 2.01
    endloop
  endfacet
  facet normal 0.849156 0.528143 0
    outer loop
      vertex 40.132 70.8 5.3
      vertex 40.0629 70.9111 2.01
      vertex 40.0629 70.9111 5.3
    endloop
  endfacet
  facet normal 0.849156 0.528143 0
    outer loop
      vertex 40.0629 70.9111 2.01
      vertex 40.132 70.8 5.3
      vertex 40.132 70.8 2.01
    endloop
  endfacet
  facet normal -1 0 0
    outer loop
      vertex -40.4 -66 2.01
      vertex -40.4 69.8 5.3
      vertex -40.4 69.8 2.01
    endloop
  endfacet
  facet normal -1 -0 0
    outer loop
      vertex -40.4 69.8 5.3
      vertex -40.4 -66 2.01
      vertex -40.4 -66 5.3
    endloop
  endfacet
  facet normal -0.162665 -0.986681 0
    outer loop
      vertex -38.7902 -67.9616 2.8
      vertex -38.661 -67.9829 5.3
      vertex -38.7902 -67.9616 5.3
    endloop
  endfacet
  facet normal -0.162665 -0.986681 -0
    outer loop
      vertex -38.661 -67.9829 5.3
      vertex -38.7902 -67.9616 2.8
      vertex -38.661 -67.9829 2.8
    endloop
  endfacet
  facet normal -0.413285 0.910602 0
    outer loop
      vertex -39.1654 71.6478 2.01
      vertex -39.2846 71.5937 5.3
      vertex -39.1654 71.6478 5.3
    endloop
  endfacet
  facet normal -0.413285 0.910602 0
    outer loop
      vertex -39.2846 71.5937 5.3
      vertex -39.1654 71.6478 2.01
      vertex -39.2846 71.5937 2.01
    endloop
  endfacet
  facet normal 0.729656 0.683814 0
    outer loop
      vertex 39.9037 71.1187 5.3
      vertex 39.8142 71.2142 2.01
      vertex 39.8142 71.2142 5.3
    endloop
  endfacet
  facet normal 0.729656 0.683814 0
    outer loop
      vertex 39.8142 71.2142 2.01
      vertex 39.9037 71.1187 5.3
      vertex 39.9037 71.1187 2.01
    endloop
  endfacet
  facet normal -0.849156 0.528143 0
    outer loop
      vertex -40.132 70.8 2.01
      vertex -40.0629 70.9111 5.3
      vertex -40.0629 70.9111 2.01
    endloop
  endfacet
  facet normal -0.849156 0.528143 0
    outer loop
      vertex -40.0629 70.9111 5.3
      vertex -40.132 70.8 2.01
      vertex -40.132 70.8 5.3
    endloop
  endfacet
  facet normal 0 0 1
    outer loop
      vertex 38.4 71.8 5.3
      vertex 40.4 69.8 5.3
      vertex 40.3957 69.9308 5.3
    endloop
  endfacet
  facet normal 0 0 1
    outer loop
      vertex 40.4 69.8 5.3
      vertex 34.8 60.3 5.3
      vertex 40.4 -66 5.3
    endloop
  endfacet
  facet normal 0 0 1
    outer loop
      vertex 38.4 71.8 5.3
      vertex 40.3957 69.9308 5.3
      vertex 40.3829 70.061 5.3
    endloop
  endfacet
  facet normal -0 0 1
    outer loop
      vertex 34.8 -60.3 5.3
      vertex 40.4 -66 5.3
      vertex 34.8 60.3 5.3
    endloop
  endfacet
  facet normal 0 0 1
    outer loop
      vertex 38.4 71.8 5.3
      vertex 40.3829 70.061 5.3
      vertex 40.3616 70.1902 5.3
    endloop
  endfacet
  facet normal -0 0 1
    outer loop
      vertex 34.7957 -60.4308 5.3
      vertex 40.4 -66 5.3
      vertex 34.8 -60.3 5.3
    endloop
  endfacet
  facet normal 0 0 1
    outer loop
      vertex 38.4 71.8 5.3
      vertex 40.3616 70.1902 5.3
      vertex 40.3318 70.3176 5.3
    endloop
  endfacet
  facet normal -0 0 1
    outer loop
      vertex 34.7829 -60.561 5.3
      vertex 40.4 -66 5.3
      vertex 34.7957 -60.4308 5.3
    endloop
  endfacet
  facet normal 0 0 1
    outer loop
      vertex 38.4 71.8 5.3
      vertex 40.3318 70.3176 5.3
      vertex 40.2939 70.4429 5.3
    endloop
  endfacet
  facet normal -0 0 1
    outer loop
      vertex 34.7616 -60.6902 5.3
      vertex 40.4 -66 5.3
      vertex 34.7829 -60.561 5.3
    endloop
  endfacet
  facet normal 0 0 1
    outer loop
      vertex 38.4 71.8 5.3
      vertex 40.2939 70.4429 5.3
      vertex 40.2478 70.5654 5.3
    endloop
  endfacet
  facet normal -0 0 1
    outer loop
      vertex 34.7318 -60.8176 5.3
      vertex 40.4 -66 5.3
      vertex 34.7616 -60.6902 5.3
    endloop
  endfacet
  facet normal 0 0 1
    outer loop
      vertex 38.4 71.8 5.3
      vertex 40.2478 70.5654 5.3
      vertex 40.1937 70.6846 5.3
    endloop
  endfacet
  facet normal -0 0 1
    outer loop
      vertex 34.6938 -60.9429 5.3
      vertex 40.4 -66 5.3
      vertex 34.7318 -60.8176 5.3
    endloop
  endfacet
  facet normal 0 0 1
    outer loop
      vertex 38.4 71.8 5.3
      vertex 40.1937 70.6846 5.3
      vertex 40.132 70.8 5.3
    endloop
  endfacet
  facet normal -0 0 1
    outer loop
      vertex 34.6478 -61.0654 5.3
      vertex 40.4 -66 5.3
      vertex 34.6938 -60.9429 5.3
    endloop
  endfacet
  facet normal 0 0 1
    outer loop
      vertex 38.4 71.8 5.3
      vertex 40.132 70.8 5.3
      vertex 40.0629 70.9111 5.3
    endloop
  endfacet
  facet normal -0 0 1
    outer loop
      vertex 34.5937 -61.1846 5.3
      vertex 40.4 -66 5.3
      vertex 34.6478 -61.0654 5.3
    endloop
  endfacet
  facet normal 0 0 1
    outer loop
      vertex 38.4 71.8 5.3
      vertex 40.0629 70.9111 5.3
      vertex 39.9867 71.0175 5.3
    endloop
  endfacet
  facet normal -0 0 1
    outer loop
      vertex 34.532 -61.3 5.3
      vertex 40.4 -66 5.3
      vertex 34.5937 -61.1846 5.3
    endloop
  endfacet
  facet normal 0 0 1
    outer loop
      vertex 38.4 71.8 5.3
      vertex 39.9867 71.0175 5.3
      vertex 39.9037 71.1187 5.3
    endloop
  endfacet
  facet normal -0 0 1
    outer loop
      vertex 34.4629 -61.4111 5.3
      vertex 40.4 -66 5.3
      vertex 34.532 -61.3 5.3
    endloop
  endfacet
  facet normal 0 0 1
    outer loop
      vertex 38.4 71.8 5.3
      vertex 39.9037 71.1187 5.3
      vertex 39.8142 71.2142 5.3
    endloop
  endfacet
  facet normal -0 0 1
    outer loop
      vertex 34.3867 -61.5175 5.3
      vertex 40.4 -66 5.3
      vertex 34.4629 -61.4111 5.3
    endloop
  endfacet
  facet normal 0 0 1
    outer loop
      vertex 38.4 71.8 5.3
      vertex 39.8142 71.2142 5.3
      vertex 39.7187 71.3037 5.3
    endloop
  endfacet
  facet normal -0 0 1
    outer loop
      vertex 34.3037 -61.6187 5.3
      vertex 40.4 -66 5.3
      vertex 34.3867 -61.5175 5.3
    endloop
  endfacet
  facet normal 0 0 1
    outer loop
      vertex 38.4 71.8 5.3
      vertex 39.7187 71.3037 5.3
      vertex 39.6175 71.3867 5.3
    endloop
  endfacet
  facet normal -0 0 1
    outer loop
      vertex 34.2142 -61.7142 5.3
      vertex 40.4 -66 5.3
      vertex 34.3037 -61.6187 5.3
    endloop
  endfacet
  facet normal 0 0 1
    outer loop
      vertex 38.4 71.8 5.3
      vertex 39.6175 71.3867 5.3
      vertex 39.5111 71.4629 5.3
    endloop
  endfacet
  facet normal 0 -0 1
    outer loop
      vertex 38.4 -68 5.3
      vertex 40.4 -66 5.3
      vertex 34.2142 -61.7142 5.3
    endloop
  endfacet
  facet normal 0 0 1
    outer loop
      vertex 38.4 71.8 5.3
      vertex 39.5111 71.4629 5.3
      vertex 39.4 71.5321 5.3
    endloop
  endfacet
  facet normal 0 0 1
    outer loop
      vertex 40.4 -66 5.3
      vertex 38.4 -68 5.3
      vertex 40.3957 -66.1308 5.3
    endloop
  endfacet
  facet normal 0 0 1
    outer loop
      vertex 38.4 71.8 5.3
      vertex 39.4 71.5321 5.3
      vertex 39.2846 71.5937 5.3
    endloop
  endfacet
  facet normal 0 0 1
    outer loop
      vertex 40.3957 -66.1308 5.3
      vertex 38.4 -68 5.3
      vertex 40.3829 -66.261 5.3
    endloop
  endfacet
  facet normal 0 0 1
    outer loop
      vertex 38.4 71.8 5.3
      vertex 39.2846 71.5937 5.3
      vertex 39.1654 71.6478 5.3
    endloop
  endfacet
  facet normal 0 0 1
    outer loop
      vertex 40.3616 -66.3902 5.3
      vertex 38.4 -68 5.3
      vertex 40.3318 -66.5176 5.3
    endloop
  endfacet
  facet normal 0 0 1
    outer loop
      vertex 38.4 71.8 5.3
      vertex 39.1654 71.6478 5.3
      vertex 39.0429 71.6939 5.3
    endloop
  endfacet
  facet normal 0 0 1
    outer loop
      vertex 40.3318 -66.5176 5.3
      vertex 38.4 -68 5.3
      vertex 40.2939 -66.6429 5.3
    endloop
  endfacet
  facet normal 0 0 1
    outer loop
      vertex 38.4 71.8 5.3
      vertex 39.0429 71.6939 5.3
      vertex 38.9176 71.7318 5.3
    endloop
  endfacet
  facet normal 0 0 1
    outer loop
      vertex 40.2939 -66.6429 5.3
      vertex 38.4 -68 5.3
      vertex 40.2478 -66.7654 5.3
    endloop
  endfacet
  facet normal 0 0 1
    outer loop
      vertex 38.4 71.8 5.3
      vertex 38.9176 71.7318 5.3
      vertex 38.7902 71.7616 5.3
    endloop
  endfacet
  facet normal 0 0 1
    outer loop
      vertex 40.2478 -66.7654 5.3
      vertex 38.4 -68 5.3
      vertex 40.1937 -66.8846 5.3
    endloop
  endfacet
  facet normal 0 0 1
    outer loop
      vertex 38.4 71.8 5.3
      vertex 38.7902 71.7616 5.3
      vertex 38.661 71.7829 5.3
    endloop
  endfacet
  facet normal 0 0 1
    outer loop
      vertex 40.1937 -66.8846 5.3
      vertex 38.4 -68 5.3
      vertex 40.132 -67 5.3
    endloop
  endfacet
  facet normal 0 0 1
    outer loop
      vertex 38.4 71.8 5.3
      vertex 38.661 71.7829 5.3
      vertex 38.5308 71.7957 5.3
    endloop
  endfacet
  facet normal 0 0 1
    outer loop
      vertex 40.0629 -67.1111 5.3
      vertex 38.4 -68 5.3
      vertex 39.9867 -67.2175 5.3
    endloop
  endfacet
  facet normal 0 0 1
    outer loop
      vertex 33.5654 62.1478 5.3
      vertex 40.4 69.8 5.3
      vertex 38.4 71.8 5.3
    endloop
  endfacet
  facet normal 0 0 1
    outer loop
      vertex 39.9867 -67.2175 5.3
      vertex 38.4 -68 5.3
      vertex 39.9037 -67.3187 5.3
    endloop
  endfacet
  facet normal 0 0 1
    outer loop
      vertex 39.9037 -67.3187 5.3
      vertex 38.4 -68 5.3
      vertex 39.8142 -67.4142 5.3
    endloop
  endfacet
  facet normal 0 0 1
    outer loop
      vertex 40.4 69.8 5.3
      vertex 34.7957 60.4308 5.3
      vertex 34.8 60.3 5.3
    endloop
  endfacet
  facet normal 0 0 1
    outer loop
      vertex 40.4 69.8 5.3
      vertex 34.7829 60.561 5.3
      vertex 34.7957 60.4308 5.3
    endloop
  endfacet
  facet normal 0 0 1
    outer loop
      vertex 40.4 69.8 5.3
      vertex 34.7616 60.6902 5.3
      vertex 34.7829 60.561 5.3
    endloop
  endfacet
  facet normal 0 0 1
    outer loop
      vertex 40.4 69.8 5.3
      vertex 34.7318 60.8176 5.3
      vertex 34.7616 60.6902 5.3
    endloop
  endfacet
  facet normal 0 0 1
    outer loop
      vertex 40.4 69.8 5.3
      vertex 34.6938 60.9429 5.3
      vertex 34.7318 60.8176 5.3
    endloop
  endfacet
  facet normal 0 0 1
    outer loop
      vertex 40.4 69.8 5.3
      vertex 34.6478 61.0654 5.3
      vertex 34.6938 60.9429 5.3
    endloop
  endfacet
  facet normal 0 0 1
    outer loop
      vertex 40.4 69.8 5.3
      vertex 34.5937 61.1846 5.3
      vertex 34.6478 61.0654 5.3
    endloop
  endfacet
  facet normal 0 0 1
    outer loop
      vertex 40.4 69.8 5.3
      vertex 34.532 61.3 5.3
      vertex 34.5937 61.1846 5.3
    endloop
  endfacet
  facet normal 0 0 1
    outer loop
      vertex 40.4 69.8 5.3
      vertex 34.4629 61.4111 5.3
      vertex 34.532 61.3 5.3
    endloop
  endfacet
  facet normal 0 0 1
    outer loop
      vertex 40.4 69.8 5.3
      vertex 34.3867 61.5175 5.3
      vertex 34.4629 61.4111 5.3
    endloop
  endfacet
  facet normal 0 0 1
    outer loop
      vertex 40.4 69.8 5.3
      vertex 34.3037 61.6187 5.3
      vertex 34.3867 61.5175 5.3
    endloop
  endfacet
  facet normal 0 0 1
    outer loop
      vertex 40.4 69.8 5.3
      vertex 34.2142 61.7142 5.3
      vertex 34.3037 61.6187 5.3
    endloop
  endfacet
  facet normal 0 0 1
    outer loop
      vertex 40.4 69.8 5.3
      vertex 34.1187 61.8037 5.3
      vertex 34.2142 61.7142 5.3
    endloop
  endfacet
  facet normal 0 0 1
    outer loop
      vertex 40.4 69.8 5.3
      vertex 34.0175 61.8867 5.3
      vertex 34.1187 61.8037 5.3
    endloop
  endfacet
  facet normal 0 0 1
    outer loop
      vertex 40.4 69.8 5.3
      vertex 33.9111 61.9629 5.3
      vertex 34.0175 61.8867 5.3
    endloop
  endfacet
  facet normal 0 0 1
    outer loop
      vertex 40.4 69.8 5.3
      vertex 33.8 62.032 5.3
      vertex 33.9111 61.9629 5.3
    endloop
  endfacet
  facet normal 0 0 1
    outer loop
      vertex 40.4 69.8 5.3
      vertex 33.6846 62.0937 5.3
      vertex 33.8 62.032 5.3
    endloop
  endfacet
  facet normal 0 0 1
    outer loop
      vertex 40.4 69.8 5.3
      vertex 33.5654 62.1478 5.3
      vertex 33.6846 62.0937 5.3
    endloop
  endfacet
  facet normal 0 0 1
    outer loop
      vertex 38.4 71.8 5.3
      vertex 33.4429 62.1938 5.3
      vertex 33.5654 62.1478 5.3
    endloop
  endfacet
  facet normal 0 0 1
    outer loop
      vertex 38.4 71.8 5.3
      vertex 33.3176 62.2318 5.3
      vertex 33.4429 62.1938 5.3
    endloop
  endfacet
  facet normal 0 0 1
    outer loop
      vertex 38.4 71.8 5.3
      vertex 33.1902 62.2616 5.3
      vertex 33.3176 62.2318 5.3
    endloop
  endfacet
  facet normal 0 0 1
    outer loop
      vertex 38.4 71.8 5.3
      vertex 33.061 62.2829 5.3
      vertex 33.1902 62.2616 5.3
    endloop
  endfacet
  facet normal 0 0 1
    outer loop
      vertex 38.4 71.8 5.3
      vertex 32.9308 62.2957 5.3
      vertex 33.061 62.2829 5.3
    endloop
  endfacet
  facet normal 0 0 1
    outer loop
      vertex 38.4 71.8 5.3
      vertex 32.8 62.3 5.3
      vertex 32.9308 62.2957 5.3
    endloop
  endfacet
  facet normal -0 0 1
    outer loop
      vertex 8 71.8 5.3
      vertex 32.8 62.3 5.3
      vertex 38.4 71.8 5.3
    endloop
  endfacet
  facet normal -0 0 1
    outer loop
      vertex 7.98287 71.2768 5.3
      vertex 32.8 62.3 5.3
      vertex 8 71.8 5.3
    endloop
  endfacet
  facet normal -0 0 1
    outer loop
      vertex 7.93156 70.7558 5.3
      vertex 32.8 62.3 5.3
      vertex 7.98287 71.2768 5.3
    endloop
  endfacet
  facet normal -0 0 1
    outer loop
      vertex 7.84628 70.2393 5.3
      vertex 32.8 62.3 5.3
      vertex 7.93156 70.7558 5.3
    endloop
  endfacet
  facet normal -0 0 1
    outer loop
      vertex 7.72741 69.7294 5.3
      vertex 32.8 62.3 5.3
      vertex 7.84628 70.2393 5.3
    endloop
  endfacet
  facet normal -0 0 1
    outer loop
      vertex 7.57544 69.2285 5.3
      vertex 32.8 62.3 5.3
      vertex 7.72741 69.7294 5.3
    endloop
  endfacet
  facet normal -0 0 1
    outer loop
      vertex 7.39104 68.7385 5.3
      vertex 32.8 62.3 5.3
      vertex 7.57544 69.2285 5.3
    endloop
  endfacet
  facet normal -0 0 1
    outer loop
      vertex 7.17498 68.2617 5.3
      vertex 32.8 62.3 5.3
      vertex 7.39104 68.7385 5.3
    endloop
  endfacet
  facet normal -0 0 1
    outer loop
      vertex 6.9282 67.8 5.3
      vertex 32.8 62.3 5.3
      vertex 7.17498 68.2617 5.3
    endloop
  endfacet
  facet normal -0 0 1
    outer loop
      vertex 6.65176 67.3554 5.3
      vertex 32.8 62.3 5.3
      vertex 6.9282 67.8 5.3
    endloop
  endfacet
  facet normal -0 0 1
    outer loop
      vertex 6.34683 66.9299 5.3
      vertex 32.8 62.3 5.3
      vertex 6.65176 67.3554 5.3
    endloop
  endfacet
  facet normal -0 0 1
    outer loop
      vertex 6.01472 66.5252 5.3
      vertex 32.8 62.3 5.3
      vertex 6.34683 66.9299 5.3
    endloop
  endfacet
  facet normal -0 0 1
    outer loop
      vertex 5.65685 66.1431 5.3
      vertex 32.8 62.3 5.3
      vertex 6.01472 66.5252 5.3
    endloop
  endfacet
  facet normal -0 0 1
    outer loop
      vertex 5.27477 65.7853 5.3
      vertex 32.8 62.3 5.3
      vertex 5.65685 66.1431 5.3
    endloop
  endfacet
  facet normal -0 0 1
    outer loop
      vertex 4.87009 65.4532 5.3
      vertex 32.8 62.3 5.3
      vertex 5.27477 65.7853 5.3
    endloop
  endfacet
  facet normal -0 0 1
    outer loop
      vertex 4.44456 65.1482 5.3
      vertex 32.8 62.3 5.3
      vertex 4.87009 65.4532 5.3
    endloop
  endfacet
  facet normal -0 0 1
    outer loop
      vertex 4 64.8718 5.3
      vertex 32.8 62.3 5.3
      vertex 4.44456 65.1482 5.3
    endloop
  endfacet
  facet normal -0 0 1
    outer loop
      vertex 3.53831 64.625 5.3
      vertex 32.8 62.3 5.3
      vertex 4 64.8718 5.3
    endloop
  endfacet
  facet normal -0 0 1
    outer loop
      vertex 3.06147 64.409 5.3
      vertex 32.8 62.3 5.3
      vertex 3.53831 64.625 5.3
    endloop
  endfacet
  facet normal -0 0 1
    outer loop
      vertex 2.57152 64.2246 5.3
      vertex 32.8 62.3 5.3
      vertex 3.06147 64.409 5.3
    endloop
  endfacet
  facet normal -0 0 1
    outer loop
      vertex 2.07055 64.0726 5.3
      vertex 32.8 62.3 5.3
      vertex 2.57152 64.2246 5.3
    endloop
  endfacet
  facet normal -0 0 1
    outer loop
      vertex 1.56072 63.9537 5.3
      vertex 32.8 62.3 5.3
      vertex 2.07055 64.0726 5.3
    endloop
  endfacet
  facet normal -0 0 1
    outer loop
      vertex 1.04421 63.8684 5.3
      vertex 32.8 62.3 5.3
      vertex 1.56072 63.9537 5.3
    endloop
  endfacet
  facet normal -0 0 1
    outer loop
      vertex 0.523225 63.8171 5.3
      vertex 32.8 62.3 5.3
      vertex 1.04421 63.8684 5.3
    endloop
  endfacet
  facet normal -0 0 1
    outer loop
      vertex 0 63.8 5.3
      vertex 32.8 62.3 5.3
      vertex 0.523225 63.8171 5.3
    endloop
  endfacet
  facet normal 0 0 1
    outer loop
      vertex -32.8 62.3 5.3
      vertex 0 63.8 5.3
      vertex -0.523225 63.8171 5.3
    endloop
  endfacet
  facet normal 0 0 1
    outer loop
      vertex 0 63.8 5.3
      vertex -32.8 62.3 5.3
      vertex 32.8 62.3 5.3
    endloop
  endfacet
  facet normal 0 0 1
    outer loop
      vertex -1.04421 63.8684 5.3
      vertex -32.8 62.3 5.3
      vertex -0.523225 63.8171 5.3
    endloop
  endfacet
  facet normal 0 0 1
    outer loop
      vertex -1.56072 63.9537 5.3
      vertex -32.8 62.3 5.3
      vertex -1.04421 63.8684 5.3
    endloop
  endfacet
  facet normal 0 0 1
    outer loop
      vertex -2.07055 64.0726 5.3
      vertex -32.8 62.3 5.3
      vertex -1.56072 63.9537 5.3
    endloop
  endfacet
  facet normal 0 0 1
    outer loop
      vertex -2.57152 64.2246 5.3
      vertex -32.8 62.3 5.3
      vertex -2.07055 64.0726 5.3
    endloop
  endfacet
  facet normal 0 0 1
    outer loop
      vertex -3.06147 64.409 5.3
      vertex -32.8 62.3 5.3
      vertex -2.57152 64.2246 5.3
    endloop
  endfacet
  facet normal 0 0 1
    outer loop
      vertex -3.53831 64.625 5.3
      vertex -32.8 62.3 5.3
      vertex -3.06147 64.409 5.3
    endloop
  endfacet
  facet normal 0 0 1
    outer loop
      vertex -4 64.8718 5.3
      vertex -32.8 62.3 5.3
      vertex -3.53831 64.625 5.3
    endloop
  endfacet
  facet normal 0 0 1
    outer loop
      vertex -4.44456 65.1482 5.3
      vertex -32.8 62.3 5.3
      vertex -4 64.8718 5.3
    endloop
  endfacet
  facet normal 0 0 1
    outer loop
      vertex -4.87009 65.4532 5.3
      vertex -32.8 62.3 5.3
      vertex -4.44456 65.1482 5.3
    endloop
  endfacet
  facet normal 0 0 1
    outer loop
      vertex -5.27477 65.7853 5.3
      vertex -32.8 62.3 5.3
      vertex -4.87009 65.4532 5.3
    endloop
  endfacet
  facet normal 0 0 1
    outer loop
      vertex -5.65685 66.1431 5.3
      vertex -32.8 62.3 5.3
      vertex -5.27477 65.7853 5.3
    endloop
  endfacet
  facet normal 0 0 1
    outer loop
      vertex -6.01472 66.5252 5.3
      vertex -32.8 62.3 5.3
      vertex -5.65685 66.1431 5.3
    endloop
  endfacet
  facet normal 0 0 1
    outer loop
      vertex -6.34683 66.9299 5.3
      vertex -32.8 62.3 5.3
      vertex -6.01472 66.5252 5.3
    endloop
  endfacet
  facet normal 0 0 1
    outer loop
      vertex -6.65176 67.3554 5.3
      vertex -32.8 62.3 5.3
      vertex -6.34683 66.9299 5.3
    endloop
  endfacet
  facet normal 0 0 1
    outer loop
      vertex -6.9282 67.8 5.3
      vertex -32.8 62.3 5.3
      vertex -6.65176 67.3554 5.3
    endloop
  endfacet
  facet normal 0 0 1
    outer loop
      vertex -7.17498 68.2617 5.3
      vertex -32.8 62.3 5.3
      vertex -6.9282 67.8 5.3
    endloop
  endfacet
  facet normal 0 0 1
    outer loop
      vertex -7.39104 68.7385 5.3
      vertex -32.8 62.3 5.3
      vertex -7.17498 68.2617 5.3
    endloop
  endfacet
  facet normal 0 0 1
    outer loop
      vertex -7.57544 69.2285 5.3
      vertex -32.8 62.3 5.3
      vertex -7.39104 68.7385 5.3
    endloop
  endfacet
  facet normal 0 0 1
    outer loop
      vertex -7.72741 69.7294 5.3
      vertex -32.8 62.3 5.3
      vertex -7.57544 69.2285 5.3
    endloop
  endfacet
  facet normal 0 0 1
    outer loop
      vertex -7.84628 70.2393 5.3
      vertex -32.8 62.3 5.3
      vertex -7.72741 69.7294 5.3
    endloop
  endfacet
  facet normal 0 0 1
    outer loop
      vertex -7.93156 70.7558 5.3
      vertex -32.8 62.3 5.3
      vertex -7.84628 70.2393 5.3
    endloop
  endfacet
  facet normal 0 0 1
    outer loop
      vertex -7.98287 71.2768 5.3
      vertex -32.8 62.3 5.3
      vertex -7.93156 70.7558 5.3
    endloop
  endfacet
  facet normal 0 0 1
    outer loop
      vertex -8 71.8 5.3
      vertex -32.8 62.3 5.3
      vertex -7.98287 71.2768 5.3
    endloop
  endfacet
  facet normal -0 0 1
    outer loop
      vertex -38.4 71.8 5.3
      vertex -32.8 62.3 5.3
      vertex -8 71.8 5.3
    endloop
  endfacet
  facet normal 0 0 1
    outer loop
      vertex -32.8 62.3 5.3
      vertex -38.4 71.8 5.3
      vertex -32.9308 62.2957 5.3
    endloop
  endfacet
  facet normal 0 0 1
    outer loop
      vertex -32.9308 62.2957 5.3
      vertex -38.4 71.8 5.3
      vertex -33.061 62.2829 5.3
    endloop
  endfacet
  facet normal 0 0 1
    outer loop
      vertex -33.061 62.2829 5.3
      vertex -38.4 71.8 5.3
      vertex -33.1902 62.2616 5.3
    endloop
  endfacet
  facet normal 0 0 1
    outer loop
      vertex -33.1902 62.2616 5.3
      vertex -38.4 71.8 5.3
      vertex -33.3176 62.2318 5.3
    endloop
  endfacet
  facet normal 0 0 1
    outer loop
      vertex -33.3176 62.2318 5.3
      vertex -38.4 71.8 5.3
      vertex -33.4429 62.1938 5.3
    endloop
  endfacet
  facet normal 0 0 1
    outer loop
      vertex -34.7957 60.4308 5.3
      vertex -40.4 69.8 5.3
      vertex -34.8 60.3 5.3
    endloop
  endfacet
  facet normal 0 0 1
    outer loop
      vertex -34.7829 60.561 5.3
      vertex -40.4 69.8 5.3
      vertex -34.7957 60.4308 5.3
    endloop
  endfacet
  facet normal 0 0 1
    outer loop
      vertex -34.7616 60.6902 5.3
      vertex -40.4 69.8 5.3
      vertex -34.7829 60.561 5.3
    endloop
  endfacet
  facet normal 0 0 1
    outer loop
      vertex -34.7318 60.8176 5.3
      vertex -40.4 69.8 5.3
      vertex -34.7616 60.6902 5.3
    endloop
  endfacet
  facet normal 0 0 1
    outer loop
      vertex -34.6938 60.9429 5.3
      vertex -40.4 69.8 5.3
      vertex -34.7318 60.8176 5.3
    endloop
  endfacet
  facet normal 0 0 1
    outer loop
      vertex -34.6478 61.0654 5.3
      vertex -40.4 69.8 5.3
      vertex -34.6938 60.9429 5.3
    endloop
  endfacet
  facet normal 0 0 1
    outer loop
      vertex -34.5937 61.1846 5.3
      vertex -40.4 69.8 5.3
      vertex -34.6478 61.0654 5.3
    endloop
  endfacet
  facet normal 0 0 1
    outer loop
      vertex -34.532 61.3 5.3
      vertex -40.4 69.8 5.3
      vertex -34.5937 61.1846 5.3
    endloop
  endfacet
  facet normal 0 0 1
    outer loop
      vertex -34.4629 61.4111 5.3
      vertex -40.4 69.8 5.3
      vertex -34.532 61.3 5.3
    endloop
  endfacet
  facet normal 0 0 1
    outer loop
      vertex -34.3867 61.5175 5.3
      vertex -40.4 69.8 5.3
      vertex -34.4629 61.4111 5.3
    endloop
  endfacet
  facet normal 0 0 1
    outer loop
      vertex -34.3037 61.6187 5.3
      vertex -40.4 69.8 5.3
      vertex -34.3867 61.5175 5.3
    endloop
  endfacet
  facet normal 0 0 1
    outer loop
      vertex -34.2142 61.7142 5.3
      vertex -40.4 69.8 5.3
      vertex -34.3037 61.6187 5.3
    endloop
  endfacet
  facet normal 0 0 1
    outer loop
      vertex -34.1187 61.8037 5.3
      vertex -40.4 69.8 5.3
      vertex -34.2142 61.7142 5.3
    endloop
  endfacet
  facet normal 0 0 1
    outer loop
      vertex -34.0175 61.8867 5.3
      vertex -40.4 69.8 5.3
      vertex -34.1187 61.8037 5.3
    endloop
  endfacet
  facet normal 0 0 1
    outer loop
      vertex -33.9111 61.9629 5.3
      vertex -40.4 69.8 5.3
      vertex -34.0175 61.8867 5.3
    endloop
  endfacet
  facet normal 0 0 1
    outer loop
      vertex -33.8 62.032 5.3
      vertex -40.4 69.8 5.3
      vertex -33.9111 61.9629 5.3
    endloop
  endfacet
  facet normal 0 0 1
    outer loop
      vertex -33.6846 62.0937 5.3
      vertex -40.4 69.8 5.3
      vertex -33.8 62.032 5.3
    endloop
  endfacet
  facet normal 0 0 1
    outer loop
      vertex -33.5654 62.1478 5.3
      vertex -40.4 69.8 5.3
      vertex -33.6846 62.0937 5.3
    endloop
  endfacet
  facet normal -0 0 1
    outer loop
      vertex -40.4 69.8 5.3
      vertex -33.5654 62.1478 5.3
      vertex -38.4 71.8 5.3
    endloop
  endfacet
  facet normal 0 0 1
    outer loop
      vertex -33.4429 62.1938 5.3
      vertex -38.4 71.8 5.3
      vertex -33.5654 62.1478 5.3
    endloop
  endfacet
  facet normal 0 0 1
    outer loop
      vertex 39.8142 -67.4142 5.3
      vertex 38.4 -68 5.3
      vertex 39.7187 -67.5037 5.3
    endloop
  endfacet
  facet normal 0 0 1
    outer loop
      vertex 39.6175 -67.5867 5.3
      vertex 38.4 -68 5.3
      vertex 39.5111 -67.6629 5.3
    endloop
  endfacet
  facet normal 0 0 1
    outer loop
      vertex 39.5111 -67.6629 5.3
      vertex 38.4 -68 5.3
      vertex 39.4 -67.732 5.3
    endloop
  endfacet
  facet normal 0 0 1
    outer loop
      vertex 39.4 -67.732 5.3
      vertex 38.4 -68 5.3
      vertex 39.2846 -67.7937 5.3
    endloop
  endfacet
  facet normal 0 0 1
    outer loop
      vertex 39.2846 -67.7937 5.3
      vertex 38.4 -68 5.3
      vertex 39.1654 -67.8478 5.3
    endloop
  endfacet
  facet normal 0 0 1
    outer loop
      vertex 39.1654 -67.8478 5.3
      vertex 38.4 -68 5.3
      vertex 39.0429 -67.8939 5.3
    endloop
  endfacet
  facet normal 0 0 1
    outer loop
      vertex 38.9176 -67.9318 5.3
      vertex 38.4 -68 5.3
      vertex 38.7902 -67.9616 5.3
    endloop
  endfacet
  facet normal 0 0 1
    outer loop
      vertex 38.7902 -67.9616 5.3
      vertex 38.4 -68 5.3
      vertex 38.661 -67.9829 5.3
    endloop
  endfacet
  facet normal 0 0 1
    outer loop
      vertex 38.661 -67.9829 5.3
      vertex 38.4 -68 5.3
      vertex 38.5308 -67.9957 5.3
    endloop
  endfacet
  facet normal 0 0 1
    outer loop
      vertex 39.0429 -67.8939 5.3
      vertex 38.4 -68 5.3
      vertex 38.9176 -67.9318 5.3
    endloop
  endfacet
  facet normal 0 0 1
    outer loop
      vertex 39.7187 -67.5037 5.3
      vertex 38.4 -68 5.3
      vertex 39.6175 -67.5867 5.3
    endloop
  endfacet
  facet normal 0 0 1
    outer loop
      vertex 40.132 -67 5.3
      vertex 38.4 -68 5.3
      vertex 40.0629 -67.1111 5.3
    endloop
  endfacet
  facet normal 0 0 1
    outer loop
      vertex 40.3829 -66.261 5.3
      vertex 38.4 -68 5.3
      vertex 40.3616 -66.3902 5.3
    endloop
  endfacet
  facet normal -0 0 1
    outer loop
      vertex 34.1187 -61.8037 5.3
      vertex 38.4 -68 5.3
      vertex 34.2142 -61.7142 5.3
    endloop
  endfacet
  facet normal -0 0 1
    outer loop
      vertex 34.0175 -61.8867 5.3
      vertex 38.4 -68 5.3
      vertex 34.1187 -61.8037 5.3
    endloop
  endfacet
  facet normal -0 0 1
    outer loop
      vertex 33.9111 -61.9629 5.3
      vertex 38.4 -68 5.3
      vertex 34.0175 -61.8867 5.3
    endloop
  endfacet
  facet normal -0 0 1
    outer loop
      vertex 33.8 -62.032 5.3
      vertex 38.4 -68 5.3
      vertex 33.9111 -61.9629 5.3
    endloop
  endfacet
  facet normal -0 0 1
    outer loop
      vertex 33.6846 -62.0937 5.3
      vertex 38.4 -68 5.3
      vertex 33.8 -62.032 5.3
    endloop
  endfacet
  facet normal -0 0 1
    outer loop
      vertex 33.5654 -62.1478 5.3
      vertex 38.4 -68 5.3
      vertex 33.6846 -62.0937 5.3
    endloop
  endfacet
  facet normal -0 0 1
    outer loop
      vertex 33.4429 -62.1938 5.3
      vertex 38.4 -68 5.3
      vertex 33.5654 -62.1478 5.3
    endloop
  endfacet
  facet normal -0 0 1
    outer loop
      vertex 33.3176 -62.2318 5.3
      vertex 38.4 -68 5.3
      vertex 33.4429 -62.1938 5.3
    endloop
  endfacet
  facet normal -0 0 1
    outer loop
      vertex 33.1902 -62.2616 5.3
      vertex 38.4 -68 5.3
      vertex 33.3176 -62.2318 5.3
    endloop
  endfacet
  facet normal -0 0 1
    outer loop
      vertex 33.061 -62.2829 5.3
      vertex 38.4 -68 5.3
      vertex 33.1902 -62.2616 5.3
    endloop
  endfacet
  facet normal -0 0 1
    outer loop
      vertex 32.9308 -62.2957 5.3
      vertex 38.4 -68 5.3
      vertex 33.061 -62.2829 5.3
    endloop
  endfacet
  facet normal -0 0 1
    outer loop
      vertex 32.8 -62.3 5.3
      vertex 38.4 -68 5.3
      vertex 32.9308 -62.2957 5.3
    endloop
  endfacet
  facet normal -0 0 1
    outer loop
      vertex -32.8 -62.3 5.3
      vertex 38.4 -68 5.3
      vertex 32.8 -62.3 5.3
    endloop
  endfacet
  facet normal 0 0 1
    outer loop
      vertex -38.4 -68 5.3
      vertex -32.8 -62.3 5.3
      vertex -32.9308 -62.2957 5.3
    endloop
  endfacet
  facet normal 0 0 1
    outer loop
      vertex -32.8 -62.3 5.3
      vertex -38.4 -68 5.3
      vertex 38.4 -68 5.3
    endloop
  endfacet
  facet normal 0 0 1
    outer loop
      vertex -33.061 -62.2829 5.3
      vertex -38.4 -68 5.3
      vertex -32.9308 -62.2957 5.3
    endloop
  endfacet
  facet normal 0 0 1
    outer loop
      vertex -33.1902 -62.2616 5.3
      vertex -38.4 -68 5.3
      vertex -33.061 -62.2829 5.3
    endloop
  endfacet
  facet normal 0 0 1
    outer loop
      vertex -33.3176 -62.2318 5.3
      vertex -38.4 -68 5.3
      vertex -33.1902 -62.2616 5.3
    endloop
  endfacet
  facet normal 0 0 1
    outer loop
      vertex -33.4429 -62.1938 5.3
      vertex -38.4 -68 5.3
      vertex -33.3176 -62.2318 5.3
    endloop
  endfacet
  facet normal 0 0 1
    outer loop
      vertex -33.5654 -62.1478 5.3
      vertex -38.4 -68 5.3
      vertex -33.4429 -62.1938 5.3
    endloop
  endfacet
  facet normal 0 0 1
    outer loop
      vertex -33.6846 -62.0937 5.3
      vertex -38.4 -68 5.3
      vertex -33.5654 -62.1478 5.3
    endloop
  endfacet
  facet normal 0 0 1
    outer loop
      vertex -33.8 -62.032 5.3
      vertex -38.4 -68 5.3
      vertex -33.6846 -62.0937 5.3
    endloop
  endfacet
  facet normal 0 0 1
    outer loop
      vertex -33.9111 -61.9629 5.3
      vertex -38.4 -68 5.3
      vertex -33.8 -62.032 5.3
    endloop
  endfacet
  facet normal 0 0 1
    outer loop
      vertex -34.0175 -61.8867 5.3
      vertex -38.4 -68 5.3
      vertex -33.9111 -61.9629 5.3
    endloop
  endfacet
  facet normal 0 0 1
    outer loop
      vertex -34.1187 -61.8037 5.3
      vertex -38.4 -68 5.3
      vertex -34.0175 -61.8867 5.3
    endloop
  endfacet
  facet normal 0 0 1
    outer loop
      vertex -34.2142 -61.7142 5.3
      vertex -38.4 -68 5.3
      vertex -34.1187 -61.8037 5.3
    endloop
  endfacet
  facet normal 0 0 1
    outer loop
      vertex -40.4 -66 5.3
      vertex -34.2142 -61.7142 5.3
      vertex -34.3037 -61.6187 5.3
    endloop
  endfacet
  facet normal 0 0 1
    outer loop
      vertex -40.4 -66 5.3
      vertex -34.3037 -61.6187 5.3
      vertex -34.3867 -61.5175 5.3
    endloop
  endfacet
  facet normal 0 0 1
    outer loop
      vertex -40.4 -66 5.3
      vertex -34.3867 -61.5175 5.3
      vertex -34.4629 -61.4111 5.3
    endloop
  endfacet
  facet normal 0 0 1
    outer loop
      vertex -40.4 -66 5.3
      vertex -34.4629 -61.4111 5.3
      vertex -34.532 -61.3 5.3
    endloop
  endfacet
  facet normal 0 0 1
    outer loop
      vertex -40.4 -66 5.3
      vertex -34.532 -61.3 5.3
      vertex -34.5937 -61.1846 5.3
    endloop
  endfacet
  facet normal 0 0 1
    outer loop
      vertex -40.4 -66 5.3
      vertex -34.5937 -61.1846 5.3
      vertex -34.6478 -61.0654 5.3
    endloop
  endfacet
  facet normal 0 0 1
    outer loop
      vertex -40.4 -66 5.3
      vertex -34.6478 -61.0654 5.3
      vertex -34.6938 -60.9429 5.3
    endloop
  endfacet
  facet normal 0 0 1
    outer loop
      vertex -40.4 -66 5.3
      vertex -34.6938 -60.9429 5.3
      vertex -34.7318 -60.8176 5.3
    endloop
  endfacet
  facet normal 0 0 1
    outer loop
      vertex -40.4 -66 5.3
      vertex -34.7318 -60.8176 5.3
      vertex -34.7616 -60.6902 5.3
    endloop
  endfacet
  facet normal 0 0 1
    outer loop
      vertex -40.4 -66 5.3
      vertex -34.7616 -60.6902 5.3
      vertex -34.7829 -60.561 5.3
    endloop
  endfacet
  facet normal 0 0 1
    outer loop
      vertex -40.4 -66 5.3
      vertex -34.7829 -60.561 5.3
      vertex -34.7957 -60.4308 5.3
    endloop
  endfacet
  facet normal 0 0 1
    outer loop
      vertex -40.4 -66 5.3
      vertex -34.7957 -60.4308 5.3
      vertex -34.8 -60.3 5.3
    endloop
  endfacet
  facet normal 0 0 1
    outer loop
      vertex -40.4 -66 5.3
      vertex -34.8 60.3 5.3
      vertex -40.4 69.8 5.3
    endloop
  endfacet
  facet normal 0 0 1
    outer loop
      vertex -40.4 69.8 5.3
      vertex -38.4 71.8 5.3
      vertex -38.5308 71.7957 5.3
    endloop
  endfacet
  facet normal 0 0 1
    outer loop
      vertex -34.8 60.3 5.3
      vertex -40.4 -66 5.3
      vertex -34.8 -60.3 5.3
    endloop
  endfacet
  facet normal 0 0 1
    outer loop
      vertex -40.4 69.8 5.3
      vertex -38.5308 71.7957 5.3
      vertex -38.661 71.7829 5.3
    endloop
  endfacet
  facet normal 0 0 1
    outer loop
      vertex -34.2142 -61.7142 5.3
      vertex -40.4 -66 5.3
      vertex -38.4 -68 5.3
    endloop
  endfacet
  facet normal 0 0 1
    outer loop
      vertex -40.4 69.8 5.3
      vertex -38.661 71.7829 5.3
      vertex -38.7902 71.7616 5.3
    endloop
  endfacet
  facet normal 0 0 1
    outer loop
      vertex -38.4 -68 5.3
      vertex -40.4 -66 5.3
      vertex -38.5308 -67.9957 5.3
    endloop
  endfacet
  facet normal 0 0 1
    outer loop
      vertex -40.4 69.8 5.3
      vertex -38.7902 71.7616 5.3
      vertex -38.9176 71.7318 5.3
    endloop
  endfacet
  facet normal 0 0 1
    outer loop
      vertex -38.5308 -67.9957 5.3
      vertex -40.4 -66 5.3
      vertex -38.661 -67.9829 5.3
    endloop
  endfacet
  facet normal 0 0 1
    outer loop
      vertex -40.4 69.8 5.3
      vertex -38.9176 71.7318 5.3
      vertex -39.0429 71.6939 5.3
    endloop
  endfacet
  facet normal 0 0 1
    outer loop
      vertex -38.661 -67.9829 5.3
      vertex -40.4 -66 5.3
      vertex -38.7902 -67.9616 5.3
    endloop
  endfacet
  facet normal 0 0 1
    outer loop
      vertex -40.4 69.8 5.3
      vertex -39.0429 71.6939 5.3
      vertex -39.1654 71.6478 5.3
    endloop
  endfacet
  facet normal 0 0 1
    outer loop
      vertex -38.7902 -67.9616 5.3
      vertex -40.4 -66 5.3
      vertex -38.9176 -67.9318 5.3
    endloop
  endfacet
  facet normal 0 0 1
    outer loop
      vertex -40.4 69.8 5.3
      vertex -39.1654 71.6478 5.3
      vertex -39.2846 71.5937 5.3
    endloop
  endfacet
  facet normal 0 0 1
    outer loop
      vertex -38.9176 -67.9318 5.3
      vertex -40.4 -66 5.3
      vertex -39.0429 -67.8939 5.3
    endloop
  endfacet
  facet normal 0 0 1
    outer loop
      vertex -40.4 69.8 5.3
      vertex -39.2846 71.5937 5.3
      vertex -39.4 71.5321 5.3
    endloop
  endfacet
  facet normal 0 0 1
    outer loop
      vertex -39.0429 -67.8939 5.3
      vertex -40.4 -66 5.3
      vertex -39.1654 -67.8478 5.3
    endloop
  endfacet
  facet normal 0 0 1
    outer loop
      vertex -40.4 69.8 5.3
      vertex -39.4 71.5321 5.3
      vertex -39.5111 71.4629 5.3
    endloop
  endfacet
  facet normal 0 0 1
    outer loop
      vertex -39.1654 -67.8478 5.3
      vertex -40.4 -66 5.3
      vertex -39.2846 -67.7937 5.3
    endloop
  endfacet
  facet normal 0 0 1
    outer loop
      vertex -40.4 69.8 5.3
      vertex -39.5111 71.4629 5.3
      vertex -39.6175 71.3867 5.3
    endloop
  endfacet
  facet normal 0 0 1
    outer loop
      vertex -39.2846 -67.7937 5.3
      vertex -40.4 -66 5.3
      vertex -39.4 -67.732 5.3
    endloop
  endfacet
  facet normal 0 0 1
    outer loop
      vertex -40.4 69.8 5.3
      vertex -39.6175 71.3867 5.3
      vertex -39.7187 71.3037 5.3
    endloop
  endfacet
  facet normal 0 0 1
    outer loop
      vertex -39.4 -67.732 5.3
      vertex -40.4 -66 5.3
      vertex -39.5111 -67.6629 5.3
    endloop
  endfacet
  facet normal 0 0 1
    outer loop
      vertex -40.4 69.8 5.3
      vertex -39.7187 71.3037 5.3
      vertex -39.8142 71.2142 5.3
    endloop
  endfacet
  facet normal 0 0 1
    outer loop
      vertex -39.5111 -67.6629 5.3
      vertex -40.4 -66 5.3
      vertex -39.6175 -67.5867 5.3
    endloop
  endfacet
  facet normal 0 0 1
    outer loop
      vertex -40.4 69.8 5.3
      vertex -39.8142 71.2142 5.3
      vertex -39.9037 71.1187 5.3
    endloop
  endfacet
  facet normal 0 0 1
    outer loop
      vertex -39.6175 -67.5867 5.3
      vertex -40.4 -66 5.3
      vertex -39.7187 -67.5037 5.3
    endloop
  endfacet
  facet normal 0 0 1
    outer loop
      vertex -40.4 69.8 5.3
      vertex -39.9037 71.1187 5.3
      vertex -39.9867 71.0175 5.3
    endloop
  endfacet
  facet normal 0 0 1
    outer loop
      vertex -39.7187 -67.5037 5.3
      vertex -40.4 -66 5.3
      vertex -39.8142 -67.4142 5.3
    endloop
  endfacet
  facet normal 0 0 1
    outer loop
      vertex -40.4 69.8 5.3
      vertex -39.9867 71.0175 5.3
      vertex -40.0629 70.9111 5.3
    endloop
  endfacet
  facet normal 0 0 1
    outer loop
      vertex -39.8142 -67.4142 5.3
      vertex -40.4 -66 5.3
      vertex -39.9037 -67.3187 5.3
    endloop
  endfacet
  facet normal 0 0 1
    outer loop
      vertex -40.4 69.8 5.3
      vertex -40.0629 70.9111 5.3
      vertex -40.132 70.8 5.3
    endloop
  endfacet
  facet normal 0 0 1
    outer loop
      vertex -39.9037 -67.3187 5.3
      vertex -40.4 -66 5.3
      vertex -39.9867 -67.2175 5.3
    endloop
  endfacet
  facet normal 0 0 1
    outer loop
      vertex -40.4 69.8 5.3
      vertex -40.132 70.8 5.3
      vertex -40.1937 70.6846 5.3
    endloop
  endfacet
  facet normal 0 0 1
    outer loop
      vertex -39.9867 -67.2175 5.3
      vertex -40.4 -66 5.3
      vertex -40.0629 -67.1111 5.3
    endloop
  endfacet
  facet normal 0 0 1
    outer loop
      vertex -40.4 69.8 5.3
      vertex -40.1937 70.6846 5.3
      vertex -40.2478 70.5654 5.3
    endloop
  endfacet
  facet normal 0 0 1
    outer loop
      vertex -40.0629 -67.1111 5.3
      vertex -40.4 -66 5.3
      vertex -40.132 -67 5.3
    endloop
  endfacet
  facet normal 0 0 1
    outer loop
      vertex -40.4 69.8 5.3
      vertex -40.2478 70.5654 5.3
      vertex -40.2939 70.4429 5.3
    endloop
  endfacet
  facet normal 0 0 1
    outer loop
      vertex -40.132 -67 5.3
      vertex -40.4 -66 5.3
      vertex -40.1937 -66.8846 5.3
    endloop
  endfacet
  facet normal 0 0 1
    outer loop
      vertex -40.4 69.8 5.3
      vertex -40.2939 70.4429 5.3
      vertex -40.3318 70.3176 5.3
    endloop
  endfacet
  facet normal 0 0 1
    outer loop
      vertex -40.1937 -66.8846 5.3
      vertex -40.4 -66 5.3
      vertex -40.2478 -66.7654 5.3
    endloop
  endfacet
  facet normal 0 0 1
    outer loop
      vertex -40.4 69.8 5.3
      vertex -40.3318 70.3176 5.3
      vertex -40.3616 70.1902 5.3
    endloop
  endfacet
  facet normal 0 0 1
    outer loop
      vertex -40.2478 -66.7654 5.3
      vertex -40.4 -66 5.3
      vertex -40.2939 -66.6429 5.3
    endloop
  endfacet
  facet normal 0 0 1
    outer loop
      vertex -40.4 69.8 5.3
      vertex -40.3616 70.1902 5.3
      vertex -40.3829 70.061 5.3
    endloop
  endfacet
  facet normal 0 0 1
    outer loop
      vertex -40.2939 -66.6429 5.3
      vertex -40.4 -66 5.3
      vertex -40.3318 -66.5176 5.3
    endloop
  endfacet
  facet normal 0 0 1
    outer loop
      vertex -40.4 69.8 5.3
      vertex -40.3829 70.061 5.3
      vertex -40.3957 69.9308 5.3
    endloop
  endfacet
  facet normal 0 0 1
    outer loop
      vertex -40.3318 -66.5176 5.3
      vertex -40.4 -66 5.3
      vertex -40.3616 -66.3902 5.3
    endloop
  endfacet
  facet normal 0 0 1
    outer loop
      vertex -40.3616 -66.3902 5.3
      vertex -40.4 -66 5.3
      vertex -40.3829 -66.261 5.3
    endloop
  endfacet
  facet normal 0 0 1
    outer loop
      vertex -40.3829 -66.261 5.3
      vertex -40.4 -66 5.3
      vertex -40.3957 -66.1308 5.3
    endloop
  endfacet
  facet normal 0.957172 0.28952 0
    outer loop
      vertex 40.3318 70.3176 5.3
      vertex 40.2939 70.4429 2.01
      vertex 40.2939 70.4429 5.3
    endloop
  endfacet
  facet normal 0.957172 0.28952 0
    outer loop
      vertex 40.2939 70.4429 2.01
      vertex 40.3318 70.3176 5.3
      vertex 40.3318 70.3176 2.01
    endloop
  endfacet
  facet normal -0.683814 0.729656 0
    outer loop
      vertex -39.7187 71.3037 2.01
      vertex -39.8142 71.2142 5.3
      vertex -39.7187 71.3037 5.3
    endloop
  endfacet
  facet normal -0.683814 0.729656 0
    outer loop
      vertex -39.8142 71.2142 5.3
      vertex -39.7187 71.3037 2.01
      vertex -39.8142 71.2142 2.01
    endloop
  endfacet
  facet normal 0.162665 0.986681 -0
    outer loop
      vertex 38.7902 71.7616 2.01
      vertex 38.661 71.7829 5.3
      vertex 38.7902 71.7616 5.3
    endloop
  endfacet
  facet normal 0.162665 0.986681 0
    outer loop
      vertex 38.661 71.7829 5.3
      vertex 38.7902 71.7616 2.01
      vertex 38.661 71.7829 2.01
    endloop
  endfacet
  facet normal -0.28952 0.957172 0
    outer loop
      vertex -38.9176 71.7318 2.01
      vertex -39.0429 71.6939 5.3
      vertex -38.9176 71.7318 5.3
    endloop
  endfacet
  facet normal -0.28952 0.957172 0
    outer loop
      vertex -39.0429 71.6939 5.3
      vertex -38.9176 71.7318 2.01
      vertex -39.0429 71.6939 2.01
    endloop
  endfacet
  facet normal 0.773208 -0.634153 0
    outer loop
      vertex 39.9037 -67.3187 5.3
      vertex 39.9867 -67.2175 2.01
      vertex 39.9867 -67.2175 5.3
    endloop
  endfacet
  facet normal 0.773208 -0.634153 0
    outer loop
      vertex 39.9867 -67.2175 2.01
      vertex 39.9037 -67.3187 5.3
      vertex 39.9037 -67.3187 2.01
    endloop
  endfacet
  facet normal 0.986681 -0.162665 0
    outer loop
      vertex 40.3616 -66.3902 5.3
      vertex 40.3829 -66.261 2.01
      vertex 40.3829 -66.261 5.3
    endloop
  endfacet
  facet normal 0.986681 -0.162665 0
    outer loop
      vertex 40.3829 -66.261 2.01
      vertex 40.3616 -66.3902 5.3
      vertex 40.3616 -66.3902 2.01
    endloop
  endfacet
  facet normal -0.910602 -0.413285 0
    outer loop
      vertex -40.1937 -66.8846 2.01
      vertex -40.2478 -66.7654 5.3
      vertex -40.2478 -66.7654 2.01
    endloop
  endfacet
  facet normal -0.910602 -0.413285 0
    outer loop
      vertex -40.2478 -66.7654 5.3
      vertex -40.1937 -66.8846 2.01
      vertex -40.1937 -66.8846 5.3
    endloop
  endfacet
  facet normal -0.528143 -0.849156 0
    outer loop
      vertex -39.5111 -67.6629 2.8
      vertex -39.4 -67.732 5.3
      vertex -39.5111 -67.6629 5.3
    endloop
  endfacet
  facet normal -0.528143 -0.849156 -0
    outer loop
      vertex -39.4 -67.732 5.3
      vertex -39.5111 -67.6629 2.8
      vertex -39.4 -67.732 2.8
    endloop
  endfacet
  facet normal -0.773208 -0.634153 0
    outer loop
      vertex -39.9037 -67.3187 2.01
      vertex -39.9867 -67.2175 5.3
      vertex -39.9867 -67.2175 2.01
    endloop
  endfacet
  facet normal -0.773208 -0.634153 0
    outer loop
      vertex -39.9867 -67.2175 5.3
      vertex -39.9037 -67.3187 2.01
      vertex -39.9037 -67.3187 5.3
    endloop
  endfacet
  facet normal -0.528693 0.848813 0
    outer loop
      vertex -39.4 71.5321 2.01
      vertex -39.5111 71.4629 5.3
      vertex -39.4 71.5321 5.3
    endloop
  endfacet
  facet normal -0.528693 0.848813 0
    outer loop
      vertex -39.5111 71.4629 5.3
      vertex -39.4 71.5321 2.01
      vertex -39.5111 71.4629 2.01
    endloop
  endfacet
  facet normal 0.58225 0.81301 -0
    outer loop
      vertex 39.6175 71.3867 2.01
      vertex 39.5111 71.4629 5.3
      vertex 39.6175 71.3867 5.3
    endloop
  endfacet
  facet normal 0.58225 0.81301 0
    outer loop
      vertex 39.5111 71.4629 5.3
      vertex 39.6175 71.3867 2.01
      vertex 39.5111 71.4629 2.01
    endloop
  endfacet
  facet normal 0.58225 -0.81301 0
    outer loop
      vertex 39.5111 -67.6629 2.8
      vertex 39.6175 -67.5867 5.3
      vertex 39.5111 -67.6629 5.3
    endloop
  endfacet
  facet normal 0.58225 -0.81301 0
    outer loop
      vertex 39.6175 -67.5867 5.3
      vertex 39.5111 -67.6629 2.8
      vertex 39.6175 -67.5867 2.8
    endloop
  endfacet
  facet normal -0.0978386 0.995202 0
    outer loop
      vertex -38.5308 71.7957 2.01
      vertex -38.661 71.7829 5.3
      vertex -38.5308 71.7957 5.3
    endloop
  endfacet
  facet normal -0.0978386 0.995202 0
    outer loop
      vertex -38.661 71.7829 5.3
      vertex -38.5308 71.7957 2.01
      vertex -38.661 71.7829 2.01
    endloop
  endfacet
  facet normal -0.413285 -0.910602 0
    outer loop
      vertex -39.2846 -67.7937 2.8
      vertex -39.1654 -67.8478 5.3
      vertex -39.2846 -67.7937 5.3
    endloop
  endfacet
  facet normal -0.413285 -0.910602 -0
    outer loop
      vertex -39.1654 -67.8478 5.3
      vertex -39.2846 -67.7937 2.8
      vertex -39.1654 -67.8478 2.8
    endloop
  endfacet
  facet normal 0.528693 0.848813 -0
    outer loop
      vertex 39.5111 71.4629 2.01
      vertex 39.4 71.5321 5.3
      vertex 39.5111 71.4629 5.3
    endloop
  endfacet
  facet normal 0.528693 0.848813 0
    outer loop
      vertex 39.4 71.5321 5.3
      vertex 39.5111 71.4629 2.01
      vertex 39.4 71.5321 2.01
    endloop
  endfacet
  facet normal -0.957172 0.28952 0
    outer loop
      vertex -40.3318 70.3176 2.01
      vertex -40.2939 70.4429 5.3
      vertex -40.2939 70.4429 2.01
    endloop
  endfacet
  facet normal -0.957172 0.28952 0
    outer loop
      vertex -40.2939 70.4429 5.3
      vertex -40.3318 70.3176 2.01
      vertex -40.3318 70.3176 5.3
    endloop
  endfacet
  facet normal 0.849156 -0.528143 0
    outer loop
      vertex 40.0629 -67.1111 5.3
      vertex 40.132 -67 2.01
      vertex 40.132 -67 5.3
    endloop
  endfacet
  facet normal 0.849156 -0.528143 0
    outer loop
      vertex 40.132 -67 2.01
      vertex 40.0629 -67.1111 5.3
      vertex 40.0629 -67.1111 2.01
    endloop
  endfacet
  facet normal -0.81301 -0.58225 0
    outer loop
      vertex -39.9867 -67.2175 2.01
      vertex -40.0629 -67.1111 5.3
      vertex -40.0629 -67.1111 2.01
    endloop
  endfacet
  facet normal -0.81301 -0.58225 0
    outer loop
      vertex -40.0629 -67.1111 5.3
      vertex -39.9867 -67.2175 2.01
      vertex -39.9867 -67.2175 5.3
    endloop
  endfacet
  facet normal 0.81301 0.58225 0
    outer loop
      vertex 40.0629 70.9111 5.3
      vertex 39.9867 71.0175 2.01
      vertex 39.9867 71.0175 5.3
    endloop
  endfacet
  facet normal 0.81301 0.58225 0
    outer loop
      vertex 39.9867 71.0175 2.01
      vertex 40.0629 70.9111 5.3
      vertex 40.0629 70.9111 2.01
    endloop
  endfacet
  facet normal -0.973717 -0.227761 0
    outer loop
      vertex -40.3318 -66.5176 2.01
      vertex -40.3616 -66.3902 5.3
      vertex -40.3616 -66.3902 2.01
    endloop
  endfacet
  facet normal -0.973717 -0.227761 0
    outer loop
      vertex -40.3616 -66.3902 5.3
      vertex -40.3318 -66.5176 2.01
      vertex -40.3318 -66.5176 5.3
    endloop
  endfacet
  facet normal -0.729656 -0.683814 0
    outer loop
      vertex -39.8142 -67.4142 2.01
      vertex -39.9037 -67.3187 5.3
      vertex -39.9037 -67.3187 2.01
    endloop
  endfacet
  facet normal -0.729656 -0.683814 0
    outer loop
      vertex -39.9037 -67.3187 5.3
      vertex -39.8142 -67.4142 2.01
      vertex -39.8142 -67.4142 5.3
    endloop
  endfacet
  facet normal 0.93592 0.352212 0
    outer loop
      vertex 40.2939 70.4429 5.3
      vertex 40.2478 70.5654 2.01
      vertex 40.2478 70.5654 5.3
    endloop
  endfacet
  facet normal 0.93592 0.352212 0
    outer loop
      vertex 40.2478 70.5654 2.01
      vertex 40.2939 70.4429 5.3
      vertex 40.2939 70.4429 2.01
    endloop
  endfacet
  facet normal -0.227761 0.973717 0
    outer loop
      vertex -38.7902 71.7616 2.01
      vertex -38.9176 71.7318 5.3
      vertex -38.7902 71.7616 5.3
    endloop
  endfacet
  facet normal -0.227761 0.973717 0
    outer loop
      vertex -38.9176 71.7318 5.3
      vertex -38.7902 71.7616 2.01
      vertex -38.9176 71.7318 2.01
    endloop
  endfacet
  facet normal -0.162665 0.986681 0
    outer loop
      vertex -38.661 71.7829 2.01
      vertex -38.7902 71.7616 5.3
      vertex -38.661 71.7829 5.3
    endloop
  endfacet
  facet normal -0.162665 0.986681 0
    outer loop
      vertex -38.7902 71.7616 5.3
      vertex -38.661 71.7829 2.01
      vertex -38.7902 71.7616 2.01
    endloop
  endfacet
  facet normal 0.93592 -0.352212 0
    outer loop
      vertex 40.2478 -66.7654 5.3
      vertex 40.2939 -66.6429 2.01
      vertex 40.2939 -66.6429 5.3
    endloop
  endfacet
  facet normal 0.93592 -0.352212 0
    outer loop
      vertex 40.2939 -66.6429 2.01
      vertex 40.2478 -66.7654 5.3
      vertex 40.2478 -66.7654 2.01
    endloop
  endfacet
  facet normal -0.81301 0.58225 0
    outer loop
      vertex -40.0629 70.9111 2.01
      vertex -39.9867 71.0175 5.3
      vertex -39.9867 71.0175 2.01
    endloop
  endfacet
  facet normal -0.81301 0.58225 0
    outer loop
      vertex -39.9867 71.0175 5.3
      vertex -40.0629 70.9111 2.01
      vertex -40.0629 70.9111 5.3
    endloop
  endfacet
  facet normal 0.910602 0.413285 0
    outer loop
      vertex 40.2478 70.5654 5.3
      vertex 40.1937 70.6846 2.01
      vertex 40.1937 70.6846 5.3
    endloop
  endfacet
  facet normal 0.910602 0.413285 0
    outer loop
      vertex 40.1937 70.6846 2.01
      vertex 40.2478 70.5654 5.3
      vertex 40.2478 70.5654 2.01
    endloop
  endfacet
  facet normal -0.58225 0.81301 0
    outer loop
      vertex -39.5111 71.4629 2.01
      vertex -39.6175 71.3867 5.3
      vertex -39.5111 71.4629 5.3
    endloop
  endfacet
  facet normal -0.58225 0.81301 0
    outer loop
      vertex -39.6175 71.3867 5.3
      vertex -39.5111 71.4629 2.01
      vertex -39.6175 71.3867 2.01
    endloop
  endfacet
  facet normal -0.881866 0.4715 0
    outer loop
      vertex -40.1937 70.6846 2.01
      vertex -40.132 70.8 5.3
      vertex -40.132 70.8 2.01
    endloop
  endfacet
  facet normal -0.881866 0.4715 0
    outer loop
      vertex -40.132 70.8 5.3
      vertex -40.1937 70.6846 2.01
      vertex -40.1937 70.6846 5.3
    endloop
  endfacet
  facet normal 0.0328569 0.99946 -0
    outer loop
      vertex 38.5308 71.7957 2.01
      vertex 38.4 71.8 5.3
      vertex 38.5308 71.7957 5.3
    endloop
  endfacet
  facet normal 0.0328569 0.99946 0
    outer loop
      vertex 38.4 71.8 5.3
      vertex 38.5308 71.7957 2.01
      vertex 38.4 71.8 2.01
    endloop
  endfacet
  facet normal -0.0328569 -0.99946 0
    outer loop
      vertex -38.5308 -67.9957 2.8
      vertex -38.4 -68 5.3
      vertex -38.5308 -67.9957 5.3
    endloop
  endfacet
  facet normal -0.0328569 -0.99946 -0
    outer loop
      vertex -38.4 -68 5.3
      vertex -38.5308 -67.9957 2.8
      vertex -38.4 -68 2.8
    endloop
  endfacet
  facet normal -0.910602 0.413285 0
    outer loop
      vertex -40.2478 70.5654 2.01
      vertex -40.1937 70.6846 5.3
      vertex -40.1937 70.6846 2.01
    endloop
  endfacet
  facet normal -0.910602 0.413285 0
    outer loop
      vertex -40.1937 70.6846 5.3
      vertex -40.2478 70.5654 2.01
      vertex -40.2478 70.5654 5.3
    endloop
  endfacet
  facet normal -0.773208 0.634153 0
    outer loop
      vertex -39.9867 71.0175 2.01
      vertex -39.9037 71.1187 5.3
      vertex -39.9037 71.1187 2.01
    endloop
  endfacet
  facet normal -0.773208 0.634153 0
    outer loop
      vertex -39.9037 71.1187 5.3
      vertex -39.9867 71.0175 2.01
      vertex -39.9867 71.0175 5.3
    endloop
  endfacet
  facet normal 0.634153 -0.773208 0
    outer loop
      vertex 39.6175 -67.5867 2.8
      vertex 39.7187 -67.5037 5.3
      vertex 39.6175 -67.5867 5.3
    endloop
  endfacet
  facet normal 0.63436 -0.773038 -1.40178e-05
    outer loop
      vertex 39.7 -67.519 2.8
      vertex 39.7187 -67.5037 5.3
      vertex 39.6175 -67.5867 2.8
    endloop
  endfacet
  facet normal 0.633238 -0.773957 0
    outer loop
      vertex 39.7187 -67.5037 2.01
      vertex 39.7 -67.519 2.8
      vertex 39.7 -67.519 2.01
    endloop
  endfacet
  facet normal 0.633238 -0.773957 0
    outer loop
      vertex 39.7 -67.519 2.8
      vertex 39.7187 -67.5037 2.01
      vertex 39.7187 -67.5037 5.3
    endloop
  endfacet
  facet normal 0.773208 0.634153 0
    outer loop
      vertex 39.9867 71.0175 5.3
      vertex 39.9037 71.1187 2.01
      vertex 39.9037 71.1187 5.3
    endloop
  endfacet
  facet normal 0.773208 0.634153 0
    outer loop
      vertex 39.9037 71.1187 2.01
      vertex 39.9867 71.0175 5.3
      vertex 39.9867 71.0175 2.01
    endloop
  endfacet
  facet normal -0.881866 -0.4715 0
    outer loop
      vertex -40.132 -67 2.01
      vertex -40.1937 -66.8846 5.3
      vertex -40.1937 -66.8846 2.01
    endloop
  endfacet
  facet normal -0.881866 -0.4715 0
    outer loop
      vertex -40.1937 -66.8846 5.3
      vertex -40.132 -67 2.01
      vertex -40.132 -67 5.3
    endloop
  endfacet
  facet normal -0.995202 -0.0978386 0
    outer loop
      vertex -40.3829 -66.261 2.01
      vertex -40.3957 -66.1308 5.3
      vertex -40.3957 -66.1308 2.01
    endloop
  endfacet
  facet normal -0.995202 -0.0978386 0
    outer loop
      vertex -40.3957 -66.1308 5.3
      vertex -40.3829 -66.261 2.01
      vertex -40.3829 -66.261 5.3
    endloop
  endfacet
  facet normal -0.995202 0.0978386 0
    outer loop
      vertex -40.3957 69.9308 2.01
      vertex -40.3829 70.061 5.3
      vertex -40.3829 70.061 2.01
    endloop
  endfacet
  facet normal -0.995202 0.0978386 0
    outer loop
      vertex -40.3829 70.061 5.3
      vertex -40.3957 69.9308 2.01
      vertex -40.3957 69.9308 5.3
    endloop
  endfacet
  facet normal 0.957172 -0.28952 0
    outer loop
      vertex 40.2939 -66.6429 5.3
      vertex 40.3318 -66.5176 2.01
      vertex 40.3318 -66.5176 5.3
    endloop
  endfacet
  facet normal 0.957172 -0.28952 0
    outer loop
      vertex 40.3318 -66.5176 2.01
      vertex 40.2939 -66.6429 5.3
      vertex 40.2939 -66.6429 2.01
    endloop
  endfacet
  facet normal -0.634153 -0.773208 -1.143e-05
    outer loop
      vertex -39.7187 -67.5037 5.3
      vertex -39.7 -67.519 2.8
      vertex -39.6175 -67.5867 5.3
    endloop
  endfacet
  facet normal -0.633238 -0.773957 0
    outer loop
      vertex -39.7187 -67.5037 2.01
      vertex -39.7 -67.519 2.8
      vertex -39.7187 -67.5037 5.3
    endloop
  endfacet
  facet normal -0.633238 -0.773957 -0
    outer loop
      vertex -39.7 -67.519 2.8
      vertex -39.7187 -67.5037 2.01
      vertex -39.7 -67.519 2.01
    endloop
  endfacet
  facet normal -0.63436 -0.773038 -0
    outer loop
      vertex -39.6175 -67.5867 5.3
      vertex -39.7 -67.519 2.8
      vertex -39.6175 -67.5867 2.8
    endloop
  endfacet
  facet normal 0.881866 0.4715 0
    outer loop
      vertex 40.1937 70.6846 5.3
      vertex 40.132 70.8 2.01
      vertex 40.132 70.8 5.3
    endloop
  endfacet
  facet normal 0.881866 0.4715 0
    outer loop
      vertex 40.132 70.8 2.01
      vertex 40.1937 70.6846 5.3
      vertex 40.1937 70.6846 2.01
    endloop
  endfacet
  facet normal 0.683814 -0.729656 0
    outer loop
      vertex 39.7187 -67.5037 2.01
      vertex 39.8142 -67.4142 5.3
      vertex 39.7187 -67.5037 5.3
    endloop
  endfacet
  facet normal 0.683814 -0.729656 0
    outer loop
      vertex 39.8142 -67.4142 5.3
      vertex 39.7187 -67.5037 2.01
      vertex 39.8142 -67.4142 2.01
    endloop
  endfacet
  facet normal 0.986681 0.162665 0
    outer loop
      vertex 40.3829 70.061 5.3
      vertex 40.3616 70.1902 2.01
      vertex 40.3616 70.1902 5.3
    endloop
  endfacet
  facet normal 0.986681 0.162665 0
    outer loop
      vertex 40.3616 70.1902 2.01
      vertex 40.3829 70.061 5.3
      vertex 40.3829 70.061 2.01
    endloop
  endfacet
  facet normal -0.729656 0.683814 0
    outer loop
      vertex -39.9037 71.1187 2.01
      vertex -39.8142 71.2142 5.3
      vertex -39.8142 71.2142 2.01
    endloop
  endfacet
  facet normal -0.729656 0.683814 0
    outer loop
      vertex -39.8142 71.2142 5.3
      vertex -39.9037 71.1187 2.01
      vertex -39.9037 71.1187 5.3
    endloop
  endfacet
  facet normal -0.4715 -0.881866 0
    outer loop
      vertex -39.4 -67.732 2.8
      vertex -39.2846 -67.7937 5.3
      vertex -39.4 -67.732 5.3
    endloop
  endfacet
  facet normal -0.4715 -0.881866 -0
    outer loop
      vertex -39.2846 -67.7937 5.3
      vertex -39.4 -67.732 2.8
      vertex -39.2846 -67.7937 2.8
    endloop
  endfacet
  facet normal -0.352212 -0.93592 0
    outer loop
      vertex -39.1654 -67.8478 2.8
      vertex -39.0429 -67.8939 5.3
      vertex -39.1654 -67.8478 5.3
    endloop
  endfacet
  facet normal -0.352212 -0.93592 -0
    outer loop
      vertex -39.0429 -67.8939 5.3
      vertex -39.1654 -67.8478 2.8
      vertex -39.0429 -67.8939 2.8
    endloop
  endfacet
  facet normal -0.28952 -0.957172 0
    outer loop
      vertex -39.0429 -67.8939 2.8
      vertex -38.9176 -67.9318 5.3
      vertex -39.0429 -67.8939 5.3
    endloop
  endfacet
  facet normal -0.28952 -0.957172 -0
    outer loop
      vertex -38.9176 -67.9318 5.3
      vertex -39.0429 -67.8939 2.8
      vertex -38.9176 -67.9318 2.8
    endloop
  endfacet
  facet normal 0.352212 -0.93592 0
    outer loop
      vertex 39.0429 -67.8939 2.8
      vertex 39.1654 -67.8478 5.3
      vertex 39.0429 -67.8939 5.3
    endloop
  endfacet
  facet normal 0.352212 -0.93592 0
    outer loop
      vertex 39.1654 -67.8478 5.3
      vertex 39.0429 -67.8939 2.8
      vertex 39.1654 -67.8478 2.8
    endloop
  endfacet
  facet normal 0.881866 -0.4715 0
    outer loop
      vertex 40.132 -67 5.3
      vertex 40.1937 -66.8846 2.01
      vertex 40.1937 -66.8846 5.3
    endloop
  endfacet
  facet normal 0.881866 -0.4715 0
    outer loop
      vertex 40.1937 -66.8846 2.01
      vertex 40.132 -67 5.3
      vertex 40.132 -67 2.01
    endloop
  endfacet
  facet normal 0.99946 0.0328569 0
    outer loop
      vertex 40.4 69.8 5.3
      vertex 40.3957 69.9308 2.01
      vertex 40.3957 69.9308 5.3
    endloop
  endfacet
  facet normal 0.99946 0.0328569 0
    outer loop
      vertex 40.3957 69.9308 2.01
      vertex 40.4 69.8 5.3
      vertex 40.4 69.8 2.01
    endloop
  endfacet
  facet normal -0.93592 -0.352212 0
    outer loop
      vertex -40.2478 -66.7654 2.01
      vertex -40.2939 -66.6429 5.3
      vertex -40.2939 -66.6429 2.01
    endloop
  endfacet
  facet normal -0.93592 -0.352212 0
    outer loop
      vertex -40.2939 -66.6429 5.3
      vertex -40.2478 -66.7654 2.01
      vertex -40.2478 -66.7654 5.3
    endloop
  endfacet
  facet normal 0.352212 0.93592 -0
    outer loop
      vertex 39.1654 71.6478 2.01
      vertex 39.0429 71.6939 5.3
      vertex 39.1654 71.6478 5.3
    endloop
  endfacet
  facet normal 0.352212 0.93592 0
    outer loop
      vertex 39.0429 71.6939 5.3
      vertex 39.1654 71.6478 2.01
      vertex 39.0429 71.6939 2.01
    endloop
  endfacet
  facet normal 0.995202 0.0978386 0
    outer loop
      vertex 40.3957 69.9308 5.3
      vertex 40.3829 70.061 2.01
      vertex 40.3829 70.061 5.3
    endloop
  endfacet
  facet normal 0.995202 0.0978386 0
    outer loop
      vertex 40.3829 70.061 2.01
      vertex 40.3957 69.9308 5.3
      vertex 40.3957 69.9308 2.01
    endloop
  endfacet
  facet normal -0.986681 0.162665 0
    outer loop
      vertex -40.3829 70.061 2.01
      vertex -40.3616 70.1902 5.3
      vertex -40.3616 70.1902 2.01
    endloop
  endfacet
  facet normal -0.986681 0.162665 0
    outer loop
      vertex -40.3616 70.1902 5.3
      vertex -40.3829 70.061 2.01
      vertex -40.3829 70.061 5.3
    endloop
  endfacet
  facet normal 0.413285 0.910602 -0
    outer loop
      vertex 39.2846 71.5937 2.01
      vertex 39.1654 71.6478 5.3
      vertex 39.2846 71.5937 5.3
    endloop
  endfacet
  facet normal 0.413285 0.910602 0
    outer loop
      vertex 39.1654 71.6478 5.3
      vertex 39.2846 71.5937 2.01
      vertex 39.1654 71.6478 2.01
    endloop
  endfacet
  facet normal -0.93592 0.352212 0
    outer loop
      vertex -40.2939 70.4429 2.01
      vertex -40.2478 70.5654 5.3
      vertex -40.2478 70.5654 2.01
    endloop
  endfacet
  facet normal -0.93592 0.352212 0
    outer loop
      vertex -40.2478 70.5654 5.3
      vertex -40.2939 70.4429 2.01
      vertex -40.2939 70.4429 5.3
    endloop
  endfacet
  facet normal 0.973717 -0.227761 0
    outer loop
      vertex 40.3318 -66.5176 5.3
      vertex 40.3616 -66.3902 2.01
      vertex 40.3616 -66.3902 5.3
    endloop
  endfacet
  facet normal 0.973717 -0.227761 0
    outer loop
      vertex 40.3616 -66.3902 2.01
      vertex 40.3318 -66.5176 5.3
      vertex 40.3318 -66.5176 2.01
    endloop
  endfacet
  facet normal 0.528143 -0.849156 0
    outer loop
      vertex 39.4 -67.732 2.8
      vertex 39.5111 -67.6629 5.3
      vertex 39.4 -67.732 5.3
    endloop
  endfacet
  facet normal 0.528143 -0.849156 0
    outer loop
      vertex 39.5111 -67.6629 5.3
      vertex 39.4 -67.732 2.8
      vertex 39.5111 -67.6629 2.8
    endloop
  endfacet
  facet normal 0.81301 -0.58225 0
    outer loop
      vertex 39.9867 -67.2175 5.3
      vertex 40.0629 -67.1111 2.01
      vertex 40.0629 -67.1111 5.3
    endloop
  endfacet
  facet normal 0.81301 -0.58225 0
    outer loop
      vertex 40.0629 -67.1111 2.01
      vertex 39.9867 -67.2175 5.3
      vertex 39.9867 -67.2175 2.01
    endloop
  endfacet
  facet normal -0.0978386 -0.995202 0
    outer loop
      vertex -38.661 -67.9829 2.8
      vertex -38.5308 -67.9957 5.3
      vertex -38.661 -67.9829 5.3
    endloop
  endfacet
  facet normal -0.0978386 -0.995202 -0
    outer loop
      vertex -38.5308 -67.9957 5.3
      vertex -38.661 -67.9829 2.8
      vertex -38.5308 -67.9957 2.8
    endloop
  endfacet
  facet normal -0.99946 0.0328569 0
    outer loop
      vertex -40.4 69.8 2.01
      vertex -40.3957 69.9308 5.3
      vertex -40.3957 69.9308 2.01
    endloop
  endfacet
  facet normal -0.99946 0.0328569 0
    outer loop
      vertex -40.3957 69.9308 5.3
      vertex -40.4 69.8 2.01
      vertex -40.4 69.8 5.3
    endloop
  endfacet
  facet normal -0.99946 -0.0328569 0
    outer loop
      vertex -40.3957 -66.1308 2.01
      vertex -40.4 -66 5.3
      vertex -40.4 -66 2.01
    endloop
  endfacet
  facet normal -0.99946 -0.0328569 0
    outer loop
      vertex -40.4 -66 5.3
      vertex -40.3957 -66.1308 2.01
      vertex -40.3957 -66.1308 5.3
    endloop
  endfacet
  facet normal -0.470906 0.882184 0
    outer loop
      vertex -39.2846 71.5937 2.01
      vertex -39.4 71.5321 5.3
      vertex -39.2846 71.5937 5.3
    endloop
  endfacet
  facet normal -0.470906 0.882184 0
    outer loop
      vertex -39.4 71.5321 5.3
      vertex -39.2846 71.5937 2.01
      vertex -39.4 71.5321 2.01
    endloop
  endfacet
  facet normal 0.413285 -0.910602 0
    outer loop
      vertex 39.1654 -67.8478 2.8
      vertex 39.2846 -67.7937 5.3
      vertex 39.1654 -67.8478 5.3
    endloop
  endfacet
  facet normal 0.413285 -0.910602 0
    outer loop
      vertex 39.2846 -67.7937 5.3
      vertex 39.1654 -67.8478 2.8
      vertex 39.2846 -67.7937 2.8
    endloop
  endfacet
  facet normal 0.995202 -0.0978386 0
    outer loop
      vertex 40.3829 -66.261 5.3
      vertex 40.3957 -66.1308 2.01
      vertex 40.3957 -66.1308 5.3
    endloop
  endfacet
  facet normal 0.995202 -0.0978386 0
    outer loop
      vertex 40.3957 -66.1308 2.01
      vertex 40.3829 -66.261 5.3
      vertex 40.3829 -66.261 2.01
    endloop
  endfacet
  facet normal -0.973717 0.227761 0
    outer loop
      vertex -40.3616 70.1902 2.01
      vertex -40.3318 70.3176 5.3
      vertex -40.3318 70.3176 2.01
    endloop
  endfacet
  facet normal -0.973717 0.227761 0
    outer loop
      vertex -40.3318 70.3176 5.3
      vertex -40.3616 70.1902 2.01
      vertex -40.3616 70.1902 5.3
    endloop
  endfacet
  facet normal 0.973717 0.227761 0
    outer loop
      vertex 40.3616 70.1902 5.3
      vertex 40.3318 70.3176 2.01
      vertex 40.3318 70.3176 5.3
    endloop
  endfacet
  facet normal 0.973717 0.227761 0
    outer loop
      vertex 40.3318 70.3176 2.01
      vertex 40.3616 70.1902 5.3
      vertex 40.3616 70.1902 2.01
    endloop
  endfacet
  facet normal 0.634153 0.773208 -0
    outer loop
      vertex 39.7187 71.3037 2.01
      vertex 39.6175 71.3867 5.3
      vertex 39.7187 71.3037 5.3
    endloop
  endfacet
  facet normal 0.634153 0.773208 0
    outer loop
      vertex 39.6175 71.3867 5.3
      vertex 39.7187 71.3037 2.01
      vertex 39.6175 71.3867 2.01
    endloop
  endfacet
  facet normal -0.227761 -0.973717 0
    outer loop
      vertex -38.9176 -67.9318 2.8
      vertex -38.7902 -67.9616 5.3
      vertex -38.9176 -67.9318 5.3
    endloop
  endfacet
  facet normal -0.227761 -0.973717 -0
    outer loop
      vertex -38.7902 -67.9616 5.3
      vertex -38.9176 -67.9318 2.8
      vertex -38.7902 -67.9616 2.8
    endloop
  endfacet
  facet normal 0.227761 0.973717 -0
    outer loop
      vertex 38.9176 71.7318 2.01
      vertex 38.7902 71.7616 5.3
      vertex 38.9176 71.7318 5.3
    endloop
  endfacet
  facet normal 0.227761 0.973717 0
    outer loop
      vertex 38.7902 71.7616 5.3
      vertex 38.9176 71.7318 2.01
      vertex 38.7902 71.7616 2.01
    endloop
  endfacet
  facet normal 0.470906 0.882184 -0
    outer loop
      vertex 39.4 71.5321 2.01
      vertex 39.2846 71.5937 5.3
      vertex 39.4 71.5321 5.3
    endloop
  endfacet
  facet normal 0.470906 0.882184 0
    outer loop
      vertex 39.2846 71.5937 5.3
      vertex 39.4 71.5321 2.01
      vertex 39.2846 71.5937 2.01
    endloop
  endfacet
  facet normal 0.4715 -0.881866 0
    outer loop
      vertex 39.2846 -67.7937 2.8
      vertex 39.4 -67.732 5.3
      vertex 39.2846 -67.7937 5.3
    endloop
  endfacet
  facet normal 0.4715 -0.881866 0
    outer loop
      vertex 39.4 -67.732 5.3
      vertex 39.2846 -67.7937 2.8
      vertex 39.4 -67.732 2.8
    endloop
  endfacet
  facet normal 0.0978386 0.995202 -0
    outer loop
      vertex 38.661 71.7829 2.01
      vertex 38.5308 71.7957 5.3
      vertex 38.661 71.7829 5.3
    endloop
  endfacet
  facet normal 0.0978386 0.995202 0
    outer loop
      vertex 38.5308 71.7957 5.3
      vertex 38.661 71.7829 2.01
      vertex 38.5308 71.7957 2.01
    endloop
  endfacet
  facet normal -0.986681 -0.162665 0
    outer loop
      vertex -40.3616 -66.3902 2.01
      vertex -40.3829 -66.261 5.3
      vertex -40.3829 -66.261 2.01
    endloop
  endfacet
  facet normal -0.986681 -0.162665 0
    outer loop
      vertex -40.3829 -66.261 5.3
      vertex -40.3616 -66.3902 2.01
      vertex -40.3616 -66.3902 5.3
    endloop
  endfacet
  facet normal 0.729656 -0.683814 0
    outer loop
      vertex 39.8142 -67.4142 5.3
      vertex 39.9037 -67.3187 2.01
      vertex 39.9037 -67.3187 5.3
    endloop
  endfacet
  facet normal 0.729656 -0.683814 0
    outer loop
      vertex 39.9037 -67.3187 2.01
      vertex 39.8142 -67.4142 5.3
      vertex 39.8142 -67.4142 2.01
    endloop
  endfacet
  facet normal 0.28952 0.957172 -0
    outer loop
      vertex 39.0429 71.6939 2.01
      vertex 38.9176 71.7318 5.3
      vertex 39.0429 71.6939 5.3
    endloop
  endfacet
  facet normal 0.28952 0.957172 0
    outer loop
      vertex 38.9176 71.7318 5.3
      vertex 39.0429 71.6939 2.01
      vertex 38.9176 71.7318 2.01
    endloop
  endfacet
  facet normal 0.227761 -0.973717 0
    outer loop
      vertex 38.7902 -67.9616 2.8
      vertex 38.9176 -67.9318 5.3
      vertex 38.7902 -67.9616 5.3
    endloop
  endfacet
  facet normal 0.227761 -0.973717 0
    outer loop
      vertex 38.9176 -67.9318 5.3
      vertex 38.7902 -67.9616 2.8
      vertex 38.9176 -67.9318 2.8
    endloop
  endfacet
  facet normal 0.28952 -0.957172 0
    outer loop
      vertex 38.9176 -67.9318 2.8
      vertex 39.0429 -67.8939 5.3
      vertex 38.9176 -67.9318 5.3
    endloop
  endfacet
  facet normal 0.28952 -0.957172 0
    outer loop
      vertex 39.0429 -67.8939 5.3
      vertex 38.9176 -67.9318 2.8
      vertex 39.0429 -67.8939 2.8
    endloop
  endfacet
  facet normal 1 0 0
    outer loop
      vertex 39.7 -67.519 2.8
      vertex 39.7 -67.5867 1.92752
      vertex 39.7 -67.519 2.01
    endloop
  endfacet
  facet normal 1 -0 0
    outer loop
      vertex 39.7 -68.9 2.8
      vertex 39.7 -67.5867 1.92752
      vertex 39.7 -67.519 2.8
    endloop
  endfacet
  facet normal 1 0 0
    outer loop
      vertex 39.7 -67.5867 1.92752
      vertex 39.7 -68.9 2.8
      vertex 39.7 -67.6629 1.82114
    endloop
  endfacet
  facet normal 1 0 0
    outer loop
      vertex 39.7 -67.6629 1.82114
      vertex 39.7 -68.9 2.8
      vertex 39.7 -67.732 1.70999
    endloop
  endfacet
  facet normal 1 0 0
    outer loop
      vertex 39.7 -67.732 1.70999
      vertex 39.7 -68.9 2.8
      vertex 39.7 -67.7937 1.59458
    endloop
  endfacet
  facet normal 1 0 0
    outer loop
      vertex 39.7 -67.7937 1.59458
      vertex 39.7 -68.9 2.8
      vertex 39.7 -67.8478 1.47536
    endloop
  endfacet
  facet normal 1 0 0
    outer loop
      vertex 39.7 -67.8478 1.47536
      vertex 39.7 -68.9 2.8
      vertex 39.7 -67.8939 1.35288
    endloop
  endfacet
  facet normal 1 0 0
    outer loop
      vertex 39.7 -67.8939 1.35288
      vertex 39.7 -68.9 2.8
      vertex 39.7 -67.9318 1.22763
    endloop
  endfacet
  facet normal 1 0 0
    outer loop
      vertex 39.7 -68.9 2.8
      vertex 39.7 -67.9616 1.10018
      vertex 39.7 -67.9318 1.22763
    endloop
  endfacet
  facet normal 1 0 0
    outer loop
      vertex 39.7 -68.9 0
      vertex 39.7 -67.9616 1.10018
      vertex 39.7 -68.9 2.8
    endloop
  endfacet
  facet normal 1 0 0
    outer loop
      vertex 39.7 -67.9616 1.10018
      vertex 39.7 -68.9 0
      vertex 39.7 -67.9829 0.971041
    endloop
  endfacet
  facet normal 1 0 0
    outer loop
      vertex 39.7 -67.9829 0.971041
      vertex 39.7 -68.9 0
      vertex 39.7 -67.9957 0.840807
    endloop
  endfacet
  facet normal 1 0 0
    outer loop
      vertex 39.7 -67.9957 0.840807
      vertex 39.7 -68.9 0
      vertex 39.7 -68 0.709993
    endloop
  endfacet
  facet normal 1 0 0
    outer loop
      vertex 39.7 -68 0.709993
      vertex 39.7 -68.9 0
      vertex 39.7 -68 0
    endloop
  endfacet
  facet normal -0 0 1
    outer loop
      vertex 39.6175 -67.5867 2.8
      vertex 39.7 -68.9 2.8
      vertex 39.7 -67.519 2.8
    endloop
  endfacet
  facet normal -0 0 1
    outer loop
      vertex 39.5111 -67.6629 2.8
      vertex 39.7 -68.9 2.8
      vertex 39.6175 -67.5867 2.8
    endloop
  endfacet
  facet normal -0 0 1
    outer loop
      vertex 39.4 -67.732 2.8
      vertex 39.7 -68.9 2.8
      vertex 39.5111 -67.6629 2.8
    endloop
  endfacet
  facet normal -0 0 1
    outer loop
      vertex 39.2846 -67.7937 2.8
      vertex 39.7 -68.9 2.8
      vertex 39.4 -67.732 2.8
    endloop
  endfacet
  facet normal -0 0 1
    outer loop
      vertex 39.1654 -67.8478 2.8
      vertex 39.7 -68.9 2.8
      vertex 39.2846 -67.7937 2.8
    endloop
  endfacet
  facet normal -0 0 1
    outer loop
      vertex 39.0429 -67.8939 2.8
      vertex 39.7 -68.9 2.8
      vertex 39.1654 -67.8478 2.8
    endloop
  endfacet
  facet normal -0 0 1
    outer loop
      vertex 38.9176 -67.9318 2.8
      vertex 39.7 -68.9 2.8
      vertex 39.0429 -67.8939 2.8
    endloop
  endfacet
  facet normal -0 0 1
    outer loop
      vertex 38.7902 -67.9616 2.8
      vertex 39.7 -68.9 2.8
      vertex 38.9176 -67.9318 2.8
    endloop
  endfacet
  facet normal -0 0 1
    outer loop
      vertex 38.661 -67.9829 2.8
      vertex 39.7 -68.9 2.8
      vertex 38.7902 -67.9616 2.8
    endloop
  endfacet
  facet normal -0 0 1
    outer loop
      vertex 38.5308 -67.9957 2.8
      vertex 39.7 -68.9 2.8
      vertex 38.661 -67.9829 2.8
    endloop
  endfacet
  facet normal -0 0 1
    outer loop
      vertex 38.4 -68 2.8
      vertex 39.7 -68.9 2.8
      vertex 38.5308 -67.9957 2.8
    endloop
  endfacet
  facet normal -0 0 1
    outer loop
      vertex -38.4 -68 2.8
      vertex 39.7 -68.9 2.8
      vertex 38.4 -68 2.8
    endloop
  endfacet
  facet normal 0 0 1
    outer loop
      vertex -38.4 -68 2.8
      vertex -39.7 -68.9 2.8
      vertex 39.7 -68.9 2.8
    endloop
  endfacet
  facet normal 0 0 1
    outer loop
      vertex -38.5308 -67.9957 2.8
      vertex -39.7 -68.9 2.8
      vertex -38.4 -68 2.8
    endloop
  endfacet
  facet normal 0 0 1
    outer loop
      vertex -38.661 -67.9829 2.8
      vertex -39.7 -68.9 2.8
      vertex -38.5308 -67.9957 2.8
    endloop
  endfacet
  facet normal 0 0 1
    outer loop
      vertex -38.7902 -67.9616 2.8
      vertex -39.7 -68.9 2.8
      vertex -38.661 -67.9829 2.8
    endloop
  endfacet
  facet normal 0 0 1
    outer loop
      vertex -38.9176 -67.9318 2.8
      vertex -39.7 -68.9 2.8
      vertex -38.7902 -67.9616 2.8
    endloop
  endfacet
  facet normal 0 0 1
    outer loop
      vertex -39.0429 -67.8939 2.8
      vertex -39.7 -68.9 2.8
      vertex -38.9176 -67.9318 2.8
    endloop
  endfacet
  facet normal 0 0 1
    outer loop
      vertex -39.1654 -67.8478 2.8
      vertex -39.7 -68.9 2.8
      vertex -39.0429 -67.8939 2.8
    endloop
  endfacet
  facet normal 0 0 1
    outer loop
      vertex -39.2846 -67.7937 2.8
      vertex -39.7 -68.9 2.8
      vertex -39.1654 -67.8478 2.8
    endloop
  endfacet
  facet normal 0 0 1
    outer loop
      vertex -39.4 -67.732 2.8
      vertex -39.7 -68.9 2.8
      vertex -39.2846 -67.7937 2.8
    endloop
  endfacet
  facet normal 0 0 1
    outer loop
      vertex -39.5111 -67.6629 2.8
      vertex -39.7 -68.9 2.8
      vertex -39.4 -67.732 2.8
    endloop
  endfacet
  facet normal 0 0 1
    outer loop
      vertex -39.6175 -67.5867 2.8
      vertex -39.7 -68.9 2.8
      vertex -39.5111 -67.6629 2.8
    endloop
  endfacet
  facet normal 0 0 1
    outer loop
      vertex -39.7 -68.9 2.8
      vertex -39.6175 -67.5867 2.8
      vertex -39.7 -67.519 2.8
    endloop
  endfacet
  facet normal -1 0 0
    outer loop
      vertex -39.7 -68 0
      vertex -39.7 -68.9 0
      vertex -39.7 -68 0.709993
    endloop
  endfacet
  facet normal -1 0 0
    outer loop
      vertex -39.7 -67.5867 1.92752
      vertex -39.7 -67.519 2.8
      vertex -39.7 -67.519 2.01
    endloop
  endfacet
  facet normal -1 0 0
    outer loop
      vertex -39.7 -68.9 2.8
      vertex -39.7 -67.5867 1.92752
      vertex -39.7 -67.6629 1.82114
    endloop
  endfacet
  facet normal -1 0 0
    outer loop
      vertex -39.7 -68.9 2.8
      vertex -39.7 -67.6629 1.82114
      vertex -39.7 -67.732 1.70999
    endloop
  endfacet
  facet normal -1 0 0
    outer loop
      vertex -39.7 -68.9 2.8
      vertex -39.7 -67.732 1.70999
      vertex -39.7 -67.7937 1.59458
    endloop
  endfacet
  facet normal -1 0 0
    outer loop
      vertex -39.7 -68.9 2.8
      vertex -39.7 -67.7937 1.59458
      vertex -39.7 -67.8478 1.47536
    endloop
  endfacet
  facet normal -1 0 0
    outer loop
      vertex -39.7 -68.9 2.8
      vertex -39.7 -67.8478 1.47536
      vertex -39.7 -67.8939 1.35288
    endloop
  endfacet
  facet normal -1 0 0
    outer loop
      vertex -39.7 -68.9 2.8
      vertex -39.7 -67.8939 1.35288
      vertex -39.7 -67.9318 1.22763
    endloop
  endfacet
  facet normal -1 0 0
    outer loop
      vertex -39.7 -68.9 0
      vertex -39.7 -67.9957 0.840807
      vertex -39.7 -68 0.709993
    endloop
  endfacet
  facet normal -1 0 0
    outer loop
      vertex -39.7 -68.9 0
      vertex -39.7 -67.9829 0.971041
      vertex -39.7 -67.9957 0.840807
    endloop
  endfacet
  facet normal -1 0 0
    outer loop
      vertex -39.7 -68.9 0
      vertex -39.7 -67.9616 1.10018
      vertex -39.7 -67.9829 0.971041
    endloop
  endfacet
  facet normal -1 0 0
    outer loop
      vertex -39.7 -68.9 2.8
      vertex -39.7 -67.9616 1.10018
      vertex -39.7 -68.9 0
    endloop
  endfacet
  facet normal -1 0 0
    outer loop
      vertex -39.7 -67.9616 1.10018
      vertex -39.7 -68.9 2.8
      vertex -39.7 -67.9318 1.22763
    endloop
  endfacet
  facet normal -1 0 0
    outer loop
      vertex -39.7 -67.5867 1.92752
      vertex -39.7 -68.9 2.8
      vertex -39.7 -67.519 2.8
    endloop
  endfacet
  facet normal 0 -1 0
    outer loop
      vertex -39.7 -68.9 0
      vertex 39.7 -68.9 2.8
      vertex -39.7 -68.9 2.8
    endloop
  endfacet
  facet normal 0 -1 -0
    outer loop
      vertex 39.7 -68.9 2.8
      vertex -39.7 -68.9 0
      vertex 39.7 -68.9 0
    endloop
  endfacet
  facet normal -0.15158 -0.124287 -0.9806
    outer loop
      vertex -41.4921 2.20789 0.33541
      vertex -41.438 2.14191 0.33541
      vertex -41.696 2.00396 0.392776
    endloop
  endfacet
  facet normal -0.334135 -0.625102 -0.705409
    outer loop
      vertex -41.4358 2.77915 0.059515
      vertex -41.2956 2.77137 0
      vertex -41.2713 2.69122 0.059515
    endloop
  endfacet
  facet normal -0.334069 -0.625348 -0.705222
    outer loop
      vertex -41.2956 2.77137 0
      vertex -41.4358 2.77915 0.059515
      vertex -41.4131 2.83414 0
    endloop
  endfacet
  facet normal -0.554726 -0.0546885 -0.830234
    outer loop
      vertex -40.8667 2.08565 0.059515
      vertex -41.0929 1.9 0.222881
      vertex -41.1065 2.03795 0.222881
    endloop
  endfacet
  facet normal -0.625658 -0.334061 -0.704951
    outer loop
      vertex -40.9208 2.26416 0.059515
      vertex -40.9286 2.40436 0
      vertex -40.8659 2.28693 0
    endloop
  endfacet
  facet normal -0.624888 -0.334266 -0.705536
    outer loop
      vertex -40.9286 2.40436 0
      vertex -40.9208 2.26416 0.059515
      vertex -41.0088 2.42867 0.059515
    endloop
  endfacet
  facet normal -0.151755 0.123965 -0.980614
    outer loop
      vertex -41.6778 1.81832 0.392776
      vertex -41.438 1.65809 0.33541
      vertex -41.696 1.79604 0.392776
    endloop
  endfacet
  facet normal 0.151401 0.124375 -0.980616
    outer loop
      vertex -42.0471 1.73491 0.362913
      vertex -41.9222 1.81832 0.392776
      vertex -42.0597 1.65085 0.350306
    endloop
  endfacet
  facet normal -0.161761 -0.533429 -0.830233
    outer loop
      vertex -41.4358 2.77915 0.059515
      vertex -41.5294 2.55327 0.222881
      vertex -41.6144 2.83331 0.059515
    endloop
  endfacet
  facet normal -0.491489 -0.262932 -0.830244
    outer loop
      vertex -41.0088 2.42867 0.059515
      vertex -41.1467 2.17059 0.222881
      vertex -41.2121 2.29284 0.222881
    endloop
  endfacet
  facet normal -0.03766 -0.382423 -0.923219
    outer loop
      vertex -41.6621 2.59351 0.222881
      vertex -41.715 2.32706 0.33541
      vertex -41.8 2.60709 0.222881
    endloop
  endfacet
  facet normal -0.172809 -0.0924546 -0.980607
    outer loop
      vertex -41.438 2.14191 0.33541
      vertex -41.6642 1.95626 0.392776
      vertex -41.6778 1.98168 0.392776
    endloop
  endfacet
  facet normal -0.430956 -0.353526 -0.830239
    outer loop
      vertex -41.1271 2.57288 0.059515
      vertex -41.0088 2.42867 0.059515
      vertex -41.2121 2.29284 0.222881
    endloop
  endfacet
  facet normal -0.297091 -0.243717 -0.923222
    outer loop
      vertex -41.3 2.39999 0.222881
      vertex -41.2121 2.29284 0.222881
      vertex -41.4921 2.20789 0.33541
    endloop
  endfacet
  facet normal -0.297124 -0.243626 -0.923235
    outer loop
      vertex -41.2121 2.29284 0.222881
      vertex -41.438 2.14191 0.33541
      vertex -41.4921 2.20789 0.33541
    endloop
  endfacet
  facet normal 0.195084 0.0189386 -0.980604
    outer loop
      vertex -42.0351 1.88027 0.374865
      vertex -41.9442 1.87132 0.392776
      vertex -42.0358 1.8531 0.374201
    endloop
  endfacet
  facet normal -0.449453 0.548048 -0.705433
    outer loop
      vertex -41.188 1.10057 0
      vertex -41.1271 1.22712 0.059515
      vertex -41.085 1.18504 0
    endloop
  endfacet
  facet normal -0.449803 0.548095 -0.705174
    outer loop
      vertex -41.1271 1.22712 0.059515
      vertex -41.188 1.10057 0
      vertex -41.2713 1.10878 0.059515
    endloop
  endfacet
  facet normal -0.161759 0.533434 -0.83023
    outer loop
      vertex -41.5294 1.24673 0.222881
      vertex -41.6144 0.966694 0.059515
      vertex -41.6621 1.20649 0.222881
    endloop
  endfacet
  facet normal 0.0376861 0.382407 -0.923225
    outer loop
      vertex -41.8849 1.47294 0.33541
      vertex -41.8 1.1929 0.222881
      vertex -41.9379 1.20649 0.222881
    endloop
  endfacet
  facet normal -0.353608 -0.430879 -0.830244
    outer loop
      vertex -41.2713 2.69122 0.059515
      vertex -41.1271 2.57288 0.059515
      vertex -41.3 2.39999 0.222881
    endloop
  endfacet
  facet normal -0.172777 -0.0924935 -0.980609
    outer loop
      vertex -41.438 2.14191 0.33541
      vertex -41.3977 2.06663 0.33541
      vertex -41.6642 1.95626 0.392776
    endloop
  endfacet
  facet normal 0.262768 0.49153 -0.830272
    outer loop
      vertex -42.0706 1.24673 0.222881
      vertex -42.2211 1.26977 0.18889
      vertex -42.1871 1.30901 0.222881
    endloop
  endfacet
  facet normal 0.262769 0.491576 -0.830244
    outer loop
      vertex -42.2211 1.26977 0.18889
      vertex -42.0706 1.24673 0.222881
      vertex -42.3287 1.10878 0.059515
    endloop
  endfacet
  facet normal 0 0 -1
    outer loop
      vertex -41.6558 1.87132 0.392776
      vertex -41.6558 1.92868 0.392776
      vertex -41.653 1.9 0.392776
    endloop
  endfacet
  facet normal 0 0 -1
    outer loop
      vertex -41.6642 1.84374 0.392776
      vertex -41.6558 1.92868 0.392776
      vertex -41.6558 1.87132 0.392776
    endloop
  endfacet
  facet normal 0 0 -1
    outer loop
      vertex -41.6642 1.84374 0.392776
      vertex -41.6642 1.95626 0.392776
      vertex -41.6558 1.92868 0.392776
    endloop
  endfacet
  facet normal 0 0 -1
    outer loop
      vertex -41.6778 1.81832 0.392776
      vertex -41.6642 1.95626 0.392776
      vertex -41.6642 1.84374 0.392776
    endloop
  endfacet
  facet normal 0 0 -1
    outer loop
      vertex -41.6778 1.81832 0.392776
      vertex -41.6778 1.98168 0.392776
      vertex -41.6642 1.95626 0.392776
    endloop
  endfacet
  facet normal 0 0 -1
    outer loop
      vertex -41.696 1.79604 0.392776
      vertex -41.6778 1.98168 0.392776
      vertex -41.6778 1.81832 0.392776
    endloop
  endfacet
  facet normal 0 0 -1
    outer loop
      vertex -41.696 1.79604 0.392776
      vertex -41.696 2.00396 0.392776
      vertex -41.6778 1.98168 0.392776
    endloop
  endfacet
  facet normal 0 0 -1
    outer loop
      vertex -41.7183 1.77775 0.392776
      vertex -41.696 2.00396 0.392776
      vertex -41.696 1.79604 0.392776
    endloop
  endfacet
  facet normal 0 0 -1
    outer loop
      vertex -41.7183 1.77775 0.392776
      vertex -41.7183 2.02225 0.392776
      vertex -41.696 2.00396 0.392776
    endloop
  endfacet
  facet normal 0 0 -1
    outer loop
      vertex -41.7437 1.76417 0.392776
      vertex -41.7183 2.02225 0.392776
      vertex -41.7183 1.77775 0.392776
    endloop
  endfacet
  facet normal 0 0 -1
    outer loop
      vertex -41.7437 1.76417 0.392776
      vertex -41.7437 2.03583 0.392776
      vertex -41.7183 2.02225 0.392776
    endloop
  endfacet
  facet normal 0 0 -1
    outer loop
      vertex -41.7713 1.7558 0.392776
      vertex -41.7437 2.03583 0.392776
      vertex -41.7437 1.76417 0.392776
    endloop
  endfacet
  facet normal 0 0 -1
    outer loop
      vertex -41.7713 1.7558 0.392776
      vertex -41.7713 2.0442 0.392776
      vertex -41.7437 2.03583 0.392776
    endloop
  endfacet
  facet normal 0 0 -1
    outer loop
      vertex -41.8 1.75297 0.392776
      vertex -41.7713 2.0442 0.392776
      vertex -41.7713 1.7558 0.392776
    endloop
  endfacet
  facet normal 0 0 -1
    outer loop
      vertex -41.8 1.75297 0.392776
      vertex -41.8 2.04703 0.392776
      vertex -41.7713 2.0442 0.392776
    endloop
  endfacet
  facet normal 0 0 -1
    outer loop
      vertex -41.8287 1.7558 0.392776
      vertex -41.8 2.04703 0.392776
      vertex -41.8 1.75297 0.392776
    endloop
  endfacet
  facet normal 0 0 -1
    outer loop
      vertex -41.8287 1.7558 0.392776
      vertex -41.8287 2.0442 0.392776
      vertex -41.8 2.04703 0.392776
    endloop
  endfacet
  facet normal 0 0 -1
    outer loop
      vertex -41.8563 1.76417 0.392776
      vertex -41.8287 2.0442 0.392776
      vertex -41.8287 1.7558 0.392776
    endloop
  endfacet
  facet normal 0 0 -1
    outer loop
      vertex -41.8563 1.76417 0.392776
      vertex -41.8563 2.03583 0.392776
      vertex -41.8287 2.0442 0.392776
    endloop
  endfacet
  facet normal 0 0 -1
    outer loop
      vertex -41.8817 1.77775 0.392776
      vertex -41.8563 2.03583 0.392776
      vertex -41.8563 1.76417 0.392776
    endloop
  endfacet
  facet normal 0 0 -1
    outer loop
      vertex -41.8817 1.77775 0.392776
      vertex -41.8817 2.02225 0.392776
      vertex -41.8563 2.03583 0.392776
    endloop
  endfacet
  facet normal 0 0 -1
    outer loop
      vertex -41.904 1.79604 0.392776
      vertex -41.8817 2.02225 0.392776
      vertex -41.8817 1.77775 0.392776
    endloop
  endfacet
  facet normal 0 0 -1
    outer loop
      vertex -41.904 1.79604 0.392776
      vertex -41.904 2.00396 0.392776
      vertex -41.8817 2.02225 0.392776
    endloop
  endfacet
  facet normal 0 0 -1
    outer loop
      vertex -41.9222 1.81832 0.392776
      vertex -41.904 2.00396 0.392776
      vertex -41.904 1.79604 0.392776
    endloop
  endfacet
  facet normal 0 0 -1
    outer loop
      vertex -41.9222 1.81832 0.392776
      vertex -41.9222 1.98168 0.392776
      vertex -41.904 2.00396 0.392776
    endloop
  endfacet
  facet normal 0 0 -1
    outer loop
      vertex -41.9358 1.84374 0.392776
      vertex -41.9222 1.98168 0.392776
      vertex -41.9222 1.81832 0.392776
    endloop
  endfacet
  facet normal 0 0 -1
    outer loop
      vertex -41.9358 1.84374 0.392776
      vertex -41.9358 1.95626 0.392776
      vertex -41.9222 1.98168 0.392776
    endloop
  endfacet
  facet normal 0 0 -1
    outer loop
      vertex -41.9442 1.87132 0.392776
      vertex -41.9358 1.95626 0.392776
      vertex -41.9358 1.84374 0.392776
    endloop
  endfacet
  facet normal 0 0 -1
    outer loop
      vertex -41.9442 1.87132 0.392776
      vertex -41.9442 1.92868 0.392776
      vertex -41.9358 1.95626 0.392776
    endloop
  endfacet
  facet normal 0 -0 -1
    outer loop
      vertex -41.9442 1.92868 0.392776
      vertex -41.9442 1.87132 0.392776
      vertex -41.947 1.9 0.392776
    endloop
  endfacet
  facet normal -0.243716 -0.297093 -0.923222
    outer loop
      vertex -41.4072 2.48793 0.222881
      vertex -41.3 2.39999 0.222881
      vertex -41.4921 2.20789 0.33541
    endloop
  endfacet
  facet normal 0.334069 0.625348 -0.705222
    outer loop
      vertex -42.3044 1.02863 0
      vertex -42.1642 1.02085 0.059515
      vertex -42.1869 0.96586 0
    endloop
  endfacet
  facet normal 0.334135 0.625102 -0.705409
    outer loop
      vertex -42.1642 1.02085 0.059515
      vertex -42.3044 1.02863 0
      vertex -42.3287 1.10878 0.059515
    endloop
  endfacet
  facet normal -0.3388 -0.181248 -0.923235
    outer loop
      vertex -41.2121 2.29284 0.222881
      vertex -41.1467 2.17059 0.222881
      vertex -41.438 2.14191 0.33541
    endloop
  endfacet
  facet normal 0.124285 0.151561 -0.980603
    outer loop
      vertex -42.0419 1.53796 0.33541
      vertex -42.0633 1.62873 0.346727
      vertex -41.8817 1.77775 0.392776
    endloop
  endfacet
  facet normal 0.124256 0.151555 -0.980608
    outer loop
      vertex -42.0633 1.62873 0.346727
      vertex -42.0419 1.53796 0.33541
      vertex -42.0746 1.56477 0.33541
    endloop
  endfacet
  facet normal -0.491482 0.262928 -0.830249
    outer loop
      vertex -41.1467 1.62941 0.222881
      vertex -41.0088 1.37132 0.059515
      vertex -41.2121 1.50716 0.222881
    endloop
  endfacet
  facet normal -0.367669 -0.111633 -0.923232
    outer loop
      vertex -41.1467 2.17059 0.222881
      vertex -41.3729 1.98495 0.33541
      vertex -41.3977 2.06663 0.33541
    endloop
  endfacet
  facet normal -0.0376872 0.382418 -0.92322
    outer loop
      vertex -41.715 1.47294 0.33541
      vertex -41.6621 1.20649 0.222881
      vertex -41.8 1.1929 0.222881
    endloop
  endfacet
  facet normal -0.205902 0.678092 -0.705547
    outer loop
      vertex -41.5405 0.927209 0
      vertex -41.6027 0.908322 0
      vertex -41.6144 0.966694 0.059515
    endloop
  endfacet
  facet normal -0.334581 -0.625088 -0.705209
    outer loop
      vertex -41.2383 2.7407 0
      vertex -41.2713 2.69122 0.059515
      vertex -41.2956 2.77137 0
    endloop
  endfacet
  facet normal 0.334069 -0.625348 -0.705222
    outer loop
      vertex -42.1642 2.77915 0.059515
      vertex -42.3044 2.77137 0
      vertex -42.1869 2.83414 0
    endloop
  endfacet
  facet normal 0.334135 -0.625102 -0.705409
    outer loop
      vertex -42.3044 2.77137 0
      vertex -42.1642 2.77915 0.059515
      vertex -42.3287 2.69122 0.059515
    endloop
  endfacet
  facet normal -0.533448 -0.161675 -0.830238
    outer loop
      vertex -40.8667 2.08565 0.059515
      vertex -41.1065 2.03795 0.222881
      vertex -41.1467 2.17059 0.222881
    endloop
  endfacet
  facet normal -0.111519 0.367756 -0.923211
    outer loop
      vertex -41.5294 1.24673 0.222881
      vertex -41.6621 1.20649 0.222881
      vertex -41.715 1.47294 0.33541
    endloop
  endfacet
  facet normal -0.205804 -0.67838 -0.705298
    outer loop
      vertex -41.4358 2.77915 0.059515
      vertex -41.5405 2.87279 0
      vertex -41.4131 2.83414 0
    endloop
  endfacet
  facet normal -0.205698 -0.678319 -0.705388
    outer loop
      vertex -41.5405 2.87279 0
      vertex -41.4358 2.77915 0.059515
      vertex -41.6144 2.83331 0.059515
    endloop
  endfacet
  facet normal -0.187441 -0.0570887 -0.980615
    outer loop
      vertex -41.3977 2.06663 0.33541
      vertex -41.6558 1.92868 0.392776
      vertex -41.6642 1.95626 0.392776
    endloop
  endfacet
  facet normal 0.172769 0.0923797 -0.980621
    outer loop
      vertex -42.0417 1.78209 0.368309
      vertex -41.9222 1.81832 0.392776
      vertex -42.0471 1.73491 0.362913
    endloop
  endfacet
  facet normal 0.151825 -0.124022 -0.980596
    outer loop
      vertex -42.0597 2.14915 0.350306
      vertex -41.904 2.00396 0.392776
      vertex -41.9222 1.98168 0.392776
    endloop
  endfacet
  facet normal 0.150889 -0.12503 -0.980612
    outer loop
      vertex -41.904 2.00396 0.392776
      vertex -42.0597 2.14915 0.350306
      vertex -42.0615 2.16155 0.348448
    endloop
  endfacet
  facet normal 0.243628 0.297152 -0.923226
    outer loop
      vertex -42.0746 1.56477 0.33541
      vertex -42.0419 1.53796 0.33541
      vertex -42.1703 1.34577 0.239668
    endloop
  endfacet
  facet normal -0.181098 -0.338884 -0.923234
    outer loop
      vertex -41.5294 2.55327 0.222881
      vertex -41.5581 2.26204 0.33541
      vertex -41.6334 2.30228 0.33541
    endloop
  endfacet
  facet normal 0.111528 0.367709 -0.923229
    outer loop
      vertex -41.9666 1.49772 0.33541
      vertex -41.8849 1.47294 0.33541
      vertex -42.0706 1.24673 0.222881
    endloop
  endfacet
  facet normal 0.111508 0.367723 -0.923226
    outer loop
      vertex -41.8849 1.47294 0.33541
      vertex -41.9379 1.20649 0.222881
      vertex -42.0706 1.24673 0.222881
    endloop
  endfacet
  facet normal -0.705474 0.0697303 -0.705297
    outer loop
      vertex -40.7889 1.9 0
      vertex -40.7953 1.83525 0
      vertex -40.8484 1.9 0.059515
    endloop
  endfacet
  facet normal -0.55473 0.0546812 -0.830231
    outer loop
      vertex -40.8484 1.9 0.059515
      vertex -40.8667 1.71435 0.059515
      vertex -41.0929 1.9 0.222881
    endloop
  endfacet
  facet normal -0.069414 0.705351 -0.705451
    outer loop
      vertex -41.6144 0.966694 0.059515
      vertex -41.6027 0.908322 0
      vertex -41.6675 0.901945 0
    endloop
  endfacet
  facet normal -0.0923831 0.172874 -0.980602
    outer loop
      vertex -41.5581 1.53796 0.33541
      vertex -41.6334 1.49772 0.33541
      vertex -41.7183 1.77775 0.392776
    endloop
  endfacet
  facet normal -0.678713 -0.206034 -0.70491
    outer loop
      vertex -40.8659 2.28693 0
      vertex -40.847 2.22467 0
      vertex -40.9208 2.26416 0.059515
    endloop
  endfacet
  facet normal 0.205936 -0.678095 -0.705534
    outer loop
      vertex -41.9973 2.89168 0
      vertex -41.9856 2.83331 0.059515
      vertex -42.0595 2.87279 0
    endloop
  endfacet
  facet normal 0.069478 -0.705428 -0.705368
    outer loop
      vertex -41.8 2.85159 0.059515
      vertex -41.9325 2.89805 0
      vertex -41.8 2.9111 0
    endloop
  endfacet
  facet normal 0.0694785 -0.705427 -0.705369
    outer loop
      vertex -41.9325 2.89805 0
      vertex -41.8 2.85159 0.059515
      vertex -41.9856 2.83331 0.059515
    endloop
  endfacet
  facet normal -0.262765 -0.491582 -0.830242
    outer loop
      vertex -41.4358 2.77915 0.059515
      vertex -41.2713 2.69122 0.059515
      vertex -41.5294 2.55327 0.222881
    endloop
  endfacet
  facet normal -0.430951 -0.353529 -0.83024
    outer loop
      vertex -41.1271 2.57288 0.059515
      vertex -41.2121 2.29284 0.222881
      vertex -41.3 2.39999 0.222881
    endloop
  endfacet
  facet normal -0.678073 -0.20596 -0.705548
    outer loop
      vertex -40.8667 2.08565 0.059515
      vertex -40.847 2.22467 0
      vertex -40.8083 2.09726 0
    endloop
  endfacet
  facet normal -0.678653 -0.205675 -0.705073
    outer loop
      vertex -40.847 2.22467 0
      vertex -40.8667 2.08565 0.059515
      vertex -40.9208 2.26416 0.059515
    endloop
  endfacet
  facet normal -0.187521 -0.056936 -0.980609
    outer loop
      vertex -41.3977 2.06663 0.33541
      vertex -41.3729 1.98495 0.33541
      vertex -41.6558 1.92868 0.392776
    endloop
  endfacet
  facet normal -0.382379 -0.0373602 -0.92325
    outer loop
      vertex -41.0929 1.9 0.222881
      vertex -41.3646 1.9 0.33541
      vertex -41.3729 1.98495 0.33541
    endloop
  endfacet
  facet normal 0.0924201 -0.172862 -0.9806
    outer loop
      vertex -41.8563 2.03583 0.392776
      vertex -41.8817 2.02225 0.392776
      vertex -41.9666 2.30228 0.33541
    endloop
  endfacet
  facet normal -0.151755 -0.123965 -0.980614
    outer loop
      vertex -41.438 2.14191 0.33541
      vertex -41.6778 1.98168 0.392776
      vertex -41.696 2.00396 0.392776
    endloop
  endfacet
  facet normal -0.338783 -0.181362 -0.923219
    outer loop
      vertex -41.1467 2.17059 0.222881
      vertex -41.3977 2.06663 0.33541
      vertex -41.438 2.14191 0.33541
    endloop
  endfacet
  facet normal -0.36779 -0.111468 -0.923204
    outer loop
      vertex -41.1467 2.17059 0.222881
      vertex -41.1065 2.03795 0.222881
      vertex -41.3729 1.98495 0.33541
    endloop
  endfacet
  facet normal 0.0923831 0.172874 -0.980602
    outer loop
      vertex -41.8817 1.77775 0.392776
      vertex -41.9666 1.49772 0.33541
      vertex -42.0419 1.53796 0.33541
    endloop
  endfacet
  facet normal 0.19509 -0.0190616 -0.9806
    outer loop
      vertex -42.0351 1.91973 0.374865
      vertex -41.947 1.9 0.392776
      vertex -42.0346 1.9 0.375348
    endloop
  endfacet
  facet normal 0.195093 -0.0190468 -0.9806
    outer loop
      vertex -41.947 1.9 0.392776
      vertex -42.0351 1.91973 0.374865
      vertex -41.9442 1.92868 0.392776
    endloop
  endfacet
  facet normal -0.181098 0.338884 -0.923234
    outer loop
      vertex -41.5581 1.53796 0.33541
      vertex -41.5294 1.24673 0.222881
      vertex -41.6334 1.49772 0.33541
    endloop
  endfacet
  facet normal -0.382464 -0.0377058 -0.923201
    outer loop
      vertex -41.1065 2.03795 0.222881
      vertex -41.0929 1.9 0.222881
      vertex -41.3729 1.98495 0.33541
    endloop
  endfacet
  facet normal -0.547738 0.449822 -0.705438
    outer loop
      vertex -40.9593 1.33826 0
      vertex -41.0006 1.28797 0
      vertex -41.0088 1.37132 0.059515
    endloop
  endfacet
  facet normal -0.172777 0.0924935 -0.980609
    outer loop
      vertex -41.3977 1.73337 0.33541
      vertex -41.438 1.65809 0.33541
      vertex -41.6642 1.84374 0.392776
    endloop
  endfacet
  facet normal -0.262813 0.491518 -0.830265
    outer loop
      vertex -41.4072 1.31207 0.222881
      vertex -41.2713 1.10878 0.059515
      vertex -41.5294 1.24673 0.222881
    endloop
  endfacet
  facet normal -0.054669 0.554736 -0.830229
    outer loop
      vertex -41.6621 1.20649 0.222881
      vertex -41.6144 0.966694 0.059515
      vertex -41.8 1.1929 0.222881
    endloop
  endfacet
  facet normal 0.069414 0.705351 -0.705451
    outer loop
      vertex -41.9856 0.966694 0.059515
      vertex -41.9325 0.901945 0
      vertex -41.9973 0.908322 0
    endloop
  endfacet
  facet normal 0.161757 -0.533429 -0.830234
    outer loop
      vertex -41.9856 2.83331 0.059515
      vertex -41.9379 2.59351 0.222881
      vertex -42.0706 2.55327 0.222881
    endloop
  endfacet
  facet normal -0.205936 -0.678095 -0.705534
    outer loop
      vertex -41.6027 2.89168 0
      vertex -41.5405 2.87279 0
      vertex -41.6144 2.83331 0.059515
    endloop
  endfacet
  facet normal 0.06934 -0.705374 -0.705435
    outer loop
      vertex -41.9325 2.89805 0
      vertex -41.9856 2.83331 0.059515
      vertex -41.9973 2.89168 0
    endloop
  endfacet
  facet normal -0.06934 -0.705374 -0.705435
    outer loop
      vertex -41.6027 2.89168 0
      vertex -41.6144 2.83331 0.059515
      vertex -41.6675 2.89805 0
    endloop
  endfacet
  facet normal -0.0694785 -0.705427 -0.705369
    outer loop
      vertex -41.8 2.85159 0.059515
      vertex -41.6675 2.89805 0
      vertex -41.6144 2.83331 0.059515
    endloop
  endfacet
  facet normal -0.069478 -0.705428 -0.705368
    outer loop
      vertex -41.6675 2.89805 0
      vertex -41.8 2.85159 0.059515
      vertex -41.8 2.9111 0
    endloop
  endfacet
  facet normal -0.449766 -0.548176 -0.705134
    outer loop
      vertex -41.2383 2.7407 0
      vertex -41.188 2.69943 0
      vertex -41.2713 2.69122 0.059515
    endloop
  endfacet
  facet normal -0.547709 -0.449798 -0.705476
    outer loop
      vertex -41.0006 2.51203 0
      vertex -40.9593 2.46174 0
      vertex -41.0088 2.42867 0.059515
    endloop
  endfacet
  facet normal 0.187546 -0.0568403 -0.98061
    outer loop
      vertex -41.9442 1.92868 0.392776
      vertex -42.0358 1.9469 0.374201
      vertex -42.0381 1.97887 0.371908
    endloop
  endfacet
  facet normal 0.195084 -0.0189386 -0.980604
    outer loop
      vertex -41.9442 1.92868 0.392776
      vertex -42.0351 1.91973 0.374865
      vertex -42.0358 1.9469 0.374201
    endloop
  endfacet
  facet normal -0.533447 -0.161669 -0.83024
    outer loop
      vertex -40.9208 2.26416 0.059515
      vertex -40.8667 2.08565 0.059515
      vertex -41.1467 2.17059 0.222881
    endloop
  endfacet
  facet normal -0.491507 -0.262918 -0.830238
    outer loop
      vertex -41.0088 2.42867 0.059515
      vertex -40.9208 2.26416 0.059515
      vertex -41.1467 2.17059 0.222881
    endloop
  endfacet
  facet normal 0.111528 -0.367709 -0.923229
    outer loop
      vertex -41.8849 2.32706 0.33541
      vertex -41.9666 2.30228 0.33541
      vertex -42.0706 2.55327 0.222881
    endloop
  endfacet
  facet normal -0.0924201 0.172862 -0.9806
    outer loop
      vertex -41.7183 1.77775 0.392776
      vertex -41.6334 1.49772 0.33541
      vertex -41.7437 1.76417 0.392776
    endloop
  endfacet
  facet normal 0.151825 0.124022 -0.980596
    outer loop
      vertex -41.904 1.79604 0.392776
      vertex -42.0597 1.65085 0.350306
      vertex -41.9222 1.81832 0.392776
    endloop
  endfacet
  facet normal 0.150889 0.12503 -0.980612
    outer loop
      vertex -42.0597 1.65085 0.350306
      vertex -41.904 1.79604 0.392776
      vertex -42.0615 1.63845 0.348448
    endloop
  endfacet
  facet normal 0.0192296 0.195053 -0.980604
    outer loop
      vertex -41.8 1.75297 0.392776
      vertex -41.8 1.46457 0.33541
      vertex -41.8849 1.47294 0.33541
    endloop
  endfacet
  facet normal 0.0377005 0.38241 -0.923223
    outer loop
      vertex -41.8 1.46457 0.33541
      vertex -41.8 1.1929 0.222881
      vertex -41.8849 1.47294 0.33541
    endloop
  endfacet
  facet normal 0.172838 0.0924703 -0.9806
    outer loop
      vertex -41.9222 1.81832 0.392776
      vertex -42.0395 1.80078 0.370447
      vertex -41.9358 1.84374 0.392776
    endloop
  endfacet
  facet normal 0.172943 0.0918212 -0.980642
    outer loop
      vertex -42.0395 1.80078 0.370447
      vertex -41.9222 1.81832 0.392776
      vertex -42.0417 1.78209 0.368309
    endloop
  endfacet
  facet normal 0.195093 0.0190468 -0.9806
    outer loop
      vertex -42.0351 1.88027 0.374865
      vertex -41.947 1.9 0.392776
      vertex -41.9442 1.87132 0.392776
    endloop
  endfacet
  facet normal 0.19509 0.0190616 -0.9806
    outer loop
      vertex -41.947 1.9 0.392776
      vertex -42.0351 1.88027 0.374865
      vertex -42.0346 1.9 0.375348
    endloop
  endfacet
  facet normal 0.0192334 -0.195052 -0.980604
    outer loop
      vertex -41.8 2.04703 0.392776
      vertex -41.8287 2.0442 0.392776
      vertex -41.8849 2.32706 0.33541
    endloop
  endfacet
  facet normal -0.0192327 0.195046 -0.980606
    outer loop
      vertex -41.7713 1.7558 0.392776
      vertex -41.715 1.47294 0.33541
      vertex -41.8 1.75297 0.392776
    endloop
  endfacet
  facet normal -0.70527 0.0691911 -0.705554
    outer loop
      vertex -40.8667 1.71435 0.059515
      vertex -40.7953 1.83525 0
      vertex -40.8083 1.70274 0
    endloop
  endfacet
  facet normal -0.705587 0.0695515 -0.705202
    outer loop
      vertex -40.7953 1.83525 0
      vertex -40.8667 1.71435 0.059515
      vertex -40.8484 1.9 0.059515
    endloop
  endfacet
  facet normal 0.056891 0.18757 -0.980602
    outer loop
      vertex -41.8563 1.76417 0.392776
      vertex -41.8849 1.47294 0.33541
      vertex -41.9666 1.49772 0.33541
    endloop
  endfacet
  facet normal -0.0694751 0.705398 -0.705398
    outer loop
      vertex -41.8 0.94841 0.059515
      vertex -41.6675 0.901945 0
      vertex -41.8 0.888895 0
    endloop
  endfacet
  facet normal -0.069489 0.70538 -0.705415
    outer loop
      vertex -41.6675 0.901945 0
      vertex -41.8 0.94841 0.059515
      vertex -41.6144 0.966694 0.059515
    endloop
  endfacet
  facet normal -0.678073 0.20596 -0.705548
    outer loop
      vertex -40.847 1.57533 0
      vertex -40.8667 1.71435 0.059515
      vertex -40.8083 1.70274 0
    endloop
  endfacet
  facet normal -0.678653 0.205675 -0.705073
    outer loop
      vertex -40.8667 1.71435 0.059515
      vertex -40.847 1.57533 0
      vertex -40.9208 1.53584 0.059515
    endloop
  endfacet
  facet normal -0.55473 -0.0546812 -0.830231
    outer loop
      vertex -40.8667 2.08565 0.059515
      vertex -40.8484 1.9 0.059515
      vertex -41.0929 1.9 0.222881
    endloop
  endfacet
  facet normal -0.54807 0.449404 -0.705447
    outer loop
      vertex -41.1271 1.22712 0.059515
      vertex -41.0006 1.28797 0
      vertex -41.085 1.18504 0
    endloop
  endfacet
  facet normal -0.548104 0.449658 -0.705258
    outer loop
      vertex -41.0006 1.28797 0
      vertex -41.1271 1.22712 0.059515
      vertex -41.0088 1.37132 0.059515
    endloop
  endfacet
  facet normal -0.430937 0.353536 -0.830245
    outer loop
      vertex -41.0088 1.37132 0.059515
      vertex -41.1271 1.22712 0.059515
      vertex -41.2121 1.50716 0.222881
    endloop
  endfacet
  facet normal -0.0546498 0.554747 -0.830222
    outer loop
      vertex -41.8 1.1929 0.222881
      vertex -41.6144 0.966694 0.059515
      vertex -41.8 0.94841 0.059515
    endloop
  endfacet
  facet normal 0.0694751 0.705398 -0.705398
    outer loop
      vertex -41.9325 0.901945 0
      vertex -41.8 0.94841 0.059515
      vertex -41.8 0.888895 0
    endloop
  endfacet
  facet normal 0.069489 0.70538 -0.705415
    outer loop
      vertex -41.8 0.94841 0.059515
      vertex -41.9325 0.901945 0
      vertex -41.9856 0.966694 0.059515
    endloop
  endfacet
  facet normal -0.678713 0.206034 -0.70491
    outer loop
      vertex -40.847 1.57533 0
      vertex -40.8659 1.51307 0
      vertex -40.9208 1.53584 0.059515
    endloop
  endfacet
  facet normal -0.705587 -0.0695515 -0.705202
    outer loop
      vertex -40.8667 2.08565 0.059515
      vertex -40.7953 1.96475 0
      vertex -40.8484 1.9 0.059515
    endloop
  endfacet
  facet normal -0.70527 -0.0691911 -0.705554
    outer loop
      vertex -40.7953 1.96475 0
      vertex -40.8667 2.08565 0.059515
      vertex -40.8083 2.09726 0
    endloop
  endfacet
  facet normal -0.705474 -0.0697303 -0.705297
    outer loop
      vertex -40.7953 1.96475 0
      vertex -40.7889 1.9 0
      vertex -40.8484 1.9 0.059515
    endloop
  endfacet
  facet normal 0.262765 -0.491582 -0.830242
    outer loop
      vertex -42.1642 2.77915 0.059515
      vertex -42.0706 2.55327 0.222881
      vertex -42.3287 2.69122 0.059515
    endloop
  endfacet
  facet normal 0.0546363 -0.554732 -0.830233
    outer loop
      vertex -41.8 2.85159 0.059515
      vertex -41.8 2.60709 0.222881
      vertex -41.9856 2.83331 0.059515
    endloop
  endfacet
  facet normal 0.262768 -0.49153 -0.830272
    outer loop
      vertex -42.2211 2.53023 0.18889
      vertex -42.0706 2.55327 0.222881
      vertex -42.1871 2.49099 0.222881
    endloop
  endfacet
  facet normal 0.262769 -0.491576 -0.830244
    outer loop
      vertex -42.0706 2.55327 0.222881
      vertex -42.2211 2.53023 0.18889
      vertex -42.3287 2.69122 0.059515
    endloop
  endfacet
  facet normal 0.0377017 -0.382422 -0.923218
    outer loop
      vertex -41.8 2.60709 0.222881
      vertex -41.8 2.33543 0.33541
      vertex -41.8849 2.32706 0.33541
    endloop
  endfacet
  facet normal -0.353491 -0.43091 -0.830277
    outer loop
      vertex -41.2713 2.69122 0.059515
      vertex -41.3 2.39999 0.222881
      vertex -41.4072 2.48793 0.222881
    endloop
  endfacet
  facet normal -0.262813 -0.491518 -0.830265
    outer loop
      vertex -41.2713 2.69122 0.059515
      vertex -41.4072 2.48793 0.222881
      vertex -41.5294 2.55327 0.222881
    endloop
  endfacet
  facet normal -0.449453 -0.548048 -0.705433
    outer loop
      vertex -41.1271 2.57288 0.059515
      vertex -41.188 2.69943 0
      vertex -41.085 2.61496 0
    endloop
  endfacet
  facet normal -0.449803 -0.548095 -0.705174
    outer loop
      vertex -41.188 2.69943 0
      vertex -41.1271 2.57288 0.059515
      vertex -41.2713 2.69122 0.059515
    endloop
  endfacet
  facet normal -0.548099 -0.449623 -0.705284
    outer loop
      vertex -41.1271 2.57288 0.059515
      vertex -41.0006 2.51203 0
      vertex -41.0088 2.42867 0.059515
    endloop
  endfacet
  facet normal -0.54807 -0.449404 -0.705447
    outer loop
      vertex -41.0006 2.51203 0
      vertex -41.1271 2.57288 0.059515
      vertex -41.085 2.61496 0
    endloop
  endfacet
  facet normal 0.187419 -0.0570819 -0.98062
    outer loop
      vertex -42.0381 1.97887 0.371908
      vertex -41.9358 1.95626 0.392776
      vertex -41.9442 1.92868 0.392776
    endloop
  endfacet
  facet normal 0.187322 -0.0575148 -0.980613
    outer loop
      vertex -41.9358 1.95626 0.392776
      vertex -42.0381 1.97887 0.371908
      vertex -42.0395 1.99922 0.370447
    endloop
  endfacet
  facet normal -0.0568775 0.187553 -0.980606
    outer loop
      vertex -41.7437 1.76417 0.392776
      vertex -41.715 1.47294 0.33541
      vertex -41.7713 1.7558 0.392776
    endloop
  endfacet
  facet normal -0.243716 0.297093 -0.923222
    outer loop
      vertex -41.3 1.40001 0.222881
      vertex -41.4072 1.31207 0.222881
      vertex -41.4921 1.59211 0.33541
    endloop
  endfacet
  facet normal 0.187546 0.0568403 -0.98061
    outer loop
      vertex -42.0358 1.8531 0.374201
      vertex -41.9442 1.87132 0.392776
      vertex -42.0381 1.82113 0.371908
    endloop
  endfacet
  facet normal -0.0376562 0.382411 -0.923225
    outer loop
      vertex -41.8 1.46457 0.33541
      vertex -41.715 1.47294 0.33541
      vertex -41.8 1.1929 0.222881
    endloop
  endfacet
  facet normal -0.019207 0.195053 -0.980605
    outer loop
      vertex -41.8 1.75297 0.392776
      vertex -41.715 1.47294 0.33541
      vertex -41.8 1.46457 0.33541
    endloop
  endfacet
  facet normal 0.056891 -0.18757 -0.980602
    outer loop
      vertex -41.8849 2.32706 0.33541
      vertex -41.8563 2.03583 0.392776
      vertex -41.9666 2.30228 0.33541
    endloop
  endfacet
  facet normal 0.124321 0.151578 -0.980596
    outer loop
      vertex -41.8817 1.77775 0.392776
      vertex -42.0615 1.63845 0.348448
      vertex -41.904 1.79604 0.392776
    endloop
  endfacet
  facet normal 0.125215 0.150445 -0.980657
    outer loop
      vertex -42.0615 1.63845 0.348448
      vertex -41.8817 1.77775 0.392776
      vertex -42.0633 1.62873 0.346727
    endloop
  endfacet
  facet normal 0.18118 0.338871 -0.923223
    outer loop
      vertex -42.0706 1.24673 0.222881
      vertex -42.1703 1.34577 0.239668
      vertex -42.0419 1.53796 0.33541
    endloop
  endfacet
  facet normal 0.181137 0.338831 -0.923246
    outer loop
      vertex -42.1703 1.34577 0.239668
      vertex -42.0706 1.24673 0.222881
      vertex -42.1871 1.30901 0.222881
    endloop
  endfacet
  facet normal 0.172769 -0.0923797 -0.980621
    outer loop
      vertex -41.9222 1.98168 0.392776
      vertex -42.0417 2.01791 0.368309
      vertex -42.0471 2.06509 0.362913
    endloop
  endfacet
  facet normal 0.187419 0.0570819 -0.98062
    outer loop
      vertex -41.9358 1.84374 0.392776
      vertex -42.0381 1.82113 0.371908
      vertex -41.9442 1.87132 0.392776
    endloop
  endfacet
  facet normal 0.187322 0.0575148 -0.980613
    outer loop
      vertex -42.0381 1.82113 0.371908
      vertex -41.9358 1.84374 0.392776
      vertex -42.0395 1.80078 0.370447
    endloop
  endfacet
  facet normal 0.0924201 0.172862 -0.9806
    outer loop
      vertex -41.8817 1.77775 0.392776
      vertex -41.8563 1.76417 0.392776
      vertex -41.9666 1.49772 0.33541
    endloop
  endfacet
  facet normal -0.353608 0.430879 -0.830244
    outer loop
      vertex -41.1271 1.22712 0.059515
      vertex -41.2713 1.10878 0.059515
      vertex -41.3 1.40001 0.222881
    endloop
  endfacet
  facet normal -0.243743 0.297083 -0.923218
    outer loop
      vertex -41.4921 1.59211 0.33541
      vertex -41.4072 1.31207 0.222881
      vertex -41.5581 1.53796 0.33541
    endloop
  endfacet
  facet normal -0.187441 0.0570887 -0.980615
    outer loop
      vertex -41.6558 1.87132 0.392776
      vertex -41.3977 1.73337 0.33541
      vertex -41.6642 1.84374 0.392776
    endloop
  endfacet
  facet normal -0.36779 0.111468 -0.923204
    outer loop
      vertex -41.1065 1.76205 0.222881
      vertex -41.1467 1.62941 0.222881
      vertex -41.3729 1.81505 0.33541
    endloop
  endfacet
  facet normal -0.195055 -0.0190578 -0.980607
    outer loop
      vertex -41.3729 1.98495 0.33541
      vertex -41.3646 1.9 0.33541
      vertex -41.6558 1.92868 0.392776
    endloop
  endfacet
  facet normal -0.195054 -0.0190429 -0.980608
    outer loop
      vertex -41.3646 1.9 0.33541
      vertex -41.653 1.9 0.392776
      vertex -41.6558 1.92868 0.392776
    endloop
  endfacet
  facet normal -0.430951 0.353529 -0.83024
    outer loop
      vertex -41.2121 1.50716 0.222881
      vertex -41.1271 1.22712 0.059515
      vertex -41.3 1.40001 0.222881
    endloop
  endfacet
  facet normal -0.491513 0.262905 -0.830239
    outer loop
      vertex -40.9208 1.53584 0.059515
      vertex -41.0088 1.37132 0.059515
      vertex -41.1467 1.62941 0.222881
    endloop
  endfacet
  facet normal -0.382464 0.0377058 -0.923201
    outer loop
      vertex -41.0929 1.9 0.222881
      vertex -41.1065 1.76205 0.222881
      vertex -41.3729 1.81505 0.33541
    endloop
  endfacet
  facet normal -0.533447 0.161669 -0.83024
    outer loop
      vertex -40.8667 1.71435 0.059515
      vertex -40.9208 1.53584 0.059515
      vertex -41.1467 1.62941 0.222881
    endloop
  endfacet
  facet normal -0.334069 0.625348 -0.705222
    outer loop
      vertex -41.4358 1.02085 0.059515
      vertex -41.2956 1.02863 0
      vertex -41.4131 0.96586 0
    endloop
  endfacet
  facet normal -0.334135 0.625102 -0.705409
    outer loop
      vertex -41.2956 1.02863 0
      vertex -41.4358 1.02085 0.059515
      vertex -41.2713 1.10878 0.059515
    endloop
  endfacet
  facet normal -0.262765 0.491582 -0.830242
    outer loop
      vertex -41.2713 1.10878 0.059515
      vertex -41.4358 1.02085 0.059515
      vertex -41.5294 1.24673 0.222881
    endloop
  endfacet
  facet normal -0.449766 0.548176 -0.705134
    outer loop
      vertex -41.188 1.10057 0
      vertex -41.2383 1.0593 0
      vertex -41.2713 1.10878 0.059515
    endloop
  endfacet
  facet normal -0.334581 0.625088 -0.705209
    outer loop
      vertex -41.2713 1.10878 0.059515
      vertex -41.2383 1.0593 0
      vertex -41.2956 1.02863 0
    endloop
  endfacet
  facet normal -0.624886 -0.334332 -0.705507
    outer loop
      vertex -40.9593 2.46174 0
      vertex -40.9286 2.40436 0
      vertex -41.0088 2.42867 0.059515
    endloop
  endfacet
  facet normal 0.18118 -0.338871 -0.923223
    outer loop
      vertex -42.1703 2.45423 0.239668
      vertex -42.0706 2.55327 0.222881
      vertex -42.0419 2.26204 0.33541
    endloop
  endfacet
  facet normal 0.181137 -0.338831 -0.923246
    outer loop
      vertex -42.0706 2.55327 0.222881
      vertex -42.1703 2.45423 0.239668
      vertex -42.1871 2.49099 0.222881
    endloop
  endfacet
  facet normal 0.449979 -0.548019 -0.705121
    outer loop
      vertex -42.3505 2.67332 0.059515
      vertex -42.3617 2.7407 0
      vertex -42.3287 2.69122 0.059515
    endloop
  endfacet
  facet normal 0.449964 -0.547646 -0.705419
    outer loop
      vertex -42.4 2.70931 0
      vertex -42.3505 2.67332 0.059515
      vertex -42.4 2.69643 0.00999928
    endloop
  endfacet
  facet normal 0.449364 -0.548284 -0.705306
    outer loop
      vertex -42.3505 2.67332 0.059515
      vertex -42.4 2.70931 0
      vertex -42.3617 2.7407 0
    endloop
  endfacet
  facet normal -0.181192 -0.338869 -0.923221
    outer loop
      vertex -41.5294 2.55327 0.222881
      vertex -41.4072 2.48793 0.222881
      vertex -41.5581 2.26204 0.33541
    endloop
  endfacet
  facet normal -0.243743 -0.297083 -0.923218
    outer loop
      vertex -41.4072 2.48793 0.222881
      vertex -41.4921 2.20789 0.33541
      vertex -41.5581 2.26204 0.33541
    endloop
  endfacet
  facet normal 0.0546288 -0.554736 -0.830231
    outer loop
      vertex -41.8 2.60709 0.222881
      vertex -41.9379 2.59351 0.222881
      vertex -41.9856 2.83331 0.059515
    endloop
  endfacet
  facet normal -0.124326 -0.151533 -0.980602
    outer loop
      vertex -41.5581 2.26204 0.33541
      vertex -41.4921 2.20789 0.33541
      vertex -41.7183 2.02225 0.392776
    endloop
  endfacet
  facet normal -0.124305 -0.151559 -0.980601
    outer loop
      vertex -41.4921 2.20789 0.33541
      vertex -41.696 2.00396 0.392776
      vertex -41.7183 2.02225 0.392776
    endloop
  endfacet
  facet normal -0.338783 0.181362 -0.923219
    outer loop
      vertex -41.3977 1.73337 0.33541
      vertex -41.1467 1.62941 0.222881
      vertex -41.438 1.65809 0.33541
    endloop
  endfacet
  facet normal 0.0192334 0.195052 -0.980604
    outer loop
      vertex -41.8287 1.7558 0.392776
      vertex -41.8 1.75297 0.392776
      vertex -41.8849 1.47294 0.33541
    endloop
  endfacet
  facet normal 0.0192296 -0.195053 -0.980604
    outer loop
      vertex -41.8 2.33543 0.33541
      vertex -41.8 2.04703 0.392776
      vertex -41.8849 2.32706 0.33541
    endloop
  endfacet
  facet normal -0.0923831 -0.172874 -0.980602
    outer loop
      vertex -41.6334 2.30228 0.33541
      vertex -41.5581 2.26204 0.33541
      vertex -41.7183 2.02225 0.392776
    endloop
  endfacet
  facet normal -0.056953 0.187545 -0.980603
    outer loop
      vertex -41.6334 1.49772 0.33541
      vertex -41.715 1.47294 0.33541
      vertex -41.7437 1.76417 0.392776
    endloop
  endfacet
  facet normal -0.11165 0.36766 -0.923234
    outer loop
      vertex -41.6334 1.49772 0.33541
      vertex -41.5294 1.24673 0.222881
      vertex -41.715 1.47294 0.33541
    endloop
  endfacet
  facet normal -0.172809 0.0924546 -0.980607
    outer loop
      vertex -41.6642 1.84374 0.392776
      vertex -41.438 1.65809 0.33541
      vertex -41.6778 1.81832 0.392776
    endloop
  endfacet
  facet normal -0.382379 0.0373602 -0.92325
    outer loop
      vertex -41.3646 1.9 0.33541
      vertex -41.0929 1.9 0.222881
      vertex -41.3729 1.81505 0.33541
    endloop
  endfacet
  facet normal 0.124321 -0.151578 -0.980596
    outer loop
      vertex -42.0615 2.16155 0.348448
      vertex -41.8817 2.02225 0.392776
      vertex -41.904 2.00396 0.392776
    endloop
  endfacet
  facet normal 0.125215 -0.150445 -0.980657
    outer loop
      vertex -41.8817 2.02225 0.392776
      vertex -42.0615 2.16155 0.348448
      vertex -42.0633 2.17127 0.346727
    endloop
  endfacet
  facet normal -0.124305 0.151559 -0.980601
    outer loop
      vertex -41.696 1.79604 0.392776
      vertex -41.4921 1.59211 0.33541
      vertex -41.7183 1.77775 0.392776
    endloop
  endfacet
  facet normal -0.353491 0.43091 -0.830277
    outer loop
      vertex -41.3 1.40001 0.222881
      vertex -41.2713 1.10878 0.059515
      vertex -41.4072 1.31207 0.222881
    endloop
  endfacet
  facet normal -0.624911 0.334346 -0.705478
    outer loop
      vertex -40.9286 1.39564 0
      vertex -40.9593 1.33826 0
      vertex -41.0088 1.37132 0.059515
    endloop
  endfacet
  facet normal -0.625658 0.334061 -0.704951
    outer loop
      vertex -40.9286 1.39564 0
      vertex -40.9208 1.53584 0.059515
      vertex -40.8659 1.51307 0
    endloop
  endfacet
  facet normal -0.624913 0.334259 -0.705517
    outer loop
      vertex -40.9208 1.53584 0.059515
      vertex -40.9286 1.39564 0
      vertex -41.0088 1.37132 0.059515
    endloop
  endfacet
  facet normal -0.533448 0.161675 -0.830238
    outer loop
      vertex -41.1065 1.76205 0.222881
      vertex -40.8667 1.71435 0.059515
      vertex -41.1467 1.62941 0.222881
    endloop
  endfacet
  facet normal -0.554726 0.0546885 -0.830234
    outer loop
      vertex -41.0929 1.9 0.222881
      vertex -40.8667 1.71435 0.059515
      vertex -41.1065 1.76205 0.222881
    endloop
  endfacet
  facet normal -0.16175 0.533433 -0.830232
    outer loop
      vertex -41.5294 1.24673 0.222881
      vertex -41.4358 1.02085 0.059515
      vertex -41.6144 0.966694 0.059515
    endloop
  endfacet
  facet normal -0.205808 0.678378 -0.705299
    outer loop
      vertex -41.5405 0.927209 0
      vertex -41.4358 1.02085 0.059515
      vertex -41.4131 0.96586 0
    endloop
  endfacet
  facet normal -0.205678 0.678303 -0.705409
    outer loop
      vertex -41.4358 1.02085 0.059515
      vertex -41.5405 0.927209 0
      vertex -41.6144 0.966694 0.059515
    endloop
  endfacet
  facet normal -0.0924201 -0.172862 -0.9806
    outer loop
      vertex -41.6334 2.30228 0.33541
      vertex -41.7183 2.02225 0.392776
      vertex -41.7437 2.03583 0.392776
    endloop
  endfacet
  facet normal 0.35372 -0.430788 -0.830244
    outer loop
      vertex -42.3287 2.69122 0.059515
      vertex -42.2211 2.53023 0.18889
      vertex -42.3505 2.67332 0.059515
    endloop
  endfacet
  facet normal 0.161761 -0.533429 -0.830233
    outer loop
      vertex -41.9856 2.83331 0.059515
      vertex -42.0706 2.55327 0.222881
      vertex -42.1642 2.77915 0.059515
    endloop
  endfacet
  facet normal 0.205698 -0.678319 -0.705388
    outer loop
      vertex -42.1642 2.77915 0.059515
      vertex -42.0595 2.87279 0
      vertex -41.9856 2.83331 0.059515
    endloop
  endfacet
  facet normal 0.205804 -0.67838 -0.705298
    outer loop
      vertex -42.0595 2.87279 0
      vertex -42.1642 2.77915 0.059515
      vertex -42.1869 2.83414 0
    endloop
  endfacet
  facet normal 0.334581 -0.625088 -0.705209
    outer loop
      vertex -42.3044 2.77137 0
      vertex -42.3287 2.69122 0.059515
      vertex -42.3617 2.7407 0
    endloop
  endfacet
  facet normal 0.056883 0.187571 -0.980603
    outer loop
      vertex -41.8563 1.76417 0.392776
      vertex -41.8287 1.7558 0.392776
      vertex -41.8849 1.47294 0.33541
    endloop
  endfacet
  facet normal -0.111519 -0.367756 -0.923211
    outer loop
      vertex -41.6621 2.59351 0.222881
      vertex -41.5294 2.55327 0.222881
      vertex -41.715 2.32706 0.33541
    endloop
  endfacet
  facet normal -0.0546363 -0.554732 -0.830233
    outer loop
      vertex -41.8 2.85159 0.059515
      vertex -41.6144 2.83331 0.059515
      vertex -41.8 2.60709 0.222881
    endloop
  endfacet
  facet normal 0.151401 -0.124375 -0.980616
    outer loop
      vertex -41.9222 1.98168 0.392776
      vertex -42.0471 2.06509 0.362913
      vertex -42.0597 2.14915 0.350306
    endloop
  endfacet
  facet normal 0.262765 0.491582 -0.830242
    outer loop
      vertex -42.0706 1.24673 0.222881
      vertex -42.1642 1.02085 0.059515
      vertex -42.3287 1.10878 0.059515
    endloop
  endfacet
  facet normal 0.205678 0.678303 -0.705409
    outer loop
      vertex -42.0595 0.927209 0
      vertex -42.1642 1.02085 0.059515
      vertex -41.9856 0.966694 0.059515
    endloop
  endfacet
  facet normal 0.205808 0.678378 -0.705299
    outer loop
      vertex -42.1642 1.02085 0.059515
      vertex -42.0595 0.927209 0
      vertex -42.1869 0.96586 0
    endloop
  endfacet
  facet normal 0.205902 0.678092 -0.705547
    outer loop
      vertex -41.9856 0.966694 0.059515
      vertex -41.9973 0.908322 0
      vertex -42.0595 0.927209 0
    endloop
  endfacet
  facet normal -0.195055 0.0190578 -0.980607
    outer loop
      vertex -41.3646 1.9 0.33541
      vertex -41.3729 1.81505 0.33541
      vertex -41.6558 1.87132 0.392776
    endloop
  endfacet
  facet normal -0.195054 0.0190429 -0.980608
    outer loop
      vertex -41.653 1.9 0.392776
      vertex -41.3646 1.9 0.33541
      vertex -41.6558 1.87132 0.392776
    endloop
  endfacet
  facet normal -0.367669 0.111633 -0.923232
    outer loop
      vertex -41.3729 1.81505 0.33541
      vertex -41.1467 1.62941 0.222881
      vertex -41.3977 1.73337 0.33541
    endloop
  endfacet
  facet normal -0.187521 0.056936 -0.980609
    outer loop
      vertex -41.3729 1.81505 0.33541
      vertex -41.3977 1.73337 0.33541
      vertex -41.6558 1.87132 0.392776
    endloop
  endfacet
  facet normal -0.124326 0.151533 -0.980602
    outer loop
      vertex -41.4921 1.59211 0.33541
      vertex -41.5581 1.53796 0.33541
      vertex -41.7183 1.77775 0.392776
    endloop
  endfacet
  facet normal -0.181192 0.338869 -0.923221
    outer loop
      vertex -41.4072 1.31207 0.222881
      vertex -41.5294 1.24673 0.222881
      vertex -41.5581 1.53796 0.33541
    endloop
  endfacet
  facet normal -0.3388 0.181248 -0.923235
    outer loop
      vertex -41.1467 1.62941 0.222881
      vertex -41.2121 1.50716 0.222881
      vertex -41.438 1.65809 0.33541
    endloop
  endfacet
  facet normal -0.15158 0.124287 -0.9806
    outer loop
      vertex -41.438 1.65809 0.33541
      vertex -41.4921 1.59211 0.33541
      vertex -41.696 1.79604 0.392776
    endloop
  endfacet
  facet normal -0.297124 0.243626 -0.923235
    outer loop
      vertex -41.438 1.65809 0.33541
      vertex -41.2121 1.50716 0.222881
      vertex -41.4921 1.59211 0.33541
    endloop
  endfacet
  facet normal -0.297091 0.243717 -0.923222
    outer loop
      vertex -41.2121 1.50716 0.222881
      vertex -41.3 1.40001 0.222881
      vertex -41.4921 1.59211 0.33541
    endloop
  endfacet
  facet normal 0.243628 -0.297152 -0.923226
    outer loop
      vertex -42.0419 2.26204 0.33541
      vertex -42.0746 2.23523 0.33541
      vertex -42.1703 2.45423 0.239668
    endloop
  endfacet
  facet normal 0.124285 -0.151561 -0.980603
    outer loop
      vertex -42.0633 2.17127 0.346727
      vertex -42.0419 2.26204 0.33541
      vertex -41.8817 2.02225 0.392776
    endloop
  endfacet
  facet normal 0.124256 -0.151555 -0.980608
    outer loop
      vertex -42.0419 2.26204 0.33541
      vertex -42.0633 2.17127 0.346727
      vertex -42.0746 2.23523 0.33541
    endloop
  endfacet
  facet normal -0.0192327 -0.195046 -0.980606
    outer loop
      vertex -41.715 2.32706 0.33541
      vertex -41.7713 2.0442 0.392776
      vertex -41.8 2.04703 0.392776
    endloop
  endfacet
  facet normal -0.11165 -0.36766 -0.923234
    outer loop
      vertex -41.5294 2.55327 0.222881
      vertex -41.6334 2.30228 0.33541
      vertex -41.715 2.32706 0.33541
    endloop
  endfacet
  facet normal -0.056953 -0.187545 -0.980603
    outer loop
      vertex -41.715 2.32706 0.33541
      vertex -41.6334 2.30228 0.33541
      vertex -41.7437 2.03583 0.392776
    endloop
  endfacet
  facet normal -0.0568775 -0.187553 -0.980606
    outer loop
      vertex -41.715 2.32706 0.33541
      vertex -41.7437 2.03583 0.392776
      vertex -41.7713 2.0442 0.392776
    endloop
  endfacet
  facet normal 0.172838 -0.0924703 -0.9806
    outer loop
      vertex -42.0395 1.99922 0.370447
      vertex -41.9222 1.98168 0.392776
      vertex -41.9358 1.95626 0.392776
    endloop
  endfacet
  facet normal 0.172943 -0.0918212 -0.980642
    outer loop
      vertex -41.9222 1.98168 0.392776
      vertex -42.0395 1.99922 0.370447
      vertex -42.0417 2.01791 0.368309
    endloop
  endfacet
  facet normal 0.111508 -0.367723 -0.923226
    outer loop
      vertex -41.9379 2.59351 0.222881
      vertex -41.8849 2.32706 0.33541
      vertex -42.0706 2.55327 0.222881
    endloop
  endfacet
  facet normal 0.0376588 -0.382412 -0.923224
    outer loop
      vertex -41.8 2.60709 0.222881
      vertex -41.8849 2.32706 0.33541
      vertex -41.9379 2.59351 0.222881
    endloop
  endfacet
  facet normal -0.019207 -0.195053 -0.980605
    outer loop
      vertex -41.8 2.33543 0.33541
      vertex -41.715 2.32706 0.33541
      vertex -41.8 2.04703 0.392776
    endloop
  endfacet
  facet normal -0.0376574 -0.382423 -0.92322
    outer loop
      vertex -41.8 2.60709 0.222881
      vertex -41.715 2.32706 0.33541
      vertex -41.8 2.33543 0.33541
    endloop
  endfacet
  facet normal -0.161757 -0.533429 -0.830234
    outer loop
      vertex -41.6144 2.83331 0.059515
      vertex -41.5294 2.55327 0.222881
      vertex -41.6621 2.59351 0.222881
    endloop
  endfacet
  facet normal -0.0546288 -0.554736 -0.830231
    outer loop
      vertex -41.6144 2.83331 0.059515
      vertex -41.6621 2.59351 0.222881
      vertex -41.8 2.60709 0.222881
    endloop
  endfacet
  facet normal 0.334581 0.625088 -0.705209
    outer loop
      vertex -42.3287 1.10878 0.059515
      vertex -42.3044 1.02863 0
      vertex -42.3617 1.0593 0
    endloop
  endfacet
  facet normal 0.181098 0.338884 -0.923234
    outer loop
      vertex -42.0419 1.53796 0.33541
      vertex -41.9666 1.49772 0.33541
      vertex -42.0706 1.24673 0.222881
    endloop
  endfacet
  facet normal 0.0546498 0.554747 -0.830222
    outer loop
      vertex -41.8 1.1929 0.222881
      vertex -41.8 0.94841 0.059515
      vertex -41.9856 0.966694 0.059515
    endloop
  endfacet
  facet normal 0.054669 0.554736 -0.830229
    outer loop
      vertex -41.9379 1.20649 0.222881
      vertex -41.8 1.1929 0.222881
      vertex -41.9856 0.966694 0.059515
    endloop
  endfacet
  facet normal 0.181098 -0.338884 -0.923234
    outer loop
      vertex -41.9666 2.30228 0.33541
      vertex -42.0419 2.26204 0.33541
      vertex -42.0706 2.55327 0.222881
    endloop
  endfacet
  facet normal 0.0923831 -0.172874 -0.980602
    outer loop
      vertex -41.9666 2.30228 0.33541
      vertex -41.8817 2.02225 0.392776
      vertex -42.0419 2.26204 0.33541
    endloop
  endfacet
  facet normal 0.16175 0.533433 -0.830232
    outer loop
      vertex -42.0706 1.24673 0.222881
      vertex -41.9856 0.966694 0.059515
      vertex -42.1642 1.02085 0.059515
    endloop
  endfacet
  facet normal 0.161759 0.533434 -0.83023
    outer loop
      vertex -41.9379 1.20649 0.222881
      vertex -41.9856 0.966694 0.059515
      vertex -42.0706 1.24673 0.222881
    endloop
  endfacet
  facet normal 0.35372 0.430788 -0.830244
    outer loop
      vertex -42.2211 1.26977 0.18889
      vertex -42.3287 1.10878 0.059515
      vertex -42.3505 1.12668 0.059515
    endloop
  endfacet
  facet normal 0.449979 0.548019 -0.705121
    outer loop
      vertex -42.3617 1.0593 0
      vertex -42.3505 1.12668 0.059515
      vertex -42.3287 1.10878 0.059515
    endloop
  endfacet
  facet normal 0.449364 0.548284 -0.705306
    outer loop
      vertex -42.4 1.09069 0
      vertex -42.3505 1.12668 0.059515
      vertex -42.3617 1.0593 0
    endloop
  endfacet
  facet normal 0.449613 0.54802 -0.705353
    outer loop
      vertex -42.3505 1.12668 0.059515
      vertex -42.4 1.09069 0
      vertex -42.4 1.10356 0.00999928
    endloop
  endfacet
  facet normal 0.056883 -0.187571 -0.980603
    outer loop
      vertex -41.8287 2.0442 0.392776
      vertex -41.8563 2.03583 0.392776
      vertex -41.8849 2.32706 0.33541
    endloop
  endfacet
  facet normal -0.0192296 -0.195053 -0.980604
    outer loop
      vertex 41.8 2.33543 0.33541
      vertex 41.8849 2.32706 0.33541
      vertex 41.8 2.04703 0.392776
    endloop
  endfacet
  facet normal 0.533448 0.161675 -0.830238
    outer loop
      vertex 41.1065 1.76205 0.222881
      vertex 41.1467 1.62941 0.222881
      vertex 40.8667 1.71435 0.059515
    endloop
  endfacet
  facet normal 0.554726 0.0546885 -0.830234
    outer loop
      vertex 41.0929 1.9 0.222881
      vertex 41.1065 1.76205 0.222881
      vertex 40.8667 1.71435 0.059515
    endloop
  endfacet
  facet normal 0.70527 0.0691911 -0.705554
    outer loop
      vertex 40.7953 1.83525 0
      vertex 40.8667 1.71435 0.059515
      vertex 40.8083 1.70274 0
    endloop
  endfacet
  facet normal 0.705587 0.0695515 -0.705202
    outer loop
      vertex 40.8667 1.71435 0.059515
      vertex 40.7953 1.83525 0
      vertex 40.8484 1.9 0.059515
    endloop
  endfacet
  facet normal 0.547709 -0.449798 -0.705476
    outer loop
      vertex 41.0006 2.51203 0
      vertex 41.0088 2.42867 0.059515
      vertex 40.9593 2.46174 0
    endloop
  endfacet
  facet normal -0.187419 -0.0570819 -0.98062
    outer loop
      vertex 41.9358 1.95626 0.392776
      vertex 42.0381 1.97887 0.371908
      vertex 41.9442 1.92868 0.392776
    endloop
  endfacet
  facet normal -0.187322 -0.0575148 -0.980613
    outer loop
      vertex 42.0381 1.97887 0.371908
      vertex 41.9358 1.95626 0.392776
      vertex 42.0395 1.99922 0.370447
    endloop
  endfacet
  facet normal -0.262765 -0.491582 -0.830242
    outer loop
      vertex 42.1642 2.77915 0.059515
      vertex 42.3287 2.69122 0.059515
      vertex 42.0706 2.55327 0.222881
    endloop
  endfacet
  facet normal -0.205804 -0.67838 -0.705298
    outer loop
      vertex 42.1642 2.77915 0.059515
      vertex 42.0595 2.87279 0
      vertex 42.1869 2.83414 0
    endloop
  endfacet
  facet normal -0.205698 -0.678319 -0.705388
    outer loop
      vertex 42.0595 2.87279 0
      vertex 42.1642 2.77915 0.059515
      vertex 41.9856 2.83331 0.059515
    endloop
  endfacet
  facet normal 0.187521 0.056936 -0.980609
    outer loop
      vertex 41.6558 1.87132 0.392776
      vertex 41.3977 1.73337 0.33541
      vertex 41.3729 1.81505 0.33541
    endloop
  endfacet
  facet normal 0.0568775 0.187553 -0.980606
    outer loop
      vertex 41.7437 1.76417 0.392776
      vertex 41.7713 1.7558 0.392776
      vertex 41.715 1.47294 0.33541
    endloop
  endfacet
  facet normal -0.172838 -0.0924703 -0.9806
    outer loop
      vertex 41.9222 1.98168 0.392776
      vertex 42.0395 1.99922 0.370447
      vertex 41.9358 1.95626 0.392776
    endloop
  endfacet
  facet normal -0.172943 -0.0918212 -0.980642
    outer loop
      vertex 42.0395 1.99922 0.370447
      vertex 41.9222 1.98168 0.392776
      vertex 42.0417 2.01791 0.368309
    endloop
  endfacet
  facet normal 0.382464 -0.0377058 -0.923201
    outer loop
      vertex 41.1065 2.03795 0.222881
      vertex 41.3729 1.98495 0.33541
      vertex 41.0929 1.9 0.222881
    endloop
  endfacet
  facet normal 0.069478 -0.705428 -0.705368
    outer loop
      vertex 41.8 2.85159 0.059515
      vertex 41.6675 2.89805 0
      vertex 41.8 2.9111 0
    endloop
  endfacet
  facet normal 0.0694785 -0.705427 -0.705369
    outer loop
      vertex 41.6675 2.89805 0
      vertex 41.8 2.85159 0.059515
      vertex 41.6144 2.83331 0.059515
    endloop
  endfacet
  facet normal -0.124321 -0.151578 -0.980596
    outer loop
      vertex 41.8817 2.02225 0.392776
      vertex 42.0615 2.16155 0.348448
      vertex 41.904 2.00396 0.392776
    endloop
  endfacet
  facet normal -0.125215 -0.150445 -0.980657
    outer loop
      vertex 42.0615 2.16155 0.348448
      vertex 41.8817 2.02225 0.392776
      vertex 42.0633 2.17127 0.346727
    endloop
  endfacet
  facet normal -0.0923831 -0.172874 -0.980602
    outer loop
      vertex 41.9666 2.30228 0.33541
      vertex 42.0419 2.26204 0.33541
      vertex 41.8817 2.02225 0.392776
    endloop
  endfacet
  facet normal -0.187546 -0.0568403 -0.98061
    outer loop
      vertex 42.0381 1.97887 0.371908
      vertex 42.0358 1.9469 0.374201
      vertex 41.9442 1.92868 0.392776
    endloop
  endfacet
  facet normal 0.0924201 -0.172862 -0.9806
    outer loop
      vertex 41.7437 2.03583 0.392776
      vertex 41.7183 2.02225 0.392776
      vertex 41.6334 2.30228 0.33541
    endloop
  endfacet
  facet normal 0.36779 -0.111468 -0.923204
    outer loop
      vertex 41.1467 2.17059 0.222881
      vertex 41.3729 1.98495 0.33541
      vertex 41.1065 2.03795 0.222881
    endloop
  endfacet
  facet normal 0.124305 0.151559 -0.980601
    outer loop
      vertex 41.696 1.79604 0.392776
      vertex 41.7183 1.77775 0.392776
      vertex 41.4921 1.59211 0.33541
    endloop
  endfacet
  facet normal 0.382464 0.0377058 -0.923201
    outer loop
      vertex 41.3729 1.81505 0.33541
      vertex 41.1065 1.76205 0.222881
      vertex 41.0929 1.9 0.222881
    endloop
  endfacet
  facet normal 0.187441 0.0570887 -0.980615
    outer loop
      vertex 41.6558 1.87132 0.392776
      vertex 41.6642 1.84374 0.392776
      vertex 41.3977 1.73337 0.33541
    endloop
  endfacet
  facet normal 0.705474 0.0697303 -0.705297
    outer loop
      vertex 40.8484 1.9 0.059515
      vertex 40.7953 1.83525 0
      vertex 40.7889 1.9 0
    endloop
  endfacet
  facet normal 0.181192 0.338869 -0.923221
    outer loop
      vertex 41.5581 1.53796 0.33541
      vertex 41.5294 1.24673 0.222881
      vertex 41.4072 1.31207 0.222881
    endloop
  endfacet
  facet normal 0.705474 -0.0697303 -0.705297
    outer loop
      vertex 40.7953 1.96475 0
      vertex 40.8484 1.9 0.059515
      vertex 40.7889 1.9 0
    endloop
  endfacet
  facet normal -0.334581 -0.625088 -0.705209
    outer loop
      vertex 42.3617 2.7407 0
      vertex 42.3287 2.69122 0.059515
      vertex 42.3044 2.77137 0
    endloop
  endfacet
  facet normal -0.187546 0.0568403 -0.98061
    outer loop
      vertex 42.0358 1.8531 0.374201
      vertex 42.0381 1.82113 0.371908
      vertex 41.9442 1.87132 0.392776
    endloop
  endfacet
  facet normal 0.430956 -0.353526 -0.830239
    outer loop
      vertex 41.1271 2.57288 0.059515
      vertex 41.2121 2.29284 0.222881
      vertex 41.0088 2.42867 0.059515
    endloop
  endfacet
  facet normal 0.367669 -0.111633 -0.923232
    outer loop
      vertex 41.3977 2.06663 0.33541
      vertex 41.3729 1.98495 0.33541
      vertex 41.1467 2.17059 0.222881
    endloop
  endfacet
  facet normal -0.06934 -0.705374 -0.705435
    outer loop
      vertex 41.9973 2.89168 0
      vertex 41.9856 2.83331 0.059515
      vertex 41.9325 2.89805 0
    endloop
  endfacet
  facet normal 0.554726 -0.0546885 -0.830234
    outer loop
      vertex 41.1065 2.03795 0.222881
      vertex 41.0929 1.9 0.222881
      vertex 40.8667 2.08565 0.059515
    endloop
  endfacet
  facet normal -0.0546363 -0.554732 -0.830233
    outer loop
      vertex 41.8 2.85159 0.059515
      vertex 41.9856 2.83331 0.059515
      vertex 41.8 2.60709 0.222881
    endloop
  endfacet
  facet normal -0.0924201 -0.172862 -0.9806
    outer loop
      vertex 41.9666 2.30228 0.33541
      vertex 41.8817 2.02225 0.392776
      vertex 41.8563 2.03583 0.392776
    endloop
  endfacet
  facet normal 0.382379 -0.0373602 -0.92325
    outer loop
      vertex 41.3729 1.98495 0.33541
      vertex 41.3646 1.9 0.33541
      vertex 41.0929 1.9 0.222881
    endloop
  endfacet
  facet normal 0.0192327 0.195046 -0.980606
    outer loop
      vertex 41.7713 1.7558 0.392776
      vertex 41.8 1.75297 0.392776
      vertex 41.715 1.47294 0.33541
    endloop
  endfacet
  facet normal 0.111519 0.367756 -0.923211
    outer loop
      vertex 41.715 1.47294 0.33541
      vertex 41.6621 1.20649 0.222881
      vertex 41.5294 1.24673 0.222881
    endloop
  endfacet
  facet normal 0.172777 0.0924935 -0.980609
    outer loop
      vertex 41.6642 1.84374 0.392776
      vertex 41.438 1.65809 0.33541
      vertex 41.3977 1.73337 0.33541
    endloop
  endfacet
  facet normal 0.195055 -0.0190578 -0.980607
    outer loop
      vertex 41.3729 1.98495 0.33541
      vertex 41.6558 1.92868 0.392776
      vertex 41.3646 1.9 0.33541
    endloop
  endfacet
  facet normal 0.15158 0.124287 -0.9806
    outer loop
      vertex 41.696 1.79604 0.392776
      vertex 41.4921 1.59211 0.33541
      vertex 41.438 1.65809 0.33541
    endloop
  endfacet
  facet normal 0.430937 0.353536 -0.830245
    outer loop
      vertex 41.2121 1.50716 0.222881
      vertex 41.1271 1.22712 0.059515
      vertex 41.0088 1.37132 0.059515
    endloop
  endfacet
  facet normal 0.430951 0.353529 -0.83024
    outer loop
      vertex 41.2121 1.50716 0.222881
      vertex 41.3 1.40001 0.222881
      vertex 41.1271 1.22712 0.059515
    endloop
  endfacet
  facet normal 0.55473 0.0546812 -0.830231
    outer loop
      vertex 41.0929 1.9 0.222881
      vertex 40.8667 1.71435 0.059515
      vertex 40.8484 1.9 0.059515
    endloop
  endfacet
  facet normal 0.3388 -0.181248 -0.923235
    outer loop
      vertex 41.2121 2.29284 0.222881
      vertex 41.438 2.14191 0.33541
      vertex 41.1467 2.17059 0.222881
    endloop
  endfacet
  facet normal -0.334135 -0.625102 -0.705409
    outer loop
      vertex 42.1642 2.77915 0.059515
      vertex 42.3044 2.77137 0
      vertex 42.3287 2.69122 0.059515
    endloop
  endfacet
  facet normal -0.334069 -0.625348 -0.705222
    outer loop
      vertex 42.3044 2.77137 0
      vertex 42.1642 2.77915 0.059515
      vertex 42.1869 2.83414 0
    endloop
  endfacet
  facet normal 0.124326 -0.151533 -0.980602
    outer loop
      vertex 41.5581 2.26204 0.33541
      vertex 41.7183 2.02225 0.392776
      vertex 41.4921 2.20789 0.33541
    endloop
  endfacet
  facet normal 0.0376574 -0.382423 -0.92322
    outer loop
      vertex 41.8 2.60709 0.222881
      vertex 41.8 2.33543 0.33541
      vertex 41.715 2.32706 0.33541
    endloop
  endfacet
  facet normal 0.06934 -0.705374 -0.705435
    outer loop
      vertex 41.6675 2.89805 0
      vertex 41.6144 2.83331 0.059515
      vertex 41.6027 2.89168 0
    endloop
  endfacet
  facet normal 0.151755 0.123965 -0.980614
    outer loop
      vertex 41.6778 1.81832 0.392776
      vertex 41.696 1.79604 0.392776
      vertex 41.438 1.65809 0.33541
    endloop
  endfacet
  facet normal 0.0923831 0.172874 -0.980602
    outer loop
      vertex 41.7183 1.77775 0.392776
      vertex 41.6334 1.49772 0.33541
      vertex 41.5581 1.53796 0.33541
    endloop
  endfacet
  facet normal 0.382379 0.0373602 -0.92325
    outer loop
      vertex 41.3646 1.9 0.33541
      vertex 41.3729 1.81505 0.33541
      vertex 41.0929 1.9 0.222881
    endloop
  endfacet
  facet normal 0.195055 0.0190578 -0.980607
    outer loop
      vertex 41.6558 1.87132 0.392776
      vertex 41.3729 1.81505 0.33541
      vertex 41.3646 1.9 0.33541
    endloop
  endfacet
  facet normal 0.3388 0.181248 -0.923235
    outer loop
      vertex 41.438 1.65809 0.33541
      vertex 41.2121 1.50716 0.222881
      vertex 41.1467 1.62941 0.222881
    endloop
  endfacet
  facet normal 0.243743 0.297083 -0.923218
    outer loop
      vertex 41.4921 1.59211 0.33541
      vertex 41.5581 1.53796 0.33541
      vertex 41.4072 1.31207 0.222881
    endloop
  endfacet
  facet normal 0.0376872 0.382418 -0.92322
    outer loop
      vertex 41.715 1.47294 0.33541
      vertex 41.8 1.1929 0.222881
      vertex 41.6621 1.20649 0.222881
    endloop
  endfacet
  facet normal 0.0923831 -0.172874 -0.980602
    outer loop
      vertex 41.6334 2.30228 0.33541
      vertex 41.7183 2.02225 0.392776
      vertex 41.5581 2.26204 0.33541
    endloop
  endfacet
  facet normal 0.0568775 -0.187553 -0.980606
    outer loop
      vertex 41.7713 2.0442 0.392776
      vertex 41.7437 2.03583 0.392776
      vertex 41.715 2.32706 0.33541
    endloop
  endfacet
  facet normal -0.124256 -0.151555 -0.980608
    outer loop
      vertex 42.0633 2.17127 0.346727
      vertex 42.0419 2.26204 0.33541
      vertex 42.0746 2.23523 0.33541
    endloop
  endfacet
  facet normal -0.124285 -0.151561 -0.980603
    outer loop
      vertex 42.0419 2.26204 0.33541
      vertex 42.0633 2.17127 0.346727
      vertex 41.8817 2.02225 0.392776
    endloop
  endfacet
  facet normal 0.0924201 0.172862 -0.9806
    outer loop
      vertex 41.7183 1.77775 0.392776
      vertex 41.7437 1.76417 0.392776
      vertex 41.6334 1.49772 0.33541
    endloop
  endfacet
  facet normal 0.334581 0.625088 -0.705209
    outer loop
      vertex 41.2713 1.10878 0.059515
      vertex 41.2956 1.02863 0
      vertex 41.2383 1.0593 0
    endloop
  endfacet
  facet normal 0.547738 0.449822 -0.705438
    outer loop
      vertex 41.0088 1.37132 0.059515
      vertex 41.0006 1.28797 0
      vertex 40.9593 1.33826 0
    endloop
  endfacet
  facet normal 0.338783 0.181362 -0.923219
    outer loop
      vertex 41.3977 1.73337 0.33541
      vertex 41.438 1.65809 0.33541
      vertex 41.1467 1.62941 0.222881
    endloop
  endfacet
  facet normal 0.491482 0.262928 -0.830249
    outer loop
      vertex 41.1467 1.62941 0.222881
      vertex 41.2121 1.50716 0.222881
      vertex 41.0088 1.37132 0.059515
    endloop
  endfacet
  facet normal 0.678713 -0.206034 -0.70491
    outer loop
      vertex 40.8659 2.28693 0
      vertex 40.9208 2.26416 0.059515
      vertex 40.847 2.22467 0
    endloop
  endfacet
  facet normal 0.678653 -0.205675 -0.705073
    outer loop
      vertex 40.8667 2.08565 0.059515
      vertex 40.847 2.22467 0
      vertex 40.9208 2.26416 0.059515
    endloop
  endfacet
  facet normal 0.678073 -0.20596 -0.705548
    outer loop
      vertex 40.847 2.22467 0
      vertex 40.8667 2.08565 0.059515
      vertex 40.8083 2.09726 0
    endloop
  endfacet
  facet normal -0.161761 -0.533429 -0.830233
    outer loop
      vertex 42.1642 2.77915 0.059515
      vertex 42.0706 2.55327 0.222881
      vertex 41.9856 2.83331 0.059515
    endloop
  endfacet
  facet normal -0.449964 -0.547646 -0.705419
    outer loop
      vertex 42.3505 2.67332 0.059515
      vertex 42.4 2.70931 0
      vertex 42.4 2.69643 0.00999928
    endloop
  endfacet
  facet normal -0.449364 -0.548284 -0.705306
    outer loop
      vertex 42.4 2.70931 0
      vertex 42.3505 2.67332 0.059515
      vertex 42.3617 2.7407 0
    endloop
  endfacet
  facet normal -0.449979 -0.548019 -0.705121
    outer loop
      vertex 42.3617 2.7407 0
      vertex 42.3505 2.67332 0.059515
      vertex 42.3287 2.69122 0.059515
    endloop
  endfacet
  facet normal -0.0376588 -0.382412 -0.923224
    outer loop
      vertex 41.9379 2.59351 0.222881
      vertex 41.8849 2.32706 0.33541
      vertex 41.8 2.60709 0.222881
    endloop
  endfacet
  facet normal -0.172769 -0.0923797 -0.980621
    outer loop
      vertex 42.0471 2.06509 0.362913
      vertex 42.0417 2.01791 0.368309
      vertex 41.9222 1.98168 0.392776
    endloop
  endfacet
  facet normal -0.195084 -0.0189386 -0.980604
    outer loop
      vertex 42.0358 1.9469 0.374201
      vertex 42.0351 1.91973 0.374865
      vertex 41.9442 1.92868 0.392776
    endloop
  endfacet
  facet normal -0.19509 -0.0190616 -0.9806
    outer loop
      vertex 41.947 1.9 0.392776
      vertex 42.0351 1.91973 0.374865
      vertex 42.0346 1.9 0.375348
    endloop
  endfacet
  facet normal -0.195093 -0.0190468 -0.9806
    outer loop
      vertex 42.0351 1.91973 0.374865
      vertex 41.947 1.9 0.392776
      vertex 41.9442 1.92868 0.392776
    endloop
  endfacet
  facet normal 0.624886 -0.334332 -0.705507
    outer loop
      vertex 40.9593 2.46174 0
      vertex 41.0088 2.42867 0.059515
      vertex 40.9286 2.40436 0
    endloop
  endfacet
  facet normal 0.533448 -0.161675 -0.830238
    outer loop
      vertex 41.1467 2.17059 0.222881
      vertex 41.1065 2.03795 0.222881
      vertex 40.8667 2.08565 0.059515
    endloop
  endfacet
  facet normal 0.533447 -0.161669 -0.83024
    outer loop
      vertex 40.9208 2.26416 0.059515
      vertex 41.1467 2.17059 0.222881
      vertex 40.8667 2.08565 0.059515
    endloop
  endfacet
  facet normal 0.181098 -0.338884 -0.923234
    outer loop
      vertex 41.6334 2.30228 0.33541
      vertex 41.5581 2.26204 0.33541
      vertex 41.5294 2.55327 0.222881
    endloop
  endfacet
  facet normal 0.187521 -0.056936 -0.980609
    outer loop
      vertex 41.3977 2.06663 0.33541
      vertex 41.6558 1.92868 0.392776
      vertex 41.3729 1.98495 0.33541
    endloop
  endfacet
  facet normal 0.056953 -0.187545 -0.980603
    outer loop
      vertex 41.715 2.32706 0.33541
      vertex 41.7437 2.03583 0.392776
      vertex 41.6334 2.30228 0.33541
    endloop
  endfacet
  facet normal -0.0694785 -0.705427 -0.705369
    outer loop
      vertex 41.8 2.85159 0.059515
      vertex 41.9325 2.89805 0
      vertex 41.9856 2.83331 0.059515
    endloop
  endfacet
  facet normal -0.069478 -0.705428 -0.705368
    outer loop
      vertex 41.9325 2.89805 0
      vertex 41.8 2.85159 0.059515
      vertex 41.8 2.9111 0
    endloop
  endfacet
  facet normal 0.262813 -0.491518 -0.830265
    outer loop
      vertex 41.5294 2.55327 0.222881
      vertex 41.4072 2.48793 0.222881
      vertex 41.2713 2.69122 0.059515
    endloop
  endfacet
  facet normal 0.181192 -0.338869 -0.923221
    outer loop
      vertex 41.5294 2.55327 0.222881
      vertex 41.5581 2.26204 0.33541
      vertex 41.4072 2.48793 0.222881
    endloop
  endfacet
  facet normal 0.056953 0.187545 -0.980603
    outer loop
      vertex 41.7437 1.76417 0.392776
      vertex 41.715 1.47294 0.33541
      vertex 41.6334 1.49772 0.33541
    endloop
  endfacet
  facet normal -0.0694751 0.705398 -0.705398
    outer loop
      vertex 41.8 0.94841 0.059515
      vertex 41.9325 0.901945 0
      vertex 41.8 0.888895 0
    endloop
  endfacet
  facet normal -0.069489 0.70538 -0.705415
    outer loop
      vertex 41.9325 0.901945 0
      vertex 41.8 0.94841 0.059515
      vertex 41.9856 0.966694 0.059515
    endloop
  endfacet
  facet normal -0.334581 0.625088 -0.705209
    outer loop
      vertex 42.3287 1.10878 0.059515
      vertex 42.3617 1.0593 0
      vertex 42.3044 1.02863 0
    endloop
  endfacet
  facet normal 0.449803 0.548095 -0.705174
    outer loop
      vertex 41.188 1.10057 0
      vertex 41.1271 1.22712 0.059515
      vertex 41.2713 1.10878 0.059515
    endloop
  endfacet
  facet normal 0.449453 0.548048 -0.705433
    outer loop
      vertex 41.1271 1.22712 0.059515
      vertex 41.188 1.10057 0
      vertex 41.085 1.18504 0
    endloop
  endfacet
  facet normal 0.124326 0.151533 -0.980602
    outer loop
      vertex 41.7183 1.77775 0.392776
      vertex 41.5581 1.53796 0.33541
      vertex 41.4921 1.59211 0.33541
    endloop
  endfacet
  facet normal 0.367669 0.111633 -0.923232
    outer loop
      vertex 41.3729 1.81505 0.33541
      vertex 41.3977 1.73337 0.33541
      vertex 41.1467 1.62941 0.222881
    endloop
  endfacet
  facet normal 0.36779 0.111468 -0.923204
    outer loop
      vertex 41.3729 1.81505 0.33541
      vertex 41.1467 1.62941 0.222881
      vertex 41.1065 1.76205 0.222881
    endloop
  endfacet
  facet normal -0.0377005 0.38241 -0.923223
    outer loop
      vertex 41.8 1.46457 0.33541
      vertex 41.8849 1.47294 0.33541
      vertex 41.8 1.1929 0.222881
    endloop
  endfacet
  facet normal -0.19509 0.0190616 -0.9806
    outer loop
      vertex 42.0351 1.88027 0.374865
      vertex 41.947 1.9 0.392776
      vertex 42.0346 1.9 0.375348
    endloop
  endfacet
  facet normal -0.195093 0.0190468 -0.9806
    outer loop
      vertex 41.947 1.9 0.392776
      vertex 42.0351 1.88027 0.374865
      vertex 41.9442 1.87132 0.392776
    endloop
  endfacet
  facet normal -0.150889 0.12503 -0.980612
    outer loop
      vertex 41.904 1.79604 0.392776
      vertex 42.0597 1.65085 0.350306
      vertex 42.0615 1.63845 0.348448
    endloop
  endfacet
  facet normal -0.151825 0.124022 -0.980596
    outer loop
      vertex 42.0597 1.65085 0.350306
      vertex 41.904 1.79604 0.392776
      vertex 41.9222 1.81832 0.392776
    endloop
  endfacet
  facet normal -0.0376861 0.382407 -0.923225
    outer loop
      vertex 41.8849 1.47294 0.33541
      vertex 41.9379 1.20649 0.222881
      vertex 41.8 1.1929 0.222881
    endloop
  endfacet
  facet normal 0.0192327 -0.195046 -0.980606
    outer loop
      vertex 41.8 2.04703 0.392776
      vertex 41.7713 2.0442 0.392776
      vertex 41.715 2.32706 0.33541
    endloop
  endfacet
  facet normal 0.449766 0.548176 -0.705134
    outer loop
      vertex 41.2713 1.10878 0.059515
      vertex 41.2383 1.0593 0
      vertex 41.188 1.10057 0
    endloop
  endfacet
  facet normal 0.243716 0.297093 -0.923222
    outer loop
      vertex 41.4921 1.59211 0.33541
      vertex 41.4072 1.31207 0.222881
      vertex 41.3 1.40001 0.222881
    endloop
  endfacet
  facet normal 0.262765 0.491582 -0.830242
    outer loop
      vertex 41.5294 1.24673 0.222881
      vertex 41.4358 1.02085 0.059515
      vertex 41.2713 1.10878 0.059515
    endloop
  endfacet
  facet normal 0.491513 0.262905 -0.830239
    outer loop
      vertex 41.1467 1.62941 0.222881
      vertex 41.0088 1.37132 0.059515
      vertex 40.9208 1.53584 0.059515
    endloop
  endfacet
  facet normal 0.624911 0.334346 -0.705478
    outer loop
      vertex 41.0088 1.37132 0.059515
      vertex 40.9593 1.33826 0
      vertex 40.9286 1.39564 0
    endloop
  endfacet
  facet normal -0.35372 -0.430788 -0.830244
    outer loop
      vertex 42.3287 2.69122 0.059515
      vertex 42.3505 2.67332 0.059515
      vertex 42.2211 2.53023 0.18889
    endloop
  endfacet
  facet normal -0.262768 -0.49153 -0.830272
    outer loop
      vertex 42.0706 2.55327 0.222881
      vertex 42.2211 2.53023 0.18889
      vertex 42.1871 2.49099 0.222881
    endloop
  endfacet
  facet normal -0.262769 -0.491576 -0.830244
    outer loop
      vertex 42.2211 2.53023 0.18889
      vertex 42.0706 2.55327 0.222881
      vertex 42.3287 2.69122 0.059515
    endloop
  endfacet
  facet normal 0.161757 -0.533429 -0.830234
    outer loop
      vertex 41.6144 2.83331 0.059515
      vertex 41.6621 2.59351 0.222881
      vertex 41.5294 2.55327 0.222881
    endloop
  endfacet
  facet normal -0.181098 -0.338884 -0.923234
    outer loop
      vertex 42.0706 2.55327 0.222881
      vertex 42.0419 2.26204 0.33541
      vertex 41.9666 2.30228 0.33541
    endloop
  endfacet
  facet normal -0.195084 0.0189386 -0.980604
    outer loop
      vertex 42.0351 1.88027 0.374865
      vertex 42.0358 1.8531 0.374201
      vertex 41.9442 1.87132 0.392776
    endloop
  endfacet
  facet normal 0.624888 -0.334266 -0.705536
    outer loop
      vertex 40.9208 2.26416 0.059515
      vertex 40.9286 2.40436 0
      vertex 41.0088 2.42867 0.059515
    endloop
  endfacet
  facet normal 0.625658 -0.334061 -0.704951
    outer loop
      vertex 40.9286 2.40436 0
      vertex 40.9208 2.26416 0.059515
      vertex 40.8659 2.28693 0
    endloop
  endfacet
  facet normal 0.491507 -0.262918 -0.830238
    outer loop
      vertex 41.0088 2.42867 0.059515
      vertex 41.1467 2.17059 0.222881
      vertex 40.9208 2.26416 0.059515
    endloop
  endfacet
  facet normal 0.705587 -0.0695515 -0.705202
    outer loop
      vertex 40.7953 1.96475 0
      vertex 40.8667 2.08565 0.059515
      vertex 40.8484 1.9 0.059515
    endloop
  endfacet
  facet normal 0.70527 -0.0691911 -0.705554
    outer loop
      vertex 40.8667 2.08565 0.059515
      vertex 40.7953 1.96475 0
      vertex 40.8083 2.09726 0
    endloop
  endfacet
  facet normal 0.55473 -0.0546812 -0.830231
    outer loop
      vertex 40.8667 2.08565 0.059515
      vertex 41.0929 1.9 0.222881
      vertex 40.8484 1.9 0.059515
    endloop
  endfacet
  facet normal -0.0377017 -0.382422 -0.923218
    outer loop
      vertex 41.8 2.60709 0.222881
      vertex 41.8849 2.32706 0.33541
      vertex 41.8 2.33543 0.33541
    endloop
  endfacet
  facet normal 0.172809 0.0924546 -0.980607
    outer loop
      vertex 41.6642 1.84374 0.392776
      vertex 41.6778 1.81832 0.392776
      vertex 41.438 1.65809 0.33541
    endloop
  endfacet
  facet normal 0.124305 -0.151559 -0.980601
    outer loop
      vertex 41.7183 2.02225 0.392776
      vertex 41.696 2.00396 0.392776
      vertex 41.4921 2.20789 0.33541
    endloop
  endfacet
  facet normal 0.195054 0.0190429 -0.980608
    outer loop
      vertex 41.653 1.9 0.392776
      vertex 41.6558 1.87132 0.392776
      vertex 41.3646 1.9 0.33541
    endloop
  endfacet
  facet normal -0.0923831 0.172874 -0.980602
    outer loop
      vertex 42.0419 1.53796 0.33541
      vertex 41.9666 1.49772 0.33541
      vertex 41.8817 1.77775 0.392776
    endloop
  endfacet
  facet normal -0.056883 -0.187571 -0.980603
    outer loop
      vertex 41.8849 2.32706 0.33541
      vertex 41.8563 2.03583 0.392776
      vertex 41.8287 2.0442 0.392776
    endloop
  endfacet
  facet normal 0.243743 -0.297083 -0.923218
    outer loop
      vertex 41.5581 2.26204 0.33541
      vertex 41.4921 2.20789 0.33541
      vertex 41.4072 2.48793 0.222881
    endloop
  endfacet
  facet normal 0.0546363 -0.554732 -0.830233
    outer loop
      vertex 41.8 2.85159 0.059515
      vertex 41.8 2.60709 0.222881
      vertex 41.6144 2.83331 0.059515
    endloop
  endfacet
  facet normal 0.548099 -0.449623 -0.705284
    outer loop
      vertex 41.0006 2.51203 0
      vertex 41.1271 2.57288 0.059515
      vertex 41.0088 2.42867 0.059515
    endloop
  endfacet
  facet normal 0.54807 -0.449404 -0.705447
    outer loop
      vertex 41.1271 2.57288 0.059515
      vertex 41.0006 2.51203 0
      vertex 41.085 2.61496 0
    endloop
  endfacet
  facet normal 0.297124 -0.243626 -0.923235
    outer loop
      vertex 41.4921 2.20789 0.33541
      vertex 41.438 2.14191 0.33541
      vertex 41.2121 2.29284 0.222881
    endloop
  endfacet
  facet normal -0.0924201 0.172862 -0.9806
    outer loop
      vertex 41.8817 1.77775 0.392776
      vertex 41.9666 1.49772 0.33541
      vertex 41.8563 1.76417 0.392776
    endloop
  endfacet
  facet normal 0.019207 -0.195053 -0.980605
    outer loop
      vertex 41.8 2.33543 0.33541
      vertex 41.8 2.04703 0.392776
      vertex 41.715 2.32706 0.33541
    endloop
  endfacet
  facet normal -0.0192334 -0.195052 -0.980604
    outer loop
      vertex 41.8849 2.32706 0.33541
      vertex 41.8287 2.0442 0.392776
      vertex 41.8 2.04703 0.392776
    endloop
  endfacet
  facet normal 0.449803 -0.548095 -0.705174
    outer loop
      vertex 41.1271 2.57288 0.059515
      vertex 41.188 2.69943 0
      vertex 41.2713 2.69122 0.059515
    endloop
  endfacet
  facet normal 0.449453 -0.548048 -0.705433
    outer loop
      vertex 41.188 2.69943 0
      vertex 41.1271 2.57288 0.059515
      vertex 41.085 2.61496 0
    endloop
  endfacet
  facet normal -0.187322 0.0575148 -0.980613
    outer loop
      vertex 41.9358 1.84374 0.392776
      vertex 42.0381 1.82113 0.371908
      vertex 42.0395 1.80078 0.370447
    endloop
  endfacet
  facet normal -0.187419 0.0570819 -0.98062
    outer loop
      vertex 42.0381 1.82113 0.371908
      vertex 41.9358 1.84374 0.392776
      vertex 41.9442 1.87132 0.392776
    endloop
  endfacet
  facet normal 0.069414 0.705351 -0.705451
    outer loop
      vertex 41.6144 0.966694 0.059515
      vertex 41.6675 0.901945 0
      vertex 41.6027 0.908322 0
    endloop
  endfacet
  facet normal -0.205902 0.678092 -0.705547
    outer loop
      vertex 42.0595 0.927209 0
      vertex 41.9973 0.908322 0
      vertex 41.9856 0.966694 0.059515
    endloop
  endfacet
  facet normal -0.0546498 0.554747 -0.830222
    outer loop
      vertex 41.8 1.1929 0.222881
      vertex 41.9856 0.966694 0.059515
      vertex 41.8 0.94841 0.059515
    endloop
  endfacet
  facet normal -0.056891 0.18757 -0.980602
    outer loop
      vertex 41.9666 1.49772 0.33541
      vertex 41.8849 1.47294 0.33541
      vertex 41.8563 1.76417 0.392776
    endloop
  endfacet
  facet normal -0.16175 0.533433 -0.830232
    outer loop
      vertex 42.0706 1.24673 0.222881
      vertex 42.1642 1.02085 0.059515
      vertex 41.9856 0.966694 0.059515
    endloop
  endfacet
  facet normal 0.533447 0.161669 -0.83024
    outer loop
      vertex 41.1467 1.62941 0.222881
      vertex 40.9208 1.53584 0.059515
      vertex 40.8667 1.71435 0.059515
    endloop
  endfacet
  facet normal 0.678653 0.205675 -0.705073
    outer loop
      vertex 40.847 1.57533 0
      vertex 40.8667 1.71435 0.059515
      vertex 40.9208 1.53584 0.059515
    endloop
  endfacet
  facet normal 0.678073 0.20596 -0.705548
    outer loop
      vertex 40.8667 1.71435 0.059515
      vertex 40.847 1.57533 0
      vertex 40.8083 1.70274 0
    endloop
  endfacet
  facet normal -0.111508 -0.367723 -0.923226
    outer loop
      vertex 41.9379 2.59351 0.222881
      vertex 42.0706 2.55327 0.222881
      vertex 41.8849 2.32706 0.33541
    endloop
  endfacet
  facet normal 0.262813 0.491518 -0.830265
    outer loop
      vertex 41.4072 1.31207 0.222881
      vertex 41.5294 1.24673 0.222881
      vertex 41.2713 1.10878 0.059515
    endloop
  endfacet
  facet normal 0.16175 0.533433 -0.830232
    outer loop
      vertex 41.5294 1.24673 0.222881
      vertex 41.6144 0.966694 0.059515
      vertex 41.4358 1.02085 0.059515
    endloop
  endfacet
  facet normal 0.297091 0.243717 -0.923222
    outer loop
      vertex 41.4921 1.59211 0.33541
      vertex 41.3 1.40001 0.222881
      vertex 41.2121 1.50716 0.222881
    endloop
  endfacet
  facet normal 0.297124 0.243626 -0.923235
    outer loop
      vertex 41.438 1.65809 0.33541
      vertex 41.4921 1.59211 0.33541
      vertex 41.2121 1.50716 0.222881
    endloop
  endfacet
  facet normal 0.54807 0.449404 -0.705447
    outer loop
      vertex 41.0006 1.28797 0
      vertex 41.1271 1.22712 0.059515
      vertex 41.085 1.18504 0
    endloop
  endfacet
  facet normal 0.548104 0.449658 -0.705258
    outer loop
      vertex 41.1271 1.22712 0.059515
      vertex 41.0006 1.28797 0
      vertex 41.0088 1.37132 0.059515
    endloop
  endfacet
  facet normal 0.334069 0.625348 -0.705222
    outer loop
      vertex 41.2956 1.02863 0
      vertex 41.4358 1.02085 0.059515
      vertex 41.4131 0.96586 0
    endloop
  endfacet
  facet normal 0.334135 0.625102 -0.705409
    outer loop
      vertex 41.4358 1.02085 0.059515
      vertex 41.2956 1.02863 0
      vertex 41.2713 1.10878 0.059515
    endloop
  endfacet
  facet normal 0.624913 0.334259 -0.705517
    outer loop
      vertex 40.9286 1.39564 0
      vertex 40.9208 1.53584 0.059515
      vertex 41.0088 1.37132 0.059515
    endloop
  endfacet
  facet normal 0.625658 0.334061 -0.704951
    outer loop
      vertex 40.9208 1.53584 0.059515
      vertex 40.9286 1.39564 0
      vertex 40.8659 1.51307 0
    endloop
  endfacet
  facet normal -0.205936 -0.678095 -0.705534
    outer loop
      vertex 41.9973 2.89168 0
      vertex 42.0595 2.87279 0
      vertex 41.9856 2.83331 0.059515
    endloop
  endfacet
  facet normal -0.151401 -0.124375 -0.980616
    outer loop
      vertex 42.0597 2.14915 0.350306
      vertex 42.0471 2.06509 0.362913
      vertex 41.9222 1.98168 0.392776
    endloop
  endfacet
  facet normal 0.334581 -0.625088 -0.705209
    outer loop
      vertex 41.2956 2.77137 0
      vertex 41.2713 2.69122 0.059515
      vertex 41.2383 2.7407 0
    endloop
  endfacet
  facet normal -0.125215 0.150445 -0.980657
    outer loop
      vertex 41.8817 1.77775 0.392776
      vertex 42.0615 1.63845 0.348448
      vertex 42.0633 1.62873 0.346727
    endloop
  endfacet
  facet normal -0.124321 0.151578 -0.980596
    outer loop
      vertex 42.0615 1.63845 0.348448
      vertex 41.8817 1.77775 0.392776
      vertex 41.904 1.79604 0.392776
    endloop
  endfacet
  facet normal 0.297091 -0.243717 -0.923222
    outer loop
      vertex 41.3 2.39999 0.222881
      vertex 41.4921 2.20789 0.33541
      vertex 41.2121 2.29284 0.222881
    endloop
  endfacet
  facet normal 0.491489 -0.262932 -0.830244
    outer loop
      vertex 41.2121 2.29284 0.222881
      vertex 41.1467 2.17059 0.222881
      vertex 41.0088 2.42867 0.059515
    endloop
  endfacet
  facet normal 0.161761 -0.533429 -0.830233
    outer loop
      vertex 41.6144 2.83331 0.059515
      vertex 41.5294 2.55327 0.222881
      vertex 41.4358 2.77915 0.059515
    endloop
  endfacet
  facet normal 0.262765 -0.491582 -0.830242
    outer loop
      vertex 41.4358 2.77915 0.059515
      vertex 41.5294 2.55327 0.222881
      vertex 41.2713 2.69122 0.059515
    endloop
  endfacet
  facet normal 0.0546288 -0.554736 -0.830231
    outer loop
      vertex 41.8 2.60709 0.222881
      vertex 41.6621 2.59351 0.222881
      vertex 41.6144 2.83331 0.059515
    endloop
  endfacet
  facet normal 0.11165 -0.36766 -0.923234
    outer loop
      vertex 41.715 2.32706 0.33541
      vertex 41.6334 2.30228 0.33541
      vertex 41.5294 2.55327 0.222881
    endloop
  endfacet
  facet normal 0.151755 -0.123965 -0.980614
    outer loop
      vertex 41.696 2.00396 0.392776
      vertex 41.6778 1.98168 0.392776
      vertex 41.438 2.14191 0.33541
    endloop
  endfacet
  facet normal 0.338783 -0.181362 -0.923219
    outer loop
      vertex 41.438 2.14191 0.33541
      vertex 41.3977 2.06663 0.33541
      vertex 41.1467 2.17059 0.222881
    endloop
  endfacet
  facet normal 0.15158 -0.124287 -0.9806
    outer loop
      vertex 41.4921 2.20789 0.33541
      vertex 41.696 2.00396 0.392776
      vertex 41.438 2.14191 0.33541
    endloop
  endfacet
  facet normal 0.172809 -0.0924546 -0.980607
    outer loop
      vertex 41.6778 1.98168 0.392776
      vertex 41.6642 1.95626 0.392776
      vertex 41.438 2.14191 0.33541
    endloop
  endfacet
  facet normal -0.151825 -0.124022 -0.980596
    outer loop
      vertex 41.904 2.00396 0.392776
      vertex 42.0597 2.14915 0.350306
      vertex 41.9222 1.98168 0.392776
    endloop
  endfacet
  facet normal -0.150889 -0.12503 -0.980612
    outer loop
      vertex 42.0597 2.14915 0.350306
      vertex 41.904 2.00396 0.392776
      vertex 42.0615 2.16155 0.348448
    endloop
  endfacet
  facet normal 0.0546498 0.554747 -0.830222
    outer loop
      vertex 41.8 1.1929 0.222881
      vertex 41.8 0.94841 0.059515
      vertex 41.6144 0.966694 0.059515
    endloop
  endfacet
  facet normal 0.0694751 0.705398 -0.705398
    outer loop
      vertex 41.6675 0.901945 0
      vertex 41.8 0.94841 0.059515
      vertex 41.8 0.888895 0
    endloop
  endfacet
  facet normal 0.069489 0.70538 -0.705415
    outer loop
      vertex 41.8 0.94841 0.059515
      vertex 41.6675 0.901945 0
      vertex 41.6144 0.966694 0.059515
    endloop
  endfacet
  facet normal -0.069414 0.705351 -0.705451
    outer loop
      vertex 41.9856 0.966694 0.059515
      vertex 41.9973 0.908322 0
      vertex 41.9325 0.901945 0
    endloop
  endfacet
  facet normal -0.262765 0.491582 -0.830242
    outer loop
      vertex 42.3287 1.10878 0.059515
      vertex 42.1642 1.02085 0.059515
      vertex 42.0706 1.24673 0.222881
    endloop
  endfacet
  facet normal 0.678713 0.206034 -0.70491
    outer loop
      vertex 40.9208 1.53584 0.059515
      vertex 40.8659 1.51307 0
      vertex 40.847 1.57533 0
    endloop
  endfacet
  facet normal 0.353491 0.43091 -0.830277
    outer loop
      vertex 41.3 1.40001 0.222881
      vertex 41.4072 1.31207 0.222881
      vertex 41.2713 1.10878 0.059515
    endloop
  endfacet
  facet normal 0.353608 0.430879 -0.830244
    outer loop
      vertex 41.3 1.40001 0.222881
      vertex 41.2713 1.10878 0.059515
      vertex 41.1271 1.22712 0.059515
    endloop
  endfacet
  facet normal 0.11165 0.36766 -0.923234
    outer loop
      vertex 41.6334 1.49772 0.33541
      vertex 41.715 1.47294 0.33541
      vertex 41.5294 1.24673 0.222881
    endloop
  endfacet
  facet normal 0.181098 0.338884 -0.923234
    outer loop
      vertex 41.5581 1.53796 0.33541
      vertex 41.6334 1.49772 0.33541
      vertex 41.5294 1.24673 0.222881
    endloop
  endfacet
  facet normal -0.0546288 -0.554736 -0.830231
    outer loop
      vertex 41.9856 2.83331 0.059515
      vertex 41.9379 2.59351 0.222881
      vertex 41.8 2.60709 0.222881
    endloop
  endfacet
  facet normal -0.161757 -0.533429 -0.830234
    outer loop
      vertex 41.9856 2.83331 0.059515
      vertex 42.0706 2.55327 0.222881
      vertex 41.9379 2.59351 0.222881
    endloop
  endfacet
  facet normal -0.243628 -0.297152 -0.923226
    outer loop
      vertex 42.1703 2.45423 0.239668
      vertex 42.0746 2.23523 0.33541
      vertex 42.0419 2.26204 0.33541
    endloop
  endfacet
  facet normal -0.181137 -0.338831 -0.923246
    outer loop
      vertex 42.1703 2.45423 0.239668
      vertex 42.0706 2.55327 0.222881
      vertex 42.1871 2.49099 0.222881
    endloop
  endfacet
  facet normal -0.18118 -0.338871 -0.923223
    outer loop
      vertex 42.0706 2.55327 0.222881
      vertex 42.1703 2.45423 0.239668
      vertex 42.0419 2.26204 0.33541
    endloop
  endfacet
  facet normal 0.334069 -0.625348 -0.705222
    outer loop
      vertex 41.4358 2.77915 0.059515
      vertex 41.2956 2.77137 0
      vertex 41.4131 2.83414 0
    endloop
  endfacet
  facet normal 0.334135 -0.625102 -0.705409
    outer loop
      vertex 41.2956 2.77137 0
      vertex 41.4358 2.77915 0.059515
      vertex 41.2713 2.69122 0.059515
    endloop
  endfacet
  facet normal 0.205698 -0.678319 -0.705388
    outer loop
      vertex 41.4358 2.77915 0.059515
      vertex 41.5405 2.87279 0
      vertex 41.6144 2.83331 0.059515
    endloop
  endfacet
  facet normal 0.205804 -0.67838 -0.705298
    outer loop
      vertex 41.5405 2.87279 0
      vertex 41.4358 2.77915 0.059515
      vertex 41.4131 2.83414 0
    endloop
  endfacet
  facet normal 0.449766 -0.548176 -0.705134
    outer loop
      vertex 41.2383 2.7407 0
      vertex 41.2713 2.69122 0.059515
      vertex 41.188 2.69943 0
    endloop
  endfacet
  facet normal 0.187441 -0.0570887 -0.980615
    outer loop
      vertex 41.6642 1.95626 0.392776
      vertex 41.6558 1.92868 0.392776
      vertex 41.3977 2.06663 0.33541
    endloop
  endfacet
  facet normal -0.0192296 0.195053 -0.980604
    outer loop
      vertex 41.8 1.75297 0.392776
      vertex 41.8849 1.47294 0.33541
      vertex 41.8 1.46457 0.33541
    endloop
  endfacet
  facet normal 0.243716 -0.297093 -0.923222
    outer loop
      vertex 41.4072 2.48793 0.222881
      vertex 41.4921 2.20789 0.33541
      vertex 41.3 2.39999 0.222881
    endloop
  endfacet
  facet normal 0.353491 -0.43091 -0.830277
    outer loop
      vertex 41.4072 2.48793 0.222881
      vertex 41.3 2.39999 0.222881
      vertex 41.2713 2.69122 0.059515
    endloop
  endfacet
  facet normal 0.111519 -0.367756 -0.923211
    outer loop
      vertex 41.6621 2.59351 0.222881
      vertex 41.715 2.32706 0.33541
      vertex 41.5294 2.55327 0.222881
    endloop
  endfacet
  facet normal 0.03766 -0.382423 -0.923219
    outer loop
      vertex 41.8 2.60709 0.222881
      vertex 41.715 2.32706 0.33541
      vertex 41.6621 2.59351 0.222881
    endloop
  endfacet
  facet normal -0.056891 -0.18757 -0.980602
    outer loop
      vertex 41.8849 2.32706 0.33541
      vertex 41.9666 2.30228 0.33541
      vertex 41.8563 2.03583 0.392776
    endloop
  endfacet
  facet normal -0.111528 -0.367709 -0.923229
    outer loop
      vertex 42.0706 2.55327 0.222881
      vertex 41.9666 2.30228 0.33541
      vertex 41.8849 2.32706 0.33541
    endloop
  endfacet
  facet normal 0.172777 -0.0924935 -0.980609
    outer loop
      vertex 41.438 2.14191 0.33541
      vertex 41.6642 1.95626 0.392776
      vertex 41.3977 2.06663 0.33541
    endloop
  endfacet
  facet normal 0.195054 -0.0190429 -0.980608
    outer loop
      vertex 41.6558 1.92868 0.392776
      vertex 41.653 1.9 0.392776
      vertex 41.3646 1.9 0.33541
    endloop
  endfacet
  facet normal -0.172943 0.0918212 -0.980642
    outer loop
      vertex 41.9222 1.81832 0.392776
      vertex 42.0395 1.80078 0.370447
      vertex 42.0417 1.78209 0.368309
    endloop
  endfacet
  facet normal -0.172838 0.0924703 -0.9806
    outer loop
      vertex 42.0395 1.80078 0.370447
      vertex 41.9222 1.81832 0.392776
      vertex 41.9358 1.84374 0.392776
    endloop
  endfacet
  facet normal 0.019207 0.195053 -0.980605
    outer loop
      vertex 41.8 1.75297 0.392776
      vertex 41.8 1.46457 0.33541
      vertex 41.715 1.47294 0.33541
    endloop
  endfacet
  facet normal -0.181098 0.338884 -0.923234
    outer loop
      vertex 42.0419 1.53796 0.33541
      vertex 42.0706 1.24673 0.222881
      vertex 41.9666 1.49772 0.33541
    endloop
  endfacet
  facet normal 0.205678 0.678303 -0.705409
    outer loop
      vertex 41.5405 0.927209 0
      vertex 41.4358 1.02085 0.059515
      vertex 41.6144 0.966694 0.059515
    endloop
  endfacet
  facet normal 0.205808 0.678378 -0.705299
    outer loop
      vertex 41.4358 1.02085 0.059515
      vertex 41.5405 0.927209 0
      vertex 41.4131 0.96586 0
    endloop
  endfacet
  facet normal 0.205902 0.678092 -0.705547
    outer loop
      vertex 41.6144 0.966694 0.059515
      vertex 41.6027 0.908322 0
      vertex 41.5405 0.927209 0
    endloop
  endfacet
  facet normal -0.449364 0.548284 -0.705306
    outer loop
      vertex 42.3505 1.12668 0.059515
      vertex 42.4 1.09069 0
      vertex 42.3617 1.0593 0
    endloop
  endfacet
  facet normal -0.449613 0.54802 -0.705353
    outer loop
      vertex 42.4 1.09069 0
      vertex 42.3505 1.12668 0.059515
      vertex 42.4 1.10356 0.00999928
    endloop
  endfacet
  facet normal -0.449979 0.548019 -0.705121
    outer loop
      vertex 42.3505 1.12668 0.059515
      vertex 42.3617 1.0593 0
      vertex 42.3287 1.10878 0.059515
    endloop
  endfacet
  facet normal 0.0376562 0.382411 -0.923225
    outer loop
      vertex 41.8 1.46457 0.33541
      vertex 41.8 1.1929 0.222881
      vertex 41.715 1.47294 0.33541
    endloop
  endfacet
  facet normal -0.054669 0.554736 -0.830229
    outer loop
      vertex 41.9379 1.20649 0.222881
      vertex 41.9856 0.966694 0.059515
      vertex 41.8 1.1929 0.222881
    endloop
  endfacet
  facet normal -0.161759 0.533434 -0.83023
    outer loop
      vertex 42.0706 1.24673 0.222881
      vertex 41.9856 0.966694 0.059515
      vertex 41.9379 1.20649 0.222881
    endloop
  endfacet
  facet normal -0.111508 0.367723 -0.923226
    outer loop
      vertex 42.0706 1.24673 0.222881
      vertex 41.9379 1.20649 0.222881
      vertex 41.8849 1.47294 0.33541
    endloop
  endfacet
  facet normal -0.111528 0.367709 -0.923229
    outer loop
      vertex 41.9666 1.49772 0.33541
      vertex 42.0706 1.24673 0.222881
      vertex 41.8849 1.47294 0.33541
    endloop
  endfacet
  facet normal -0.151401 0.124375 -0.980616
    outer loop
      vertex 42.0471 1.73491 0.362913
      vertex 42.0597 1.65085 0.350306
      vertex 41.9222 1.81832 0.392776
    endloop
  endfacet
  facet normal 0.205936 -0.678095 -0.705534
    outer loop
      vertex 41.6027 2.89168 0
      vertex 41.6144 2.83331 0.059515
      vertex 41.5405 2.87279 0
    endloop
  endfacet
  facet normal 0.430951 -0.353529 -0.83024
    outer loop
      vertex 41.3 2.39999 0.222881
      vertex 41.2121 2.29284 0.222881
      vertex 41.1271 2.57288 0.059515
    endloop
  endfacet
  facet normal 0.353608 -0.430879 -0.830244
    outer loop
      vertex 41.2713 2.69122 0.059515
      vertex 41.3 2.39999 0.222881
      vertex 41.1271 2.57288 0.059515
    endloop
  endfacet
  facet normal -0.172769 0.0923797 -0.980621
    outer loop
      vertex 42.0417 1.78209 0.368309
      vertex 42.0471 1.73491 0.362913
      vertex 41.9222 1.81832 0.392776
    endloop
  endfacet
  facet normal 0.161759 0.533434 -0.83023
    outer loop
      vertex 41.6621 1.20649 0.222881
      vertex 41.6144 0.966694 0.059515
      vertex 41.5294 1.24673 0.222881
    endloop
  endfacet
  facet normal 0.054669 0.554736 -0.830229
    outer loop
      vertex 41.6621 1.20649 0.222881
      vertex 41.8 1.1929 0.222881
      vertex 41.6144 0.966694 0.059515
    endloop
  endfacet
  facet normal -0.35372 0.430788 -0.830244
    outer loop
      vertex 42.3505 1.12668 0.059515
      vertex 42.3287 1.10878 0.059515
      vertex 42.2211 1.26977 0.18889
    endloop
  endfacet
  facet normal -0.243628 0.297152 -0.923226
    outer loop
      vertex 42.0746 1.56477 0.33541
      vertex 42.1703 1.34577 0.239668
      vertex 42.0419 1.53796 0.33541
    endloop
  endfacet
  facet normal -0.124256 0.151555 -0.980608
    outer loop
      vertex 42.0419 1.53796 0.33541
      vertex 42.0633 1.62873 0.346727
      vertex 42.0746 1.56477 0.33541
    endloop
  endfacet
  facet normal -0.124285 0.151561 -0.980603
    outer loop
      vertex 42.0633 1.62873 0.346727
      vertex 42.0419 1.53796 0.33541
      vertex 41.8817 1.77775 0.392776
    endloop
  endfacet
  facet normal -0.056883 0.187571 -0.980603
    outer loop
      vertex 41.8563 1.76417 0.392776
      vertex 41.8849 1.47294 0.33541
      vertex 41.8287 1.7558 0.392776
    endloop
  endfacet
  facet normal -0.0192334 0.195052 -0.980604
    outer loop
      vertex 41.8287 1.7558 0.392776
      vertex 41.8849 1.47294 0.33541
      vertex 41.8 1.75297 0.392776
    endloop
  endfacet
  facet normal -0.205808 0.678378 -0.705299
    outer loop
      vertex 42.0595 0.927209 0
      vertex 42.1642 1.02085 0.059515
      vertex 42.1869 0.96586 0
    endloop
  endfacet
  facet normal -0.205678 0.678303 -0.705409
    outer loop
      vertex 42.1642 1.02085 0.059515
      vertex 42.0595 0.927209 0
      vertex 41.9856 0.966694 0.059515
    endloop
  endfacet
  facet normal -0.334069 0.625348 -0.705222
    outer loop
      vertex 42.1642 1.02085 0.059515
      vertex 42.3044 1.02863 0
      vertex 42.1869 0.96586 0
    endloop
  endfacet
  facet normal -0.334135 0.625102 -0.705409
    outer loop
      vertex 42.3044 1.02863 0
      vertex 42.1642 1.02085 0.059515
      vertex 42.3287 1.10878 0.059515
    endloop
  endfacet
  facet normal -0.181137 0.338831 -0.923246
    outer loop
      vertex 42.0706 1.24673 0.222881
      vertex 42.1703 1.34577 0.239668
      vertex 42.1871 1.30901 0.222881
    endloop
  endfacet
  facet normal -0.18118 0.338871 -0.923223
    outer loop
      vertex 42.1703 1.34577 0.239668
      vertex 42.0706 1.24673 0.222881
      vertex 42.0419 1.53796 0.33541
    endloop
  endfacet
  facet normal -0.262769 0.491576 -0.830244
    outer loop
      vertex 42.0706 1.24673 0.222881
      vertex 42.2211 1.26977 0.18889
      vertex 42.3287 1.10878 0.059515
    endloop
  endfacet
  facet normal -0.262768 0.49153 -0.830272
    outer loop
      vertex 42.2211 1.26977 0.18889
      vertex 42.0706 1.24673 0.222881
      vertex 42.1871 1.30901 0.222881
    endloop
  endfacet
  facet normal 0 0 -1
    outer loop
      vertex 41.9442 1.87132 0.392776
      vertex 41.9442 1.92868 0.392776
      vertex 41.947 1.9 0.392776
    endloop
  endfacet
  facet normal 0 0 -1
    outer loop
      vertex 41.9358 1.84374 0.392776
      vertex 41.9442 1.92868 0.392776
      vertex 41.9442 1.87132 0.392776
    endloop
  endfacet
  facet normal 0 0 -1
    outer loop
      vertex 41.9358 1.84374 0.392776
      vertex 41.9358 1.95626 0.392776
      vertex 41.9442 1.92868 0.392776
    endloop
  endfacet
  facet normal 0 0 -1
    outer loop
      vertex 41.9222 1.81832 0.392776
      vertex 41.9358 1.95626 0.392776
      vertex 41.9358 1.84374 0.392776
    endloop
  endfacet
  facet normal 0 0 -1
    outer loop
      vertex 41.9222 1.81832 0.392776
      vertex 41.9222 1.98168 0.392776
      vertex 41.9358 1.95626 0.392776
    endloop
  endfacet
  facet normal 0 0 -1
    outer loop
      vertex 41.904 1.79604 0.392776
      vertex 41.9222 1.98168 0.392776
      vertex 41.9222 1.81832 0.392776
    endloop
  endfacet
  facet normal 0 0 -1
    outer loop
      vertex 41.904 1.79604 0.392776
      vertex 41.904 2.00396 0.392776
      vertex 41.9222 1.98168 0.392776
    endloop
  endfacet
  facet normal 0 0 -1
    outer loop
      vertex 41.8817 1.77775 0.392776
      vertex 41.904 2.00396 0.392776
      vertex 41.904 1.79604 0.392776
    endloop
  endfacet
  facet normal 0 0 -1
    outer loop
      vertex 41.8817 1.77775 0.392776
      vertex 41.8817 2.02225 0.392776
      vertex 41.904 2.00396 0.392776
    endloop
  endfacet
  facet normal 0 0 -1
    outer loop
      vertex 41.8563 1.76417 0.392776
      vertex 41.8817 2.02225 0.392776
      vertex 41.8817 1.77775 0.392776
    endloop
  endfacet
  facet normal 0 0 -1
    outer loop
      vertex 41.8563 1.76417 0.392776
      vertex 41.8563 2.03583 0.392776
      vertex 41.8817 2.02225 0.392776
    endloop
  endfacet
  facet normal 0 0 -1
    outer loop
      vertex 41.8287 1.7558 0.392776
      vertex 41.8563 2.03583 0.392776
      vertex 41.8563 1.76417 0.392776
    endloop
  endfacet
  facet normal 0 0 -1
    outer loop
      vertex 41.8287 1.7558 0.392776
      vertex 41.8287 2.0442 0.392776
      vertex 41.8563 2.03583 0.392776
    endloop
  endfacet
  facet normal 0 0 -1
    outer loop
      vertex 41.8 1.75297 0.392776
      vertex 41.8287 2.0442 0.392776
      vertex 41.8287 1.7558 0.392776
    endloop
  endfacet
  facet normal 0 0 -1
    outer loop
      vertex 41.8 1.75297 0.392776
      vertex 41.8 2.04703 0.392776
      vertex 41.8287 2.0442 0.392776
    endloop
  endfacet
  facet normal 0 0 -1
    outer loop
      vertex 41.7713 1.7558 0.392776
      vertex 41.8 2.04703 0.392776
      vertex 41.8 1.75297 0.392776
    endloop
  endfacet
  facet normal 0 0 -1
    outer loop
      vertex 41.7713 1.7558 0.392776
      vertex 41.7713 2.0442 0.392776
      vertex 41.8 2.04703 0.392776
    endloop
  endfacet
  facet normal 0 0 -1
    outer loop
      vertex 41.7437 1.76417 0.392776
      vertex 41.7713 2.0442 0.392776
      vertex 41.7713 1.7558 0.392776
    endloop
  endfacet
  facet normal 0 0 -1
    outer loop
      vertex 41.7437 1.76417 0.392776
      vertex 41.7437 2.03583 0.392776
      vertex 41.7713 2.0442 0.392776
    endloop
  endfacet
  facet normal 0 0 -1
    outer loop
      vertex 41.7183 1.77775 0.392776
      vertex 41.7437 2.03583 0.392776
      vertex 41.7437 1.76417 0.392776
    endloop
  endfacet
  facet normal 0 0 -1
    outer loop
      vertex 41.7183 1.77775 0.392776
      vertex 41.7183 2.02225 0.392776
      vertex 41.7437 2.03583 0.392776
    endloop
  endfacet
  facet normal 0 0 -1
    outer loop
      vertex 41.696 1.79604 0.392776
      vertex 41.7183 2.02225 0.392776
      vertex 41.7183 1.77775 0.392776
    endloop
  endfacet
  facet normal 0 0 -1
    outer loop
      vertex 41.696 1.79604 0.392776
      vertex 41.696 2.00396 0.392776
      vertex 41.7183 2.02225 0.392776
    endloop
  endfacet
  facet normal 0 0 -1
    outer loop
      vertex 41.6778 1.81832 0.392776
      vertex 41.696 2.00396 0.392776
      vertex 41.696 1.79604 0.392776
    endloop
  endfacet
  facet normal 0 0 -1
    outer loop
      vertex 41.6778 1.81832 0.392776
      vertex 41.6778 1.98168 0.392776
      vertex 41.696 2.00396 0.392776
    endloop
  endfacet
  facet normal 0 0 -1
    outer loop
      vertex 41.6642 1.84374 0.392776
      vertex 41.6778 1.98168 0.392776
      vertex 41.6778 1.81832 0.392776
    endloop
  endfacet
  facet normal 0 0 -1
    outer loop
      vertex 41.6642 1.84374 0.392776
      vertex 41.6642 1.95626 0.392776
      vertex 41.6778 1.98168 0.392776
    endloop
  endfacet
  facet normal 0 0 -1
    outer loop
      vertex 41.6558 1.87132 0.392776
      vertex 41.6642 1.95626 0.392776
      vertex 41.6642 1.84374 0.392776
    endloop
  endfacet
  facet normal 0 0 -1
    outer loop
      vertex 41.6558 1.87132 0.392776
      vertex 41.6558 1.92868 0.392776
      vertex 41.6642 1.95626 0.392776
    endloop
  endfacet
  facet normal 0 -0 -1
    outer loop
      vertex 41.6558 1.92868 0.392776
      vertex 41.6558 1.87132 0.392776
      vertex 41.653 1.9 0.392776
    endloop
  endfacet
  facet normal -0.936172 0.351542 0
    outer loop
      vertex 34.6478 -61.0654 1
      vertex 34.6938 -60.9429 5.3
      vertex 34.6938 -60.9429 1
    endloop
  endfacet
  facet normal -0.936172 0.351542 0
    outer loop
      vertex 34.6938 -60.9429 5.3
      vertex 34.6478 -61.0654 1
      vertex 34.6478 -61.0654 5.3
    endloop
  endfacet
  facet normal -0.162665 0.986681 0
    outer loop
      vertex 33.1902 -62.2616 1
      vertex 33.061 -62.2829 5.3
      vertex 33.1902 -62.2616 5.3
    endloop
  endfacet
  facet normal -0.162665 0.986681 0
    outer loop
      vertex 33.061 -62.2829 5.3
      vertex 33.1902 -62.2616 1
      vertex 33.061 -62.2829 1
    endloop
  endfacet
  facet normal 0.58225 -0.81301 0
    outer loop
      vertex -34.0175 61.8867 1
      vertex -33.9111 61.9629 5.3
      vertex -34.0175 61.8867 5.3
    endloop
  endfacet
  facet normal 0.58225 -0.81301 0
    outer loop
      vertex -33.9111 61.9629 5.3
      vertex -34.0175 61.8867 1
      vertex -33.9111 61.9629 1
    endloop
  endfacet
  facet normal 0 1 -0
    outer loop
      vertex 32.8 -62.3 1
      vertex -32.8 -62.3 5.3
      vertex 32.8 -62.3 5.3
    endloop
  endfacet
  facet normal 0 1 0
    outer loop
      vertex -32.8 -62.3 5.3
      vertex 32.8 -62.3 1
      vertex -32.8 -62.3 1
    endloop
  endfacet
  facet normal -0.0978386 0.995202 0
    outer loop
      vertex 33.061 -62.2829 1
      vertex 32.9308 -62.2957 5.3
      vertex 33.061 -62.2829 5.3
    endloop
  endfacet
  facet normal -0.0978386 0.995202 0
    outer loop
      vertex 32.9308 -62.2957 5.3
      vertex 33.061 -62.2829 1
      vertex 32.9308 -62.2957 1
    endloop
  endfacet
  facet normal 0.58225 0.81301 -0
    outer loop
      vertex -33.9111 -61.9629 1
      vertex -34.0175 -61.8867 5.3
      vertex -33.9111 -61.9629 5.3
    endloop
  endfacet
  facet normal 0.58225 0.81301 0
    outer loop
      vertex -34.0175 -61.8867 5.3
      vertex -33.9111 -61.9629 1
      vertex -34.0175 -61.8867 1
    endloop
  endfacet
  facet normal -0.0328569 0.99946 0
    outer loop
      vertex 32.9308 -62.2957 1
      vertex 32.8 -62.3 5.3
      vertex 32.9308 -62.2957 5.3
    endloop
  endfacet
  facet normal -0.0328569 0.99946 0
    outer loop
      vertex 32.8 -62.3 5.3
      vertex 32.9308 -62.2957 1
      vertex 32.8 -62.3 1
    endloop
  endfacet
  facet normal 0.528143 -0.849156 0
    outer loop
      vertex -33.9111 61.9629 1
      vertex -33.8 62.032 5.3
      vertex -33.9111 61.9629 5.3
    endloop
  endfacet
  facet normal 0.528143 -0.849156 0
    outer loop
      vertex -33.8 62.032 5.3
      vertex -33.9111 61.9629 1
      vertex -33.8 62.032 1
    endloop
  endfacet
  facet normal 0.99946 -0.0328569 0
    outer loop
      vertex -34.8 60.3 5.3
      vertex -34.7957 60.4308 1
      vertex -34.7957 60.4308 5.3
    endloop
  endfacet
  facet normal 0.99946 -0.0328569 0
    outer loop
      vertex -34.7957 60.4308 1
      vertex -34.8 60.3 5.3
      vertex -34.8 60.3 1
    endloop
  endfacet
  facet normal 0.995202 -0.0978386 0
    outer loop
      vertex -34.7957 60.4308 5.3
      vertex -34.7829 60.561 1
      vertex -34.7829 60.561 5.3
    endloop
  endfacet
  facet normal 0.995202 -0.0978386 0
    outer loop
      vertex -34.7829 60.561 1
      vertex -34.7957 60.4308 5.3
      vertex -34.7957 60.4308 1
    endloop
  endfacet
  facet normal 0.881866 0.4715 0
    outer loop
      vertex -34.532 -61.3 5.3
      vertex -34.5937 -61.1846 1
      vertex -34.5937 -61.1846 5.3
    endloop
  endfacet
  facet normal 0.881866 0.4715 0
    outer loop
      vertex -34.5937 -61.1846 1
      vertex -34.532 -61.3 5.3
      vertex -34.532 -61.3 1
    endloop
  endfacet
  facet normal 0.0328569 -0.99946 0
    outer loop
      vertex -32.9308 62.2957 1
      vertex -32.8 62.3 5.3
      vertex -32.9308 62.2957 5.3
    endloop
  endfacet
  facet normal 0.0328569 -0.99946 0
    outer loop
      vertex -32.8 62.3 5.3
      vertex -32.9308 62.2957 1
      vertex -32.8 62.3 1
    endloop
  endfacet
  facet normal -0.729656 -0.683814 0
    outer loop
      vertex 34.3037 61.6187 1
      vertex 34.2142 61.7142 5.3
      vertex 34.2142 61.7142 1
    endloop
  endfacet
  facet normal -0.729656 -0.683814 0
    outer loop
      vertex 34.2142 61.7142 5.3
      vertex 34.3037 61.6187 1
      vertex 34.3037 61.6187 5.3
    endloop
  endfacet
  facet normal -1 0 0
    outer loop
      vertex 34.8 -60.3 1
      vertex 34.8 60.3 5.3
      vertex 34.8 60.3 1
    endloop
  endfacet
  facet normal -1 -0 0
    outer loop
      vertex 34.8 60.3 5.3
      vertex 34.8 -60.3 1
      vertex 34.8 -60.3 5.3
    endloop
  endfacet
  facet normal 1 -0 0
    outer loop
      vertex -34.8 -60.3 5.3
      vertex -34.8 60.3 1
      vertex -34.8 60.3 5.3
    endloop
  endfacet
  facet normal 1 0 0
    outer loop
      vertex -34.8 60.3 1
      vertex -34.8 -60.3 5.3
      vertex -34.8 -60.3 1
    endloop
  endfacet
  facet normal 0.729656 -0.683814 0
    outer loop
      vertex -34.3037 61.6187 5.3
      vertex -34.2142 61.7142 1
      vertex -34.2142 61.7142 5.3
    endloop
  endfacet
  facet normal 0.729656 -0.683814 0
    outer loop
      vertex -34.2142 61.7142 1
      vertex -34.3037 61.6187 5.3
      vertex -34.3037 61.6187 1
    endloop
  endfacet
  facet normal -0.773208 -0.634153 0
    outer loop
      vertex 34.3867 61.5175 1
      vertex 34.3037 61.6187 5.3
      vertex 34.3037 61.6187 1
    endloop
  endfacet
  facet normal -0.773208 -0.634153 0
    outer loop
      vertex 34.3037 61.6187 5.3
      vertex 34.3867 61.5175 1
      vertex 34.3867 61.5175 5.3
    endloop
  endfacet
  facet normal 0.729656 0.683814 0
    outer loop
      vertex -34.2142 -61.7142 5.3
      vertex -34.3037 -61.6187 1
      vertex -34.3037 -61.6187 5.3
    endloop
  endfacet
  facet normal 0.729656 0.683814 0
    outer loop
      vertex -34.3037 -61.6187 1
      vertex -34.2142 -61.7142 5.3
      vertex -34.2142 -61.7142 1
    endloop
  endfacet
  facet normal -0.0328569 -0.99946 0
    outer loop
      vertex 32.8 62.3 1
      vertex 32.9308 62.2957 5.3
      vertex 32.8 62.3 5.3
    endloop
  endfacet
  facet normal -0.0328569 -0.99946 -0
    outer loop
      vertex 32.9308 62.2957 5.3
      vertex 32.8 62.3 1
      vertex 32.9308 62.2957 1
    endloop
  endfacet
  facet normal -0.528143 0.849156 0
    outer loop
      vertex 33.9111 -61.9629 1
      vertex 33.8 -62.032 5.3
      vertex 33.9111 -61.9629 5.3
    endloop
  endfacet
  facet normal -0.528143 0.849156 0
    outer loop
      vertex 33.8 -62.032 5.3
      vertex 33.9111 -61.9629 1
      vertex 33.8 -62.032 1
    endloop
  endfacet
  facet normal -0.162665 -0.986681 0
    outer loop
      vertex 33.061 62.2829 1
      vertex 33.1902 62.2616 5.3
      vertex 33.061 62.2829 5.3
    endloop
  endfacet
  facet normal -0.162665 -0.986681 -0
    outer loop
      vertex 33.1902 62.2616 5.3
      vertex 33.061 62.2829 1
      vertex 33.1902 62.2616 1
    endloop
  endfacet
  facet normal -0.849156 0.528143 0
    outer loop
      vertex 34.4629 -61.4111 1
      vertex 34.532 -61.3 5.3
      vertex 34.532 -61.3 1
    endloop
  endfacet
  facet normal -0.849156 0.528143 0
    outer loop
      vertex 34.532 -61.3 5.3
      vertex 34.4629 -61.4111 1
      vertex 34.4629 -61.4111 5.3
    endloop
  endfacet
  facet normal 0.773208 -0.634153 0
    outer loop
      vertex -34.3867 61.5175 5.3
      vertex -34.3037 61.6187 1
      vertex -34.3037 61.6187 5.3
    endloop
  endfacet
  facet normal 0.773208 -0.634153 0
    outer loop
      vertex -34.3037 61.6187 1
      vertex -34.3867 61.5175 5.3
      vertex -34.3867 61.5175 1
    endloop
  endfacet
  facet normal 0 -1 0
    outer loop
      vertex -32.8 62.3 1
      vertex 32.8 62.3 5.3
      vertex -32.8 62.3 5.3
    endloop
  endfacet
  facet normal 0 -1 -0
    outer loop
      vertex 32.8 62.3 5.3
      vertex -32.8 62.3 1
      vertex 32.8 62.3 1
    endloop
  endfacet
  facet normal -0.634153 0.773208 0
    outer loop
      vertex 34.1187 -61.8037 1
      vertex 34.0175 -61.8867 5.3
      vertex 34.1187 -61.8037 5.3
    endloop
  endfacet
  facet normal -0.634153 0.773208 0
    outer loop
      vertex 34.0175 -61.8867 5.3
      vertex 34.1187 -61.8037 1
      vertex 34.0175 -61.8867 1
    endloop
  endfacet
  facet normal 0.290219 -0.95696 0
    outer loop
      vertex -33.4429 62.1938 1
      vertex -33.3176 62.2318 5.3
      vertex -33.4429 62.1938 5.3
    endloop
  endfacet
  facet normal 0.290219 -0.95696 0
    outer loop
      vertex -33.3176 62.2318 5.3
      vertex -33.4429 62.1938 1
      vertex -33.3176 62.2318 1
    endloop
  endfacet
  facet normal 0.910602 0.413285 0
    outer loop
      vertex -34.5937 -61.1846 5.3
      vertex -34.6478 -61.0654 1
      vertex -34.6478 -61.0654 5.3
    endloop
  endfacet
  facet normal 0.910602 0.413285 0
    outer loop
      vertex -34.6478 -61.0654 1
      vertex -34.5937 -61.1846 5.3
      vertex -34.5937 -61.1846 1
    endloop
  endfacet
  facet normal 0.634153 0.773208 -0
    outer loop
      vertex -34.0175 -61.8867 1
      vertex -34.1187 -61.8037 5.3
      vertex -34.0175 -61.8867 5.3
    endloop
  endfacet
  facet normal 0.634153 0.773208 0
    outer loop
      vertex -34.1187 -61.8037 5.3
      vertex -34.0175 -61.8867 1
      vertex -34.1187 -61.8037 1
    endloop
  endfacet
  facet normal -0.683814 0.729656 0
    outer loop
      vertex 34.2142 -61.7142 1
      vertex 34.1187 -61.8037 5.3
      vertex 34.2142 -61.7142 5.3
    endloop
  endfacet
  facet normal -0.683814 0.729656 0
    outer loop
      vertex 34.1187 -61.8037 5.3
      vertex 34.2142 -61.7142 1
      vertex 34.1187 -61.8037 1
    endloop
  endfacet
  facet normal -0.95696 0.290219 0
    outer loop
      vertex 34.6938 -60.9429 1
      vertex 34.7318 -60.8176 5.3
      vertex 34.7318 -60.8176 1
    endloop
  endfacet
  facet normal -0.95696 0.290219 0
    outer loop
      vertex 34.7318 -60.8176 5.3
      vertex 34.6938 -60.9429 1
      vertex 34.6938 -60.9429 5.3
    endloop
  endfacet
  facet normal 0.81301 0.58225 0
    outer loop
      vertex -34.3867 -61.5175 5.3
      vertex -34.4629 -61.4111 1
      vertex -34.4629 -61.4111 5.3
    endloop
  endfacet
  facet normal 0.81301 0.58225 0
    outer loop
      vertex -34.4629 -61.4111 1
      vertex -34.3867 -61.5175 5.3
      vertex -34.3867 -61.5175 1
    endloop
  endfacet
  facet normal 0.936172 -0.351542 0
    outer loop
      vertex -34.6938 60.9429 5.3
      vertex -34.6478 61.0654 1
      vertex -34.6478 61.0654 5.3
    endloop
  endfacet
  facet normal 0.936172 -0.351542 0
    outer loop
      vertex -34.6478 61.0654 1
      vertex -34.6938 60.9429 5.3
      vertex -34.6938 60.9429 1
    endloop
  endfacet
  facet normal 0.634153 -0.773208 0
    outer loop
      vertex -34.1187 61.8037 1
      vertex -34.0175 61.8867 5.3
      vertex -34.1187 61.8037 5.3
    endloop
  endfacet
  facet normal 0.634153 -0.773208 0
    outer loop
      vertex -34.0175 61.8867 5.3
      vertex -34.1187 61.8037 1
      vertex -34.0175 61.8867 1
    endloop
  endfacet
  facet normal -0.81301 0.58225 0
    outer loop
      vertex 34.3867 -61.5175 1
      vertex 34.4629 -61.4111 5.3
      vertex 34.4629 -61.4111 1
    endloop
  endfacet
  facet normal -0.81301 0.58225 0
    outer loop
      vertex 34.4629 -61.4111 5.3
      vertex 34.3867 -61.5175 1
      vertex 34.3867 -61.5175 5.3
    endloop
  endfacet
  facet normal -0.99946 0.0328569 0
    outer loop
      vertex 34.7957 -60.4308 1
      vertex 34.8 -60.3 5.3
      vertex 34.8 -60.3 1
    endloop
  endfacet
  facet normal -0.99946 0.0328569 0
    outer loop
      vertex 34.8 -60.3 5.3
      vertex 34.7957 -60.4308 1
      vertex 34.7957 -60.4308 5.3
    endloop
  endfacet
  facet normal 0.0978386 -0.995202 0
    outer loop
      vertex -33.061 62.2829 1
      vertex -32.9308 62.2957 5.3
      vertex -33.061 62.2829 5.3
    endloop
  endfacet
  facet normal 0.0978386 -0.995202 0
    outer loop
      vertex -32.9308 62.2957 5.3
      vertex -33.061 62.2829 1
      vertex -32.9308 62.2957 1
    endloop
  endfacet
  facet normal 0.413285 0.910602 -0
    outer loop
      vertex -33.5654 -62.1478 1
      vertex -33.6846 -62.0937 5.3
      vertex -33.5654 -62.1478 5.3
    endloop
  endfacet
  facet normal 0.413285 0.910602 0
    outer loop
      vertex -33.6846 -62.0937 5.3
      vertex -33.5654 -62.1478 1
      vertex -33.6846 -62.0937 1
    endloop
  endfacet
  facet normal -0.973717 0.227761 0
    outer loop
      vertex 34.7318 -60.8176 1
      vertex 34.7616 -60.6902 5.3
      vertex 34.7616 -60.6902 1
    endloop
  endfacet
  facet normal -0.973717 0.227761 0
    outer loop
      vertex 34.7616 -60.6902 5.3
      vertex 34.7318 -60.8176 1
      vertex 34.7318 -60.8176 5.3
    endloop
  endfacet
  facet normal -0.58225 -0.81301 0
    outer loop
      vertex 33.9111 61.9629 1
      vertex 34.0175 61.8867 5.3
      vertex 33.9111 61.9629 5.3
    endloop
  endfacet
  facet normal -0.58225 -0.81301 -0
    outer loop
      vertex 34.0175 61.8867 5.3
      vertex 33.9111 61.9629 1
      vertex 34.0175 61.8867 1
    endloop
  endfacet
  facet normal -0.881866 -0.4715 0
    outer loop
      vertex 34.5937 61.1846 1
      vertex 34.532 61.3 5.3
      vertex 34.532 61.3 1
    endloop
  endfacet
  facet normal -0.881866 -0.4715 0
    outer loop
      vertex 34.532 61.3 5.3
      vertex 34.5937 61.1846 1
      vertex 34.5937 61.1846 5.3
    endloop
  endfacet
  facet normal -0.81301 -0.58225 0
    outer loop
      vertex 34.4629 61.4111 1
      vertex 34.3867 61.5175 5.3
      vertex 34.3867 61.5175 1
    endloop
  endfacet
  facet normal -0.81301 -0.58225 0
    outer loop
      vertex 34.3867 61.5175 5.3
      vertex 34.4629 61.4111 1
      vertex 34.4629 61.4111 5.3
    endloop
  endfacet
  facet normal 0.683814 0.729656 -0
    outer loop
      vertex -34.1187 -61.8037 1
      vertex -34.2142 -61.7142 5.3
      vertex -34.1187 -61.8037 5.3
    endloop
  endfacet
  facet normal 0.683814 0.729656 0
    outer loop
      vertex -34.2142 -61.7142 5.3
      vertex -34.1187 -61.8037 1
      vertex -34.2142 -61.7142 1
    endloop
  endfacet
  facet normal 0.936172 0.351542 0
    outer loop
      vertex -34.6478 -61.0654 5.3
      vertex -34.6938 -60.9429 1
      vertex -34.6938 -60.9429 5.3
    endloop
  endfacet
  facet normal 0.936172 0.351542 0
    outer loop
      vertex -34.6938 -60.9429 1
      vertex -34.6478 -61.0654 5.3
      vertex -34.6478 -61.0654 1
    endloop
  endfacet
  facet normal 0.973717 0.227761 0
    outer loop
      vertex -34.7318 -60.8176 5.3
      vertex -34.7616 -60.6902 1
      vertex -34.7616 -60.6902 5.3
    endloop
  endfacet
  facet normal 0.973717 0.227761 0
    outer loop
      vertex -34.7616 -60.6902 1
      vertex -34.7318 -60.8176 5.3
      vertex -34.7318 -60.8176 1
    endloop
  endfacet
  facet normal 0.81301 -0.58225 0
    outer loop
      vertex -34.4629 61.4111 5.3
      vertex -34.3867 61.5175 1
      vertex -34.3867 61.5175 5.3
    endloop
  endfacet
  facet normal 0.81301 -0.58225 0
    outer loop
      vertex -34.3867 61.5175 1
      vertex -34.4629 61.4111 5.3
      vertex -34.4629 61.4111 1
    endloop
  endfacet
  facet normal -0.995202 0.0978386 0
    outer loop
      vertex 34.7829 -60.561 1
      vertex 34.7957 -60.4308 5.3
      vertex 34.7957 -60.4308 1
    endloop
  endfacet
  facet normal -0.995202 0.0978386 0
    outer loop
      vertex 34.7957 -60.4308 5.3
      vertex 34.7829 -60.561 1
      vertex 34.7829 -60.561 5.3
    endloop
  endfacet
  facet normal -0.95696 -0.290219 0
    outer loop
      vertex 34.7318 60.8176 1
      vertex 34.6938 60.9429 5.3
      vertex 34.6938 60.9429 1
    endloop
  endfacet
  facet normal -0.95696 -0.290219 0
    outer loop
      vertex 34.6938 60.9429 5.3
      vertex 34.7318 60.8176 1
      vertex 34.7318 60.8176 5.3
    endloop
  endfacet
  facet normal 0.910602 -0.413285 0
    outer loop
      vertex -34.6478 61.0654 5.3
      vertex -34.5937 61.1846 1
      vertex -34.5937 61.1846 5.3
    endloop
  endfacet
  facet normal 0.910602 -0.413285 0
    outer loop
      vertex -34.5937 61.1846 1
      vertex -34.6478 61.0654 5.3
      vertex -34.6478 61.0654 1
    endloop
  endfacet
  facet normal 0.162665 -0.986681 0
    outer loop
      vertex -33.1902 62.2616 1
      vertex -33.061 62.2829 5.3
      vertex -33.1902 62.2616 5.3
    endloop
  endfacet
  facet normal 0.162665 -0.986681 0
    outer loop
      vertex -33.061 62.2829 5.3
      vertex -33.1902 62.2616 1
      vertex -33.061 62.2829 1
    endloop
  endfacet
  facet normal 0.227761 -0.973717 0
    outer loop
      vertex -33.3176 62.2318 1
      vertex -33.1902 62.2616 5.3
      vertex -33.3176 62.2318 5.3
    endloop
  endfacet
  facet normal 0.227761 -0.973717 0
    outer loop
      vertex -33.1902 62.2616 5.3
      vertex -33.3176 62.2318 1
      vertex -33.1902 62.2616 1
    endloop
  endfacet
  facet normal 0.881866 -0.4715 0
    outer loop
      vertex -34.5937 61.1846 5.3
      vertex -34.532 61.3 1
      vertex -34.532 61.3 5.3
    endloop
  endfacet
  facet normal 0.881866 -0.4715 0
    outer loop
      vertex -34.532 61.3 1
      vertex -34.5937 61.1846 5.3
      vertex -34.5937 61.1846 1
    endloop
  endfacet
  facet normal -0.413285 -0.910602 0
    outer loop
      vertex 33.5654 62.1478 1
      vertex 33.6846 62.0937 5.3
      vertex 33.5654 62.1478 5.3
    endloop
  endfacet
  facet normal -0.413285 -0.910602 -0
    outer loop
      vertex 33.6846 62.0937 5.3
      vertex 33.5654 62.1478 1
      vertex 33.6846 62.0937 1
    endloop
  endfacet
  facet normal 0.351542 -0.936172 0
    outer loop
      vertex -33.5654 62.1478 1
      vertex -33.4429 62.1938 5.3
      vertex -33.5654 62.1478 5.3
    endloop
  endfacet
  facet normal 0.351542 -0.936172 0
    outer loop
      vertex -33.4429 62.1938 5.3
      vertex -33.5654 62.1478 1
      vertex -33.4429 62.1938 1
    endloop
  endfacet
  facet normal -0.849156 -0.528143 0
    outer loop
      vertex 34.532 61.3 1
      vertex 34.4629 61.4111 5.3
      vertex 34.4629 61.4111 1
    endloop
  endfacet
  facet normal -0.849156 -0.528143 0
    outer loop
      vertex 34.4629 61.4111 5.3
      vertex 34.532 61.3 1
      vertex 34.532 61.3 5.3
    endloop
  endfacet
  facet normal -0.910602 -0.413285 0
    outer loop
      vertex 34.6478 61.0654 1
      vertex 34.5937 61.1846 5.3
      vertex 34.5937 61.1846 1
    endloop
  endfacet
  facet normal -0.910602 -0.413285 0
    outer loop
      vertex 34.5937 61.1846 5.3
      vertex 34.6478 61.0654 1
      vertex 34.6478 61.0654 5.3
    endloop
  endfacet
  facet normal -0.986681 0.162665 0
    outer loop
      vertex 34.7616 -60.6902 1
      vertex 34.7829 -60.561 5.3
      vertex 34.7829 -60.561 1
    endloop
  endfacet
  facet normal -0.986681 0.162665 0
    outer loop
      vertex 34.7829 -60.561 5.3
      vertex 34.7616 -60.6902 1
      vertex 34.7616 -60.6902 5.3
    endloop
  endfacet
  facet normal 0.683814 -0.729656 0
    outer loop
      vertex -34.2142 61.7142 1
      vertex -34.1187 61.8037 5.3
      vertex -34.2142 61.7142 5.3
    endloop
  endfacet
  facet normal 0.683814 -0.729656 0
    outer loop
      vertex -34.1187 61.8037 5.3
      vertex -34.2142 61.7142 1
      vertex -34.1187 61.8037 1
    endloop
  endfacet
  facet normal 0.986681 -0.162665 0
    outer loop
      vertex -34.7829 60.561 5.3
      vertex -34.7616 60.6902 1
      vertex -34.7616 60.6902 5.3
    endloop
  endfacet
  facet normal 0.986681 -0.162665 0
    outer loop
      vertex -34.7616 60.6902 1
      vertex -34.7829 60.561 5.3
      vertex -34.7829 60.561 1
    endloop
  endfacet
  facet normal 0.849156 -0.528143 0
    outer loop
      vertex -34.532 61.3 5.3
      vertex -34.4629 61.4111 1
      vertex -34.4629 61.4111 5.3
    endloop
  endfacet
  facet normal 0.849156 -0.528143 0
    outer loop
      vertex -34.4629 61.4111 1
      vertex -34.532 61.3 5.3
      vertex -34.532 61.3 1
    endloop
  endfacet
  facet normal 0.773208 0.634153 0
    outer loop
      vertex -34.3037 -61.6187 5.3
      vertex -34.3867 -61.5175 1
      vertex -34.3867 -61.5175 5.3
    endloop
  endfacet
  facet normal 0.773208 0.634153 0
    outer loop
      vertex -34.3867 -61.5175 1
      vertex -34.3037 -61.6187 5.3
      vertex -34.3037 -61.6187 1
    endloop
  endfacet
  facet normal -0.986681 -0.162665 0
    outer loop
      vertex 34.7829 60.561 1
      vertex 34.7616 60.6902 5.3
      vertex 34.7616 60.6902 1
    endloop
  endfacet
  facet normal -0.986681 -0.162665 0
    outer loop
      vertex 34.7616 60.6902 5.3
      vertex 34.7829 60.561 1
      vertex 34.7829 60.561 5.3
    endloop
  endfacet
  facet normal -0.351542 -0.936172 0
    outer loop
      vertex 33.4429 62.1938 1
      vertex 33.5654 62.1478 5.3
      vertex 33.4429 62.1938 5.3
    endloop
  endfacet
  facet normal -0.351542 -0.936172 -0
    outer loop
      vertex 33.5654 62.1478 5.3
      vertex 33.4429 62.1938 1
      vertex 33.5654 62.1478 1
    endloop
  endfacet
  facet normal -0.683814 -0.729656 0
    outer loop
      vertex 34.1187 61.8037 1
      vertex 34.2142 61.7142 5.3
      vertex 34.1187 61.8037 5.3
    endloop
  endfacet
  facet normal -0.683814 -0.729656 -0
    outer loop
      vertex 34.2142 61.7142 5.3
      vertex 34.1187 61.8037 1
      vertex 34.2142 61.7142 1
    endloop
  endfacet
  facet normal -0.936172 -0.351542 0
    outer loop
      vertex 34.6938 60.9429 1
      vertex 34.6478 61.0654 5.3
      vertex 34.6478 61.0654 1
    endloop
  endfacet
  facet normal -0.936172 -0.351542 0
    outer loop
      vertex 34.6478 61.0654 5.3
      vertex 34.6938 60.9429 1
      vertex 34.6938 60.9429 5.3
    endloop
  endfacet
  facet normal 0.4715 0.881866 -0
    outer loop
      vertex -33.6846 -62.0937 1
      vertex -33.8 -62.032 5.3
      vertex -33.6846 -62.0937 5.3
    endloop
  endfacet
  facet normal 0.4715 0.881866 0
    outer loop
      vertex -33.8 -62.032 5.3
      vertex -33.6846 -62.0937 1
      vertex -33.8 -62.032 1
    endloop
  endfacet
  facet normal 0.351542 0.936172 -0
    outer loop
      vertex -33.4429 -62.1938 1
      vertex -33.5654 -62.1478 5.3
      vertex -33.4429 -62.1938 5.3
    endloop
  endfacet
  facet normal 0.351542 0.936172 0
    outer loop
      vertex -33.5654 -62.1478 5.3
      vertex -33.4429 -62.1938 1
      vertex -33.5654 -62.1478 1
    endloop
  endfacet
  facet normal 0.290219 0.95696 -0
    outer loop
      vertex -33.3176 -62.2318 1
      vertex -33.4429 -62.1938 5.3
      vertex -33.3176 -62.2318 5.3
    endloop
  endfacet
  facet normal 0.290219 0.95696 0
    outer loop
      vertex -33.4429 -62.1938 5.3
      vertex -33.3176 -62.2318 1
      vertex -33.4429 -62.1938 1
    endloop
  endfacet
  facet normal 0.849156 0.528143 0
    outer loop
      vertex -34.4629 -61.4111 5.3
      vertex -34.532 -61.3 1
      vertex -34.532 -61.3 5.3
    endloop
  endfacet
  facet normal 0.849156 0.528143 0
    outer loop
      vertex -34.532 -61.3 1
      vertex -34.4629 -61.4111 5.3
      vertex -34.4629 -61.4111 1
    endloop
  endfacet
  facet normal -0.973717 -0.227761 0
    outer loop
      vertex 34.7616 60.6902 1
      vertex 34.7318 60.8176 5.3
      vertex 34.7318 60.8176 1
    endloop
  endfacet
  facet normal -0.973717 -0.227761 0
    outer loop
      vertex 34.7318 60.8176 5.3
      vertex 34.7616 60.6902 1
      vertex 34.7616 60.6902 5.3
    endloop
  endfacet
  facet normal 0.162665 0.986681 -0
    outer loop
      vertex -33.061 -62.2829 1
      vertex -33.1902 -62.2616 5.3
      vertex -33.061 -62.2829 5.3
    endloop
  endfacet
  facet normal 0.162665 0.986681 0
    outer loop
      vertex -33.1902 -62.2616 5.3
      vertex -33.061 -62.2829 1
      vertex -33.1902 -62.2616 1
    endloop
  endfacet
  facet normal -0.99946 -0.0328569 0
    outer loop
      vertex 34.8 60.3 1
      vertex 34.7957 60.4308 5.3
      vertex 34.7957 60.4308 1
    endloop
  endfacet
  facet normal -0.99946 -0.0328569 0
    outer loop
      vertex 34.7957 60.4308 5.3
      vertex 34.8 60.3 1
      vertex 34.8 60.3 5.3
    endloop
  endfacet
  facet normal -0.528143 -0.849156 0
    outer loop
      vertex 33.8 62.032 1
      vertex 33.9111 61.9629 5.3
      vertex 33.8 62.032 5.3
    endloop
  endfacet
  facet normal -0.528143 -0.849156 -0
    outer loop
      vertex 33.9111 61.9629 5.3
      vertex 33.8 62.032 1
      vertex 33.9111 61.9629 1
    endloop
  endfacet
  facet normal 0.95696 -0.290219 0
    outer loop
      vertex -34.7318 60.8176 5.3
      vertex -34.6938 60.9429 1
      vertex -34.6938 60.9429 5.3
    endloop
  endfacet
  facet normal 0.95696 -0.290219 0
    outer loop
      vertex -34.6938 60.9429 1
      vertex -34.7318 60.8176 5.3
      vertex -34.7318 60.8176 1
    endloop
  endfacet
  facet normal -0.995202 -0.0978386 0
    outer loop
      vertex 34.7957 60.4308 1
      vertex 34.7829 60.561 5.3
      vertex 34.7829 60.561 1
    endloop
  endfacet
  facet normal -0.995202 -0.0978386 0
    outer loop
      vertex 34.7829 60.561 5.3
      vertex 34.7957 60.4308 1
      vertex 34.7957 60.4308 5.3
    endloop
  endfacet
  facet normal 0.413285 -0.910602 0
    outer loop
      vertex -33.6846 62.0937 1
      vertex -33.5654 62.1478 5.3
      vertex -33.6846 62.0937 5.3
    endloop
  endfacet
  facet normal 0.413285 -0.910602 0
    outer loop
      vertex -33.5654 62.1478 5.3
      vertex -33.6846 62.0937 1
      vertex -33.5654 62.1478 1
    endloop
  endfacet
  facet normal 0.0328569 0.99946 -0
    outer loop
      vertex -32.8 -62.3 1
      vertex -32.9308 -62.2957 5.3
      vertex -32.8 -62.3 5.3
    endloop
  endfacet
  facet normal 0.0328569 0.99946 0
    outer loop
      vertex -32.9308 -62.2957 5.3
      vertex -32.8 -62.3 1
      vertex -32.9308 -62.2957 1
    endloop
  endfacet
  facet normal 0.528143 0.849156 -0
    outer loop
      vertex -33.8 -62.032 1
      vertex -33.9111 -61.9629 5.3
      vertex -33.8 -62.032 5.3
    endloop
  endfacet
  facet normal 0.528143 0.849156 0
    outer loop
      vertex -33.9111 -61.9629 5.3
      vertex -33.8 -62.032 1
      vertex -33.9111 -61.9629 1
    endloop
  endfacet
  facet normal -0.351542 0.936172 0
    outer loop
      vertex 33.5654 -62.1478 1
      vertex 33.4429 -62.1938 5.3
      vertex 33.5654 -62.1478 5.3
    endloop
  endfacet
  facet normal -0.351542 0.936172 0
    outer loop
      vertex 33.4429 -62.1938 5.3
      vertex 33.5654 -62.1478 1
      vertex 33.4429 -62.1938 1
    endloop
  endfacet
  facet normal -0.881866 0.4715 0
    outer loop
      vertex 34.532 -61.3 1
      vertex 34.5937 -61.1846 5.3
      vertex 34.5937 -61.1846 1
    endloop
  endfacet
  facet normal -0.881866 0.4715 0
    outer loop
      vertex 34.5937 -61.1846 5.3
      vertex 34.532 -61.3 1
      vertex 34.532 -61.3 5.3
    endloop
  endfacet
  facet normal -0.910602 0.413285 0
    outer loop
      vertex 34.5937 -61.1846 1
      vertex 34.6478 -61.0654 5.3
      vertex 34.6478 -61.0654 1
    endloop
  endfacet
  facet normal -0.910602 0.413285 0
    outer loop
      vertex 34.6478 -61.0654 5.3
      vertex 34.5937 -61.1846 1
      vertex 34.5937 -61.1846 5.3
    endloop
  endfacet
  facet normal 0.95696 0.290219 0
    outer loop
      vertex -34.6938 -60.9429 5.3
      vertex -34.7318 -60.8176 1
      vertex -34.7318 -60.8176 5.3
    endloop
  endfacet
  facet normal 0.95696 0.290219 0
    outer loop
      vertex -34.7318 -60.8176 1
      vertex -34.6938 -60.9429 5.3
      vertex -34.6938 -60.9429 1
    endloop
  endfacet
  facet normal 0.0978386 0.995202 -0
    outer loop
      vertex -32.9308 -62.2957 1
      vertex -33.061 -62.2829 5.3
      vertex -32.9308 -62.2957 5.3
    endloop
  endfacet
  facet normal 0.0978386 0.995202 0
    outer loop
      vertex -33.061 -62.2829 5.3
      vertex -32.9308 -62.2957 1
      vertex -33.061 -62.2829 1
    endloop
  endfacet
  facet normal 0.973717 -0.227761 0
    outer loop
      vertex -34.7616 60.6902 5.3
      vertex -34.7318 60.8176 1
      vertex -34.7318 60.8176 5.3
    endloop
  endfacet
  facet normal 0.973717 -0.227761 0
    outer loop
      vertex -34.7318 60.8176 1
      vertex -34.7616 60.6902 5.3
      vertex -34.7616 60.6902 1
    endloop
  endfacet
  facet normal -0.58225 0.81301 0
    outer loop
      vertex 34.0175 -61.8867 1
      vertex 33.9111 -61.9629 5.3
      vertex 34.0175 -61.8867 5.3
    endloop
  endfacet
  facet normal -0.58225 0.81301 0
    outer loop
      vertex 33.9111 -61.9629 5.3
      vertex 34.0175 -61.8867 1
      vertex 33.9111 -61.9629 1
    endloop
  endfacet
  facet normal -0.773208 0.634153 0
    outer loop
      vertex 34.3037 -61.6187 1
      vertex 34.3867 -61.5175 5.3
      vertex 34.3867 -61.5175 1
    endloop
  endfacet
  facet normal -0.773208 0.634153 0
    outer loop
      vertex 34.3867 -61.5175 5.3
      vertex 34.3037 -61.6187 1
      vertex 34.3037 -61.6187 5.3
    endloop
  endfacet
  facet normal 0.4715 -0.881866 0
    outer loop
      vertex -33.8 62.032 1
      vertex -33.6846 62.0937 5.3
      vertex -33.8 62.032 5.3
    endloop
  endfacet
  facet normal 0.4715 -0.881866 0
    outer loop
      vertex -33.6846 62.0937 5.3
      vertex -33.8 62.032 1
      vertex -33.6846 62.0937 1
    endloop
  endfacet
  facet normal 0.995202 0.0978386 0
    outer loop
      vertex -34.7829 -60.561 5.3
      vertex -34.7957 -60.4308 1
      vertex -34.7957 -60.4308 5.3
    endloop
  endfacet
  facet normal 0.995202 0.0978386 0
    outer loop
      vertex -34.7957 -60.4308 1
      vertex -34.7829 -60.561 5.3
      vertex -34.7829 -60.561 1
    endloop
  endfacet
  facet normal 0.99946 0.0328569 0
    outer loop
      vertex -34.7957 -60.4308 5.3
      vertex -34.8 -60.3 1
      vertex -34.8 -60.3 5.3
    endloop
  endfacet
  facet normal 0.99946 0.0328569 0
    outer loop
      vertex -34.8 -60.3 1
      vertex -34.7957 -60.4308 5.3
      vertex -34.7957 -60.4308 1
    endloop
  endfacet
  facet normal -0.634153 -0.773208 0
    outer loop
      vertex 34.0175 61.8867 1
      vertex 34.1187 61.8037 5.3
      vertex 34.0175 61.8867 5.3
    endloop
  endfacet
  facet normal -0.634153 -0.773208 -0
    outer loop
      vertex 34.1187 61.8037 5.3
      vertex 34.0175 61.8867 1
      vertex 34.1187 61.8037 1
    endloop
  endfacet
  facet normal 0.227761 0.973717 -0
    outer loop
      vertex -33.1902 -62.2616 1
      vertex -33.3176 -62.2318 5.3
      vertex -33.1902 -62.2616 5.3
    endloop
  endfacet
  facet normal 0.227761 0.973717 0
    outer loop
      vertex -33.3176 -62.2318 5.3
      vertex -33.1902 -62.2616 1
      vertex -33.3176 -62.2318 1
    endloop
  endfacet
  facet normal -0.227761 -0.973717 0
    outer loop
      vertex 33.1902 62.2616 1
      vertex 33.3176 62.2318 5.3
      vertex 33.1902 62.2616 5.3
    endloop
  endfacet
  facet normal -0.227761 -0.973717 -0
    outer loop
      vertex 33.3176 62.2318 5.3
      vertex 33.1902 62.2616 1
      vertex 33.3176 62.2318 1
    endloop
  endfacet
  facet normal -0.4715 0.881866 0
    outer loop
      vertex 33.8 -62.032 1
      vertex 33.6846 -62.0937 5.3
      vertex 33.8 -62.032 5.3
    endloop
  endfacet
  facet normal -0.4715 0.881866 0
    outer loop
      vertex 33.6846 -62.0937 5.3
      vertex 33.8 -62.032 1
      vertex 33.6846 -62.0937 1
    endloop
  endfacet
  facet normal -0.0978386 -0.995202 0
    outer loop
      vertex 32.9308 62.2957 1
      vertex 33.061 62.2829 5.3
      vertex 32.9308 62.2957 5.3
    endloop
  endfacet
  facet normal -0.0978386 -0.995202 -0
    outer loop
      vertex 33.061 62.2829 5.3
      vertex 32.9308 62.2957 1
      vertex 33.061 62.2829 1
    endloop
  endfacet
  facet normal 0.986681 0.162665 0
    outer loop
      vertex -34.7616 -60.6902 5.3
      vertex -34.7829 -60.561 1
      vertex -34.7829 -60.561 5.3
    endloop
  endfacet
  facet normal 0.986681 0.162665 0
    outer loop
      vertex -34.7829 -60.561 1
      vertex -34.7616 -60.6902 5.3
      vertex -34.7616 -60.6902 1
    endloop
  endfacet
  facet normal -0.729656 0.683814 0
    outer loop
      vertex 34.2142 -61.7142 1
      vertex 34.3037 -61.6187 5.3
      vertex 34.3037 -61.6187 1
    endloop
  endfacet
  facet normal -0.729656 0.683814 0
    outer loop
      vertex 34.3037 -61.6187 5.3
      vertex 34.2142 -61.7142 1
      vertex 34.2142 -61.7142 5.3
    endloop
  endfacet
  facet normal -0.4715 -0.881866 0
    outer loop
      vertex 33.6846 62.0937 1
      vertex 33.8 62.032 5.3
      vertex 33.6846 62.0937 5.3
    endloop
  endfacet
  facet normal -0.4715 -0.881866 -0
    outer loop
      vertex 33.8 62.032 5.3
      vertex 33.6846 62.0937 1
      vertex 33.8 62.032 1
    endloop
  endfacet
  facet normal -0.290219 -0.95696 0
    outer loop
      vertex 33.3176 62.2318 1
      vertex 33.4429 62.1938 5.3
      vertex 33.3176 62.2318 5.3
    endloop
  endfacet
  facet normal -0.290219 -0.95696 -0
    outer loop
      vertex 33.4429 62.1938 5.3
      vertex 33.3176 62.2318 1
      vertex 33.4429 62.1938 1
    endloop
  endfacet
  facet normal -0.227761 0.973717 0
    outer loop
      vertex 33.3176 -62.2318 1
      vertex 33.1902 -62.2616 5.3
      vertex 33.3176 -62.2318 5.3
    endloop
  endfacet
  facet normal -0.227761 0.973717 0
    outer loop
      vertex 33.1902 -62.2616 5.3
      vertex 33.3176 -62.2318 1
      vertex 33.1902 -62.2616 1
    endloop
  endfacet
  facet normal -0.290219 0.95696 0
    outer loop
      vertex 33.4429 -62.1938 1
      vertex 33.3176 -62.2318 5.3
      vertex 33.4429 -62.1938 5.3
    endloop
  endfacet
  facet normal -0.290219 0.95696 0
    outer loop
      vertex 33.3176 -62.2318 5.3
      vertex 33.4429 -62.1938 1
      vertex 33.3176 -62.2318 1
    endloop
  endfacet
  facet normal -0.413285 0.910602 0
    outer loop
      vertex 33.6846 -62.0937 1
      vertex 33.5654 -62.1478 5.3
      vertex 33.6846 -62.0937 5.3
    endloop
  endfacet
  facet normal -0.413285 0.910602 0
    outer loop
      vertex 33.5654 -62.1478 5.3
      vertex 33.6846 -62.0937 1
      vertex 33.5654 -62.1478 1
    endloop
  endfacet
  facet normal -1 0 0
    outer loop
      vertex 37.8 -65.3 0
      vertex 37.8 71.8 1
      vertex 37.8 71.8 0
    endloop
  endfacet
  facet normal -1 -0 0
    outer loop
      vertex 37.8 71.8 1
      vertex 37.8 -65.3 0
      vertex 37.8 -65.3 1
    endloop
  endfacet
  facet normal 0 0 -1
    outer loop
      vertex 34.8 60.3 1
      vertex 37.8 -65.3 1
      vertex 34.8 -60.3 1
    endloop
  endfacet
  facet normal 0 0 -1
    outer loop
      vertex 37.8 -65.3 1
      vertex 34.7957 -60.4308 1
      vertex 34.8 -60.3 1
    endloop
  endfacet
  facet normal 0 0 -1
    outer loop
      vertex 37.8 -65.3 1
      vertex 34.7829 -60.561 1
      vertex 34.7957 -60.4308 1
    endloop
  endfacet
  facet normal 0 0 -1
    outer loop
      vertex 37.8 -65.3 1
      vertex 34.7616 -60.6902 1
      vertex 34.7829 -60.561 1
    endloop
  endfacet
  facet normal 0 0 -1
    outer loop
      vertex 37.8 -65.3 1
      vertex 34.7318 -60.8176 1
      vertex 34.7616 -60.6902 1
    endloop
  endfacet
  facet normal 0 0 -1
    outer loop
      vertex 37.8 -65.3 1
      vertex 34.6938 -60.9429 1
      vertex 34.7318 -60.8176 1
    endloop
  endfacet
  facet normal 0 0 -1
    outer loop
      vertex 37.8 -65.3 1
      vertex 34.6478 -61.0654 1
      vertex 34.6938 -60.9429 1
    endloop
  endfacet
  facet normal 0 0 -1
    outer loop
      vertex 37.8 -65.3 1
      vertex 34.5937 -61.1846 1
      vertex 34.6478 -61.0654 1
    endloop
  endfacet
  facet normal 0 0 -1
    outer loop
      vertex 37.8 -65.3 1
      vertex 34.532 -61.3 1
      vertex 34.5937 -61.1846 1
    endloop
  endfacet
  facet normal 0 0 -1
    outer loop
      vertex 37.8 -65.3 1
      vertex 34.4629 -61.4111 1
      vertex 34.532 -61.3 1
    endloop
  endfacet
  facet normal 0 0 -1
    outer loop
      vertex 37.8 -65.3 1
      vertex 34.3867 -61.5175 1
      vertex 34.4629 -61.4111 1
    endloop
  endfacet
  facet normal 0 0 -1
    outer loop
      vertex 37.8 -65.3 1
      vertex 34.3037 -61.6187 1
      vertex 34.3867 -61.5175 1
    endloop
  endfacet
  facet normal 0 0 -1
    outer loop
      vertex 37.8 -65.3 1
      vertex 34.2142 -61.7142 1
      vertex 34.3037 -61.6187 1
    endloop
  endfacet
  facet normal 0 0 -1
    outer loop
      vertex 37.8 -65.3 1
      vertex 34.1187 -61.8037 1
      vertex 34.2142 -61.7142 1
    endloop
  endfacet
  facet normal 0 0 -1
    outer loop
      vertex 37.8 -65.3 1
      vertex 34.0175 -61.8867 1
      vertex 34.1187 -61.8037 1
    endloop
  endfacet
  facet normal 0 0 -1
    outer loop
      vertex 37.8 -65.3 1
      vertex 33.9111 -61.9629 1
      vertex 34.0175 -61.8867 1
    endloop
  endfacet
  facet normal 0 0 -1
    outer loop
      vertex 37.8 -65.3 1
      vertex 33.8 -62.032 1
      vertex 33.9111 -61.9629 1
    endloop
  endfacet
  facet normal 0 0 -1
    outer loop
      vertex 37.8 -65.3 1
      vertex 33.6846 -62.0937 1
      vertex 33.8 -62.032 1
    endloop
  endfacet
  facet normal 0 0 -1
    outer loop
      vertex 37.8 -65.3 1
      vertex 33.5654 -62.1478 1
      vertex 33.6846 -62.0937 1
    endloop
  endfacet
  facet normal 0 0 -1
    outer loop
      vertex 37.8 -65.3 1
      vertex 33.4429 -62.1938 1
      vertex 33.5654 -62.1478 1
    endloop
  endfacet
  facet normal 0 0 -1
    outer loop
      vertex 37.8 -65.3 1
      vertex 33.3176 -62.2318 1
      vertex 33.4429 -62.1938 1
    endloop
  endfacet
  facet normal 0 0 -1
    outer loop
      vertex 37.8 -65.3 1
      vertex 33.1902 -62.2616 1
      vertex 33.3176 -62.2318 1
    endloop
  endfacet
  facet normal 0 0 -1
    outer loop
      vertex 37.8 -65.3 1
      vertex 33.061 -62.2829 1
      vertex 33.1902 -62.2616 1
    endloop
  endfacet
  facet normal 0 0 -1
    outer loop
      vertex 37.8 -65.3 1
      vertex 32.9308 -62.2957 1
      vertex 33.061 -62.2829 1
    endloop
  endfacet
  facet normal 0 0 -1
    outer loop
      vertex 37.8 -65.3 1
      vertex 32.8 -62.3 1
      vertex 32.9308 -62.2957 1
    endloop
  endfacet
  facet normal 0 0 -1
    outer loop
      vertex 37.8 -65.3 1
      vertex -32.8 -62.3 1
      vertex 32.8 -62.3 1
    endloop
  endfacet
  facet normal 0 0 -1
    outer loop
      vertex -37.8 -65.3 1
      vertex -32.8 -62.3 1
      vertex 37.8 -65.3 1
    endloop
  endfacet
  facet normal -0 0 -1
    outer loop
      vertex -34.8 -60.3 1
      vertex -37.8 -65.3 1
      vertex -34.8 60.3 1
    endloop
  endfacet
  facet normal -0 0 -1
    outer loop
      vertex -34.7957 -60.4308 1
      vertex -37.8 -65.3 1
      vertex -34.8 -60.3 1
    endloop
  endfacet
  facet normal -0 0 -1
    outer loop
      vertex -34.7829 -60.561 1
      vertex -37.8 -65.3 1
      vertex -34.7957 -60.4308 1
    endloop
  endfacet
  facet normal -0 0 -1
    outer loop
      vertex -34.7616 -60.6902 1
      vertex -37.8 -65.3 1
      vertex -34.7829 -60.561 1
    endloop
  endfacet
  facet normal -0 0 -1
    outer loop
      vertex -34.7318 -60.8176 1
      vertex -37.8 -65.3 1
      vertex -34.7616 -60.6902 1
    endloop
  endfacet
  facet normal -0 0 -1
    outer loop
      vertex -34.6938 -60.9429 1
      vertex -37.8 -65.3 1
      vertex -34.7318 -60.8176 1
    endloop
  endfacet
  facet normal -0 0 -1
    outer loop
      vertex -34.6478 -61.0654 1
      vertex -37.8 -65.3 1
      vertex -34.6938 -60.9429 1
    endloop
  endfacet
  facet normal -0 0 -1
    outer loop
      vertex -34.5937 -61.1846 1
      vertex -37.8 -65.3 1
      vertex -34.6478 -61.0654 1
    endloop
  endfacet
  facet normal -0 0 -1
    outer loop
      vertex -34.532 -61.3 1
      vertex -37.8 -65.3 1
      vertex -34.5937 -61.1846 1
    endloop
  endfacet
  facet normal -0 0 -1
    outer loop
      vertex -34.4629 -61.4111 1
      vertex -37.8 -65.3 1
      vertex -34.532 -61.3 1
    endloop
  endfacet
  facet normal -0 0 -1
    outer loop
      vertex -34.3867 -61.5175 1
      vertex -37.8 -65.3 1
      vertex -34.4629 -61.4111 1
    endloop
  endfacet
  facet normal -0 0 -1
    outer loop
      vertex -34.3037 -61.6187 1
      vertex -37.8 -65.3 1
      vertex -34.3867 -61.5175 1
    endloop
  endfacet
  facet normal -0 0 -1
    outer loop
      vertex -34.2142 -61.7142 1
      vertex -37.8 -65.3 1
      vertex -34.3037 -61.6187 1
    endloop
  endfacet
  facet normal -0 0 -1
    outer loop
      vertex -34.1187 -61.8037 1
      vertex -37.8 -65.3 1
      vertex -34.2142 -61.7142 1
    endloop
  endfacet
  facet normal -0 0 -1
    outer loop
      vertex -34.0175 -61.8867 1
      vertex -37.8 -65.3 1
      vertex -34.1187 -61.8037 1
    endloop
  endfacet
  facet normal -0 0 -1
    outer loop
      vertex -33.9111 -61.9629 1
      vertex -37.8 -65.3 1
      vertex -34.0175 -61.8867 1
    endloop
  endfacet
  facet normal -0 0 -1
    outer loop
      vertex -33.8 -62.032 1
      vertex -37.8 -65.3 1
      vertex -33.9111 -61.9629 1
    endloop
  endfacet
  facet normal -0 0 -1
    outer loop
      vertex -33.6846 -62.0937 1
      vertex -37.8 -65.3 1
      vertex -33.8 -62.032 1
    endloop
  endfacet
  facet normal -0 0 -1
    outer loop
      vertex -33.5654 -62.1478 1
      vertex -37.8 -65.3 1
      vertex -33.6846 -62.0937 1
    endloop
  endfacet
  facet normal -0 0 -1
    outer loop
      vertex -33.4429 -62.1938 1
      vertex -37.8 -65.3 1
      vertex -33.5654 -62.1478 1
    endloop
  endfacet
  facet normal -0 0 -1
    outer loop
      vertex -33.3176 -62.2318 1
      vertex -37.8 -65.3 1
      vertex -33.4429 -62.1938 1
    endloop
  endfacet
  facet normal -0 0 -1
    outer loop
      vertex -33.1902 -62.2616 1
      vertex -37.8 -65.3 1
      vertex -33.3176 -62.2318 1
    endloop
  endfacet
  facet normal -0 0 -1
    outer loop
      vertex -33.061 -62.2829 1
      vertex -37.8 -65.3 1
      vertex -33.1902 -62.2616 1
    endloop
  endfacet
  facet normal -0 0 -1
    outer loop
      vertex -32.9308 -62.2957 1
      vertex -37.8 -65.3 1
      vertex -33.061 -62.2829 1
    endloop
  endfacet
  facet normal -0 0 -1
    outer loop
      vertex -32.8 -62.3 1
      vertex -37.8 -65.3 1
      vertex -32.9308 -62.2957 1
    endloop
  endfacet
  facet normal 0 0 -1
    outer loop
      vertex 37.8 -65.3 1
      vertex 34.8 60.3 1
      vertex 37.8 71.8 1
    endloop
  endfacet
  facet normal 0 0 -1
    outer loop
      vertex 34.7957 60.4308 1
      vertex 37.8 71.8 1
      vertex 34.8 60.3 1
    endloop
  endfacet
  facet normal 0 0 -1
    outer loop
      vertex 34.7829 60.561 1
      vertex 37.8 71.8 1
      vertex 34.7957 60.4308 1
    endloop
  endfacet
  facet normal 0 0 -1
    outer loop
      vertex 34.7616 60.6902 1
      vertex 37.8 71.8 1
      vertex 34.7829 60.561 1
    endloop
  endfacet
  facet normal 0 0 -1
    outer loop
      vertex 34.7318 60.8176 1
      vertex 37.8 71.8 1
      vertex 34.7616 60.6902 1
    endloop
  endfacet
  facet normal 0 0 -1
    outer loop
      vertex 34.6938 60.9429 1
      vertex 37.8 71.8 1
      vertex 34.7318 60.8176 1
    endloop
  endfacet
  facet normal 0 0 -1
    outer loop
      vertex 34.6478 61.0654 1
      vertex 37.8 71.8 1
      vertex 34.6938 60.9429 1
    endloop
  endfacet
  facet normal 0 0 -1
    outer loop
      vertex 34.5937 61.1846 1
      vertex 37.8 71.8 1
      vertex 34.6478 61.0654 1
    endloop
  endfacet
  facet normal 0 0 -1
    outer loop
      vertex 34.532 61.3 1
      vertex 37.8 71.8 1
      vertex 34.5937 61.1846 1
    endloop
  endfacet
  facet normal 0 0 -1
    outer loop
      vertex 34.4629 61.4111 1
      vertex 37.8 71.8 1
      vertex 34.532 61.3 1
    endloop
  endfacet
  facet normal 0 0 -1
    outer loop
      vertex 34.3867 61.5175 1
      vertex 37.8 71.8 1
      vertex 34.4629 61.4111 1
    endloop
  endfacet
  facet normal 0 0 -1
    outer loop
      vertex 34.3037 61.6187 1
      vertex 37.8 71.8 1
      vertex 34.3867 61.5175 1
    endloop
  endfacet
  facet normal 0 0 -1
    outer loop
      vertex 34.2142 61.7142 1
      vertex 37.8 71.8 1
      vertex 34.3037 61.6187 1
    endloop
  endfacet
  facet normal 0 0 -1
    outer loop
      vertex 34.1187 61.8037 1
      vertex 37.8 71.8 1
      vertex 34.2142 61.7142 1
    endloop
  endfacet
  facet normal 0 0 -1
    outer loop
      vertex 34.0175 61.8867 1
      vertex 37.8 71.8 1
      vertex 34.1187 61.8037 1
    endloop
  endfacet
  facet normal 0 0 -1
    outer loop
      vertex 33.9111 61.9629 1
      vertex 37.8 71.8 1
      vertex 34.0175 61.8867 1
    endloop
  endfacet
  facet normal 0 0 -1
    outer loop
      vertex 33.8 62.032 1
      vertex 37.8 71.8 1
      vertex 33.9111 61.9629 1
    endloop
  endfacet
  facet normal 0 0 -1
    outer loop
      vertex 33.6846 62.0937 1
      vertex 37.8 71.8 1
      vertex 33.8 62.032 1
    endloop
  endfacet
  facet normal 0 0 -1
    outer loop
      vertex 33.5654 62.1478 1
      vertex 37.8 71.8 1
      vertex 33.6846 62.0937 1
    endloop
  endfacet
  facet normal 0 0 -1
    outer loop
      vertex 33.4429 62.1938 1
      vertex 37.8 71.8 1
      vertex 33.5654 62.1478 1
    endloop
  endfacet
  facet normal 0 0 -1
    outer loop
      vertex 33.3176 62.2318 1
      vertex 37.8 71.8 1
      vertex 33.4429 62.1938 1
    endloop
  endfacet
  facet normal 0 0 -1
    outer loop
      vertex 33.1902 62.2616 1
      vertex 37.8 71.8 1
      vertex 33.3176 62.2318 1
    endloop
  endfacet
  facet normal 0 0 -1
    outer loop
      vertex 33.061 62.2829 1
      vertex 37.8 71.8 1
      vertex 33.1902 62.2616 1
    endloop
  endfacet
  facet normal 0 0 -1
    outer loop
      vertex 32.9308 62.2957 1
      vertex 37.8 71.8 1
      vertex 33.061 62.2829 1
    endloop
  endfacet
  facet normal 0 0 -1
    outer loop
      vertex 32.8 62.3 1
      vertex 37.8 71.8 1
      vertex 32.9308 62.2957 1
    endloop
  endfacet
  facet normal 0 0 -1
    outer loop
      vertex 32.8 62.3 1
      vertex 8 71.8 1
      vertex 37.8 71.8 1
    endloop
  endfacet
  facet normal 0 0 -1
    outer loop
      vertex 32.8 62.3 1
      vertex 7.98287 71.2768 1
      vertex 8 71.8 1
    endloop
  endfacet
  facet normal 0 0 -1
    outer loop
      vertex 32.8 62.3 1
      vertex 7.93156 70.7558 1
      vertex 7.98287 71.2768 1
    endloop
  endfacet
  facet normal 0 0 -1
    outer loop
      vertex 32.8 62.3 1
      vertex 7.84628 70.2393 1
      vertex 7.93156 70.7558 1
    endloop
  endfacet
  facet normal 0 0 -1
    outer loop
      vertex 32.8 62.3 1
      vertex 7.72741 69.7294 1
      vertex 7.84628 70.2393 1
    endloop
  endfacet
  facet normal 0 0 -1
    outer loop
      vertex 32.8 62.3 1
      vertex 7.57544 69.2285 1
      vertex 7.72741 69.7294 1
    endloop
  endfacet
  facet normal 0 0 -1
    outer loop
      vertex 32.8 62.3 1
      vertex 7.39104 68.7385 1
      vertex 7.57544 69.2285 1
    endloop
  endfacet
  facet normal 0 0 -1
    outer loop
      vertex 32.8 62.3 1
      vertex 7.17498 68.2617 1
      vertex 7.39104 68.7385 1
    endloop
  endfacet
  facet normal 0 0 -1
    outer loop
      vertex 32.8 62.3 1
      vertex 6.9282 67.8 1
      vertex 7.17498 68.2617 1
    endloop
  endfacet
  facet normal 0 0 -1
    outer loop
      vertex 32.8 62.3 1
      vertex 6.65176 67.3554 1
      vertex 6.9282 67.8 1
    endloop
  endfacet
  facet normal 0 0 -1
    outer loop
      vertex 32.8 62.3 1
      vertex 6.34683 66.9299 1
      vertex 6.65176 67.3554 1
    endloop
  endfacet
  facet normal 0 0 -1
    outer loop
      vertex 32.8 62.3 1
      vertex 6.01472 66.5252 1
      vertex 6.34683 66.9299 1
    endloop
  endfacet
  facet normal 0 0 -1
    outer loop
      vertex 32.8 62.3 1
      vertex 5.65685 66.1431 1
      vertex 6.01472 66.5252 1
    endloop
  endfacet
  facet normal 0 0 -1
    outer loop
      vertex 32.8 62.3 1
      vertex 5.27477 65.7853 1
      vertex 5.65685 66.1431 1
    endloop
  endfacet
  facet normal 0 0 -1
    outer loop
      vertex 32.8 62.3 1
      vertex 4.87009 65.4532 1
      vertex 5.27477 65.7853 1
    endloop
  endfacet
  facet normal 0 0 -1
    outer loop
      vertex 32.8 62.3 1
      vertex 4.44456 65.1482 1
      vertex 4.87009 65.4532 1
    endloop
  endfacet
  facet normal 0 0 -1
    outer loop
      vertex 32.8 62.3 1
      vertex 4 64.8718 1
      vertex 4.44456 65.1482 1
    endloop
  endfacet
  facet normal 0 0 -1
    outer loop
      vertex 32.8 62.3 1
      vertex 3.53831 64.625 1
      vertex 4 64.8718 1
    endloop
  endfacet
  facet normal 0 0 -1
    outer loop
      vertex 32.8 62.3 1
      vertex 3.06147 64.409 1
      vertex 3.53831 64.625 1
    endloop
  endfacet
  facet normal 0 0 -1
    outer loop
      vertex 32.8 62.3 1
      vertex 2.57152 64.2246 1
      vertex 3.06147 64.409 1
    endloop
  endfacet
  facet normal 0 0 -1
    outer loop
      vertex 32.8 62.3 1
      vertex 2.07055 64.0726 1
      vertex 2.57152 64.2246 1
    endloop
  endfacet
  facet normal 0 0 -1
    outer loop
      vertex 32.8 62.3 1
      vertex 1.56072 63.9537 1
      vertex 2.07055 64.0726 1
    endloop
  endfacet
  facet normal 0 0 -1
    outer loop
      vertex 32.8 62.3 1
      vertex 1.04421 63.8684 1
      vertex 1.56072 63.9537 1
    endloop
  endfacet
  facet normal 0 0 -1
    outer loop
      vertex 32.8 62.3 1
      vertex 0.523225 63.8171 1
      vertex 1.04421 63.8684 1
    endloop
  endfacet
  facet normal 0 0 -1
    outer loop
      vertex 32.8 62.3 1
      vertex 0 63.8 1
      vertex 0.523225 63.8171 1
    endloop
  endfacet
  facet normal 0 0 -1
    outer loop
      vertex -32.8 62.3 1
      vertex 0 63.8 1
      vertex 32.8 62.3 1
    endloop
  endfacet
  facet normal -0 0 -1
    outer loop
      vertex 0 63.8 1
      vertex -32.8 62.3 1
      vertex -0.523225 63.8171 1
    endloop
  endfacet
  facet normal 0 0 -1
    outer loop
      vertex -32.8 62.3 1
      vertex -1.04421 63.8684 1
      vertex -0.523225 63.8171 1
    endloop
  endfacet
  facet normal 0 0 -1
    outer loop
      vertex -32.8 62.3 1
      vertex -1.56072 63.9537 1
      vertex -1.04421 63.8684 1
    endloop
  endfacet
  facet normal 0 0 -1
    outer loop
      vertex -32.8 62.3 1
      vertex -2.07055 64.0726 1
      vertex -1.56072 63.9537 1
    endloop
  endfacet
  facet normal 0 0 -1
    outer loop
      vertex -32.8 62.3 1
      vertex -2.57152 64.2246 1
      vertex -2.07055 64.0726 1
    endloop
  endfacet
  facet normal 0 0 -1
    outer loop
      vertex -32.8 62.3 1
      vertex -3.06147 64.409 1
      vertex -2.57152 64.2246 1
    endloop
  endfacet
  facet normal 0 0 -1
    outer loop
      vertex -32.8 62.3 1
      vertex -3.53831 64.625 1
      vertex -3.06147 64.409 1
    endloop
  endfacet
  facet normal 0 0 -1
    outer loop
      vertex -32.8 62.3 1
      vertex -4 64.8718 1
      vertex -3.53831 64.625 1
    endloop
  endfacet
  facet normal 0 0 -1
    outer loop
      vertex -32.8 62.3 1
      vertex -4.44456 65.1482 1
      vertex -4 64.8718 1
    endloop
  endfacet
  facet normal 0 0 -1
    outer loop
      vertex -32.8 62.3 1
      vertex -4.87009 65.4532 1
      vertex -4.44456 65.1482 1
    endloop
  endfacet
  facet normal 0 0 -1
    outer loop
      vertex -32.8 62.3 1
      vertex -5.27477 65.7853 1
      vertex -4.87009 65.4532 1
    endloop
  endfacet
  facet normal 0 0 -1
    outer loop
      vertex -32.8 62.3 1
      vertex -5.65685 66.1431 1
      vertex -5.27477 65.7853 1
    endloop
  endfacet
  facet normal 0 0 -1
    outer loop
      vertex -32.8 62.3 1
      vertex -6.01472 66.5252 1
      vertex -5.65685 66.1431 1
    endloop
  endfacet
  facet normal 0 0 -1
    outer loop
      vertex -32.8 62.3 1
      vertex -6.34683 66.9299 1
      vertex -6.01472 66.5252 1
    endloop
  endfacet
  facet normal 0 0 -1
    outer loop
      vertex -32.8 62.3 1
      vertex -6.65176 67.3554 1
      vertex -6.34683 66.9299 1
    endloop
  endfacet
  facet normal 0 0 -1
    outer loop
      vertex -32.8 62.3 1
      vertex -6.9282 67.8 1
      vertex -6.65176 67.3554 1
    endloop
  endfacet
  facet normal 0 0 -1
    outer loop
      vertex -32.8 62.3 1
      vertex -7.17498 68.2617 1
      vertex -6.9282 67.8 1
    endloop
  endfacet
  facet normal 0 0 -1
    outer loop
      vertex -32.8 62.3 1
      vertex -7.39104 68.7385 1
      vertex -7.17498 68.2617 1
    endloop
  endfacet
  facet normal 0 0 -1
    outer loop
      vertex -32.8 62.3 1
      vertex -7.57544 69.2285 1
      vertex -7.39104 68.7385 1
    endloop
  endfacet
  facet normal 0 0 -1
    outer loop
      vertex -32.8 62.3 1
      vertex -7.72741 69.7294 1
      vertex -7.57544 69.2285 1
    endloop
  endfacet
  facet normal 0 0 -1
    outer loop
      vertex -32.8 62.3 1
      vertex -7.84628 70.2393 1
      vertex -7.72741 69.7294 1
    endloop
  endfacet
  facet normal 0 0 -1
    outer loop
      vertex -32.8 62.3 1
      vertex -7.93156 70.7558 1
      vertex -7.84628 70.2393 1
    endloop
  endfacet
  facet normal 0 0 -1
    outer loop
      vertex -32.8 62.3 1
      vertex -7.98287 71.2768 1
      vertex -7.93156 70.7558 1
    endloop
  endfacet
  facet normal 0 0 -1
    outer loop
      vertex -32.8 62.3 1
      vertex -8 71.8 1
      vertex -7.98287 71.2768 1
    endloop
  endfacet
  facet normal 0 0 -1
    outer loop
      vertex -37.8 71.8 1
      vertex -32.8 62.3 1
      vertex -32.9308 62.2957 1
    endloop
  endfacet
  facet normal 0 0 -1
    outer loop
      vertex -37.8 71.8 1
      vertex -32.9308 62.2957 1
      vertex -33.061 62.2829 1
    endloop
  endfacet
  facet normal 0 0 -1
    outer loop
      vertex -37.8 71.8 1
      vertex -33.061 62.2829 1
      vertex -33.1902 62.2616 1
    endloop
  endfacet
  facet normal 0 0 -1
    outer loop
      vertex -37.8 71.8 1
      vertex -33.1902 62.2616 1
      vertex -33.3176 62.2318 1
    endloop
  endfacet
  facet normal 0 0 -1
    outer loop
      vertex -37.8 71.8 1
      vertex -33.3176 62.2318 1
      vertex -33.4429 62.1938 1
    endloop
  endfacet
  facet normal 0 0 -1
    outer loop
      vertex -37.8 71.8 1
      vertex -33.4429 62.1938 1
      vertex -33.5654 62.1478 1
    endloop
  endfacet
  facet normal 0 0 -1
    outer loop
      vertex -32.8 62.3 1
      vertex -37.8 71.8 1
      vertex -8 71.8 1
    endloop
  endfacet
  facet normal 0 0 -1
    outer loop
      vertex -33.6846 62.0937 1
      vertex -37.8 71.8 1
      vertex -33.5654 62.1478 1
    endloop
  endfacet
  facet normal 0 0 -1
    outer loop
      vertex -33.8 62.032 1
      vertex -37.8 71.8 1
      vertex -33.6846 62.0937 1
    endloop
  endfacet
  facet normal 0 0 -1
    outer loop
      vertex -33.9111 61.9629 1
      vertex -37.8 71.8 1
      vertex -33.8 62.032 1
    endloop
  endfacet
  facet normal 0 0 -1
    outer loop
      vertex -34.0175 61.8867 1
      vertex -37.8 71.8 1
      vertex -33.9111 61.9629 1
    endloop
  endfacet
  facet normal 0 0 -1
    outer loop
      vertex -34.1187 61.8037 1
      vertex -37.8 71.8 1
      vertex -34.0175 61.8867 1
    endloop
  endfacet
  facet normal 0 0 -1
    outer loop
      vertex -34.2142 61.7142 1
      vertex -37.8 71.8 1
      vertex -34.1187 61.8037 1
    endloop
  endfacet
  facet normal 0 0 -1
    outer loop
      vertex -34.3037 61.6187 1
      vertex -37.8 71.8 1
      vertex -34.2142 61.7142 1
    endloop
  endfacet
  facet normal 0 0 -1
    outer loop
      vertex -34.3867 61.5175 1
      vertex -37.8 71.8 1
      vertex -34.3037 61.6187 1
    endloop
  endfacet
  facet normal 0 0 -1
    outer loop
      vertex -34.4629 61.4111 1
      vertex -37.8 71.8 1
      vertex -34.3867 61.5175 1
    endloop
  endfacet
  facet normal 0 0 -1
    outer loop
      vertex -34.532 61.3 1
      vertex -37.8 71.8 1
      vertex -34.4629 61.4111 1
    endloop
  endfacet
  facet normal 0 0 -1
    outer loop
      vertex -34.5937 61.1846 1
      vertex -37.8 71.8 1
      vertex -34.532 61.3 1
    endloop
  endfacet
  facet normal 0 0 -1
    outer loop
      vertex -34.6478 61.0654 1
      vertex -37.8 71.8 1
      vertex -34.5937 61.1846 1
    endloop
  endfacet
  facet normal 0 0 -1
    outer loop
      vertex -34.6938 60.9429 1
      vertex -37.8 71.8 1
      vertex -34.6478 61.0654 1
    endloop
  endfacet
  facet normal 0 0 -1
    outer loop
      vertex -34.7318 60.8176 1
      vertex -37.8 71.8 1
      vertex -34.6938 60.9429 1
    endloop
  endfacet
  facet normal 0 0 -1
    outer loop
      vertex -34.7616 60.6902 1
      vertex -37.8 71.8 1
      vertex -34.7318 60.8176 1
    endloop
  endfacet
  facet normal 0 0 -1
    outer loop
      vertex -34.7829 60.561 1
      vertex -37.8 71.8 1
      vertex -34.7616 60.6902 1
    endloop
  endfacet
  facet normal 0 0 -1
    outer loop
      vertex -34.7957 60.4308 1
      vertex -37.8 71.8 1
      vertex -34.7829 60.561 1
    endloop
  endfacet
  facet normal 0 0 -1
    outer loop
      vertex -34.8 60.3 1
      vertex -37.8 71.8 1
      vertex -34.7957 60.4308 1
    endloop
  endfacet
  facet normal 0 0 -1
    outer loop
      vertex -37.8 71.8 1
      vertex -34.8 60.3 1
      vertex -37.8 -65.3 1
    endloop
  endfacet
  facet normal 1 -0 0
    outer loop
      vertex -37.8 -65.3 1
      vertex -37.8 71.8 0
      vertex -37.8 71.8 1
    endloop
  endfacet
  facet normal 1 0 0
    outer loop
      vertex -37.8 71.8 0
      vertex -37.8 -65.3 1
      vertex -37.8 -65.3 0
    endloop
  endfacet
  facet normal 0 1 -0
    outer loop
      vertex 37.8 -65.3 0
      vertex -37.8 -65.3 1
      vertex 37.8 -65.3 1
    endloop
  endfacet
  facet normal 0 1 0
    outer loop
      vertex -37.8 -65.3 1
      vertex 37.8 -65.3 0
      vertex -37.8 -65.3 0
    endloop
  endfacet
  facet normal -0.0326645 0.999466 0
    outer loop
      vertex 0.523225 63.8171 1
      vertex 0 63.8 5.3
      vertex 0.523225 63.8171 5.3
    endloop
  endfacet
  facet normal -0.0326645 0.999466 0
    outer loop
      vertex 0 63.8 5.3
      vertex 0.523225 63.8171 1
      vertex 0 63.8 1
    endloop
  endfacet
  facet normal -0.999464 0.0327233 0
    outer loop
      vertex 7.98287 71.2768 1
      vertex 8 71.8 5.3
      vertex 8 71.8 1
    endloop
  endfacet
  facet normal -0.999464 0.0327233 0
    outer loop
      vertex 8 71.8 5.3
      vertex 7.98287 71.2768 1
      vertex 7.98287 71.2768 5.3
    endloop
  endfacet
  facet normal 0.582565 0.812784 -0
    outer loop
      vertex -4.44456 65.1482 1
      vertex -4.87009 65.4532 5.3
      vertex -4.44456 65.1482 5.3
    endloop
  endfacet
  facet normal 0.582565 0.812784 0
    outer loop
      vertex -4.87009 65.4532 5.3
      vertex -4.44456 65.1482 1
      vertex -4.87009 65.4532 1
    endloop
  endfacet
  facet normal 0.93592 0.352212 0
    outer loop
      vertex -7.39104 68.7385 5.3
      vertex -7.57544 69.2285 1
      vertex -7.57544 69.2285 5.3
    endloop
  endfacet
  facet normal 0.93592 0.352212 0
    outer loop
      vertex -7.57544 69.2285 1
      vertex -7.39104 68.7385 5.3
      vertex -7.39104 68.7385 1
    endloop
  endfacet
  facet normal 0.881924 0.471391 0
    outer loop
      vertex -6.9282 67.8 5.3
      vertex -7.17498 68.2617 1
      vertex -7.17498 68.2617 5.3
    endloop
  endfacet
  facet normal 0.881924 0.471391 0
    outer loop
      vertex -7.17498 68.2617 1
      vertex -6.9282 67.8 5.3
      vertex -6.9282 67.8 1
    endloop
  endfacet
  facet normal -0.412622 0.910902 0
    outer loop
      vertex 3.53831 64.625 1
      vertex 3.06147 64.409 5.3
      vertex 3.53831 64.625 5.3
    endloop
  endfacet
  facet normal -0.412622 0.910902 0
    outer loop
      vertex 3.06147 64.409 5.3
      vertex 3.53831 64.625 1
      vertex 3.06147 64.409 1
    endloop
  endfacet
  facet normal 0.412622 0.910902 -0
    outer loop
      vertex -3.06147 64.409 1
      vertex -3.53831 64.625 5.3
      vertex -3.06147 64.409 5.3
    endloop
  endfacet
  facet normal 0.412622 0.910902 0
    outer loop
      vertex -3.53831 64.625 5.3
      vertex -3.06147 64.409 1
      vertex -3.53831 64.625 1
    endloop
  endfacet
  facet normal -0.773028 0.634372 0
    outer loop
      vertex 6.01472 66.5252 1
      vertex 6.34683 66.9299 5.3
      vertex 6.34683 66.9299 1
    endloop
  endfacet
  facet normal -0.773028 0.634372 0
    outer loop
      vertex 6.34683 66.9299 5.3
      vertex 6.01472 66.5252 1
      vertex 6.01472 66.5252 5.3
    endloop
  endfacet
  facet normal -0.528006 0.849241 0
    outer loop
      vertex 4.44456 65.1482 1
      vertex 4 64.8718 5.3
      vertex 4.44456 65.1482 5.3
    endloop
  endfacet
  facet normal -0.528006 0.849241 0
    outer loop
      vertex 4 64.8718 5.3
      vertex 4.44456 65.1482 1
      vertex 4 64.8718 1
    endloop
  endfacet
  facet normal 0.290341 0.956923 -0
    outer loop
      vertex -2.07055 64.0726 1
      vertex -2.57152 64.2246 5.3
      vertex -2.07055 64.0726 5.3
    endloop
  endfacet
  facet normal 0.290341 0.956923 0
    outer loop
      vertex -2.57152 64.2246 5.3
      vertex -2.07055 64.0726 1
      vertex -2.57152 64.2246 1
    endloop
  endfacet
  facet normal -0.471429 0.881904 0
    outer loop
      vertex 4 64.8718 1
      vertex 3.53831 64.625 5.3
      vertex 4 64.8718 5.3
    endloop
  endfacet
  facet normal -0.471429 0.881904 0
    outer loop
      vertex 3.53831 64.625 5.3
      vertex 4 64.8718 1
      vertex 3.53831 64.625 1
    endloop
  endfacet
  facet normal 0.773028 0.634372 0
    outer loop
      vertex -6.01472 66.5252 5.3
      vertex -6.34683 66.9299 1
      vertex -6.34683 66.9299 5.3
    endloop
  endfacet
  facet normal 0.773028 0.634372 0
    outer loop
      vertex -6.34683 66.9299 1
      vertex -6.01472 66.5252 5.3
      vertex -6.01472 66.5252 1
    endloop
  endfacet
  facet normal 0.849228 0.528026 0
    outer loop
      vertex -6.65176 67.3554 5.3
      vertex -6.9282 67.8 1
      vertex -6.9282 67.8 5.3
    endloop
  endfacet
  facet normal 0.849228 0.528026 0
    outer loop
      vertex -6.9282 67.8 1
      vertex -6.65176 67.3554 5.3
      vertex -6.65176 67.3554 1
    endloop
  endfacet
  facet normal 0.973886 0.227036 0
    outer loop
      vertex -7.72741 69.7294 5.3
      vertex -7.84628 70.2393 1
      vertex -7.84628 70.2393 5.3
    endloop
  endfacet
  facet normal 0.973886 0.227036 0
    outer loop
      vertex -7.84628 70.2393 1
      vertex -7.72741 69.7294 5.3
      vertex -7.72741 69.7294 1
    endloop
  endfacet
  facet normal 0.986642 0.162906 0
    outer loop
      vertex -7.84628 70.2393 5.3
      vertex -7.93156 70.7558 1
      vertex -7.93156 70.7558 5.3
    endloop
  endfacet
  facet normal 0.986642 0.162906 0
    outer loop
      vertex -7.93156 70.7558 1
      vertex -7.84628 70.2393 5.3
      vertex -7.84628 70.2393 1
    endloop
  endfacet
  facet normal 0.683534 0.729918 -0
    outer loop
      vertex -5.27477 65.7853 1
      vertex -5.65685 66.1431 5.3
      vertex -5.27477 65.7853 5.3
    endloop
  endfacet
  facet normal 0.683534 0.729918 0
    outer loop
      vertex -5.65685 66.1431 5.3
      vertex -5.27477 65.7853 1
      vertex -5.65685 66.1431 1
    endloop
  endfacet
  facet normal -0.986642 0.162906 0
    outer loop
      vertex 7.84628 70.2393 1
      vertex 7.93156 70.7558 5.3
      vertex 7.93156 70.7558 1
    endloop
  endfacet
  facet normal -0.986642 0.162906 0
    outer loop
      vertex 7.93156 70.7558 5.3
      vertex 7.84628 70.2393 1
      vertex 7.84628 70.2393 5.3
    endloop
  endfacet
  facet normal 0.995185 0.0980095 0
    outer loop
      vertex -7.93156 70.7558 5.3
      vertex -7.98287 71.2768 1
      vertex -7.98287 71.2768 5.3
    endloop
  endfacet
  facet normal 0.995185 0.0980095 0
    outer loop
      vertex -7.98287 71.2768 1
      vertex -7.93156 70.7558 5.3
      vertex -7.93156 70.7558 1
    endloop
  endfacet
  facet normal -0.352243 0.935909 0
    outer loop
      vertex 3.06147 64.409 1
      vertex 2.57152 64.2246 5.3
      vertex 3.06147 64.409 5.3
    endloop
  endfacet
  facet normal -0.352243 0.935909 0
    outer loop
      vertex 2.57152 64.2246 5.3
      vertex 3.06147 64.409 1
      vertex 2.57152 64.2246 1
    endloop
  endfacet
  facet normal -0.0979934 0.995187 0
    outer loop
      vertex 1.04421 63.8684 1
      vertex 0.523225 63.8171 5.3
      vertex 1.04421 63.8684 5.3
    endloop
  endfacet
  facet normal -0.0979934 0.995187 0
    outer loop
      vertex 0.523225 63.8171 5.3
      vertex 1.04421 63.8684 1
      vertex 0.523225 63.8171 1
    endloop
  endfacet
  facet normal -0.582565 0.812784 0
    outer loop
      vertex 4.87009 65.4532 1
      vertex 4.44456 65.1482 5.3
      vertex 4.87009 65.4532 5.3
    endloop
  endfacet
  facet normal -0.582565 0.812784 0
    outer loop
      vertex 4.44456 65.1482 5.3
      vertex 4.87009 65.4532 1
      vertex 4.44456 65.1482 1
    endloop
  endfacet
  facet normal 0.471429 0.881904 -0
    outer loop
      vertex -3.53831 64.625 1
      vertex -4 64.8718 5.3
      vertex -3.53831 64.625 5.3
    endloop
  endfacet
  facet normal 0.471429 0.881904 0
    outer loop
      vertex -4 64.8718 5.3
      vertex -3.53831 64.625 1
      vertex -4 64.8718 1
    endloop
  endfacet
  facet normal -0.956928 0.290326 0
    outer loop
      vertex 7.57544 69.2285 1
      vertex 7.72741 69.7294 5.3
      vertex 7.72741 69.7294 1
    endloop
  endfacet
  facet normal -0.956928 0.290326 0
    outer loop
      vertex 7.72741 69.7294 5.3
      vertex 7.57544 69.2285 1
      vertex 7.57544 69.2285 5.3
    endloop
  endfacet
  facet normal -0.812828 0.582504 0
    outer loop
      vertex 6.34683 66.9299 1
      vertex 6.65176 67.3554 5.3
      vertex 6.65176 67.3554 1
    endloop
  endfacet
  facet normal -0.812828 0.582504 0
    outer loop
      vertex 6.65176 67.3554 5.3
      vertex 6.34683 66.9299 1
      vertex 6.34683 66.9299 5.3
    endloop
  endfacet
  facet normal -0.93592 0.352212 0
    outer loop
      vertex 7.39104 68.7385 1
      vertex 7.57544 69.2285 5.3
      vertex 7.57544 69.2285 1
    endloop
  endfacet
  facet normal -0.93592 0.352212 0
    outer loop
      vertex 7.57544 69.2285 5.3
      vertex 7.39104 68.7385 1
      vertex 7.39104 68.7385 5.3
    endloop
  endfacet
  facet normal 0.956928 0.290326 0
    outer loop
      vertex -7.57544 69.2285 5.3
      vertex -7.72741 69.7294 1
      vertex -7.72741 69.7294 5.3
    endloop
  endfacet
  facet normal 0.956928 0.290326 0
    outer loop
      vertex -7.72741 69.7294 1
      vertex -7.57544 69.2285 5.3
      vertex -7.57544 69.2285 1
    endloop
  endfacet
  facet normal -0.72987 0.683586 0
    outer loop
      vertex 5.65685 66.1431 1
      vertex 6.01472 66.5252 5.3
      vertex 6.01472 66.5252 1
    endloop
  endfacet
  facet normal -0.72987 0.683586 0
    outer loop
      vertex 6.01472 66.5252 5.3
      vertex 5.65685 66.1431 1
      vertex 5.65685 66.1431 5.3
    endloop
  endfacet
  facet normal -0.995185 0.0980095 0
    outer loop
      vertex 7.93156 70.7558 1
      vertex 7.98287 71.2768 5.3
      vertex 7.98287 71.2768 1
    endloop
  endfacet
  facet normal -0.995185 0.0980095 0
    outer loop
      vertex 7.98287 71.2768 5.3
      vertex 7.93156 70.7558 1
      vertex 7.93156 70.7558 5.3
    endloop
  endfacet
  facet normal -0.290341 0.956923 0
    outer loop
      vertex 2.57152 64.2246 1
      vertex 2.07055 64.0726 5.3
      vertex 2.57152 64.2246 5.3
    endloop
  endfacet
  facet normal -0.290341 0.956923 0
    outer loop
      vertex 2.07055 64.0726 5.3
      vertex 2.57152 64.2246 1
      vertex 2.07055 64.0726 1
    endloop
  endfacet
  facet normal -0.22712 0.973867 0
    outer loop
      vertex 2.07055 64.0726 1
      vertex 1.56072 63.9537 5.3
      vertex 2.07055 64.0726 5.3
    endloop
  endfacet
  facet normal -0.22712 0.973867 0
    outer loop
      vertex 1.56072 63.9537 5.3
      vertex 2.07055 64.0726 1
      vertex 1.56072 63.9537 1
    endloop
  endfacet
  facet normal 0.16294 0.986636 -0
    outer loop
      vertex -1.04421 63.8684 1
      vertex -1.56072 63.9537 5.3
      vertex -1.04421 63.8684 5.3
    endloop
  endfacet
  facet normal 0.16294 0.986636 0
    outer loop
      vertex -1.56072 63.9537 5.3
      vertex -1.04421 63.8684 1
      vertex -1.56072 63.9537 1
    endloop
  endfacet
  facet normal -0.16294 0.986636 0
    outer loop
      vertex 1.56072 63.9537 1
      vertex 1.04421 63.8684 5.3
      vertex 1.56072 63.9537 5.3
    endloop
  endfacet
  facet normal -0.16294 0.986636 0
    outer loop
      vertex 1.04421 63.8684 5.3
      vertex 1.56072 63.9537 1
      vertex 1.04421 63.8684 1
    endloop
  endfacet
  facet normal 0.812828 0.582504 0
    outer loop
      vertex -6.34683 66.9299 5.3
      vertex -6.65176 67.3554 1
      vertex -6.65176 67.3554 5.3
    endloop
  endfacet
  facet normal 0.812828 0.582504 0
    outer loop
      vertex -6.65176 67.3554 1
      vertex -6.34683 66.9299 5.3
      vertex -6.34683 66.9299 1
    endloop
  endfacet
  facet normal -0.910846 0.412746 0
    outer loop
      vertex 7.17498 68.2617 1
      vertex 7.39104 68.7385 5.3
      vertex 7.39104 68.7385 1
    endloop
  endfacet
  facet normal -0.910846 0.412746 0
    outer loop
      vertex 7.39104 68.7385 5.3
      vertex 7.17498 68.2617 1
      vertex 7.17498 68.2617 5.3
    endloop
  endfacet
  facet normal -0.881924 0.471391 0
    outer loop
      vertex 6.9282 67.8 1
      vertex 7.17498 68.2617 5.3
      vertex 7.17498 68.2617 1
    endloop
  endfacet
  facet normal -0.881924 0.471391 0
    outer loop
      vertex 7.17498 68.2617 5.3
      vertex 6.9282 67.8 1
      vertex 6.9282 67.8 5.3
    endloop
  endfacet
  facet normal 0.528006 0.849241 -0
    outer loop
      vertex -4 64.8718 1
      vertex -4.44456 65.1482 5.3
      vertex -4 64.8718 5.3
    endloop
  endfacet
  facet normal 0.528006 0.849241 0
    outer loop
      vertex -4.44456 65.1482 5.3
      vertex -4 64.8718 1
      vertex -4.44456 65.1482 1
    endloop
  endfacet
  facet normal 0.0326645 0.999466 -0
    outer loop
      vertex 0 63.8 1
      vertex -0.523225 63.8171 5.3
      vertex 0 63.8 5.3
    endloop
  endfacet
  facet normal 0.0326645 0.999466 0
    outer loop
      vertex -0.523225 63.8171 5.3
      vertex 0 63.8 1
      vertex -0.523225 63.8171 1
    endloop
  endfacet
  facet normal 0.999464 0.0327233 0
    outer loop
      vertex -7.98287 71.2768 5.3
      vertex -8 71.8 1
      vertex -8 71.8 5.3
    endloop
  endfacet
  facet normal 0.999464 0.0327233 0
    outer loop
      vertex -8 71.8 1
      vertex -7.98287 71.2768 5.3
      vertex -7.98287 71.2768 1
    endloop
  endfacet
  facet normal 0.22712 0.973867 -0
    outer loop
      vertex -1.56072 63.9537 1
      vertex -2.07055 64.0726 5.3
      vertex -1.56072 63.9537 5.3
    endloop
  endfacet
  facet normal 0.22712 0.973867 0
    outer loop
      vertex -2.07055 64.0726 5.3
      vertex -1.56072 63.9537 1
      vertex -2.07055 64.0726 1
    endloop
  endfacet
  facet normal 0.72987 0.683586 0
    outer loop
      vertex -5.65685 66.1431 5.3
      vertex -6.01472 66.5252 1
      vertex -6.01472 66.5252 5.3
    endloop
  endfacet
  facet normal 0.72987 0.683586 0
    outer loop
      vertex -6.01472 66.5252 1
      vertex -5.65685 66.1431 5.3
      vertex -5.65685 66.1431 1
    endloop
  endfacet
  facet normal -0.849228 0.528026 0
    outer loop
      vertex 6.65176 67.3554 1
      vertex 6.9282 67.8 5.3
      vertex 6.9282 67.8 1
    endloop
  endfacet
  facet normal -0.849228 0.528026 0
    outer loop
      vertex 6.9282 67.8 5.3
      vertex 6.65176 67.3554 1
      vertex 6.65176 67.3554 5.3
    endloop
  endfacet
  facet normal -0.634379 0.773022 0
    outer loop
      vertex 5.27477 65.7853 1
      vertex 4.87009 65.4532 5.3
      vertex 5.27477 65.7853 5.3
    endloop
  endfacet
  facet normal -0.634379 0.773022 0
    outer loop
      vertex 4.87009 65.4532 5.3
      vertex 5.27477 65.7853 1
      vertex 4.87009 65.4532 1
    endloop
  endfacet
  facet normal 0.910846 0.412746 0
    outer loop
      vertex -7.17498 68.2617 5.3
      vertex -7.39104 68.7385 1
      vertex -7.39104 68.7385 5.3
    endloop
  endfacet
  facet normal 0.910846 0.412746 0
    outer loop
      vertex -7.39104 68.7385 1
      vertex -7.17498 68.2617 5.3
      vertex -7.17498 68.2617 1
    endloop
  endfacet
  facet normal 0.634379 0.773022 -0
    outer loop
      vertex -4.87009 65.4532 1
      vertex -5.27477 65.7853 5.3
      vertex -4.87009 65.4532 5.3
    endloop
  endfacet
  facet normal 0.634379 0.773022 0
    outer loop
      vertex -5.27477 65.7853 5.3
      vertex -4.87009 65.4532 1
      vertex -5.27477 65.7853 1
    endloop
  endfacet
  facet normal -0.973886 0.227036 0
    outer loop
      vertex 7.72741 69.7294 1
      vertex 7.84628 70.2393 5.3
      vertex 7.84628 70.2393 1
    endloop
  endfacet
  facet normal -0.973886 0.227036 0
    outer loop
      vertex 7.84628 70.2393 5.3
      vertex 7.72741 69.7294 1
      vertex 7.72741 69.7294 5.3
    endloop
  endfacet
  facet normal 0.0979934 0.995187 -0
    outer loop
      vertex -0.523225 63.8171 1
      vertex -1.04421 63.8684 5.3
      vertex -0.523225 63.8171 5.3
    endloop
  endfacet
  facet normal 0.0979934 0.995187 0
    outer loop
      vertex -1.04421 63.8684 5.3
      vertex -0.523225 63.8171 1
      vertex -1.04421 63.8684 1
    endloop
  endfacet
  facet normal 0.352243 0.935909 -0
    outer loop
      vertex -2.57152 64.2246 1
      vertex -3.06147 64.409 5.3
      vertex -2.57152 64.2246 5.3
    endloop
  endfacet
  facet normal 0.352243 0.935909 0
    outer loop
      vertex -3.06147 64.409 5.3
      vertex -2.57152 64.2246 1
      vertex -3.06147 64.409 1
    endloop
  endfacet
  facet normal -0.683534 0.729918 0
    outer loop
      vertex 5.65685 66.1431 1
      vertex 5.27477 65.7853 5.3
      vertex 5.65685 66.1431 5.3
    endloop
  endfacet
  facet normal -0.683534 0.729918 0
    outer loop
      vertex 5.27477 65.7853 5.3
      vertex 5.65685 66.1431 1
      vertex 5.27477 65.7853 1
    endloop
  endfacet
endsolid OpenSCAD_Model
