solid OpenSCAD_Model
  facet normal -1 0 0
    outer loop
      vertex -42.55 -65.5277 0
      vertex -42.55 69.8 0.00999928
      vertex -42.55 69.8 0
    endloop
  endfacet
  facet normal -1 0 0
    outer loop
      vertex -42.55 -65.5347 0.00445975
      vertex -42.55 69.8 0.00999928
      vertex -42.55 -65.5277 0
    endloop
  endfacet
  facet normal -1 -0 0
    outer loop
      vertex -42.55 69.8 0.00999928
      vertex -42.55 -65.5347 0.00445975
      vertex -42.55 -65.5434 0.00999928
    endloop
  endfacet
  facet normal -0.707107 0 0.707107
    outer loop
      vertex -42.55 -65.5434 0.00999928
      vertex -40.55 69.8 2.01
      vertex -42.55 69.8 0.00999928
    endloop
  endfacet
  facet normal -0.706898 0.00182097 0.707313
    outer loop
      vertex -40.55 -66 2.01
      vertex -42.55 -65.5434 0.00999928
      vertex -42.5005 -65.5608 0.059515
    endloop
  endfacet
  facet normal -0.707117 -0.000116475 0.707096
    outer loop
      vertex -40.55 -66 2.01
      vertex -42.5005 -65.5608 0.059515
      vertex -42.443 -65.6257 0.117006
    endloop
  endfacet
  facet normal -0.707123 -0.000176946 0.70709
    outer loop
      vertex -40.55 -66 2.01
      vertex -42.443 -65.6257 0.117006
      vertex -42.3371 -65.7452 0.222881
    endloop
  endfacet
  facet normal -0.707085 0.000355428 0.707128
    outer loop
      vertex -40.55 -66 2.01
      vertex -42.3371 -65.7452 0.222881
      vertex -42.303 -65.8329 0.257023
    endloop
  endfacet
  facet normal -0.707094 0.000179011 0.70712
    outer loop
      vertex -40.55 -66 2.01
      vertex -42.303 -65.8329 0.257023
      vertex -42.2867 -65.8748 0.273333
    endloop
  endfacet
  facet normal -0.70711 -0.000278268 0.707103
    outer loop
      vertex -40.55 -66 2.01
      vertex -42.2867 -65.8748 0.273333
      vertex -42.2589 -65.9644 0.301098
    endloop
  endfacet
  facet normal -0.7071 0.000719434 0.707114
    outer loop
      vertex -40.55 -66 2.01
      vertex -42.2589 -65.9644 0.301098
      vertex -42.2479 -66 0.312134
    endloop
  endfacet
  facet normal -0.707107 0 0.707107
    outer loop
      vertex -42.55 -65.5434 0.00999928
      vertex -40.55 -66 2.01
      vertex -40.55 69.8 2.01
    endloop
  endfacet
  facet normal 0.697629 0.163182 0.697629
    outer loop
      vertex 40.5116 70.1902 2.01
      vertex 42.4818 70.3176 0.00999928
      vertex 40.4818 70.3176 2.01
    endloop
  endfacet
  facet normal 0.697629 0.163182 0.697629
    outer loop
      vertex 42.4818 70.3176 0.00999928
      vertex 40.5116 70.1902 2.01
      vertex 42.5116 70.1902 0.00999928
    endloop
  endfacet
  facet normal 0.0328569 0.99946 -0
    outer loop
      vertex 40.6808 71.7957 0
      vertex 40.55 71.8 0.00999928
      vertex 40.6808 71.7957 0.00999928
    endloop
  endfacet
  facet normal 0.0328569 0.99946 0
    outer loop
      vertex 40.55 71.8 0.00999928
      vertex 40.6808 71.7957 0
      vertex 40.55 71.8 0
    endloop
  endfacet
  facet normal -0.535546 0.652979 0.535546
    outer loop
      vertex -41.7675 71.3867 0.00999928
      vertex -39.8687 71.3037 2.01
      vertex -39.7675 71.3867 2.01
    endloop
  endfacet
  facet normal -0.535546 0.652979 0.535546
    outer loop
      vertex -39.8687 71.3037 2.01
      vertex -41.7675 71.3867 0.00999928
      vertex -41.8687 71.3037 0.00999928
    endloop
  endfacet
  facet normal -0.729656 0.683814 0
    outer loop
      vertex -42.0537 71.1187 0
      vertex -41.9642 71.2142 0.00999928
      vertex -41.9642 71.2142 0
    endloop
  endfacet
  facet normal -0.729656 0.683814 0
    outer loop
      vertex -41.9642 71.2142 0.00999928
      vertex -42.0537 71.1187 0
      vertex -42.0537 71.1187 0.00999928
    endloop
  endfacet
  facet normal -0.683814 -0.729656 0
    outer loop
      vertex -41.9642 -67.4142 0
      vertex -41.8687 -67.5037 0.00999928
      vertex -41.9642 -67.4142 0.00999928
    endloop
  endfacet
  facet normal -0.683814 -0.729656 -0
    outer loop
      vertex -41.8687 -67.5037 0.00999928
      vertex -41.9642 -67.4142 0
      vertex -41.8687 -67.5037 0
    endloop
  endfacet
  facet normal 1 0 0
    outer loop
      vertex 42.55 69.8 0.00999928
      vertex 42.55 -65.5277 0
      vertex 42.55 69.8 0
    endloop
  endfacet
  facet normal 1 0 0
    outer loop
      vertex 42.55 69.8 0.00999928
      vertex 42.55 -65.5347 0.00445975
      vertex 42.55 -65.5277 0
    endloop
  endfacet
  facet normal 1 0 -0
    outer loop
      vertex 42.55 -65.5347 0.00445975
      vertex 42.55 69.8 0.00999928
      vertex 42.55 -65.5434 0.00999928
    endloop
  endfacet
  facet normal 0.729656 -0.683814 0
    outer loop
      vertex 41.9642 -67.4142 0.00999928
      vertex 42.0537 -67.3187 0
      vertex 42.0537 -67.3187 0.00999928
    endloop
  endfacet
  facet normal 0.729656 -0.683814 0
    outer loop
      vertex 42.0537 -67.3187 0
      vertex 41.9642 -67.4142 0.00999928
      vertex 41.9642 -67.4142 0
    endloop
  endfacet
  facet normal 0.81299 -0.582277 0
    outer loop
      vertex 42.2129 -67.1111 0.00999928
      vertex 42.2023 -67.1259 0
      vertex 42.2129 -67.1111 0.00807262
    endloop
  endfacet
  facet normal 0.81301 -0.58225 -6.1133e-05
    outer loop
      vertex 42.1367 -67.2175 0.00999928
      vertex 42.2023 -67.1259 0
      vertex 42.2129 -67.1111 0.00999928
    endloop
  endfacet
  facet normal 0.813013 -0.582245 0
    outer loop
      vertex 42.2023 -67.1259 0
      vertex 42.1367 -67.2175 0.00999928
      vertex 42.1367 -67.2175 0
    endloop
  endfacet
  facet normal 0.705404 -0.0694483 0.705395
    outer loop
      vertex 40.5457 -66.1308 2.01
      vertex 42.2084 -66.1973 0.34073
      vertex 42.2182 -66.1308 0.337477
    endloop
  endfacet
  facet normal 0.705329 -0.0705313 0.705363
    outer loop
      vertex 40.5457 -66.1308 2.01
      vertex 42.208 -66.2 0.34086
      vertex 42.2084 -66.1973 0.34073
    endloop
  endfacet
  facet normal 0.7065 -0.0523334 0.705775
    outer loop
      vertex 40.5457 -66.1308 2.01
      vertex 42.2078 -66.2027 0.34086
      vertex 42.208 -66.2 0.34086
    endloop
  endfacet
  facet normal 0.705339 -0.070183 0.705387
    outer loop
      vertex 40.5457 -66.1308 2.01
      vertex 42.202 -66.261 0.340859
      vertex 42.2078 -66.2027 0.34086
    endloop
  endfacet
  facet normal 0.705413 -0.0693494 0.705396
    outer loop
      vertex 42.202 -66.261 0.340859
      vertex 40.5457 -66.1308 2.01
      vertex 40.5329 -66.261 2.01
    endloop
  endfacet
  facet normal 0.634153 0.773208 -0
    outer loop
      vertex 41.8687 71.3037 0
      vertex 41.7675 71.3867 0.00999928
      vertex 41.8687 71.3037 0.00999928
    endloop
  endfacet
  facet normal 0.634153 0.773208 0
    outer loop
      vertex 41.7675 71.3867 0.00999928
      vertex 41.8687 71.3037 0
      vertex 41.7675 71.3867 0
    endloop
  endfacet
  facet normal -0.634153 0.773208 0
    outer loop
      vertex -41.7675 71.3867 0
      vertex -41.8687 71.3037 0.00999928
      vertex -41.7675 71.3867 0.00999928
    endloop
  endfacet
  facet normal -0.634153 0.773208 0
    outer loop
      vertex -41.8687 71.3037 0.00999928
      vertex -41.7675 71.3867 0
      vertex -41.8687 71.3037 0
    endloop
  endfacet
  facet normal -0.227761 0.973717 0
    outer loop
      vertex -40.9402 71.7616 0
      vertex -41.0676 71.7318 0.00999928
      vertex -40.9402 71.7616 0.00999928
    endloop
  endfacet
  facet normal -0.227761 0.973717 0
    outer loop
      vertex -41.0676 71.7318 0.00999928
      vertex -40.9402 71.7616 0
      vertex -41.0676 71.7318 0
    endloop
  endfacet
  facet normal -0.332241 -0.882737 0.332252
    outer loop
      vertex -41.3154 -67.8478 0.00999928
      vertex -39.7 -67.8939 1.50287
      vertex -39.7 -67.8478 1.62535
    endloop
  endfacet
  facet normal -0.332207 -0.882764 0.332214
    outer loop
      vertex -39.7 -67.8939 1.50287
      vertex -41.3154 -67.8478 0.00999928
      vertex -41.1929 -67.8939 0.00999928
    endloop
  endfacet
  facet normal 0.634153 -0.773208 0
    outer loop
      vertex 41.7675 -67.5867 0
      vertex 41.8687 -67.5037 0.00999928
      vertex 41.7675 -67.5867 0.00999928
    endloop
  endfacet
  facet normal 0.634153 -0.773208 0
    outer loop
      vertex 41.8687 -67.5037 0.00999928
      vertex 41.7675 -67.5867 0
      vertex 41.8687 -67.5037 0
    endloop
  endfacet
  facet normal -0.673351 -0.305339 0.673326
    outer loop
      vertex -40.3978 -66.7654 2.01
      vertex -42.1726 -66.7654 0.235134
      vertex -42.1688 -66.8008 0.222881
    endloop
  endfacet
  facet normal -0.673487 -0.304764 0.673449
    outer loop
      vertex -42.1859 -66.8846 0.167857
      vertex -40.3978 -66.7654 2.01
      vertex -42.1688 -66.8008 0.222881
    endloop
  endfacet
  facet normal -0.673275 -0.305572 0.673296
    outer loop
      vertex -40.3978 -66.7654 2.01
      vertex -42.1859 -66.8846 0.167857
      vertex -40.3437 -66.8846 2.01
    endloop
  endfacet
  facet normal -0.470906 0.882184 0
    outer loop
      vertex -41.4346 71.5937 0
      vertex -41.55 71.5321 0.00999928
      vertex -41.4346 71.5937 0.00999928
    endloop
  endfacet
  facet normal -0.470906 0.882184 0
    outer loop
      vertex -41.55 71.5321 0.00999928
      vertex -41.4346 71.5937 0
      vertex -41.55 71.5321 0
    endloop
  endfacet
  facet normal 0.0328569 -0.99946 0
    outer loop
      vertex 40.55 -68 0
      vertex 40.6808 -67.9957 0.00999928
      vertex 40.55 -68 0.00999928
    endloop
  endfacet
  facet normal 0.0328569 -0.99946 0
    outer loop
      vertex 40.6808 -67.9957 0.00999928
      vertex 40.55 -68 0
      vertex 40.6808 -67.9957 0
    endloop
  endfacet
  facet normal 0.99946 0.0328569 0
    outer loop
      vertex 42.55 69.8 0.00999928
      vertex 42.5457 69.9308 0
      vertex 42.5457 69.9308 0.00999928
    endloop
  endfacet
  facet normal 0.99946 0.0328569 0
    outer loop
      vertex 42.5457 69.9308 0
      vertex 42.55 69.8 0.00999928
      vertex 42.55 69.8 0
    endloop
  endfacet
  facet normal 0.691515 -0.208806 0.691525
    outer loop
      vertex 42.1825 -66.5305 0.30543
      vertex 40.4818 -66.5176 2.01
      vertex 42.1797 -66.5797 0.293374
    endloop
  endfacet
  facet normal 0.691762 -0.207206 0.691759
    outer loop
      vertex 40.4818 -66.5176 2.01
      vertex 42.1825 -66.5305 0.30543
      vertex 42.1832 -66.5176 0.308594
    endloop
  endfacet
  facet normal 0.691276 -0.210208 0.691339
    outer loop
      vertex 40.4818 -66.5176 2.01
      vertex 42.1811 -66.6364 0.274734
      vertex 42.1797 -66.5797 0.293374
    endloop
  endfacet
  facet normal 0.690464 -0.214484 0.690837
    outer loop
      vertex 40.4818 -66.5176 2.01
      vertex 42.1812 -66.6429 0.272616
      vertex 42.1811 -66.6364 0.274734
    endloop
  endfacet
  facet normal 0.691385 -0.209678 0.691391
    outer loop
      vertex 42.1812 -66.6429 0.272616
      vertex 40.4818 -66.5176 2.01
      vertex 40.4438 -66.6429 2.01
    endloop
  endfacet
  facet normal 0.702418 -0.115074 0.702401
    outer loop
      vertex 40.5329 -66.261 2.01
      vertex 42.1987 -66.2793 0.341161
      vertex 42.202 -66.261 0.340859
    endloop
  endfacet
  facet normal 0.701674 -0.123297 0.701749
    outer loop
      vertex 40.5329 -66.261 2.01
      vertex 42.1983 -66.2821 0.341069
      vertex 42.1987 -66.2793 0.341161
    endloop
  endfacet
  facet normal 0.702361 -0.115792 0.702339
    outer loop
      vertex 40.5116 -66.3902 2.01
      vertex 42.1983 -66.2821 0.341069
      vertex 40.5329 -66.261 2.01
    endloop
  endfacet
  facet normal 0.702358 -0.11587 0.70233
    outer loop
      vertex 42.1983 -66.2821 0.341069
      vertex 40.5116 -66.3902 2.01
      vertex 42.1879 -66.3607 0.338502
    endloop
  endfacet
  facet normal 0.703175 -0.104085 0.703358
    outer loop
      vertex 42.1879 -66.3607 0.338502
      vertex 40.5116 -66.3902 2.01
      vertex 42.1878 -66.3622 0.33838
    endloop
  endfacet
  facet normal 0.702371 -0.115614 0.702359
    outer loop
      vertex 42.1878 -66.3622 0.33838
      vertex 40.5116 -66.3902 2.01
      vertex 42.1854 -66.3902 0.336171
    endloop
  endfacet
  facet normal -0.0978386 0.995202 0
    outer loop
      vertex -40.6808 71.7957 0
      vertex -40.811 71.7829 0.00999928
      vertex -40.6808 71.7957 0.00999928
    endloop
  endfacet
  facet normal -0.0978386 0.995202 0
    outer loop
      vertex -40.811 71.7829 0.00999928
      vertex -40.6808 71.7957 0
      vertex -40.811 71.7829 0
    endloop
  endfacet
  facet normal -0.683814 0.729656 0
    outer loop
      vertex -41.8687 71.3037 0
      vertex -41.9642 71.2142 0.00999928
      vertex -41.8687 71.3037 0.00999928
    endloop
  endfacet
  facet normal -0.683814 0.729656 0
    outer loop
      vertex -41.9642 71.2142 0.00999928
      vertex -41.8687 71.3037 0
      vertex -41.9642 71.2142 0
    endloop
  endfacet
  facet normal -0.222074 0.949403 0.222074
    outer loop
      vertex -40.9402 71.7616 0.00999928
      vertex -39.0676 71.7318 2.01
      vertex -38.9402 71.7616 2.01
    endloop
  endfacet
  facet normal -0.222074 0.949403 0.222074
    outer loop
      vertex -39.0676 71.7318 2.01
      vertex -40.9402 71.7616 0.00999928
      vertex -41.0676 71.7318 0.00999928
    endloop
  endfacet
  facet normal -0.64718 -0.402901 0.64717
    outer loop
      vertex -40.2129 -67.1111 2.01
      vertex -42.1956 -67 0.0964342
      vertex -42.1928 -67.0638 0.059515
    endloop
  endfacet
  facet normal -0.64596 -0.403725 0.647875
    outer loop
      vertex -42.2129 -67.1111 0.00999928
      vertex -42.1928 -67.0638 0.059515
      vertex -42.2149 -67.1079 0.00999928
    endloop
  endfacet
  facet normal -0.647286 -0.402545 0.647286
    outer loop
      vertex -42.1928 -67.0638 0.059515
      vertex -42.2129 -67.1111 0.00999928
      vertex -40.2129 -67.1111 2.01
    endloop
  endfacet
  facet normal -0.64727 -0.402577 0.647281
    outer loop
      vertex -42.1956 -67 0.0964342
      vertex -40.2129 -67.1111 2.01
      vertex -40.282 -67 2.01
    endloop
  endfacet
  facet normal -0.81301 0.58225 0
    outer loop
      vertex -42.2129 70.9111 0
      vertex -42.1367 71.0175 0.00999928
      vertex -42.1367 71.0175 0
    endloop
  endfacet
  facet normal -0.81301 0.58225 0
    outer loop
      vertex -42.1367 71.0175 0.00999928
      vertex -42.2129 70.9111 0
      vertex -42.2129 70.9111 0.00999928
    endloop
  endfacet
  facet normal -0.849156 0.528143 0
    outer loop
      vertex -42.282 70.8 0
      vertex -42.2129 70.9111 0.00999928
      vertex -42.2129 70.9111 0
    endloop
  endfacet
  facet normal -0.849156 0.528143 0
    outer loop
      vertex -42.2129 70.9111 0.00999928
      vertex -42.282 70.8 0
      vertex -42.282 70.8 0.00999928
    endloop
  endfacet
  facet normal -0.773208 0.634153 0
    outer loop
      vertex -42.1367 71.0175 0
      vertex -42.0537 71.1187 0.00999928
      vertex -42.0537 71.1187 0
    endloop
  endfacet
  facet normal -0.773208 0.634153 0
    outer loop
      vertex -42.0537 71.1187 0.00999928
      vertex -42.1367 71.0175 0
      vertex -42.1367 71.0175 0.00999928
    endloop
  endfacet
  facet normal -0.611686 -0.501679 0.611685
    outer loop
      vertex -42.0537 -67.3187 0.00999928
      vertex -40.1367 -67.2175 2.01
      vertex -42.1367 -67.2175 0.00999928
    endloop
  endfacet
  facet normal -0.611686 -0.501679 0.611685
    outer loop
      vertex -40.1367 -67.2175 2.01
      vertex -42.0537 -67.3187 0.00999928
      vertex -40.0537 -67.3187 2.01
    endloop
  endfacet
  facet normal -0.426032 0.798119 0.426032
    outer loop
      vertex -41.4346 71.5937 0.00999928
      vertex -39.55 71.5321 2.01
      vertex -39.4346 71.5937 2.01
    endloop
  endfacet
  facet normal -0.426032 0.798119 0.426032
    outer loop
      vertex -39.55 71.5321 2.01
      vertex -41.4346 71.5937 0.00999928
      vertex -41.55 71.5321 0.00999928
    endloop
  endfacet
  facet normal -0.995202 0.0978386 0
    outer loop
      vertex -42.5457 69.9308 0
      vertex -42.5329 70.061 0.00999928
      vertex -42.5329 70.061 0
    endloop
  endfacet
  facet normal -0.995202 0.0978386 0
    outer loop
      vertex -42.5329 70.061 0.00999928
      vertex -42.5457 69.9308 0
      vertex -42.5457 69.9308 0.00999928
    endloop
  endfacet
  facet normal 0.381895 -0.841607 0.381907
    outer loop
      vertex 41.3154 -67.8478 0.00999928
      vertex 39.7 -67.7937 1.74457
      vertex 39.7 -67.8478 1.62535
    endloop
  endfacet
  facet normal 0.38195 -0.84156 0.381956
    outer loop
      vertex 39.7 -67.7937 1.74457
      vertex 41.3154 -67.8478 0.00999928
      vertex 41.4346 -67.7937 0.00999928
    endloop
  endfacet
  facet normal -0.413285 0.910602 0
    outer loop
      vertex -41.3154 71.6478 0
      vertex -41.4346 71.5937 0.00999928
      vertex -41.3154 71.6478 0.00999928
    endloop
  endfacet
  facet normal -0.413285 0.910602 0
    outer loop
      vertex -41.4346 71.5937 0.00999928
      vertex -41.3154 71.6478 0
      vertex -41.4346 71.5937 0
    endloop
  endfacet
  facet normal -0.413285 -0.910602 0
    outer loop
      vertex -41.4346 -67.7937 0
      vertex -41.3154 -67.8478 0.00999928
      vertex -41.4346 -67.7937 0.00999928
    endloop
  endfacet
  facet normal -0.413285 -0.910602 -0
    outer loop
      vertex -41.3154 -67.8478 0.00999928
      vertex -41.4346 -67.7937 0
      vertex -41.3154 -67.8478 0
    endloop
  endfacet
  facet normal -0.630831 0.451779 0.630831
    outer loop
      vertex -42.2129 70.9111 0.00999928
      vertex -40.1367 71.0175 2.01
      vertex -42.1367 71.0175 0.00999928
    endloop
  endfacet
  facet normal -0.630831 0.451779 0.630831
    outer loop
      vertex -40.1367 71.0175 2.01
      vertex -42.2129 70.9111 0.00999928
      vertex -40.2129 70.9111 2.01
    endloop
  endfacet
  facet normal -0.467392 0.750393 0.467392
    outer loop
      vertex -41.55 71.5321 0.00999928
      vertex -39.6611 71.4629 2.01
      vertex -39.55 71.5321 2.01
    endloop
  endfacet
  facet normal -0.467392 0.750393 0.467392
    outer loop
      vertex -39.6611 71.4629 2.01
      vertex -41.55 71.5321 0.00999928
      vertex -41.6611 71.4629 0.00999928
    endloop
  endfacet
  facet normal 0.729656 0.683814 0
    outer loop
      vertex 42.0537 71.1187 0.00999928
      vertex 41.9642 71.2142 0
      vertex 41.9642 71.2142 0.00999928
    endloop
  endfacet
  facet normal 0.729656 0.683814 0
    outer loop
      vertex 41.9642 71.2142 0
      vertex 42.0537 71.1187 0.00999928
      vertex 42.0537 71.1187 0
    endloop
  endfacet
  facet normal -0.535546 -0.652979 0.535546
    outer loop
      vertex -41.7675 -67.5867 0.00999928
      vertex -39.8687 -67.5037 2.01
      vertex -41.8687 -67.5037 0.00999928
    endloop
  endfacet
  facet normal -0.535546 -0.652979 0.535546
    outer loop
      vertex -39.8687 -67.5037 2.01
      vertex -41.7675 -67.5867 0.00999928
      vertex -39.7675 -67.5867 2.01
    endloop
  endfacet
  facet normal 0.661416 0.353634 0.661416
    outer loop
      vertex 40.3437 70.6846 2.01
      vertex 42.282 70.8 0.00999928
      vertex 40.282 70.8 2.01
    endloop
  endfacet
  facet normal 0.661416 0.353634 0.661416
    outer loop
      vertex 42.282 70.8 0.00999928
      vertex 40.3437 70.6846 2.01
      vertex 42.3437 70.6846 0.00999928
    endloop
  endfacet
  facet normal -0.986681 0.162665 0
    outer loop
      vertex -42.5329 70.061 0
      vertex -42.5116 70.1902 0.00999928
      vertex -42.5116 70.1902 0
    endloop
  endfacet
  facet normal -0.986681 0.162665 0
    outer loop
      vertex -42.5116 70.1902 0.00999928
      vertex -42.5329 70.061 0
      vertex -42.5329 70.061 0.00999928
    endloop
  endfacet
  facet normal 0.535546 0.652979 0.535546
    outer loop
      vertex 41.7675 71.3867 0.00999928
      vertex 39.8687 71.3037 2.01
      vertex 41.8687 71.3037 0.00999928
    endloop
  endfacet
  facet normal 0.535546 0.652979 0.535546
    outer loop
      vertex 39.8687 71.3037 2.01
      vertex 41.7675 71.3867 0.00999928
      vertex 39.7675 71.3867 2.01
    endloop
  endfacet
  facet normal -0.564461 0.602302 0.564461
    outer loop
      vertex -41.8687 71.3037 0.00999928
      vertex -39.9642 71.2142 2.01
      vertex -39.8687 71.3037 2.01
    endloop
  endfacet
  facet normal -0.564461 0.602302 0.564461
    outer loop
      vertex -39.9642 71.2142 2.01
      vertex -41.8687 71.3037 0.00999928
      vertex -41.9642 71.2142 0.00999928
    endloop
  endfacet
  facet normal -0.58943 0.552398 0.58943
    outer loop
      vertex -42.0537 71.1187 0.00999928
      vertex -39.9642 71.2142 2.01
      vertex -41.9642 71.2142 0.00999928
    endloop
  endfacet
  facet normal -0.58943 0.552398 0.58943
    outer loop
      vertex -39.9642 71.2142 2.01
      vertex -42.0537 71.1187 0.00999928
      vertex -40.0537 71.1187 2.01
    endloop
  endfacet
  facet normal 0.936172 0.351542 0
    outer loop
      vertex 42.4438 70.4429 0.00999928
      vertex 42.3978 70.5654 0
      vertex 42.3978 70.5654 0.00999928
    endloop
  endfacet
  facet normal 0.936172 0.351542 0
    outer loop
      vertex 42.3978 70.5654 0
      vertex 42.4438 70.4429 0.00999928
      vertex 42.4438 70.4429 0
    endloop
  endfacet
  facet normal -0.611686 0.501679 0.611685
    outer loop
      vertex -42.1367 71.0175 0.00999928
      vertex -40.0537 71.1187 2.01
      vertex -42.0537 71.1187 0.00999928
    endloop
  endfacet
  facet normal -0.611686 0.501679 0.611685
    outer loop
      vertex -40.0537 71.1187 2.01
      vertex -42.1367 71.0175 0.00999928
      vertex -40.1367 71.0175 2.01
    endloop
  endfacet
  facet normal -0.70689 -0.0243438 0.706904
    outer loop
      vertex -42.2417 -66.0171 0.317745
      vertex -40.55 -66 2.01
      vertex -42.2479 -66 0.312134
    endloop
  endfacet
  facet normal -0.706938 -0.0221072 0.70693
    outer loop
      vertex -42.2367 -66.0368 0.322129
      vertex -40.55 -66 2.01
      vertex -42.2417 -66.0171 0.317745
    endloop
  endfacet
  facet normal -0.706888 -0.0239394 0.70692
    outer loop
      vertex -42.2214 -66.0964 0.33541
      vertex -40.55 -66 2.01
      vertex -42.2367 -66.0368 0.322129
    endloop
  endfacet
  facet normal -0.706885 -0.0240094 0.706921
    outer loop
      vertex -42.2192 -66.1158 0.336951
      vertex -40.55 -66 2.01
      vertex -42.2214 -66.0964 0.33541
    endloop
  endfacet
  facet normal -0.708748 0.0553836 0.703284
    outer loop
      vertex -42.2192 -66.1166 0.337014
      vertex -40.55 -66 2.01
      vertex -42.2192 -66.1158 0.336951
    endloop
  endfacet
  facet normal -0.706859 -0.0267315 0.706849
    outer loop
      vertex -40.5457 -66.1308 2.01
      vertex -42.2192 -66.1166 0.337014
      vertex -42.2182 -66.1308 0.337477
    endloop
  endfacet
  facet normal -0.706906 -0.0232393 0.706926
    outer loop
      vertex -42.2192 -66.1166 0.337014
      vertex -40.5457 -66.1308 2.01
      vertex -40.55 -66 2.01
    endloop
  endfacet
  facet normal 0.847998 -0.529999 0
    outer loop
      vertex 42.2129 -67.1111 0.00999928
      vertex 42.2129 -67.1111 0.00807262
      vertex 42.2149 -67.1079 0.00999928
    endloop
  endfacet
  facet normal -0.352212 0.93592 0
    outer loop
      vertex -41.1929 71.6939 0
      vertex -41.3154 71.6478 0.00999928
      vertex -41.1929 71.6939 0.00999928
    endloop
  endfacet
  facet normal -0.352212 0.93592 0
    outer loop
      vertex -41.3154 71.6478 0.00999928
      vertex -41.1929 71.6939 0
      vertex -41.3154 71.6478 0
    endloop
  endfacet
  facet normal 0 1 0
    outer loop
      vertex 37.8 71.8 0
      vertex 38.55 71.8 2.01
      vertex 40.55 71.8 0.00999928
    endloop
  endfacet
  facet normal 0 1 0
    outer loop
      vertex 37.8 71.8 0
      vertex 40.55 71.8 0.00999928
      vertex 40.55 71.8 0
    endloop
  endfacet
  facet normal 0 1 0
    outer loop
      vertex 38.55 71.8 2.01
      vertex 37.8 71.8 0
      vertex 37.8 71.8 1.5
    endloop
  endfacet
  facet normal 0 1 0
    outer loop
      vertex 37.8 71.8 1.5
      vertex 38.55 71.8 5.3
      vertex 38.55 71.8 2.01
    endloop
  endfacet
  facet normal 0 1 0
    outer loop
      vertex 38.55 71.8 5.3
      vertex 37.8 71.8 1.5
      vertex 8 71.8 5.3
    endloop
  endfacet
  facet normal 0 1 0
    outer loop
      vertex 8 71.8 5.3
      vertex 37.8 71.8 1.5
      vertex 8 71.8 1.5
    endloop
  endfacet
  facet normal 0 1 -0
    outer loop
      vertex -37.8 71.8 1.5
      vertex -38.55 71.8 5.3
      vertex -8 71.8 5.3
    endloop
  endfacet
  facet normal 0 1 0
    outer loop
      vertex -37.8 71.8 1.5
      vertex -8 71.8 5.3
      vertex -8 71.8 1.5
    endloop
  endfacet
  facet normal 0 1 0
    outer loop
      vertex -38.55 71.8 5.3
      vertex -37.8 71.8 1.5
      vertex -38.55 71.8 2.01
    endloop
  endfacet
  facet normal 0 1 -0
    outer loop
      vertex -37.8 71.8 0
      vertex -38.55 71.8 2.01
      vertex -37.8 71.8 1.5
    endloop
  endfacet
  facet normal 0 1 0
    outer loop
      vertex -38.55 71.8 2.01
      vertex -37.8 71.8 0
      vertex -40.55 71.8 0.00999928
    endloop
  endfacet
  facet normal 0 1 0
    outer loop
      vertex -40.55 71.8 0.00999928
      vertex -37.8 71.8 0
      vertex -40.55 71.8 0
    endloop
  endfacet
  facet normal 0.706916 0.0232396 0.706916
    outer loop
      vertex 40.55 69.8 2.01
      vertex 42.5457 69.9308 0.00999928
      vertex 40.5457 69.9308 2.01
    endloop
  endfacet
  facet normal 0.706916 0.0232396 0.706916
    outer loop
      vertex 42.5457 69.9308 0.00999928
      vertex 40.55 69.8 2.01
      vertex 42.55 69.8 0.00999928
    endloop
  endfacet
  facet normal 0.647275 0.40258 0.647275
    outer loop
      vertex 40.282 70.8 2.01
      vertex 42.2129 70.9111 0.00999928
      vertex 40.2129 70.9111 2.01
    endloop
  endfacet
  facet normal 0.647275 0.40258 0.647275
    outer loop
      vertex 42.2129 70.9111 0.00999928
      vertex 40.282 70.8 2.01
      vertex 42.282 70.8 0.00999928
    endloop
  endfacet
  facet normal 0.467392 0.750393 0.467392
    outer loop
      vertex 41.55 71.5321 0.00999928
      vertex 39.6611 71.4629 2.01
      vertex 41.6611 71.4629 0.00999928
    endloop
  endfacet
  facet normal 0.467392 0.750393 0.467392
    outer loop
      vertex 39.6611 71.4629 2.01
      vertex 41.55 71.5321 0.00999928
      vertex 39.55 71.5321 2.01
    endloop
  endfacet
  facet normal 0.64727 -0.402577 0.647281
    outer loop
      vertex 40.2129 -67.1111 2.01
      vertex 42.1956 -67 0.0964342
      vertex 40.282 -67 2.01
    endloop
  endfacet
  facet normal 0.64718 -0.402901 0.64717
    outer loop
      vertex 42.1956 -67 0.0964342
      vertex 40.2129 -67.1111 2.01
      vertex 42.1928 -67.0638 0.059515
    endloop
  endfacet
  facet normal 0.647286 -0.402545 0.647286
    outer loop
      vertex 42.2129 -67.1111 0.00999928
      vertex 42.1928 -67.0638 0.059515
      vertex 40.2129 -67.1111 2.01
    endloop
  endfacet
  facet normal 0.64596 -0.403725 0.647875
    outer loop
      vertex 42.1928 -67.0638 0.059515
      vertex 42.2129 -67.1111 0.00999928
      vertex 42.2149 -67.1079 0.00999928
    endloop
  endfacet
  facet normal 0.707107 0 0.707107
    outer loop
      vertex 40.55 69.8 2.01
      vertex 42.55 -65.5434 0.00999928
      vertex 42.55 69.8 0.00999928
    endloop
  endfacet
  facet normal 0.707107 -0 0.707107
    outer loop
      vertex 40.55 -66 2.01
      vertex 42.55 -65.5434 0.00999928
      vertex 40.55 69.8 2.01
    endloop
  endfacet
  facet normal 0.706898 0.00182097 0.707313
    outer loop
      vertex 42.55 -65.5434 0.00999928
      vertex 40.55 -66 2.01
      vertex 42.5005 -65.5608 0.059515
    endloop
  endfacet
  facet normal 0.707117 -0.000116475 0.707096
    outer loop
      vertex 42.5005 -65.5608 0.059515
      vertex 40.55 -66 2.01
      vertex 42.443 -65.6257 0.117006
    endloop
  endfacet
  facet normal 0.707123 -0.000176946 0.70709
    outer loop
      vertex 42.443 -65.6257 0.117006
      vertex 40.55 -66 2.01
      vertex 42.3371 -65.7452 0.222881
    endloop
  endfacet
  facet normal 0.707085 0.000355428 0.707128
    outer loop
      vertex 42.3371 -65.7452 0.222881
      vertex 40.55 -66 2.01
      vertex 42.303 -65.8329 0.257023
    endloop
  endfacet
  facet normal 0.707094 0.000179011 0.70712
    outer loop
      vertex 42.303 -65.8329 0.257023
      vertex 40.55 -66 2.01
      vertex 42.2867 -65.8748 0.273333
    endloop
  endfacet
  facet normal 0.70711 -0.000278268 0.707103
    outer loop
      vertex 42.2867 -65.8748 0.273333
      vertex 40.55 -66 2.01
      vertex 42.2589 -65.9644 0.301098
    endloop
  endfacet
  facet normal 0.7071 0.000719434 0.707114
    outer loop
      vertex 42.2589 -65.9644 0.301098
      vertex 40.55 -66 2.01
      vertex 42.2479 -66 0.312134
    endloop
  endfacet
  facet normal -0.936172 0.351542 0
    outer loop
      vertex -42.4438 70.4429 0
      vertex -42.3978 70.5654 0.00999928
      vertex -42.3978 70.5654 0
    endloop
  endfacet
  facet normal -0.936172 0.351542 0
    outer loop
      vertex -42.3978 70.5654 0.00999928
      vertex -42.4438 70.4429 0
      vertex -42.4438 70.4429 0.00999928
    endloop
  endfacet
  facet normal 0.0973526 -0.990477 0.0973524
    outer loop
      vertex 40.6808 -67.9957 0.00999928
      vertex 39.7 -67.9829 1.12103
      vertex 39.7 -67.9957 0.990801
    endloop
  endfacet
  facet normal 0.0973737 -0.990473 0.097371
    outer loop
      vertex 39.7 -67.9829 1.12103
      vertex 40.6808 -67.9957 0.00999928
      vertex 40.811 -67.9829 0.00999928
    endloop
  endfacet
  facet normal 0.413285 -0.910602 0
    outer loop
      vertex 41.3154 -67.8478 0
      vertex 41.4346 -67.7937 0.00999928
      vertex 41.3154 -67.8478 0.00999928
    endloop
  endfacet
  facet normal 0.413285 -0.910602 0
    outer loop
      vertex 41.4346 -67.7937 0.00999928
      vertex 41.3154 -67.8478 0
      vertex 41.4346 -67.7937 0
    endloop
  endfacet
  facet normal -0.673284 0.305576 0.673284
    outer loop
      vertex -42.3978 70.5654 0.00999928
      vertex -40.3437 70.6846 2.01
      vertex -42.3437 70.6846 0.00999928
    endloop
  endfacet
  facet normal -0.673284 0.305576 0.673284
    outer loop
      vertex -40.3437 70.6846 2.01
      vertex -42.3978 70.5654 0.00999928
      vertex -40.3978 70.5654 2.01
    endloop
  endfacet
  facet normal -0.847998 -0.529999 -0
    outer loop
      vertex -42.2129 -67.1111 0.00999928
      vertex -42.2149 -67.1079 0.00999928
      vertex -42.2129 -67.1111 0.00807262
    endloop
  endfacet
  facet normal -0.634153 -0.773208 0
    outer loop
      vertex -41.8687 -67.5037 0
      vertex -41.7675 -67.5867 0.00999928
      vertex -41.8687 -67.5037 0.00999928
    endloop
  endfacet
  facet normal -0.634153 -0.773208 -0
    outer loop
      vertex -41.7675 -67.5867 0.00999928
      vertex -41.8687 -67.5037 0
      vertex -41.7675 -67.5867 0
    endloop
  endfacet
  facet normal 0.332245 -0.882736 0.332251
    outer loop
      vertex 41.1929 -67.8939 0.00999928
      vertex 39.7 -67.8478 1.62535
      vertex 39.7 -67.8939 1.50287
    endloop
  endfacet
  facet normal 0.332207 -0.882763 0.332217
    outer loop
      vertex 39.7 -67.8478 1.62535
      vertex 41.1929 -67.8939 0.00999928
      vertex 41.3154 -67.8478 0.00999928
    endloop
  endfacet
  facet normal 0.773208 0.634153 0
    outer loop
      vertex 42.1367 71.0175 0.00999928
      vertex 42.0537 71.1187 0
      vertex 42.0537 71.1187 0.00999928
    endloop
  endfacet
  facet normal 0.773208 0.634153 0
    outer loop
      vertex 42.0537 71.1187 0
      vertex 42.1367 71.0175 0.00999928
      vertex 42.1367 71.0175 0
    endloop
  endfacet
  facet normal 0.697629 -0.163233 0.697617
    outer loop
      vertex 40.5116 -66.3902 2.01
      vertex 42.1834 -66.402 0.33541
      vertex 42.1854 -66.3902 0.336171
    endloop
  endfacet
  facet normal 0.697635 -0.163183 0.697622
    outer loop
      vertex 40.4818 -66.5176 2.01
      vertex 42.1834 -66.402 0.33541
      vertex 40.5116 -66.3902 2.01
    endloop
  endfacet
  facet normal 0.697705 -0.162315 0.697754
    outer loop
      vertex 42.1834 -66.402 0.33541
      vertex 40.4818 -66.5176 2.01
      vertex 42.1804 -66.4541 0.32629
    endloop
  endfacet
  facet normal 0.697576 -0.163639 0.697574
    outer loop
      vertex 42.1804 -66.4541 0.32629
      vertex 40.4818 -66.5176 2.01
      vertex 42.1832 -66.5176 0.308594
    endloop
  endfacet
  facet normal -0.4715 -0.881866 0
    outer loop
      vertex -41.55 -67.732 0
      vertex -41.4346 -67.7937 0.00999928
      vertex -41.55 -67.732 0.00999928
    endloop
  endfacet
  facet normal -0.4715 -0.881866 -0
    outer loop
      vertex -41.4346 -67.7937 0.00999928
      vertex -41.55 -67.732 0
      vertex -41.4346 -67.7937 0
    endloop
  endfacet
  facet normal -0.221984 -0.949446 0.221979
    outer loop
      vertex -41.0676 -67.9318 0.00999928
      vertex -39.7 -67.9616 1.25017
      vertex -39.7 -67.9318 1.37763
    endloop
  endfacet
  facet normal -0.222074 -0.949402 0.222079
    outer loop
      vertex -39.7 -67.9616 1.25017
      vertex -41.0676 -67.9318 0.00999928
      vertex -40.9402 -67.9616 0.00999928
    endloop
  endfacet
  facet normal -0.661423 -0.353571 0.661443
    outer loop
      vertex -42.1886 -66.9163 0.148212
      vertex -40.3437 -66.8846 2.01
      vertex -42.1859 -66.8846 0.167857
    endloop
  endfacet
  facet normal -0.661352 -0.353826 0.661378
    outer loop
      vertex -42.1956 -67 0.0964342
      vertex -40.3437 -66.8846 2.01
      vertex -42.1886 -66.9163 0.148212
    endloop
  endfacet
  facet normal -0.661411 -0.353631 0.661423
    outer loop
      vertex -40.3437 -66.8846 2.01
      vertex -42.1956 -67 0.0964342
      vertex -40.282 -67 2.01
    endloop
  endfacet
  facet normal 0.16063 -0.973857 0.160625
    outer loop
      vertex 40.811 -67.9829 0.00999928
      vertex 39.7 -67.9616 1.25017
      vertex 39.7 -67.9829 1.12103
    endloop
  endfacet
  facet normal 0.160555 -0.97388 0.160558
    outer loop
      vertex 39.7 -67.9616 1.25017
      vertex 40.811 -67.9829 0.00999928
      vertex 40.9402 -67.9616 0.00999928
    endloop
  endfacet
  facet normal -0.729656 -0.683814 0
    outer loop
      vertex -41.9642 -67.4142 0
      vertex -42.0537 -67.3187 0.00999928
      vertex -42.0537 -67.3187 0
    endloop
  endfacet
  facet normal -0.729656 -0.683814 0
    outer loop
      vertex -42.0537 -67.3187 0.00999928
      vertex -41.9642 -67.4142 0
      vertex -41.9642 -67.4142 0.00999928
    endloop
  endfacet
  facet normal -0.278099 0.919414 0.278099
    outer loop
      vertex -41.0676 71.7318 0.00999928
      vertex -39.1929 71.6939 2.01
      vertex -39.0676 71.7318 2.01
    endloop
  endfacet
  facet normal -0.278099 0.919414 0.278099
    outer loop
      vertex -39.1929 71.6939 2.01
      vertex -41.0676 71.7318 0.00999928
      vertex -41.1929 71.6939 0.00999928
    endloop
  endfacet
  facet normal 0.986681 0.162665 0
    outer loop
      vertex 42.5329 70.061 0.00999928
      vertex 42.5116 70.1902 0
      vertex 42.5116 70.1902 0.00999928
    endloop
  endfacet
  facet normal 0.986681 0.162665 0
    outer loop
      vertex 42.5116 70.1902 0
      vertex 42.5329 70.061 0.00999928
      vertex 42.5329 70.061 0
    endloop
  endfacet
  facet normal -0.0978386 -0.995202 0
    outer loop
      vertex -40.811 -67.9829 0
      vertex -40.6808 -67.9957 0.00999928
      vertex -40.811 -67.9829 0.00999928
    endloop
  endfacet
  facet normal -0.0978386 -0.995202 -0
    outer loop
      vertex -40.6808 -67.9957 0.00999928
      vertex -40.811 -67.9829 0
      vertex -40.6808 -67.9957 0
    endloop
  endfacet
  facet normal 0.58943 -0.552398 0.58943
    outer loop
      vertex 39.9642 -67.4142 2.01
      vertex 42.0537 -67.3187 0.00999928
      vertex 40.0537 -67.3187 2.01
    endloop
  endfacet
  facet normal 0.58943 -0.552398 0.58943
    outer loop
      vertex 42.0537 -67.3187 0.00999928
      vertex 39.9642 -67.4142 2.01
      vertex 41.9642 -67.4142 0.00999928
    endloop
  endfacet
  facet normal -0.503172 0.702592 0.503172
    outer loop
      vertex -41.6611 71.4629 0.00999928
      vertex -39.7675 71.3867 2.01
      vertex -39.6611 71.4629 2.01
    endloop
  endfacet
  facet normal -0.503172 0.702592 0.503172
    outer loop
      vertex -39.7675 71.3867 2.01
      vertex -41.6611 71.4629 0.00999928
      vertex -41.7675 71.3867 0.00999928
    endloop
  endfacet
  facet normal 0.535546 -0.652979 0.535546
    outer loop
      vertex 41.7675 -67.5867 0.00999928
      vertex 39.8687 -67.5037 2.01
      vertex 39.7675 -67.5867 2.01
    endloop
  endfacet
  facet normal 0.535546 -0.652979 0.535546
    outer loop
      vertex 39.8687 -67.5037 2.01
      vertex 41.7675 -67.5867 0.00999928
      vertex 41.8687 -67.5037 0.00999928
    endloop
  endfacet
  facet normal -0.705413 -0.0693494 0.705396
    outer loop
      vertex -40.5457 -66.1308 2.01
      vertex -42.202 -66.261 0.340859
      vertex -40.5329 -66.261 2.01
    endloop
  endfacet
  facet normal -0.705339 -0.070183 0.705387
    outer loop
      vertex -40.5457 -66.1308 2.01
      vertex -42.2078 -66.2027 0.34086
      vertex -42.202 -66.261 0.340859
    endloop
  endfacet
  facet normal -0.7065 -0.0523334 0.705775
    outer loop
      vertex -40.5457 -66.1308 2.01
      vertex -42.208 -66.2 0.34086
      vertex -42.2078 -66.2027 0.34086
    endloop
  endfacet
  facet normal -0.705329 -0.0705313 0.705363
    outer loop
      vertex -40.5457 -66.1308 2.01
      vertex -42.2084 -66.1973 0.34073
      vertex -42.208 -66.2 0.34086
    endloop
  endfacet
  facet normal -0.705404 -0.0694483 0.705395
    outer loop
      vertex -42.2084 -66.1973 0.34073
      vertex -40.5457 -66.1308 2.01
      vertex -42.2182 -66.1308 0.337477
    endloop
  endfacet
  facet normal -0.332208 0.882766 0.332208
    outer loop
      vertex -41.1929 71.6939 0.00999928
      vertex -39.3154 71.6478 2.01
      vertex -39.1929 71.6939 2.01
    endloop
  endfacet
  facet normal -0.332208 0.882766 0.332208
    outer loop
      vertex -39.3154 71.6478 2.01
      vertex -41.1929 71.6939 0.00999928
      vertex -41.3154 71.6478 0.00999928
    endloop
  endfacet
  facet normal -0.381951 0.841562 0.381951
    outer loop
      vertex -41.3154 71.6478 0.00999928
      vertex -39.4346 71.5937 2.01
      vertex -39.3154 71.6478 2.01
    endloop
  endfacet
  facet normal -0.381951 0.841562 0.381951
    outer loop
      vertex -39.4346 71.5937 2.01
      vertex -41.3154 71.6478 0.00999928
      vertex -41.4346 71.5937 0.00999928
    endloop
  endfacet
  facet normal -0.697629 -0.163233 0.697617
    outer loop
      vertex -42.1834 -66.402 0.33541
      vertex -40.5116 -66.3902 2.01
      vertex -42.1854 -66.3902 0.336171
    endloop
  endfacet
  facet normal -0.697705 -0.162315 0.697754
    outer loop
      vertex -40.4818 -66.5176 2.01
      vertex -42.1834 -66.402 0.33541
      vertex -42.1804 -66.4541 0.32629
    endloop
  endfacet
  facet normal -0.697576 -0.163639 0.697574
    outer loop
      vertex -40.4818 -66.5176 2.01
      vertex -42.1804 -66.4541 0.32629
      vertex -42.1832 -66.5176 0.308594
    endloop
  endfacet
  facet normal -0.697635 -0.163183 0.697622
    outer loop
      vertex -42.1834 -66.402 0.33541
      vertex -40.4818 -66.5176 2.01
      vertex -40.5116 -66.3902 2.01
    endloop
  endfacet
  facet normal 0.630831 0.451779 0.630831
    outer loop
      vertex 40.2129 70.9111 2.01
      vertex 42.1367 71.0175 0.00999928
      vertex 40.1367 71.0175 2.01
    endloop
  endfacet
  facet normal 0.630831 0.451779 0.630831
    outer loop
      vertex 42.1367 71.0175 0.00999928
      vertex 40.2129 70.9111 2.01
      vertex 42.2129 70.9111 0.00999928
    endloop
  endfacet
  facet normal -0.0328391 0.998921 0.0328391
    outer loop
      vertex -40.55 71.8 0.00999928
      vertex -38.6808 71.7957 2.01
      vertex -38.55 71.8 2.01
    endloop
  endfacet
  facet normal -0.0328391 0.998921 0.0328391
    outer loop
      vertex -38.6808 71.7957 2.01
      vertex -40.55 71.8 0.00999928
      vertex -40.6808 71.7957 0.00999928
    endloop
  endfacet
  facet normal -0.973717 0.227761 0
    outer loop
      vertex -42.5116 70.1902 0
      vertex -42.4818 70.3176 0.00999928
      vertex -42.4818 70.3176 0
    endloop
  endfacet
  facet normal -0.973717 0.227761 0
    outer loop
      vertex -42.4818 70.3176 0.00999928
      vertex -42.5116 70.1902 0
      vertex -42.5116 70.1902 0.00999928
    endloop
  endfacet
  facet normal 0.278217 -0.919344 0.278211
    outer loop
      vertex 41.0676 -67.9318 0.00999928
      vertex 39.7 -67.8939 1.50287
      vertex 39.7 -67.9318 1.37763
    endloop
  endfacet
  facet normal 0.278098 -0.919413 0.278104
    outer loop
      vertex 39.7 -67.8939 1.50287
      vertex 41.0676 -67.9318 0.00999928
      vertex 41.1929 -67.8939 0.00999928
    endloop
  endfacet
  facet normal -0.466922 -0.750982 0.466915
    outer loop
      vertex -41.6611 -67.6629 0.00999928
      vertex -39.7 -67.732 1.85999
      vertex -39.7 -67.6629 1.97113
    endloop
  endfacet
  facet normal -0.46701 -0.750866 0.467013
    outer loop
      vertex -39.7 -67.732 1.85999
      vertex -41.6611 -67.6629 0.00999928
      vertex -41.55 -67.732 0.00999928
    endloop
  endfacet
  facet normal 0.352212 0.93592 -0
    outer loop
      vertex 41.3154 71.6478 0
      vertex 41.1929 71.6939 0.00999928
      vertex 41.3154 71.6478 0.00999928
    endloop
  endfacet
  facet normal 0.352212 0.93592 0
    outer loop
      vertex 41.1929 71.6939 0.00999928
      vertex 41.3154 71.6478 0
      vertex 41.1929 71.6939 0
    endloop
  endfacet
  facet normal 0.278099 0.919414 0.278099
    outer loop
      vertex 41.0676 71.7318 0.00999928
      vertex 39.1929 71.6939 2.01
      vertex 41.1929 71.6939 0.00999928
    endloop
  endfacet
  facet normal 0.278099 0.919414 0.278099
    outer loop
      vertex 39.1929 71.6939 2.01
      vertex 41.0676 71.7318 0.00999928
      vertex 39.0676 71.7318 2.01
    endloop
  endfacet
  facet normal 0.95696 0.290219 0
    outer loop
      vertex 42.4818 70.3176 0.00999928
      vertex 42.4438 70.4429 0
      vertex 42.4438 70.4429 0.00999928
    endloop
  endfacet
  facet normal 0.95696 0.290219 0
    outer loop
      vertex 42.4438 70.4429 0
      vertex 42.4818 70.3176 0.00999928
      vertex 42.4818 70.3176 0
    endloop
  endfacet
  facet normal -0.99946 0.0328569 0
    outer loop
      vertex -42.55 69.8 0
      vertex -42.5457 69.9308 0.00999928
      vertex -42.5457 69.9308 0
    endloop
  endfacet
  facet normal -0.99946 0.0328569 0
    outer loop
      vertex -42.5457 69.9308 0.00999928
      vertex -42.55 69.8 0
      vertex -42.55 69.8 0.00999928
    endloop
  endfacet
  facet normal 0.630831 -0.451779 0.630831
    outer loop
      vertex 40.1367 -67.2175 2.01
      vertex 42.2129 -67.1111 0.00999928
      vertex 40.2129 -67.1111 2.01
    endloop
  endfacet
  facet normal 0.630831 -0.451779 0.630831
    outer loop
      vertex 42.2129 -67.1111 0.00999928
      vertex 40.1367 -67.2175 2.01
      vertex 42.1367 -67.2175 0.00999928
    endloop
  endfacet
  facet normal 0.5038 -0.702614 0.502513
    outer loop
      vertex 39.7 -67.6629 1.97113
      vertex 39.7675 -67.5867 2.01
      vertex 39.7 -67.6351 2.01
    endloop
  endfacet
  facet normal 0.503246 -0.702492 0.503238
    outer loop
      vertex 41.6611 -67.6629 0.00999928
      vertex 39.7675 -67.5867 2.01
      vertex 39.7 -67.6629 1.97113
    endloop
  endfacet
  facet normal 0.503172 -0.702592 0.503172
    outer loop
      vertex 39.7675 -67.5867 2.01
      vertex 41.6611 -67.6629 0.00999928
      vertex 41.7675 -67.5867 0.00999928
    endloop
  endfacet
  facet normal 0.673351 -0.305339 0.673326
    outer loop
      vertex 42.1726 -66.7654 0.235134
      vertex 40.3978 -66.7654 2.01
      vertex 42.1688 -66.8008 0.222881
    endloop
  endfacet
  facet normal 0.673487 -0.304764 0.673449
    outer loop
      vertex 40.3978 -66.7654 2.01
      vertex 42.1859 -66.8846 0.167857
      vertex 42.1688 -66.8008 0.222881
    endloop
  endfacet
  facet normal 0.673275 -0.305572 0.673296
    outer loop
      vertex 42.1859 -66.8846 0.167857
      vertex 40.3978 -66.7654 2.01
      vertex 40.3437 -66.8846 2.01
    endloop
  endfacet
  facet normal -0.95696 0.290219 0
    outer loop
      vertex -42.4818 70.3176 0
      vertex -42.4438 70.4429 0.00999928
      vertex -42.4438 70.4429 0
    endloop
  endfacet
  facet normal -0.95696 0.290219 0
    outer loop
      vertex -42.4438 70.4429 0.00999928
      vertex -42.4818 70.3176 0
      vertex -42.4818 70.3176 0.00999928
    endloop
  endfacet
  facet normal 0.683814 -0.729656 0
    outer loop
      vertex 41.8687 -67.5037 0
      vertex 41.9642 -67.4142 0.00999928
      vertex 41.8687 -67.5037 0.00999928
    endloop
  endfacet
  facet normal 0.683814 -0.729656 0
    outer loop
      vertex 41.9642 -67.4142 0.00999928
      vertex 41.8687 -67.5037 0
      vertex 41.9642 -67.4142 0
    endloop
  endfacet
  facet normal -0.528693 0.848813 0
    outer loop
      vertex -41.55 71.5321 0
      vertex -41.6611 71.4629 0.00999928
      vertex -41.55 71.5321 0.00999928
    endloop
  endfacet
  facet normal -0.528693 0.848813 0
    outer loop
      vertex -41.6611 71.4629 0.00999928
      vertex -41.55 71.5321 0
      vertex -41.6611 71.4629 0
    endloop
  endfacet
  facet normal -0.227761 -0.973717 0
    outer loop
      vertex -41.0676 -67.9318 0
      vertex -40.9402 -67.9616 0.00999928
      vertex -41.0676 -67.9318 0.00999928
    endloop
  endfacet
  facet normal -0.227761 -0.973717 -0
    outer loop
      vertex -40.9402 -67.9616 0.00999928
      vertex -41.0676 -67.9318 0
      vertex -40.9402 -67.9616 0
    endloop
  endfacet
  facet normal -0.68336 -0.257046 0.683335
    outer loop
      vertex -40.3978 -66.7654 2.01
      vertex -42.1812 -66.6429 0.272616
      vertex -42.1727 -66.7578 0.237895
    endloop
  endfacet
  facet normal -0.683326 -0.257227 0.683301
    outer loop
      vertex -40.3978 -66.7654 2.01
      vertex -42.1727 -66.7578 0.237895
      vertex -42.1726 -66.7654 0.235134
    endloop
  endfacet
  facet normal -0.683422 -0.256632 0.683428
    outer loop
      vertex -42.1812 -66.6429 0.272616
      vertex -40.3978 -66.7654 2.01
      vertex -40.4438 -66.6429 2.01
    endloop
  endfacet
  facet normal -0.691388 0.209679 0.691388
    outer loop
      vertex -42.4818 70.3176 0.00999928
      vertex -40.4438 70.4429 2.01
      vertex -42.4438 70.4429 0.00999928
    endloop
  endfacet
  facet normal -0.691388 0.209679 0.691388
    outer loop
      vertex -40.4438 70.4429 2.01
      vertex -42.4818 70.3176 0.00999928
      vertex -40.4818 70.3176 2.01
    endloop
  endfacet
  facet normal -0.81299 -0.582277 0
    outer loop
      vertex -42.2023 -67.1259 0
      vertex -42.2129 -67.1111 0.00999928
      vertex -42.2129 -67.1111 0.00807262
    endloop
  endfacet
  facet normal -0.813013 -0.582245 -0
    outer loop
      vertex -42.1367 -67.2175 0.00999928
      vertex -42.2023 -67.1259 0
      vertex -42.1367 -67.2175 0
    endloop
  endfacet
  facet normal -0.81301 -0.58225 -6.1133e-05
    outer loop
      vertex -42.2023 -67.1259 0
      vertex -42.1367 -67.2175 0.00999928
      vertex -42.2129 -67.1111 0.00999928
    endloop
  endfacet
  facet normal 0.683814 0.729656 -0
    outer loop
      vertex 41.9642 71.2142 0
      vertex 41.8687 71.3037 0.00999928
      vertex 41.9642 71.2142 0.00999928
    endloop
  endfacet
  facet normal 0.683814 0.729656 0
    outer loop
      vertex 41.8687 71.3037 0.00999928
      vertex 41.9642 71.2142 0
      vertex 41.8687 71.3037 0
    endloop
  endfacet
  facet normal -0.564461 -0.602302 0.564461
    outer loop
      vertex -41.8687 -67.5037 0.00999928
      vertex -39.9642 -67.4142 2.01
      vertex -41.9642 -67.4142 0.00999928
    endloop
  endfacet
  facet normal -0.564461 -0.602302 0.564461
    outer loop
      vertex -39.9642 -67.4142 2.01
      vertex -41.8687 -67.5037 0.00999928
      vertex -39.8687 -67.5037 2.01
    endloop
  endfacet
  facet normal 0.81301 0.58225 0
    outer loop
      vertex 42.2129 70.9111 0.00999928
      vertex 42.1367 71.0175 0
      vertex 42.1367 71.0175 0.00999928
    endloop
  endfacet
  facet normal 0.81301 0.58225 0
    outer loop
      vertex 42.1367 71.0175 0
      vertex 42.2129 70.9111 0.00999928
      vertex 42.2129 70.9111 0
    endloop
  endfacet
  facet normal -0.58225 0.81301 0
    outer loop
      vertex -41.6611 71.4629 0
      vertex -41.7675 71.3867 0.00999928
      vertex -41.6611 71.4629 0.00999928
    endloop
  endfacet
  facet normal -0.58225 0.81301 0
    outer loop
      vertex -41.7675 71.3867 0.00999928
      vertex -41.6611 71.4629 0
      vertex -41.7675 71.3867 0
    endloop
  endfacet
  facet normal -0.0328569 0.99946 0
    outer loop
      vertex -40.55 71.8 0
      vertex -40.6808 71.7957 0.00999928
      vertex -40.55 71.8 0.00999928
    endloop
  endfacet
  facet normal -0.0328569 0.99946 0
    outer loop
      vertex -40.6808 71.7957 0.00999928
      vertex -40.55 71.8 0
      vertex -40.6808 71.7957 0
    endloop
  endfacet
  facet normal 0.221975 -0.949448 0.22198
    outer loop
      vertex 40.9402 -67.9616 0.00999928
      vertex 39.7 -67.9318 1.37763
      vertex 39.7 -67.9616 1.25017
    endloop
  endfacet
  facet normal 0.222074 -0.949404 0.222069
    outer loop
      vertex 39.7 -67.9318 1.37763
      vertex 40.9402 -67.9616 0.00999928
      vertex 41.0676 -67.9318 0.00999928
    endloop
  endfacet
  facet normal 0.611686 0.501679 0.611685
    outer loop
      vertex 40.1367 71.0175 2.01
      vertex 42.0537 71.1187 0.00999928
      vertex 40.0537 71.1187 2.01
    endloop
  endfacet
  facet normal 0.611686 0.501679 0.611685
    outer loop
      vertex 42.0537 71.1187 0.00999928
      vertex 40.1367 71.0175 2.01
      vertex 42.1367 71.0175 0.00999928
    endloop
  endfacet
  facet normal 0.683425 0.256633 0.683425
    outer loop
      vertex 40.4438 70.4429 2.01
      vertex 42.3978 70.5654 0.00999928
      vertex 40.3978 70.5654 2.01
    endloop
  endfacet
  facet normal 0.683425 0.256633 0.683425
    outer loop
      vertex 42.3978 70.5654 0.00999928
      vertex 40.4438 70.4429 2.01
      vertex 42.4438 70.4429 0.00999928
    endloop
  endfacet
  facet normal 0.426032 0.798119 0.426032
    outer loop
      vertex 41.4346 71.5937 0.00999928
      vertex 39.55 71.5321 2.01
      vertex 41.55 71.5321 0.00999928
    endloop
  endfacet
  facet normal 0.426032 0.798119 0.426032
    outer loop
      vertex 39.55 71.5321 2.01
      vertex 41.4346 71.5937 0.00999928
      vertex 39.4346 71.5937 2.01
    endloop
  endfacet
  facet normal 0.227761 -0.973717 0
    outer loop
      vertex 40.9402 -67.9616 0
      vertex 41.0676 -67.9318 0.00999928
      vertex 40.9402 -67.9616 0.00999928
    endloop
  endfacet
  facet normal 0.227761 -0.973717 0
    outer loop
      vertex 41.0676 -67.9318 0.00999928
      vertex 40.9402 -67.9616 0
      vertex 41.0676 -67.9318 0
    endloop
  endfacet
  facet normal 0.910602 0.413285 0
    outer loop
      vertex 42.3978 70.5654 0.00999928
      vertex 42.3437 70.6846 0
      vertex 42.3437 70.6846 0.00999928
    endloop
  endfacet
  facet normal 0.910602 0.413285 0
    outer loop
      vertex 42.3437 70.6846 0
      vertex 42.3978 70.5654 0.00999928
      vertex 42.3978 70.5654 0
    endloop
  endfacet
  facet normal 0.661423 -0.353571 0.661443
    outer loop
      vertex 40.3437 -66.8846 2.01
      vertex 42.1886 -66.9163 0.148212
      vertex 42.1859 -66.8846 0.167857
    endloop
  endfacet
  facet normal 0.661352 -0.353826 0.661378
    outer loop
      vertex 40.3437 -66.8846 2.01
      vertex 42.1956 -67 0.0964342
      vertex 42.1886 -66.9163 0.148212
    endloop
  endfacet
  facet normal 0.661411 -0.353631 0.661423
    outer loop
      vertex 42.1956 -67 0.0964342
      vertex 40.3437 -66.8846 2.01
      vertex 40.282 -67 2.01
    endloop
  endfacet
  facet normal 0.0978386 -0.995202 0
    outer loop
      vertex 40.6808 -67.9957 0
      vertex 40.811 -67.9829 0.00999928
      vertex 40.6808 -67.9957 0.00999928
    endloop
  endfacet
  facet normal 0.0978386 -0.995202 0
    outer loop
      vertex 40.811 -67.9829 0.00999928
      vertex 40.6808 -67.9957 0
      vertex 40.811 -67.9829 0
    endloop
  endfacet
  facet normal 0.70689 -0.0243438 0.706904
    outer loop
      vertex 40.55 -66 2.01
      vertex 42.2417 -66.0171 0.317745
      vertex 42.2479 -66 0.312134
    endloop
  endfacet
  facet normal 0.706938 -0.0221072 0.70693
    outer loop
      vertex 40.55 -66 2.01
      vertex 42.2367 -66.0368 0.322129
      vertex 42.2417 -66.0171 0.317745
    endloop
  endfacet
  facet normal 0.706888 -0.0239394 0.70692
    outer loop
      vertex 40.55 -66 2.01
      vertex 42.2214 -66.0964 0.33541
      vertex 42.2367 -66.0368 0.322129
    endloop
  endfacet
  facet normal 0.706885 -0.0240094 0.706921
    outer loop
      vertex 40.55 -66 2.01
      vertex 42.2192 -66.1158 0.336951
      vertex 42.2214 -66.0964 0.33541
    endloop
  endfacet
  facet normal 0.708748 0.0553836 0.703284
    outer loop
      vertex 40.55 -66 2.01
      vertex 42.2192 -66.1166 0.337014
      vertex 42.2192 -66.1158 0.336951
    endloop
  endfacet
  facet normal 0.706906 -0.0232393 0.706926
    outer loop
      vertex 40.5457 -66.1308 2.01
      vertex 42.2192 -66.1166 0.337014
      vertex 40.55 -66 2.01
    endloop
  endfacet
  facet normal 0.706859 -0.0267315 0.706849
    outer loop
      vertex 42.2192 -66.1166 0.337014
      vertex 40.5457 -66.1308 2.01
      vertex 42.2182 -66.1308 0.337477
    endloop
  endfacet
  facet normal 0.705405 0.0693485 0.705404
    outer loop
      vertex 40.5457 69.9308 2.01
      vertex 42.5329 70.061 0.00999928
      vertex 40.5329 70.061 2.01
    endloop
  endfacet
  facet normal 0.705405 0.0693485 0.705404
    outer loop
      vertex 42.5329 70.061 0.00999928
      vertex 40.5457 69.9308 2.01
      vertex 42.5457 69.9308 0.00999928
    endloop
  endfacet
  facet normal -0.160555 0.973881 0.160555
    outer loop
      vertex -40.811 71.7829 0.00999928
      vertex -38.9402 71.7616 2.01
      vertex -38.811 71.7829 2.01
    endloop
  endfacet
  facet normal -0.160555 0.973881 0.160555
    outer loop
      vertex -38.9402 71.7616 2.01
      vertex -40.811 71.7829 0.00999928
      vertex -40.9402 71.7616 0.00999928
    endloop
  endfacet
  facet normal -0.910602 0.413285 0
    outer loop
      vertex -42.3978 70.5654 0
      vertex -42.3437 70.6846 0.00999928
      vertex -42.3437 70.6846 0
    endloop
  endfacet
  facet normal -0.910602 0.413285 0
    outer loop
      vertex -42.3437 70.6846 0.00999928
      vertex -42.3978 70.5654 0
      vertex -42.3978 70.5654 0.00999928
    endloop
  endfacet
  facet normal -0.0973551 -0.990477 0.0973524
    outer loop
      vertex -40.811 -67.9829 0.00999928
      vertex -39.7 -67.9957 0.990801
      vertex -39.7 -67.9829 1.12103
    endloop
  endfacet
  facet normal -0.0973737 -0.990473 0.0973735
    outer loop
      vertex -39.7 -67.9957 0.990801
      vertex -40.811 -67.9829 0.00999928
      vertex -40.6808 -67.9957 0.00999928
    endloop
  endfacet
  facet normal -0.647275 0.40258 0.647275
    outer loop
      vertex -42.282 70.8 0.00999928
      vertex -40.2129 70.9111 2.01
      vertex -42.2129 70.9111 0.00999928
    endloop
  endfacet
  facet normal -0.647275 0.40258 0.647275
    outer loop
      vertex -40.2129 70.9111 2.01
      vertex -42.282 70.8 0.00999928
      vertex -40.282 70.8 2.01
    endloop
  endfacet
  facet normal 0.0328352 -0.998921 0.0328356
    outer loop
      vertex 40.55 -68 0.00999928
      vertex 39.7 -67.9957 0.990801
      vertex 39.7 -68 0.859987
    endloop
  endfacet
  facet normal 0.0328391 -0.998921 0.0328391
    outer loop
      vertex 39.7 -67.9957 0.990801
      vertex 40.55 -68 0.00999928
      vertex 40.6808 -67.9957 0.00999928
    endloop
  endfacet
  facet normal 0.683422 -0.256632 0.683428
    outer loop
      vertex 40.3978 -66.7654 2.01
      vertex 42.1812 -66.6429 0.272616
      vertex 40.4438 -66.6429 2.01
    endloop
  endfacet
  facet normal 0.68336 -0.257046 0.683335
    outer loop
      vertex 42.1812 -66.6429 0.272616
      vertex 40.3978 -66.7654 2.01
      vertex 42.1727 -66.7578 0.237895
    endloop
  endfacet
  facet normal 0.683326 -0.257227 0.683301
    outer loop
      vertex 42.1727 -66.7578 0.237895
      vertex 40.3978 -66.7654 2.01
      vertex 42.1726 -66.7654 0.235134
    endloop
  endfacet
  facet normal -0.773208 -0.634153 0
    outer loop
      vertex -42.0537 -67.3187 0
      vertex -42.1367 -67.2175 0.00999928
      vertex -42.1367 -67.2175 0
    endloop
  endfacet
  facet normal -0.773208 -0.634153 0
    outer loop
      vertex -42.1367 -67.2175 0.00999928
      vertex -42.0537 -67.3187 0
      vertex -42.0537 -67.3187 0.00999928
    endloop
  endfacet
  facet normal 0.973717 0.227761 0
    outer loop
      vertex 42.5116 70.1902 0.00999928
      vertex 42.4818 70.3176 0
      vertex 42.4818 70.3176 0.00999928
    endloop
  endfacet
  facet normal 0.973717 0.227761 0
    outer loop
      vertex 42.4818 70.3176 0
      vertex 42.5116 70.1902 0.00999928
      vertex 42.5116 70.1902 0
    endloop
  endfacet
  facet normal 0.0973737 0.990473 0.0973737
    outer loop
      vertex 40.6808 71.7957 0.00999928
      vertex 38.811 71.7829 2.01
      vertex 40.811 71.7829 0.00999928
    endloop
  endfacet
  facet normal 0.0973737 0.990473 0.0973737
    outer loop
      vertex 38.811 71.7829 2.01
      vertex 40.6808 71.7957 0.00999928
      vertex 38.6808 71.7957 2.01
    endloop
  endfacet
  facet normal 0.352212 -0.93592 0
    outer loop
      vertex 41.1929 -67.8939 0
      vertex 41.3154 -67.8478 0.00999928
      vertex 41.1929 -67.8939 0.00999928
    endloop
  endfacet
  facet normal 0.352212 -0.93592 0
    outer loop
      vertex 41.3154 -67.8478 0.00999928
      vertex 41.1929 -67.8939 0
      vertex 41.3154 -67.8478 0
    endloop
  endfacet
  facet normal 0.503172 0.702592 0.503172
    outer loop
      vertex 41.6611 71.4629 0.00999928
      vertex 39.7675 71.3867 2.01
      vertex 41.7675 71.3867 0.00999928
    endloop
  endfacet
  facet normal 0.503172 0.702592 0.503172
    outer loop
      vertex 39.7675 71.3867 2.01
      vertex 41.6611 71.4629 0.00999928
      vertex 39.6611 71.4629 2.01
    endloop
  endfacet
  facet normal -0.162665 0.986681 0
    outer loop
      vertex -40.811 71.7829 0
      vertex -40.9402 71.7616 0.00999928
      vertex -40.811 71.7829 0.00999928
    endloop
  endfacet
  facet normal -0.162665 0.986681 0
    outer loop
      vertex -40.9402 71.7616 0.00999928
      vertex -40.811 71.7829 0
      vertex -40.9402 71.7616 0
    endloop
  endfacet
  facet normal -0.0328569 -0.99946 0
    outer loop
      vertex -40.6808 -67.9957 0
      vertex -40.55 -68 0.00999928
      vertex -40.6808 -67.9957 0.00999928
    endloop
  endfacet
  facet normal -0.0328569 -0.99946 -0
    outer loop
      vertex -40.55 -68 0.00999928
      vertex -40.6808 -67.9957 0
      vertex -40.55 -68 0
    endloop
  endfacet
  facet normal 0.28952 -0.957172 0
    outer loop
      vertex 41.0676 -67.9318 0
      vertex 41.1929 -67.8939 0.00999928
      vertex 41.0676 -67.9318 0.00999928
    endloop
  endfacet
  facet normal 0.28952 -0.957172 0
    outer loop
      vertex 41.1929 -67.8939 0.00999928
      vertex 41.0676 -67.9318 0
      vertex 41.1929 -67.8939 0
    endloop
  endfacet
  facet normal 0 0 -1
    outer loop
      vertex 32.9308 -62.2957 0
      vertex 39.7 -68 0
      vertex 39.7 -68.9 0
    endloop
  endfacet
  facet normal 0 0 -1
    outer loop
      vertex 39.7 -68 0
      vertex 34.8 -60.3 0
      vertex 34.8 60.3 0
    endloop
  endfacet
  facet normal 0 0 -1
    outer loop
      vertex 39.7 -68 0
      vertex 34.7957 -60.4308 0
      vertex 34.8 -60.3 0
    endloop
  endfacet
  facet normal 0 0 -1
    outer loop
      vertex 39.7 -68 0
      vertex 34.7829 -60.561 0
      vertex 34.7957 -60.4308 0
    endloop
  endfacet
  facet normal 0 0 -1
    outer loop
      vertex 39.7 -68 0
      vertex 34.7616 -60.6902 0
      vertex 34.7829 -60.561 0
    endloop
  endfacet
  facet normal 0 0 -1
    outer loop
      vertex 39.7 -68 0
      vertex 34.7318 -60.8176 0
      vertex 34.7616 -60.6902 0
    endloop
  endfacet
  facet normal 0 0 -1
    outer loop
      vertex 39.7 -68 0
      vertex 34.6938 -60.9429 0
      vertex 34.7318 -60.8176 0
    endloop
  endfacet
  facet normal 0 0 -1
    outer loop
      vertex 39.7 -68 0
      vertex 34.6478 -61.0654 0
      vertex 34.6938 -60.9429 0
    endloop
  endfacet
  facet normal 0 0 -1
    outer loop
      vertex 39.7 -68 0
      vertex 34.5937 -61.1846 0
      vertex 34.6478 -61.0654 0
    endloop
  endfacet
  facet normal 0 0 -1
    outer loop
      vertex 39.7 -68 0
      vertex 34.532 -61.3 0
      vertex 34.5937 -61.1846 0
    endloop
  endfacet
  facet normal 0 0 -1
    outer loop
      vertex 39.7 -68 0
      vertex 34.4629 -61.4111 0
      vertex 34.532 -61.3 0
    endloop
  endfacet
  facet normal 0 0 -1
    outer loop
      vertex 39.7 -68 0
      vertex 34.3867 -61.5175 0
      vertex 34.4629 -61.4111 0
    endloop
  endfacet
  facet normal 0 0 -1
    outer loop
      vertex 39.7 -68 0
      vertex 34.3037 -61.6187 0
      vertex 34.3867 -61.5175 0
    endloop
  endfacet
  facet normal 0 0 -1
    outer loop
      vertex 39.7 -68 0
      vertex 34.2142 -61.7142 0
      vertex 34.3037 -61.6187 0
    endloop
  endfacet
  facet normal 0 0 -1
    outer loop
      vertex 39.7 -68 0
      vertex 34.1187 -61.8037 0
      vertex 34.2142 -61.7142 0
    endloop
  endfacet
  facet normal 0 0 -1
    outer loop
      vertex 39.7 -68 0
      vertex 34.0175 -61.8867 0
      vertex 34.1187 -61.8037 0
    endloop
  endfacet
  facet normal 0 0 -1
    outer loop
      vertex 39.7 -68 0
      vertex 33.9111 -61.9629 0
      vertex 34.0175 -61.8867 0
    endloop
  endfacet
  facet normal 0 0 -1
    outer loop
      vertex 39.7 -68 0
      vertex 33.8 -62.032 0
      vertex 33.9111 -61.9629 0
    endloop
  endfacet
  facet normal 0 0 -1
    outer loop
      vertex 39.7 -68 0
      vertex 33.6846 -62.0937 0
      vertex 33.8 -62.032 0
    endloop
  endfacet
  facet normal 0 0 -1
    outer loop
      vertex 39.7 -68 0
      vertex 33.5654 -62.1478 0
      vertex 33.6846 -62.0937 0
    endloop
  endfacet
  facet normal 0 0 -1
    outer loop
      vertex 39.7 -68 0
      vertex 33.4429 -62.1938 0
      vertex 33.5654 -62.1478 0
    endloop
  endfacet
  facet normal 0 0 -1
    outer loop
      vertex 39.7 -68 0
      vertex 33.3176 -62.2318 0
      vertex 33.4429 -62.1938 0
    endloop
  endfacet
  facet normal 0 0 -1
    outer loop
      vertex 39.7 -68 0
      vertex 33.1902 -62.2616 0
      vertex 33.3176 -62.2318 0
    endloop
  endfacet
  facet normal 0 0 -1
    outer loop
      vertex 39.7 -68 0
      vertex 33.061 -62.2829 0
      vertex 33.1902 -62.2616 0
    endloop
  endfacet
  facet normal 0 0 -1
    outer loop
      vertex 39.7 -68 0
      vertex 32.9308 -62.2957 0
      vertex 33.061 -62.2829 0
    endloop
  endfacet
  facet normal 0 0 -1
    outer loop
      vertex 39.7 -68.9 0
      vertex 32.8 -62.3 0
      vertex 32.9308 -62.2957 0
    endloop
  endfacet
  facet normal 0 0 -1
    outer loop
      vertex 39.7 -68.9 0
      vertex -32.8 -62.3 0
      vertex 32.8 -62.3 0
    endloop
  endfacet
  facet normal 0 0 -1
    outer loop
      vertex -39.7 -68.9 0
      vertex -32.8 -62.3 0
      vertex 39.7 -68.9 0
    endloop
  endfacet
  facet normal 0 0 -1
    outer loop
      vertex -42.3617 -65.3593 0
      vertex -34.8 60.3 0
      vertex -34.8 -60.3 0
    endloop
  endfacet
  facet normal -0 0 -1
    outer loop
      vertex -32.8 -62.3 0
      vertex -39.7 -68.9 0
      vertex -32.9308 -62.2957 0
    endloop
  endfacet
  facet normal 0 0 -1
    outer loop
      vertex -39.7 -68 0
      vertex -32.9308 -62.2957 0
      vertex -39.7 -68.9 0
    endloop
  endfacet
  facet normal -0 0 -1
    outer loop
      vertex -32.9308 -62.2957 0
      vertex -39.7 -68 0
      vertex -33.061 -62.2829 0
    endloop
  endfacet
  facet normal -0 0 -1
    outer loop
      vertex -33.061 -62.2829 0
      vertex -39.7 -68 0
      vertex -33.1902 -62.2616 0
    endloop
  endfacet
  facet normal -0 0 -1
    outer loop
      vertex -33.1902 -62.2616 0
      vertex -39.7 -68 0
      vertex -33.3176 -62.2318 0
    endloop
  endfacet
  facet normal -0 0 -1
    outer loop
      vertex -33.3176 -62.2318 0
      vertex -39.7 -68 0
      vertex -33.4429 -62.1938 0
    endloop
  endfacet
  facet normal -0 0 -1
    outer loop
      vertex -33.4429 -62.1938 0
      vertex -39.7 -68 0
      vertex -33.5654 -62.1478 0
    endloop
  endfacet
  facet normal -0 0 -1
    outer loop
      vertex -33.5654 -62.1478 0
      vertex -39.7 -68 0
      vertex -33.6846 -62.0937 0
    endloop
  endfacet
  facet normal -0 0 -1
    outer loop
      vertex -33.6846 -62.0937 0
      vertex -39.7 -68 0
      vertex -33.8 -62.032 0
    endloop
  endfacet
  facet normal -0 0 -1
    outer loop
      vertex -33.8 -62.032 0
      vertex -39.7 -68 0
      vertex -33.9111 -61.9629 0
    endloop
  endfacet
  facet normal -0 0 -1
    outer loop
      vertex -33.9111 -61.9629 0
      vertex -39.7 -68 0
      vertex -34.0175 -61.8867 0
    endloop
  endfacet
  facet normal -0 0 -1
    outer loop
      vertex -34.0175 -61.8867 0
      vertex -39.7 -68 0
      vertex -34.1187 -61.8037 0
    endloop
  endfacet
  facet normal 0 0 -1
    outer loop
      vertex -40.8083 -66.0027 0
      vertex -34.1187 -61.8037 0
      vertex -39.7 -68 0
    endloop
  endfacet
  facet normal -0 0 -1
    outer loop
      vertex -34.1187 -61.8037 0
      vertex -40.8083 -66.0027 0
      vertex -34.2142 -61.7142 0
    endloop
  endfacet
  facet normal 0 0 -1
    outer loop
      vertex -40.847 -65.8753 0
      vertex -34.2142 -61.7142 0
      vertex -40.8083 -66.0027 0
    endloop
  endfacet
  facet normal 0 0 -1
    outer loop
      vertex -40.8659 -65.8131 0
      vertex -34.2142 -61.7142 0
      vertex -40.847 -65.8753 0
    endloop
  endfacet
  facet normal -0 0 -1
    outer loop
      vertex -34.2142 -61.7142 0
      vertex -40.8659 -65.8131 0
      vertex -34.3037 -61.6187 0
    endloop
  endfacet
  facet normal -0 0 -1
    outer loop
      vertex -34.3037 -61.6187 0
      vertex -40.8659 -65.8131 0
      vertex -34.3867 -61.5175 0
    endloop
  endfacet
  facet normal 0 0 -1
    outer loop
      vertex -40.9286 -65.6956 0
      vertex -34.3867 -61.5175 0
      vertex -40.8659 -65.8131 0
    endloop
  endfacet
  facet normal 0 0 -1
    outer loop
      vertex -40.9593 -65.6383 0
      vertex -34.3867 -61.5175 0
      vertex -40.9286 -65.6956 0
    endloop
  endfacet
  facet normal -0 0 -1
    outer loop
      vertex -34.3867 -61.5175 0
      vertex -40.9593 -65.6383 0
      vertex -34.4629 -61.4111 0
    endloop
  endfacet
  facet normal -0 0 -1
    outer loop
      vertex -34.4629 -61.4111 0
      vertex -40.9593 -65.6383 0
      vertex -34.532 -61.3 0
    endloop
  endfacet
  facet normal -0 0 -1
    outer loop
      vertex -34.532 -61.3 0
      vertex -40.9593 -65.6383 0
      vertex -34.5937 -61.1846 0
    endloop
  endfacet
  facet normal 0 0 -1
    outer loop
      vertex -41.0438 -65.5353 0
      vertex -34.5937 -61.1846 0
      vertex -40.9593 -65.6383 0
    endloop
  endfacet
  facet normal 0 0 -1
    outer loop
      vertex -41.085 -65.485 0
      vertex -34.5937 -61.1846 0
      vertex -41.0438 -65.5353 0
    endloop
  endfacet
  facet normal -0 0 -1
    outer loop
      vertex -34.5937 -61.1846 0
      vertex -41.085 -65.485 0
      vertex -34.6478 -61.0654 0
    endloop
  endfacet
  facet normal 0 0 -1
    outer loop
      vertex -41.2383 -65.3593 0
      vertex -34.6938 -60.9429 0
      vertex -41.188 -65.4006 0
    endloop
  endfacet
  facet normal 0 0 -1
    outer loop
      vertex -40.9286 -66.7044 0
      vertex -39.7 -68 0
      vertex -40.55 -68 0
    endloop
  endfacet
  facet normal -0 0 -1
    outer loop
      vertex -34.6478 -61.0654 0
      vertex -41.085 -65.485 0
      vertex -34.6938 -60.9429 0
    endloop
  endfacet
  facet normal 0 0 -1
    outer loop
      vertex -41.085 -66.915 0
      vertex -40.55 -68 0
      vertex -40.6808 -67.9957 0
    endloop
  endfacet
  facet normal 0 0 -1
    outer loop
      vertex -39.7 -68 0
      vertex -40.7889 -66.2 0
      vertex -40.7953 -66.1353 0
    endloop
  endfacet
  facet normal 0 0 -1
    outer loop
      vertex -39.7 -68 0
      vertex -40.7953 -66.1353 0
      vertex -40.8083 -66.0027 0
    endloop
  endfacet
  facet normal 0 0 -1
    outer loop
      vertex -39.7 -68 0
      vertex -40.7953 -66.2647 0
      vertex -40.7889 -66.2 0
    endloop
  endfacet
  facet normal 0 0 -1
    outer loop
      vertex -39.7 -68 0
      vertex -40.8083 -66.3973 0
      vertex -40.7953 -66.2647 0
    endloop
  endfacet
  facet normal 0 0 -1
    outer loop
      vertex -41.085 -66.915 0
      vertex -40.6808 -67.9957 0
      vertex -40.811 -67.9829 0
    endloop
  endfacet
  facet normal 0 0 -1
    outer loop
      vertex -39.7 -68 0
      vertex -40.8272 -66.4595 0
      vertex -40.8083 -66.3973 0
    endloop
  endfacet
  facet normal 0 0 -1
    outer loop
      vertex -39.7 -68 0
      vertex -40.8659 -66.5869 0
      vertex -40.8272 -66.4595 0
    endloop
  endfacet
  facet normal 0 0 -1
    outer loop
      vertex -39.7 -68 0
      vertex -40.9286 -66.7044 0
      vertex -40.8659 -66.5869 0
    endloop
  endfacet
  facet normal 0 0 -1
    outer loop
      vertex -41.188 -66.9994 0
      vertex -40.811 -67.9829 0
      vertex -40.9402 -67.9616 0
    endloop
  endfacet
  facet normal 0 0 -1
    outer loop
      vertex -40.55 -68 0
      vertex -40.9593 -66.7617 0
      vertex -40.9286 -66.7044 0
    endloop
  endfacet
  facet normal 0 0 -1
    outer loop
      vertex -40.55 -68 0
      vertex -41.0006 -66.812 0
      vertex -40.9593 -66.7617 0
    endloop
  endfacet
  facet normal 0 0 -1
    outer loop
      vertex -41.2383 -67.0407 0
      vertex -40.9402 -67.9616 0
      vertex -41.0676 -67.9318 0
    endloop
  endfacet
  facet normal 0 0 -1
    outer loop
      vertex -40.55 -68 0
      vertex -41.085 -66.915 0
      vertex -41.0006 -66.812 0
    endloop
  endfacet
  facet normal 0 0 -1
    outer loop
      vertex -40.811 -67.9829 0
      vertex -41.188 -66.9994 0
      vertex -41.085 -66.915 0
    endloop
  endfacet
  facet normal 0 0 -1
    outer loop
      vertex -41.2383 -67.0407 0
      vertex -41.0676 -67.9318 0
      vertex -41.1929 -67.8939 0
    endloop
  endfacet
  facet normal 0 0 -1
    outer loop
      vertex -40.9402 -67.9616 0
      vertex -41.2383 -67.0407 0
      vertex -41.188 -66.9994 0
    endloop
  endfacet
  facet normal 0 0 -1
    outer loop
      vertex -41.1929 -67.8939 0
      vertex -41.2956 -67.0714 0
      vertex -41.2383 -67.0407 0
    endloop
  endfacet
  facet normal 0 0 -1
    outer loop
      vertex -41.3154 -67.8478 0
      vertex -41.2956 -67.0714 0
      vertex -41.1929 -67.8939 0
    endloop
  endfacet
  facet normal 0 0 -1
    outer loop
      vertex -41.3154 -67.8478 0
      vertex -41.4131 -67.1341 0
      vertex -41.2956 -67.0714 0
    endloop
  endfacet
  facet normal 0 0 -1
    outer loop
      vertex -41.4346 -67.7937 0
      vertex -41.4131 -67.1341 0
      vertex -41.3154 -67.8478 0
    endloop
  endfacet
  facet normal 0 0 -1
    outer loop
      vertex -41.55 -67.732 0
      vertex -41.4131 -67.1341 0
      vertex -41.4346 -67.7937 0
    endloop
  endfacet
  facet normal 0 0 -1
    outer loop
      vertex -41.4131 -67.1341 0
      vertex -41.55 -67.732 0
      vertex -41.5405 -67.1728 0
    endloop
  endfacet
  facet normal 0 0 -1
    outer loop
      vertex -41.6611 -67.6629 0
      vertex -41.5405 -67.1728 0
      vertex -41.55 -67.732 0
    endloop
  endfacet
  facet normal 0 0 -1
    outer loop
      vertex -41.5405 -67.1728 0
      vertex -41.6611 -67.6629 0
      vertex -41.6027 -67.1917 0
    endloop
  endfacet
  facet normal 0 0 -1
    outer loop
      vertex -41.7675 -67.5867 0
      vertex -41.6027 -67.1917 0
      vertex -41.6611 -67.6629 0
    endloop
  endfacet
  facet normal 0 0 -1
    outer loop
      vertex -41.6027 -67.1917 0
      vertex -41.7675 -67.5867 0
      vertex -41.7353 -67.2047 0
    endloop
  endfacet
  facet normal 0 0 -1
    outer loop
      vertex -41.8687 -67.5037 0
      vertex -41.7353 -67.2047 0
      vertex -41.7675 -67.5867 0
    endloop
  endfacet
  facet normal 0 0 -1
    outer loop
      vertex -41.7353 -67.2047 0
      vertex -41.8687 -67.5037 0
      vertex -41.8 -67.2111 0
    endloop
  endfacet
  facet normal 0 0 -1
    outer loop
      vertex -41.9642 -67.4142 0
      vertex -41.8 -67.2111 0
      vertex -41.8687 -67.5037 0
    endloop
  endfacet
  facet normal -0 0 -1
    outer loop
      vertex -41.8 -67.2111 0
      vertex -41.9642 -67.4142 0
      vertex -41.8647 -67.2047 0
    endloop
  endfacet
  facet normal 0 0 -1
    outer loop
      vertex -42.0537 -67.3187 0
      vertex -41.8647 -67.2047 0
      vertex -41.9642 -67.4142 0
    endloop
  endfacet
  facet normal -0 0 -1
    outer loop
      vertex -41.8647 -67.2047 0
      vertex -42.0537 -67.3187 0
      vertex -41.9973 -67.1917 0
    endloop
  endfacet
  facet normal 0 0 -1
    outer loop
      vertex -42.1367 -67.2175 0
      vertex -41.9973 -67.1917 0
      vertex -42.0537 -67.3187 0
    endloop
  endfacet
  facet normal -0 0 -1
    outer loop
      vertex -41.9973 -67.1917 0
      vertex -42.1367 -67.2175 0
      vertex -42.1247 -67.153 0
    endloop
  endfacet
  facet normal 0 0 -1
    outer loop
      vertex -42.1367 -67.2175 0
      vertex -42.1869 -67.1341 0
      vertex -42.1247 -67.153 0
    endloop
  endfacet
  facet normal -0 -0 -1
    outer loop
      vertex -42.1869 -67.1341 0
      vertex -42.1367 -67.2175 0
      vertex -42.2023 -67.1259 0
    endloop
  endfacet
  facet normal 0 0 -1
    outer loop
      vertex 42.1367 -67.2175 0
      vertex 42.1869 -67.1341 0
      vertex 42.2023 -67.1259 0
    endloop
  endfacet
  facet normal 0 0 -1
    outer loop
      vertex 42.1367 -67.2175 0
      vertex 42.1247 -67.153 0
      vertex 42.1869 -67.1341 0
    endloop
  endfacet
  facet normal 0 0 -1
    outer loop
      vertex 41.9973 -67.1917 0
      vertex 42.1367 -67.2175 0
      vertex 42.0537 -67.3187 0
    endloop
  endfacet
  facet normal 0 0 -1
    outer loop
      vertex 42.1367 -67.2175 0
      vertex 41.9973 -67.1917 0
      vertex 42.1247 -67.153 0
    endloop
  endfacet
  facet normal 0 0 -1
    outer loop
      vertex 41.8647 -67.2047 0
      vertex 42.0537 -67.3187 0
      vertex 41.9642 -67.4142 0
    endloop
  endfacet
  facet normal 0 0 -1
    outer loop
      vertex 41.8 -67.2111 0
      vertex 41.9642 -67.4142 0
      vertex 41.8687 -67.5037 0
    endloop
  endfacet
  facet normal 0 0 -1
    outer loop
      vertex 42.0537 -67.3187 0
      vertex 41.8647 -67.2047 0
      vertex 41.9973 -67.1917 0
    endloop
  endfacet
  facet normal 0 0 -1
    outer loop
      vertex 41.9642 -67.4142 0
      vertex 41.8 -67.2111 0
      vertex 41.8647 -67.2047 0
    endloop
  endfacet
  facet normal 0 0 -1
    outer loop
      vertex 41.7353 -67.2047 0
      vertex 41.8687 -67.5037 0
      vertex 41.7675 -67.5867 0
    endloop
  endfacet
  facet normal 0 0 -1
    outer loop
      vertex 41.8687 -67.5037 0
      vertex 41.7353 -67.2047 0
      vertex 41.8 -67.2111 0
    endloop
  endfacet
  facet normal 0 0 -1
    outer loop
      vertex 41.6027 -67.1917 0
      vertex 41.7675 -67.5867 0
      vertex 41.6611 -67.6629 0
    endloop
  endfacet
  facet normal 0 0 -1
    outer loop
      vertex 41.7675 -67.5867 0
      vertex 41.6027 -67.1917 0
      vertex 41.7353 -67.2047 0
    endloop
  endfacet
  facet normal 0 0 -1
    outer loop
      vertex 41.5405 -67.1728 0
      vertex 41.6611 -67.6629 0
      vertex 41.55 -67.732 0
    endloop
  endfacet
  facet normal 0 0 -1
    outer loop
      vertex 41.6611 -67.6629 0
      vertex 41.5405 -67.1728 0
      vertex 41.6027 -67.1917 0
    endloop
  endfacet
  facet normal 0 0 -1
    outer loop
      vertex 41.4131 -67.1341 0
      vertex 41.55 -67.732 0
      vertex 41.4346 -67.7937 0
    endloop
  endfacet
  facet normal 0 0 -1
    outer loop
      vertex 41.55 -67.732 0
      vertex 41.4131 -67.1341 0
      vertex 41.5405 -67.1728 0
    endloop
  endfacet
  facet normal 0 0 -1
    outer loop
      vertex 41.3154 -67.8478 0
      vertex 41.4131 -67.1341 0
      vertex 41.4346 -67.7937 0
    endloop
  endfacet
  facet normal 0 0 -1
    outer loop
      vertex 41.3154 -67.8478 0
      vertex 41.2956 -67.0714 0
      vertex 41.4131 -67.1341 0
    endloop
  endfacet
  facet normal 0 0 -1
    outer loop
      vertex 41.1929 -67.8939 0
      vertex 41.2956 -67.0714 0
      vertex 41.3154 -67.8478 0
    endloop
  endfacet
  facet normal -0 0 -1
    outer loop
      vertex 41.2956 -67.0714 0
      vertex 41.1929 -67.8939 0
      vertex 41.2383 -67.0407 0
    endloop
  endfacet
  facet normal 0 0 -1
    outer loop
      vertex 41.0676 -67.9318 0
      vertex 41.2383 -67.0407 0
      vertex 41.1929 -67.8939 0
    endloop
  endfacet
  facet normal 0 0 -1
    outer loop
      vertex 40.9402 -67.9616 0
      vertex 41.2383 -67.0407 0
      vertex 41.0676 -67.9318 0
    endloop
  endfacet
  facet normal -0 0 -1
    outer loop
      vertex 41.2383 -67.0407 0
      vertex 40.9402 -67.9616 0
      vertex 41.188 -66.9994 0
    endloop
  endfacet
  facet normal 0 0 -1
    outer loop
      vertex 40.811 -67.9829 0
      vertex 41.188 -66.9994 0
      vertex 40.9402 -67.9616 0
    endloop
  endfacet
  facet normal -0 0 -1
    outer loop
      vertex 41.188 -66.9994 0
      vertex 40.811 -67.9829 0
      vertex 41.085 -66.915 0
    endloop
  endfacet
  facet normal 0 0 -1
    outer loop
      vertex 40.6808 -67.9957 0
      vertex 41.085 -66.915 0
      vertex 40.811 -67.9829 0
    endloop
  endfacet
  facet normal 0 0 -1
    outer loop
      vertex 40.55 -68 0
      vertex 41.085 -66.915 0
      vertex 40.6808 -67.9957 0
    endloop
  endfacet
  facet normal -0 0 -1
    outer loop
      vertex 41.085 -66.915 0
      vertex 40.55 -68 0
      vertex 41.0006 -66.812 0
    endloop
  endfacet
  facet normal -0 0 -1
    outer loop
      vertex 41.0006 -66.812 0
      vertex 40.55 -68 0
      vertex 40.9593 -66.7617 0
    endloop
  endfacet
  facet normal -0 0 -1
    outer loop
      vertex 40.9593 -66.7617 0
      vertex 40.55 -68 0
      vertex 40.9286 -66.7044 0
    endloop
  endfacet
  facet normal 0 0 -1
    outer loop
      vertex 39.7 -68 0
      vertex 40.9286 -66.7044 0
      vertex 40.55 -68 0
    endloop
  endfacet
  facet normal -0 0 -1
    outer loop
      vertex 40.9286 -66.7044 0
      vertex 39.7 -68 0
      vertex 40.8659 -66.5869 0
    endloop
  endfacet
  facet normal -0 0 -1
    outer loop
      vertex 40.8659 -66.5869 0
      vertex 39.7 -68 0
      vertex 40.8272 -66.4595 0
    endloop
  endfacet
  facet normal -0 0 -1
    outer loop
      vertex 40.8272 -66.4595 0
      vertex 39.7 -68 0
      vertex 40.8083 -66.3973 0
    endloop
  endfacet
  facet normal 0 0 -1
    outer loop
      vertex 42.515 -65.485 0
      vertex 42.55 69.8 0
      vertex 42.55 -65.5277 0
    endloop
  endfacet
  facet normal 0 0 -1
    outer loop
      vertex 42.4647 -65.4438 0
      vertex 42.55 69.8 0
      vertex 42.515 -65.485 0
    endloop
  endfacet
  facet normal 0 0 -1
    outer loop
      vertex 42.3617 -65.3593 0
      vertex 42.55 69.8 0
      vertex 42.4647 -65.4438 0
    endloop
  endfacet
  facet normal 0 0 -1
    outer loop
      vertex 42.2443 -65.2965 0
      vertex 42.55 69.8 0
      vertex 42.3617 -65.3593 0
    endloop
  endfacet
  facet normal 0 0 -1
    outer loop
      vertex 42.1869 -65.2659 0
      vertex 42.55 69.8 0
      vertex 42.2443 -65.2965 0
    endloop
  endfacet
  facet normal 0 0 -1
    outer loop
      vertex 42.1247 -65.247 0
      vertex 42.55 69.8 0
      vertex 42.1869 -65.2659 0
    endloop
  endfacet
  facet normal 0 0 -1
    outer loop
      vertex 41.9973 -65.2083 0
      vertex 42.55 69.8 0
      vertex 42.1247 -65.247 0
    endloop
  endfacet
  facet normal 0 0 -1
    outer loop
      vertex 41.8647 -65.1953 0
      vertex 42.55 69.8 0
      vertex 41.9973 -65.2083 0
    endloop
  endfacet
  facet normal 0 0 -1
    outer loop
      vertex 41.8 -65.1889 0
      vertex 42.55 69.8 0
      vertex 41.8647 -65.1953 0
    endloop
  endfacet
  facet normal 0 0 -1
    outer loop
      vertex 41.7353 -65.1953 0
      vertex 42.55 69.8 0
      vertex 41.8 -65.1889 0
    endloop
  endfacet
  facet normal 0 0 -1
    outer loop
      vertex 41.6027 -65.2083 0
      vertex 42.55 69.8 0
      vertex 41.7353 -65.1953 0
    endloop
  endfacet
  facet normal 0 0 -1
    outer loop
      vertex 37.8 70.8 0
      vertex 42.55 69.8 0
      vertex 41.6027 -65.2083 0
    endloop
  endfacet
  facet normal 0 -0 -1
    outer loop
      vertex 40.55 71.8 0
      vertex 42.55 69.8 0
      vertex 37.8 70.8 0
    endloop
  endfacet
  facet normal 0 0 -1
    outer loop
      vertex 42.55 69.8 0
      vertex 40.55 71.8 0
      vertex 42.5457 69.9308 0
    endloop
  endfacet
  facet normal 0 0 -1
    outer loop
      vertex 42.5116 70.1902 0
      vertex 40.55 71.8 0
      vertex 42.4818 70.3176 0
    endloop
  endfacet
  facet normal 0 0 -1
    outer loop
      vertex 42.4818 70.3176 0
      vertex 40.55 71.8 0
      vertex 42.4438 70.4429 0
    endloop
  endfacet
  facet normal 0 0 -1
    outer loop
      vertex 42.4438 70.4429 0
      vertex 40.55 71.8 0
      vertex 42.3978 70.5654 0
    endloop
  endfacet
  facet normal 0 0 -1
    outer loop
      vertex 42.3978 70.5654 0
      vertex 40.55 71.8 0
      vertex 42.3437 70.6846 0
    endloop
  endfacet
  facet normal 0 0 -1
    outer loop
      vertex 42.3437 70.6846 0
      vertex 40.55 71.8 0
      vertex 42.282 70.8 0
    endloop
  endfacet
  facet normal 0 0 -1
    outer loop
      vertex 42.282 70.8 0
      vertex 40.55 71.8 0
      vertex 42.2129 70.9111 0
    endloop
  endfacet
  facet normal 0 0 -1
    outer loop
      vertex 42.2129 70.9111 0
      vertex 40.55 71.8 0
      vertex 42.1367 71.0175 0
    endloop
  endfacet
  facet normal 0 0 -1
    outer loop
      vertex 42.1367 71.0175 0
      vertex 40.55 71.8 0
      vertex 42.0537 71.1187 0
    endloop
  endfacet
  facet normal 0 0 -1
    outer loop
      vertex 42.0537 71.1187 0
      vertex 40.55 71.8 0
      vertex 41.9642 71.2142 0
    endloop
  endfacet
  facet normal 0 0 -1
    outer loop
      vertex 42.5457 69.9308 0
      vertex 40.55 71.8 0
      vertex 42.5329 70.061 0
    endloop
  endfacet
  facet normal 0 0 -1
    outer loop
      vertex 41.9642 71.2142 0
      vertex 40.55 71.8 0
      vertex 41.8687 71.3037 0
    endloop
  endfacet
  facet normal 0 0 -1
    outer loop
      vertex 42.5329 70.061 0
      vertex 40.55 71.8 0
      vertex 42.5116 70.1902 0
    endloop
  endfacet
  facet normal 0 0 -1
    outer loop
      vertex 41.8687 71.3037 0
      vertex 40.55 71.8 0
      vertex 41.7675 71.3867 0
    endloop
  endfacet
  facet normal 0 0 -1
    outer loop
      vertex 37.8 70.8 0
      vertex 41.6027 -65.2083 0
      vertex 41.4753 -65.247 0
    endloop
  endfacet
  facet normal 0 0 -1
    outer loop
      vertex 41.7675 71.3867 0
      vertex 40.55 71.8 0
      vertex 41.6611 71.4629 0
    endloop
  endfacet
  facet normal 0 0 -1
    outer loop
      vertex 37.8 70.8 0
      vertex 41.4753 -65.247 0
      vertex 41.4131 -65.2659 0
    endloop
  endfacet
  facet normal 0 0 -1
    outer loop
      vertex 37.8 70.8 0
      vertex 41.4131 -65.2659 0
      vertex 41.3557 -65.2965 0
    endloop
  endfacet
  facet normal 0 0 -1
    outer loop
      vertex 41.6611 71.4629 0
      vertex 40.55 71.8 0
      vertex 41.55 71.5321 0
    endloop
  endfacet
  facet normal 0 0 -1
    outer loop
      vertex 37.8 70.8 0
      vertex 41.3557 -65.2965 0
      vertex 41.2383 -65.3593 0
    endloop
  endfacet
  facet normal 0 0 -1
    outer loop
      vertex 41.55 71.5321 0
      vertex 40.55 71.8 0
      vertex 41.4346 71.5937 0
    endloop
  endfacet
  facet normal 0 0 -1
    outer loop
      vertex 37.8 70.8 0
      vertex 41.2383 -65.3593 0
      vertex 41.188 -65.4006 0
    endloop
  endfacet
  facet normal 0 0 -1
    outer loop
      vertex 37.8 70.8 0
      vertex 41.188 -65.4006 0
      vertex 41.085 -65.485 0
    endloop
  endfacet
  facet normal 0 0 -1
    outer loop
      vertex 41.4346 71.5937 0
      vertex 40.55 71.8 0
      vertex 41.3154 71.6478 0
    endloop
  endfacet
  facet normal 0 0 -1
    outer loop
      vertex 37.8 70.8 0
      vertex 41.085 -65.485 0
      vertex 41.0438 -65.5353 0
    endloop
  endfacet
  facet normal 0 0 -1
    outer loop
      vertex 37.8 70.8 0
      vertex 41.0438 -65.5353 0
      vertex 40.9593 -65.6383 0
    endloop
  endfacet
  facet normal 0 0 -1
    outer loop
      vertex 41.3154 71.6478 0
      vertex 40.55 71.8 0
      vertex 41.1929 71.6939 0
    endloop
  endfacet
  facet normal 0 0 -1
    outer loop
      vertex 37.8 70.8 0
      vertex 40.9593 -65.6383 0
      vertex 40.9286 -65.6956 0
    endloop
  endfacet
  facet normal 0 0 -1
    outer loop
      vertex 37.8 70.8 0
      vertex 40.9286 -65.6956 0
      vertex 40.8659 -65.8131 0
    endloop
  endfacet
  facet normal 0 0 -1
    outer loop
      vertex 39.7 -68 0
      vertex 40.8659 -65.8131 0
      vertex 40.847 -65.8753 0
    endloop
  endfacet
  facet normal 0 0 -1
    outer loop
      vertex 41.1929 71.6939 0
      vertex 40.55 71.8 0
      vertex 41.0676 71.7318 0
    endloop
  endfacet
  facet normal 0 0 -1
    outer loop
      vertex 39.7 -68 0
      vertex 40.847 -65.8753 0
      vertex 40.8083 -66.0027 0
    endloop
  endfacet
  facet normal 0 0 -1
    outer loop
      vertex 39.7 -68 0
      vertex 40.8083 -66.0027 0
      vertex 40.7953 -66.1353 0
    endloop
  endfacet
  facet normal 0 0 -1
    outer loop
      vertex 39.7 -68 0
      vertex 40.7953 -66.1353 0
      vertex 40.7889 -66.2 0
    endloop
  endfacet
  facet normal -0 0 -1
    outer loop
      vertex 40.8083 -66.3973 0
      vertex 39.7 -68 0
      vertex 40.7953 -66.2647 0
    endloop
  endfacet
  facet normal 0 0 -1
    outer loop
      vertex 41.0676 71.7318 0
      vertex 40.55 71.8 0
      vertex 40.9402 71.7616 0
    endloop
  endfacet
  facet normal -0 0 -1
    outer loop
      vertex 40.7953 -66.2647 0
      vertex 39.7 -68 0
      vertex 40.7889 -66.2 0
    endloop
  endfacet
  facet normal 0 0 -1
    outer loop
      vertex 40.9402 71.7616 0
      vertex 40.55 71.8 0
      vertex 40.811 71.7829 0
    endloop
  endfacet
  facet normal -0 0 -1
    outer loop
      vertex 40.8659 -65.8131 0
      vertex 39.7 -68 0
      vertex 37.8 70.8 0
    endloop
  endfacet
  facet normal 0 0 -1
    outer loop
      vertex 40.811 71.7829 0
      vertex 40.55 71.8 0
      vertex 40.6808 71.7957 0
    endloop
  endfacet
  facet normal -0 0 -1
    outer loop
      vertex 40.55 71.8 0
      vertex 37.8 70.8 0
      vertex 37.8 71.8 0
    endloop
  endfacet
  facet normal 0 0 -1
    outer loop
      vertex 39.7 -68 0
      vertex 34.8 60.3 0
      vertex 37.8 70.8 0
    endloop
  endfacet
  facet normal 0 0 -1
    outer loop
      vertex 34.7957 60.4308 0
      vertex 37.8 70.8 0
      vertex 34.8 60.3 0
    endloop
  endfacet
  facet normal 0 0 -1
    outer loop
      vertex 34.7829 60.561 0
      vertex 37.8 70.8 0
      vertex 34.7957 60.4308 0
    endloop
  endfacet
  facet normal 0 0 -1
    outer loop
      vertex 34.7616 60.6902 0
      vertex 37.8 70.8 0
      vertex 34.7829 60.561 0
    endloop
  endfacet
  facet normal 0 0 -1
    outer loop
      vertex 34.7318 60.8176 0
      vertex 37.8 70.8 0
      vertex 34.7616 60.6902 0
    endloop
  endfacet
  facet normal 0 0 -1
    outer loop
      vertex 34.6938 60.9429 0
      vertex 37.8 70.8 0
      vertex 34.7318 60.8176 0
    endloop
  endfacet
  facet normal 0 0 -1
    outer loop
      vertex 34.6478 61.0654 0
      vertex 37.8 70.8 0
      vertex 34.6938 60.9429 0
    endloop
  endfacet
  facet normal 0 0 -1
    outer loop
      vertex 34.5937 61.1846 0
      vertex 37.8 70.8 0
      vertex 34.6478 61.0654 0
    endloop
  endfacet
  facet normal 0 0 -1
    outer loop
      vertex 34.532 61.3 0
      vertex 37.8 70.8 0
      vertex 34.5937 61.1846 0
    endloop
  endfacet
  facet normal 0 0 -1
    outer loop
      vertex 34.4629 61.4111 0
      vertex 37.8 70.8 0
      vertex 34.532 61.3 0
    endloop
  endfacet
  facet normal 0 0 -1
    outer loop
      vertex 34.3867 61.5175 0
      vertex 37.8 70.8 0
      vertex 34.4629 61.4111 0
    endloop
  endfacet
  facet normal 0 0 -1
    outer loop
      vertex 34.3037 61.6187 0
      vertex 37.8 70.8 0
      vertex 34.3867 61.5175 0
    endloop
  endfacet
  facet normal 0 0 -1
    outer loop
      vertex 34.2142 61.7142 0
      vertex 37.8 70.8 0
      vertex 34.3037 61.6187 0
    endloop
  endfacet
  facet normal 0 0 -1
    outer loop
      vertex 34.1187 61.8037 0
      vertex 37.8 70.8 0
      vertex 34.2142 61.7142 0
    endloop
  endfacet
  facet normal 0 0 -1
    outer loop
      vertex 34.0175 61.8867 0
      vertex 37.8 70.8 0
      vertex 34.1187 61.8037 0
    endloop
  endfacet
  facet normal 0 0 -1
    outer loop
      vertex 33.9111 61.9629 0
      vertex 37.8 70.8 0
      vertex 34.0175 61.8867 0
    endloop
  endfacet
  facet normal 0 0 -1
    outer loop
      vertex 33.8 62.032 0
      vertex 37.8 70.8 0
      vertex 33.9111 61.9629 0
    endloop
  endfacet
  facet normal 0 0 -1
    outer loop
      vertex 33.6846 62.0937 0
      vertex 37.8 70.8 0
      vertex 33.8 62.032 0
    endloop
  endfacet
  facet normal 0 0 -1
    outer loop
      vertex 33.5654 62.1478 0
      vertex 37.8 70.8 0
      vertex 33.6846 62.0937 0
    endloop
  endfacet
  facet normal 0 0 -1
    outer loop
      vertex 33.4429 62.1938 0
      vertex 37.8 70.8 0
      vertex 33.5654 62.1478 0
    endloop
  endfacet
  facet normal 0 0 -1
    outer loop
      vertex 33.3176 62.2318 0
      vertex 37.8 70.8 0
      vertex 33.4429 62.1938 0
    endloop
  endfacet
  facet normal 0 0 -1
    outer loop
      vertex 33.1902 62.2616 0
      vertex 37.8 70.8 0
      vertex 33.3176 62.2318 0
    endloop
  endfacet
  facet normal 0 0 -1
    outer loop
      vertex 33.061 62.2829 0
      vertex 37.8 70.8 0
      vertex 33.1902 62.2616 0
    endloop
  endfacet
  facet normal 0 0 -1
    outer loop
      vertex 32.9308 62.2957 0
      vertex 37.8 70.8 0
      vertex 33.061 62.2829 0
    endloop
  endfacet
  facet normal 0 0 -1
    outer loop
      vertex 32.8 62.3 0
      vertex 37.8 70.8 0
      vertex 32.9308 62.2957 0
    endloop
  endfacet
  facet normal 0 0 -1
    outer loop
      vertex 32.8 62.3 0
      vertex 7.93591 70.8 0
      vertex 37.8 70.8 0
    endloop
  endfacet
  facet normal 0 0 -1
    outer loop
      vertex 32.8 62.3 0
      vertex 7.93156 70.7558 0
      vertex 7.93591 70.8 0
    endloop
  endfacet
  facet normal 0 0 -1
    outer loop
      vertex 32.8 62.3 0
      vertex 7.84628 70.2393 0
      vertex 7.93156 70.7558 0
    endloop
  endfacet
  facet normal 0 0 -1
    outer loop
      vertex 32.8 62.3 0
      vertex 7.72741 69.7294 0
      vertex 7.84628 70.2393 0
    endloop
  endfacet
  facet normal 0 0 -1
    outer loop
      vertex 32.8 62.3 0
      vertex 7.57544 69.2285 0
      vertex 7.72741 69.7294 0
    endloop
  endfacet
  facet normal 0 0 -1
    outer loop
      vertex 32.8 62.3 0
      vertex 7.39104 68.7385 0
      vertex 7.57544 69.2285 0
    endloop
  endfacet
  facet normal 0 0 -1
    outer loop
      vertex 32.8 62.3 0
      vertex 7.17498 68.2617 0
      vertex 7.39104 68.7385 0
    endloop
  endfacet
  facet normal 0 0 -1
    outer loop
      vertex 32.8 62.3 0
      vertex 6.9282 67.8 0
      vertex 7.17498 68.2617 0
    endloop
  endfacet
  facet normal 0 0 -1
    outer loop
      vertex 32.8 62.3 0
      vertex 6.65176 67.3554 0
      vertex 6.9282 67.8 0
    endloop
  endfacet
  facet normal 0 0 -1
    outer loop
      vertex 32.8 62.3 0
      vertex 6.34683 66.9299 0
      vertex 6.65176 67.3554 0
    endloop
  endfacet
  facet normal 0 0 -1
    outer loop
      vertex 32.8 62.3 0
      vertex 6.01472 66.5252 0
      vertex 6.34683 66.9299 0
    endloop
  endfacet
  facet normal 0 0 -1
    outer loop
      vertex 32.8 62.3 0
      vertex 5.65685 66.1431 0
      vertex 6.01472 66.5252 0
    endloop
  endfacet
  facet normal 0 0 -1
    outer loop
      vertex 32.8 62.3 0
      vertex 5.27477 65.7853 0
      vertex 5.65685 66.1431 0
    endloop
  endfacet
  facet normal 0 0 -1
    outer loop
      vertex 32.8 62.3 0
      vertex 4.87009 65.4532 0
      vertex 5.27477 65.7853 0
    endloop
  endfacet
  facet normal 0 0 -1
    outer loop
      vertex 32.8 62.3 0
      vertex 4.44456 65.1482 0
      vertex 4.87009 65.4532 0
    endloop
  endfacet
  facet normal 0 0 -1
    outer loop
      vertex 32.8 62.3 0
      vertex 4 64.8718 0
      vertex 4.44456 65.1482 0
    endloop
  endfacet
  facet normal 0 0 -1
    outer loop
      vertex 32.8 62.3 0
      vertex 3.53831 64.625 0
      vertex 4 64.8718 0
    endloop
  endfacet
  facet normal 0 0 -1
    outer loop
      vertex 32.8 62.3 0
      vertex 3.06147 64.409 0
      vertex 3.53831 64.625 0
    endloop
  endfacet
  facet normal 0 0 -1
    outer loop
      vertex 32.8 62.3 0
      vertex 2.57152 64.2246 0
      vertex 3.06147 64.409 0
    endloop
  endfacet
  facet normal 0 0 -1
    outer loop
      vertex 32.8 62.3 0
      vertex 2.07055 64.0726 0
      vertex 2.57152 64.2246 0
    endloop
  endfacet
  facet normal 0 0 -1
    outer loop
      vertex 32.8 62.3 0
      vertex 1.56072 63.9537 0
      vertex 2.07055 64.0726 0
    endloop
  endfacet
  facet normal 0 0 -1
    outer loop
      vertex 32.8 62.3 0
      vertex 1.04421 63.8684 0
      vertex 1.56072 63.9537 0
    endloop
  endfacet
  facet normal 0 0 -1
    outer loop
      vertex 32.8 62.3 0
      vertex 0.523225 63.8171 0
      vertex 1.04421 63.8684 0
    endloop
  endfacet
  facet normal 0 0 -1
    outer loop
      vertex 32.8 62.3 0
      vertex 0 63.8 0
      vertex 0.523225 63.8171 0
    endloop
  endfacet
  facet normal 0 0 -1
    outer loop
      vertex -32.8 62.3 0
      vertex 0 63.8 0
      vertex 32.8 62.3 0
    endloop
  endfacet
  facet normal -0 0 -1
    outer loop
      vertex 0 63.8 0
      vertex -32.8 62.3 0
      vertex -0.523225 63.8171 0
    endloop
  endfacet
  facet normal 0 0 -1
    outer loop
      vertex -32.8 62.3 0
      vertex -1.04421 63.8684 0
      vertex -0.523225 63.8171 0
    endloop
  endfacet
  facet normal 0 0 -1
    outer loop
      vertex -32.8 62.3 0
      vertex -1.56072 63.9537 0
      vertex -1.04421 63.8684 0
    endloop
  endfacet
  facet normal 0 0 -1
    outer loop
      vertex -32.8 62.3 0
      vertex -2.07055 64.0726 0
      vertex -1.56072 63.9537 0
    endloop
  endfacet
  facet normal 0 0 -1
    outer loop
      vertex -32.8 62.3 0
      vertex -2.57152 64.2246 0
      vertex -2.07055 64.0726 0
    endloop
  endfacet
  facet normal 0 0 -1
    outer loop
      vertex -32.8 62.3 0
      vertex -3.06147 64.409 0
      vertex -2.57152 64.2246 0
    endloop
  endfacet
  facet normal 0 0 -1
    outer loop
      vertex -32.8 62.3 0
      vertex -3.53831 64.625 0
      vertex -3.06147 64.409 0
    endloop
  endfacet
  facet normal 0 0 -1
    outer loop
      vertex -32.8 62.3 0
      vertex -4 64.8718 0
      vertex -3.53831 64.625 0
    endloop
  endfacet
  facet normal 0 0 -1
    outer loop
      vertex -32.8 62.3 0
      vertex -4.44456 65.1482 0
      vertex -4 64.8718 0
    endloop
  endfacet
  facet normal 0 0 -1
    outer loop
      vertex -32.8 62.3 0
      vertex -4.87009 65.4532 0
      vertex -4.44456 65.1482 0
    endloop
  endfacet
  facet normal 0 0 -1
    outer loop
      vertex -32.8 62.3 0
      vertex -5.27477 65.7853 0
      vertex -4.87009 65.4532 0
    endloop
  endfacet
  facet normal 0 0 -1
    outer loop
      vertex -32.8 62.3 0
      vertex -5.65685 66.1431 0
      vertex -5.27477 65.7853 0
    endloop
  endfacet
  facet normal 0 0 -1
    outer loop
      vertex -32.8 62.3 0
      vertex -6.01472 66.5252 0
      vertex -5.65685 66.1431 0
    endloop
  endfacet
  facet normal 0 0 -1
    outer loop
      vertex -32.8 62.3 0
      vertex -6.34683 66.9299 0
      vertex -6.01472 66.5252 0
    endloop
  endfacet
  facet normal 0 0 -1
    outer loop
      vertex -32.8 62.3 0
      vertex -6.65176 67.3554 0
      vertex -6.34683 66.9299 0
    endloop
  endfacet
  facet normal 0 0 -1
    outer loop
      vertex -32.8 62.3 0
      vertex -6.9282 67.8 0
      vertex -6.65176 67.3554 0
    endloop
  endfacet
  facet normal 0 0 -1
    outer loop
      vertex -32.8 62.3 0
      vertex -7.17498 68.2617 0
      vertex -6.9282 67.8 0
    endloop
  endfacet
  facet normal 0 0 -1
    outer loop
      vertex -32.8 62.3 0
      vertex -7.39104 68.7385 0
      vertex -7.17498 68.2617 0
    endloop
  endfacet
  facet normal 0 0 -1
    outer loop
      vertex -32.8 62.3 0
      vertex -7.57544 69.2285 0
      vertex -7.39104 68.7385 0
    endloop
  endfacet
  facet normal 0 0 -1
    outer loop
      vertex -32.8 62.3 0
      vertex -7.72741 69.7294 0
      vertex -7.57544 69.2285 0
    endloop
  endfacet
  facet normal 0 0 -1
    outer loop
      vertex -32.8 62.3 0
      vertex -7.84628 70.2393 0
      vertex -7.72741 69.7294 0
    endloop
  endfacet
  facet normal 0 0 -1
    outer loop
      vertex -32.8 62.3 0
      vertex -7.93156 70.7558 0
      vertex -7.84628 70.2393 0
    endloop
  endfacet
  facet normal 0 0 -1
    outer loop
      vertex -32.8 62.3 0
      vertex -7.93591 70.8 0
      vertex -7.93156 70.7558 0
    endloop
  endfacet
  facet normal 0 0 -1
    outer loop
      vertex -37.8 70.8 0
      vertex -32.8 62.3 0
      vertex -32.9308 62.2957 0
    endloop
  endfacet
  facet normal 0 0 -1
    outer loop
      vertex -37.8 70.8 0
      vertex -32.9308 62.2957 0
      vertex -33.061 62.2829 0
    endloop
  endfacet
  facet normal 0 0 -1
    outer loop
      vertex -37.8 70.8 0
      vertex -33.061 62.2829 0
      vertex -33.1902 62.2616 0
    endloop
  endfacet
  facet normal 0 0 -1
    outer loop
      vertex -37.8 70.8 0
      vertex -33.1902 62.2616 0
      vertex -33.3176 62.2318 0
    endloop
  endfacet
  facet normal 0 0 -1
    outer loop
      vertex -37.8 70.8 0
      vertex -33.3176 62.2318 0
      vertex -33.4429 62.1938 0
    endloop
  endfacet
  facet normal 0 0 -1
    outer loop
      vertex -32.8 62.3 0
      vertex -37.8 70.8 0
      vertex -7.93591 70.8 0
    endloop
  endfacet
  facet normal 0 0 -1
    outer loop
      vertex -33.5654 62.1478 0
      vertex -37.8 70.8 0
      vertex -33.4429 62.1938 0
    endloop
  endfacet
  facet normal 0 0 -1
    outer loop
      vertex -33.6846 62.0937 0
      vertex -37.8 70.8 0
      vertex -33.5654 62.1478 0
    endloop
  endfacet
  facet normal 0 0 -1
    outer loop
      vertex -33.8 62.032 0
      vertex -37.8 70.8 0
      vertex -33.6846 62.0937 0
    endloop
  endfacet
  facet normal 0 0 -1
    outer loop
      vertex -33.9111 61.9629 0
      vertex -37.8 70.8 0
      vertex -33.8 62.032 0
    endloop
  endfacet
  facet normal 0 0 -1
    outer loop
      vertex -34.0175 61.8867 0
      vertex -37.8 70.8 0
      vertex -33.9111 61.9629 0
    endloop
  endfacet
  facet normal 0 0 -1
    outer loop
      vertex -34.1187 61.8037 0
      vertex -37.8 70.8 0
      vertex -34.0175 61.8867 0
    endloop
  endfacet
  facet normal 0 0 -1
    outer loop
      vertex -34.2142 61.7142 0
      vertex -37.8 70.8 0
      vertex -34.1187 61.8037 0
    endloop
  endfacet
  facet normal 0 0 -1
    outer loop
      vertex -34.3037 61.6187 0
      vertex -37.8 70.8 0
      vertex -34.2142 61.7142 0
    endloop
  endfacet
  facet normal 0 0 -1
    outer loop
      vertex -34.3867 61.5175 0
      vertex -37.8 70.8 0
      vertex -34.3037 61.6187 0
    endloop
  endfacet
  facet normal 0 0 -1
    outer loop
      vertex -34.4629 61.4111 0
      vertex -37.8 70.8 0
      vertex -34.3867 61.5175 0
    endloop
  endfacet
  facet normal 0 0 -1
    outer loop
      vertex -34.532 61.3 0
      vertex -37.8 70.8 0
      vertex -34.4629 61.4111 0
    endloop
  endfacet
  facet normal 0 0 -1
    outer loop
      vertex -34.5937 61.1846 0
      vertex -37.8 70.8 0
      vertex -34.532 61.3 0
    endloop
  endfacet
  facet normal 0 0 -1
    outer loop
      vertex -34.6478 61.0654 0
      vertex -37.8 70.8 0
      vertex -34.5937 61.1846 0
    endloop
  endfacet
  facet normal 0 0 -1
    outer loop
      vertex -34.6938 60.9429 0
      vertex -37.8 70.8 0
      vertex -34.6478 61.0654 0
    endloop
  endfacet
  facet normal 0 0 -1
    outer loop
      vertex -34.7318 60.8176 0
      vertex -37.8 70.8 0
      vertex -34.6938 60.9429 0
    endloop
  endfacet
  facet normal 0 0 -1
    outer loop
      vertex -34.7616 60.6902 0
      vertex -37.8 70.8 0
      vertex -34.7318 60.8176 0
    endloop
  endfacet
  facet normal 0 0 -1
    outer loop
      vertex -34.7829 60.561 0
      vertex -37.8 70.8 0
      vertex -34.7616 60.6902 0
    endloop
  endfacet
  facet normal 0 0 -1
    outer loop
      vertex -34.7957 60.4308 0
      vertex -37.8 70.8 0
      vertex -34.7829 60.561 0
    endloop
  endfacet
  facet normal 0 0 -1
    outer loop
      vertex -37.8 70.8 0
      vertex -34.7957 60.4308 0
      vertex -34.8 60.3 0
    endloop
  endfacet
  facet normal 0 0 -1
    outer loop
      vertex -41.188 -65.4006 0
      vertex -34.6938 -60.9429 0
      vertex -41.085 -65.485 0
    endloop
  endfacet
  facet normal -0 0 -1
    outer loop
      vertex -34.6938 -60.9429 0
      vertex -41.2383 -65.3593 0
      vertex -34.7318 -60.8176 0
    endloop
  endfacet
  facet normal -0 0 -1
    outer loop
      vertex -34.7318 -60.8176 0
      vertex -41.2383 -65.3593 0
      vertex -34.7616 -60.6902 0
    endloop
  endfacet
  facet normal -0 0 -1
    outer loop
      vertex -34.7616 -60.6902 0
      vertex -41.2383 -65.3593 0
      vertex -34.7829 -60.561 0
    endloop
  endfacet
  facet normal 0 0 -1
    outer loop
      vertex -41.3557 -65.2965 0
      vertex -34.7829 -60.561 0
      vertex -41.2383 -65.3593 0
    endloop
  endfacet
  facet normal 0 0 -1
    outer loop
      vertex -41.4131 -65.2659 0
      vertex -34.7829 -60.561 0
      vertex -41.3557 -65.2965 0
    endloop
  endfacet
  facet normal -0 0 -1
    outer loop
      vertex -34.7829 -60.561 0
      vertex -41.4131 -65.2659 0
      vertex -34.7957 -60.4308 0
    endloop
  endfacet
  facet normal 0 0 -1
    outer loop
      vertex -37.8 70.8 0
      vertex -40.55 71.8 0
      vertex -37.8 71.8 0
    endloop
  endfacet
  facet normal 0 0 -1
    outer loop
      vertex -40.55 71.8 0
      vertex -42.55 69.8 0
      vertex -40.6808 71.7957 0
    endloop
  endfacet
  facet normal 0 0 -1
    outer loop
      vertex -40.6808 71.7957 0
      vertex -42.55 69.8 0
      vertex -40.811 71.7829 0
    endloop
  endfacet
  facet normal 0 0 -1
    outer loop
      vertex -40.811 71.7829 0
      vertex -42.55 69.8 0
      vertex -40.9402 71.7616 0
    endloop
  endfacet
  facet normal -0 0 -1
    outer loop
      vertex -34.7957 -60.4308 0
      vertex -41.4131 -65.2659 0
      vertex -34.8 -60.3 0
    endloop
  endfacet
  facet normal 0 0 -1
    outer loop
      vertex -40.9402 71.7616 0
      vertex -42.55 69.8 0
      vertex -41.0676 71.7318 0
    endloop
  endfacet
  facet normal 0 0 -1
    outer loop
      vertex -41.4753 -65.247 0
      vertex -34.8 -60.3 0
      vertex -41.4131 -65.2659 0
    endloop
  endfacet
  facet normal 0 0 -1
    outer loop
      vertex -41.0676 71.7318 0
      vertex -42.55 69.8 0
      vertex -41.1929 71.6939 0
    endloop
  endfacet
  facet normal 0 0 -1
    outer loop
      vertex -41.6027 -65.2083 0
      vertex -34.8 -60.3 0
      vertex -41.4753 -65.247 0
    endloop
  endfacet
  facet normal 0 -0 -1
    outer loop
      vertex -40.55 71.8 0
      vertex -37.8 70.8 0
      vertex -42.55 69.8 0
    endloop
  endfacet
  facet normal 0 0 -1
    outer loop
      vertex -41.1929 71.6939 0
      vertex -42.55 69.8 0
      vertex -41.3154 71.6478 0
    endloop
  endfacet
  facet normal 0 0 -1
    outer loop
      vertex -41.7353 -65.1953 0
      vertex -34.8 -60.3 0
      vertex -41.6027 -65.2083 0
    endloop
  endfacet
  facet normal 0 0 -1
    outer loop
      vertex -41.3154 71.6478 0
      vertex -42.55 69.8 0
      vertex -41.4346 71.5937 0
    endloop
  endfacet
  facet normal 0 0 -1
    outer loop
      vertex -34.8 60.3 0
      vertex -42.55 69.8 0
      vertex -37.8 70.8 0
    endloop
  endfacet
  facet normal 0 0 -1
    outer loop
      vertex -41.4346 71.5937 0
      vertex -42.55 69.8 0
      vertex -41.55 71.5321 0
    endloop
  endfacet
  facet normal 0 0 -1
    outer loop
      vertex -41.8 -65.1889 0
      vertex -34.8 -60.3 0
      vertex -41.7353 -65.1953 0
    endloop
  endfacet
  facet normal 0 0 -1
    outer loop
      vertex -41.55 71.5321 0
      vertex -42.55 69.8 0
      vertex -41.6611 71.4629 0
    endloop
  endfacet
  facet normal 0 0 -1
    outer loop
      vertex -41.8647 -65.1953 0
      vertex -34.8 -60.3 0
      vertex -41.8 -65.1889 0
    endloop
  endfacet
  facet normal 0 0 -1
    outer loop
      vertex -41.9973 -65.2083 0
      vertex -34.8 -60.3 0
      vertex -41.8647 -65.1953 0
    endloop
  endfacet
  facet normal 0 0 -1
    outer loop
      vertex -41.6611 71.4629 0
      vertex -42.55 69.8 0
      vertex -41.7675 71.3867 0
    endloop
  endfacet
  facet normal 0 0 -1
    outer loop
      vertex -41.7675 71.3867 0
      vertex -42.55 69.8 0
      vertex -41.8687 71.3037 0
    endloop
  endfacet
  facet normal 0 0 -1
    outer loop
      vertex -42.1247 -65.247 0
      vertex -34.8 -60.3 0
      vertex -41.9973 -65.2083 0
    endloop
  endfacet
  facet normal 0 0 -1
    outer loop
      vertex -41.8687 71.3037 0
      vertex -42.55 69.8 0
      vertex -41.9642 71.2142 0
    endloop
  endfacet
  facet normal 0 0 -1
    outer loop
      vertex -42.1869 -65.2659 0
      vertex -34.8 -60.3 0
      vertex -42.1247 -65.247 0
    endloop
  endfacet
  facet normal 0 0 -1
    outer loop
      vertex -41.9642 71.2142 0
      vertex -42.55 69.8 0
      vertex -42.0537 71.1187 0
    endloop
  endfacet
  facet normal 0 0 -1
    outer loop
      vertex -42.2443 -65.2965 0
      vertex -34.8 -60.3 0
      vertex -42.1869 -65.2659 0
    endloop
  endfacet
  facet normal 0 0 -1
    outer loop
      vertex -42.0537 71.1187 0
      vertex -42.55 69.8 0
      vertex -42.1367 71.0175 0
    endloop
  endfacet
  facet normal 0 0 -1
    outer loop
      vertex -42.3617 -65.3593 0
      vertex -34.8 -60.3 0
      vertex -42.2443 -65.2965 0
    endloop
  endfacet
  facet normal 0 0 -1
    outer loop
      vertex -42.1367 71.0175 0
      vertex -42.55 69.8 0
      vertex -42.2129 70.9111 0
    endloop
  endfacet
  facet normal 0 0 -1
    outer loop
      vertex -42.2129 70.9111 0
      vertex -42.55 69.8 0
      vertex -42.282 70.8 0
    endloop
  endfacet
  facet normal 0 0 -1
    outer loop
      vertex -42.4647 -65.4438 0
      vertex -34.8 60.3 0
      vertex -42.3617 -65.3593 0
    endloop
  endfacet
  facet normal 0 0 -1
    outer loop
      vertex -42.282 70.8 0
      vertex -42.55 69.8 0
      vertex -42.3437 70.6846 0
    endloop
  endfacet
  facet normal 0 0 -1
    outer loop
      vertex -42.3437 70.6846 0
      vertex -42.55 69.8 0
      vertex -42.3978 70.5654 0
    endloop
  endfacet
  facet normal 0 0 -1
    outer loop
      vertex -42.515 -65.485 0
      vertex -34.8 60.3 0
      vertex -42.4647 -65.4438 0
    endloop
  endfacet
  facet normal 0 0 -1
    outer loop
      vertex -42.3978 70.5654 0
      vertex -42.55 69.8 0
      vertex -42.4438 70.4429 0
    endloop
  endfacet
  facet normal 0 0 -1
    outer loop
      vertex -42.4438 70.4429 0
      vertex -42.55 69.8 0
      vertex -42.4818 70.3176 0
    endloop
  endfacet
  facet normal -0 0 -1
    outer loop
      vertex -34.8 60.3 0
      vertex -42.515 -65.485 0
      vertex -42.55 69.8 0
    endloop
  endfacet
  facet normal 0 0 -1
    outer loop
      vertex -42.4818 70.3176 0
      vertex -42.55 69.8 0
      vertex -42.5116 70.1902 0
    endloop
  endfacet
  facet normal 0 0 -1
    outer loop
      vertex -42.5116 70.1902 0
      vertex -42.55 69.8 0
      vertex -42.5329 70.061 0
    endloop
  endfacet
  facet normal 0 0 -1
    outer loop
      vertex -42.55 69.8 0
      vertex -42.515 -65.485 0
      vertex -42.55 -65.5277 0
    endloop
  endfacet
  facet normal 0 0 -1
    outer loop
      vertex -42.5329 70.061 0
      vertex -42.55 69.8 0
      vertex -42.5457 69.9308 0
    endloop
  endfacet
  facet normal 0.773208 -0.634153 0
    outer loop
      vertex 42.0537 -67.3187 0.00999928
      vertex 42.1367 -67.2175 0
      vertex 42.1367 -67.2175 0.00999928
    endloop
  endfacet
  facet normal 0.773208 -0.634153 0
    outer loop
      vertex 42.1367 -67.2175 0
      vertex 42.0537 -67.3187 0.00999928
      vertex 42.0537 -67.3187 0
    endloop
  endfacet
  facet normal 0.0978386 0.995202 -0
    outer loop
      vertex 40.811 71.7829 0
      vertex 40.6808 71.7957 0.00999928
      vertex 40.811 71.7829 0.00999928
    endloop
  endfacet
  facet normal 0.0978386 0.995202 0
    outer loop
      vertex 40.6808 71.7957 0.00999928
      vertex 40.811 71.7829 0
      vertex 40.6808 71.7957 0
    endloop
  endfacet
  facet normal -0.881866 0.4715 0
    outer loop
      vertex -42.3437 70.6846 0
      vertex -42.282 70.8 0.00999928
      vertex -42.282 70.8 0
    endloop
  endfacet
  facet normal -0.881866 0.4715 0
    outer loop
      vertex -42.282 70.8 0.00999928
      vertex -42.3437 70.6846 0
      vertex -42.3437 70.6846 0.00999928
    endloop
  endfacet
  facet normal -0.702418 -0.115074 0.702401
    outer loop
      vertex -42.1987 -66.2793 0.341161
      vertex -40.5329 -66.261 2.01
      vertex -42.202 -66.261 0.340859
    endloop
  endfacet
  facet normal -0.701674 -0.123297 0.701749
    outer loop
      vertex -42.1983 -66.2821 0.341069
      vertex -40.5329 -66.261 2.01
      vertex -42.1987 -66.2793 0.341161
    endloop
  endfacet
  facet normal -0.702358 -0.11587 0.70233
    outer loop
      vertex -40.5116 -66.3902 2.01
      vertex -42.1983 -66.2821 0.341069
      vertex -42.1879 -66.3607 0.338502
    endloop
  endfacet
  facet normal -0.703175 -0.104085 0.703358
    outer loop
      vertex -40.5116 -66.3902 2.01
      vertex -42.1879 -66.3607 0.338502
      vertex -42.1878 -66.3622 0.33838
    endloop
  endfacet
  facet normal -0.702371 -0.115614 0.702359
    outer loop
      vertex -40.5116 -66.3902 2.01
      vertex -42.1878 -66.3622 0.33838
      vertex -42.1854 -66.3902 0.336171
    endloop
  endfacet
  facet normal -0.702361 -0.115792 0.702339
    outer loop
      vertex -42.1983 -66.2821 0.341069
      vertex -40.5116 -66.3902 2.01
      vertex -40.5329 -66.261 2.01
    endloop
  endfacet
  facet normal -0.0973737 0.990473 0.0973737
    outer loop
      vertex -40.6808 71.7957 0.00999928
      vertex -38.811 71.7829 2.01
      vertex -38.6808 71.7957 2.01
    endloop
  endfacet
  facet normal -0.0973737 0.990473 0.0973737
    outer loop
      vertex -38.811 71.7829 2.01
      vertex -40.6808 71.7957 0.00999928
      vertex -40.811 71.7829 0.00999928
    endloop
  endfacet
  facet normal 0 -1 0
    outer loop
      vertex -39.7 -68 0
      vertex -40.55 -68 0.00999928
      vertex -40.55 -68 0
    endloop
  endfacet
  facet normal 0 -1 0
    outer loop
      vertex -40.55 -68 0.00999928
      vertex -39.7 -68 0
      vertex -39.7 -68 0.859987
    endloop
  endfacet
  facet normal 0 -1 0
    outer loop
      vertex 39.7 -68 0
      vertex 40.55 -68 0.00999928
      vertex 39.7 -68 0.859987
    endloop
  endfacet
  facet normal 0 -1 -0
    outer loop
      vertex 40.55 -68 0.00999928
      vertex 39.7 -68 0
      vertex 40.55 -68 0
    endloop
  endfacet
  facet normal 0.995202 0.0978386 0
    outer loop
      vertex 42.5457 69.9308 0.00999928
      vertex 42.5329 70.061 0
      vertex 42.5329 70.061 0.00999928
    endloop
  endfacet
  facet normal 0.995202 0.0978386 0
    outer loop
      vertex 42.5329 70.061 0
      vertex 42.5457 69.9308 0.00999928
      vertex 42.5457 69.9308 0
    endloop
  endfacet
  facet normal -0.630831 -0.451779 0.630831
    outer loop
      vertex -42.1367 -67.2175 0.00999928
      vertex -40.2129 -67.1111 2.01
      vertex -42.2129 -67.1111 0.00999928
    endloop
  endfacet
  facet normal -0.630831 -0.451779 0.630831
    outer loop
      vertex -40.2129 -67.1111 2.01
      vertex -42.1367 -67.2175 0.00999928
      vertex -40.1367 -67.2175 2.01
    endloop
  endfacet
  facet normal 0.426419 -0.797701 0.426427
    outer loop
      vertex 41.4346 -67.7937 0.00999928
      vertex 39.7 -67.732 1.85999
      vertex 39.7 -67.7937 1.74457
    endloop
  endfacet
  facet normal 0.426472 -0.797648 0.426474
    outer loop
      vertex 39.7 -67.732 1.85999
      vertex 41.4346 -67.7937 0.00999928
      vertex 41.55 -67.732 0.00999928
    endloop
  endfacet
  facet normal 0.611686 -0.501679 0.611685
    outer loop
      vertex 40.0537 -67.3187 2.01
      vertex 42.1367 -67.2175 0.00999928
      vertex 40.1367 -67.2175 2.01
    endloop
  endfacet
  facet normal 0.611686 -0.501679 0.611685
    outer loop
      vertex 42.1367 -67.2175 0.00999928
      vertex 40.0537 -67.3187 2.01
      vertex 42.0537 -67.3187 0.00999928
    endloop
  endfacet
  facet normal 0.702351 0.11579 0.70235
    outer loop
      vertex 40.5329 70.061 2.01
      vertex 42.5116 70.1902 0.00999928
      vertex 40.5116 70.1902 2.01
    endloop
  endfacet
  facet normal 0.702351 0.11579 0.70235
    outer loop
      vertex 42.5116 70.1902 0.00999928
      vertex 40.5329 70.061 2.01
      vertex 42.5329 70.061 0.00999928
    endloop
  endfacet
  facet normal -0.661416 0.353634 0.661416
    outer loop
      vertex -42.3437 70.6846 0.00999928
      vertex -40.282 70.8 2.01
      vertex -42.282 70.8 0.00999928
    endloop
  endfacet
  facet normal -0.661416 0.353634 0.661416
    outer loop
      vertex -40.282 70.8 2.01
      vertex -42.3437 70.6846 0.00999928
      vertex -40.3437 70.6846 2.01
    endloop
  endfacet
  facet normal 0.162665 -0.986681 0
    outer loop
      vertex 40.811 -67.9829 0
      vertex 40.9402 -67.9616 0.00999928
      vertex 40.811 -67.9829 0.00999928
    endloop
  endfacet
  facet normal 0.162665 -0.986681 0
    outer loop
      vertex 40.9402 -67.9616 0.00999928
      vertex 40.811 -67.9829 0
      vertex 40.9402 -67.9616 0
    endloop
  endfacet
  facet normal 0.881866 0.4715 0
    outer loop
      vertex 42.3437 70.6846 0.00999928
      vertex 42.282 70.8 0
      vertex 42.282 70.8 0.00999928
    endloop
  endfacet
  facet normal 0.881866 0.4715 0
    outer loop
      vertex 42.282 70.8 0
      vertex 42.3437 70.6846 0.00999928
      vertex 42.3437 70.6846 0
    endloop
  endfacet
  facet normal -0.162665 -0.986681 0
    outer loop
      vertex -40.9402 -67.9616 0
      vertex -40.811 -67.9829 0.00999928
      vertex -40.9402 -67.9616 0.00999928
    endloop
  endfacet
  facet normal -0.162665 -0.986681 -0
    outer loop
      vertex -40.811 -67.9829 0.00999928
      vertex -40.9402 -67.9616 0
      vertex -40.811 -67.9829 0
    endloop
  endfacet
  facet normal -0.705405 0.0693485 0.705404
    outer loop
      vertex -42.5457 69.9308 0.00999928
      vertex -40.5329 70.061 2.01
      vertex -42.5329 70.061 0.00999928
    endloop
  endfacet
  facet normal -0.705405 0.0693485 0.705404
    outer loop
      vertex -40.5329 70.061 2.01
      vertex -42.5457 69.9308 0.00999928
      vertex -40.5457 69.9308 2.01
    endloop
  endfacet
  facet normal 0.849156 0.528143 0
    outer loop
      vertex 42.282 70.8 0.00999928
      vertex 42.2129 70.9111 0
      vertex 42.2129 70.9111 0.00999928
    endloop
  endfacet
  facet normal 0.849156 0.528143 0
    outer loop
      vertex 42.2129 70.9111 0
      vertex 42.282 70.8 0.00999928
      vertex 42.282 70.8 0
    endloop
  endfacet
  facet normal 0.0328391 0.998921 0.0328391
    outer loop
      vertex 40.55 71.8 0.00999928
      vertex 38.6808 71.7957 2.01
      vertex 40.6808 71.7957 0.00999928
    endloop
  endfacet
  facet normal 0.0328391 0.998921 0.0328391
    outer loop
      vertex 38.6808 71.7957 2.01
      vertex 40.55 71.8 0.00999928
      vertex 38.55 71.8 2.01
    endloop
  endfacet
  facet normal 0.691388 0.209679 0.691388
    outer loop
      vertex 40.4818 70.3176 2.01
      vertex 42.4438 70.4429 0.00999928
      vertex 40.4438 70.4429 2.01
    endloop
  endfacet
  facet normal 0.691388 0.209679 0.691388
    outer loop
      vertex 42.4438 70.4429 0.00999928
      vertex 40.4818 70.3176 2.01
      vertex 42.4818 70.3176 0.00999928
    endloop
  endfacet
  facet normal -0.426423 -0.797699 0.426426
    outer loop
      vertex -41.55 -67.732 0.00999928
      vertex -39.7 -67.7937 1.74457
      vertex -39.7 -67.732 1.85999
    endloop
  endfacet
  facet normal -0.426471 -0.797646 0.426478
    outer loop
      vertex -39.7 -67.7937 1.74457
      vertex -41.55 -67.732 0.00999928
      vertex -41.4346 -67.7937 0.00999928
    endloop
  endfacet
  facet normal 0.160555 0.973881 0.160555
    outer loop
      vertex 40.811 71.7829 0.00999928
      vertex 38.9402 71.7616 2.01
      vertex 40.9402 71.7616 0.00999928
    endloop
  endfacet
  facet normal 0.160555 0.973881 0.160555
    outer loop
      vertex 38.9402 71.7616 2.01
      vertex 40.811 71.7829 0.00999928
      vertex 38.811 71.7829 2.01
    endloop
  endfacet
  facet normal -0.697629 0.163182 0.697629
    outer loop
      vertex -42.5116 70.1902 0.00999928
      vertex -40.4818 70.3176 2.01
      vertex -42.4818 70.3176 0.00999928
    endloop
  endfacet
  facet normal -0.697629 0.163182 0.697629
    outer loop
      vertex -40.4818 70.3176 2.01
      vertex -42.5116 70.1902 0.00999928
      vertex -40.5116 70.1902 2.01
    endloop
  endfacet
  facet normal -0.702351 0.11579 0.70235
    outer loop
      vertex -42.5329 70.061 0.00999928
      vertex -40.5116 70.1902 2.01
      vertex -42.5116 70.1902 0.00999928
    endloop
  endfacet
  facet normal -0.702351 0.11579 0.70235
    outer loop
      vertex -40.5116 70.1902 2.01
      vertex -42.5329 70.061 0.00999928
      vertex -40.5329 70.061 2.01
    endloop
  endfacet
  facet normal -0.706916 0.0232396 0.706916
    outer loop
      vertex -42.55 69.8 0.00999928
      vertex -40.5457 69.9308 2.01
      vertex -42.5457 69.9308 0.00999928
    endloop
  endfacet
  facet normal -0.706916 0.0232396 0.706916
    outer loop
      vertex -40.5457 69.9308 2.01
      vertex -42.55 69.8 0.00999928
      vertex -40.55 69.8 2.01
    endloop
  endfacet
  facet normal 0.528693 0.848813 -0
    outer loop
      vertex 41.6611 71.4629 0
      vertex 41.55 71.5321 0.00999928
      vertex 41.6611 71.4629 0.00999928
    endloop
  endfacet
  facet normal 0.528693 0.848813 0
    outer loop
      vertex 41.55 71.5321 0.00999928
      vertex 41.6611 71.4629 0
      vertex 41.55 71.5321 0
    endloop
  endfacet
  facet normal 0.470906 0.882184 -0
    outer loop
      vertex 41.55 71.5321 0
      vertex 41.4346 71.5937 0.00999928
      vertex 41.55 71.5321 0.00999928
    endloop
  endfacet
  facet normal 0.470906 0.882184 0
    outer loop
      vertex 41.4346 71.5937 0.00999928
      vertex 41.55 71.5321 0
      vertex 41.4346 71.5937 0
    endloop
  endfacet
  facet normal -0.28952 0.957172 0
    outer loop
      vertex -41.0676 71.7318 0
      vertex -41.1929 71.6939 0.00999928
      vertex -41.0676 71.7318 0.00999928
    endloop
  endfacet
  facet normal -0.28952 0.957172 0
    outer loop
      vertex -41.1929 71.6939 0.00999928
      vertex -41.0676 71.7318 0
      vertex -41.1929 71.6939 0
    endloop
  endfacet
  facet normal 0.673284 0.305576 0.673284
    outer loop
      vertex 40.3978 70.5654 2.01
      vertex 42.3437 70.6846 0.00999928
      vertex 40.3437 70.6846 2.01
    endloop
  endfacet
  facet normal 0.673284 0.305576 0.673284
    outer loop
      vertex 42.3437 70.6846 0.00999928
      vertex 40.3978 70.5654 2.01
      vertex 42.3978 70.5654 0.00999928
    endloop
  endfacet
  facet normal 0.58943 0.552398 0.58943
    outer loop
      vertex 40.0537 71.1187 2.01
      vertex 41.9642 71.2142 0.00999928
      vertex 39.9642 71.2142 2.01
    endloop
  endfacet
  facet normal 0.58943 0.552398 0.58943
    outer loop
      vertex 41.9642 71.2142 0.00999928
      vertex 40.0537 71.1187 2.01
      vertex 42.0537 71.1187 0.00999928
    endloop
  endfacet
  facet normal -0.683425 0.256633 0.683425
    outer loop
      vertex -42.4438 70.4429 0.00999928
      vertex -40.3978 70.5654 2.01
      vertex -42.3978 70.5654 0.00999928
    endloop
  endfacet
  facet normal -0.683425 0.256633 0.683425
    outer loop
      vertex -40.3978 70.5654 2.01
      vertex -42.4438 70.4429 0.00999928
      vertex -40.4438 70.4429 2.01
    endloop
  endfacet
  facet normal -0.3819 -0.841606 0.381906
    outer loop
      vertex -41.4346 -67.7937 0.00999928
      vertex -39.7 -67.8478 1.62535
      vertex -39.7 -67.7937 1.74457
    endloop
  endfacet
  facet normal -0.381949 -0.841559 0.381961
    outer loop
      vertex -39.7 -67.8478 1.62535
      vertex -41.4346 -67.7937 0.00999928
      vertex -41.3154 -67.8478 0.00999928
    endloop
  endfacet
  facet normal -0.58943 -0.552398 0.58943
    outer loop
      vertex -41.9642 -67.4142 0.00999928
      vertex -40.0537 -67.3187 2.01
      vertex -42.0537 -67.3187 0.00999928
    endloop
  endfacet
  facet normal -0.58943 -0.552398 0.58943
    outer loop
      vertex -40.0537 -67.3187 2.01
      vertex -41.9642 -67.4142 0.00999928
      vertex -39.9642 -67.4142 2.01
    endloop
  endfacet
  facet normal -0.528143 -0.849156 0
    outer loop
      vertex -41.6611 -67.6629 0
      vertex -41.55 -67.732 0.00999928
      vertex -41.6611 -67.6629 0.00999928
    endloop
  endfacet
  facet normal -0.528143 -0.849156 -0
    outer loop
      vertex -41.55 -67.732 0.00999928
      vertex -41.6611 -67.6629 0
      vertex -41.55 -67.732 0
    endloop
  endfacet
  facet normal -0.58225 -0.81301 0
    outer loop
      vertex -41.7675 -67.5867 0
      vertex -41.6611 -67.6629 0.00999928
      vertex -41.7675 -67.5867 0.00999928
    endloop
  endfacet
  facet normal -0.58225 -0.81301 -0
    outer loop
      vertex -41.6611 -67.6629 0.00999928
      vertex -41.7675 -67.5867 0
      vertex -41.6611 -67.6629 0
    endloop
  endfacet
  facet normal 0.4715 -0.881866 0
    outer loop
      vertex 41.4346 -67.7937 0
      vertex 41.55 -67.732 0.00999928
      vertex 41.4346 -67.7937 0.00999928
    endloop
  endfacet
  facet normal 0.4715 -0.881866 0
    outer loop
      vertex 41.55 -67.732 0.00999928
      vertex 41.4346 -67.7937 0
      vertex 41.55 -67.732 0
    endloop
  endfacet
  facet normal 0.58225 -0.81301 0
    outer loop
      vertex 41.6611 -67.6629 0
      vertex 41.7675 -67.5867 0.00999928
      vertex 41.6611 -67.6629 0.00999928
    endloop
  endfacet
  facet normal 0.58225 -0.81301 0
    outer loop
      vertex 41.7675 -67.5867 0.00999928
      vertex 41.6611 -67.6629 0
      vertex 41.7675 -67.5867 0
    endloop
  endfacet
  facet normal 0.528143 -0.849156 0
    outer loop
      vertex 41.55 -67.732 0
      vertex 41.6611 -67.6629 0.00999928
      vertex 41.55 -67.732 0.00999928
    endloop
  endfacet
  facet normal 0.528143 -0.849156 0
    outer loop
      vertex 41.6611 -67.6629 0.00999928
      vertex 41.55 -67.732 0
      vertex 41.6611 -67.6629 0
    endloop
  endfacet
  facet normal 0.564461 -0.602302 0.564461
    outer loop
      vertex 41.8687 -67.5037 0.00999928
      vertex 39.9642 -67.4142 2.01
      vertex 39.8687 -67.5037 2.01
    endloop
  endfacet
  facet normal 0.564461 -0.602302 0.564461
    outer loop
      vertex 39.9642 -67.4142 2.01
      vertex 41.8687 -67.5037 0.00999928
      vertex 41.9642 -67.4142 0.00999928
    endloop
  endfacet
  facet normal 0.413285 0.910602 -0
    outer loop
      vertex 41.4346 71.5937 0
      vertex 41.3154 71.6478 0.00999928
      vertex 41.4346 71.5937 0.00999928
    endloop
  endfacet
  facet normal 0.413285 0.910602 0
    outer loop
      vertex 41.3154 71.6478 0.00999928
      vertex 41.4346 71.5937 0
      vertex 41.3154 71.6478 0
    endloop
  endfacet
  facet normal -0.278206 -0.919347 0.278212
    outer loop
      vertex -41.1929 -67.8939 0.00999928
      vertex -39.7 -67.9318 1.37763
      vertex -39.7 -67.8939 1.50287
    endloop
  endfacet
  facet normal -0.278099 -0.919416 0.278093
    outer loop
      vertex -39.7 -67.9318 1.37763
      vertex -41.1929 -67.8939 0.00999928
      vertex -41.0676 -67.9318 0.00999928
    endloop
  endfacet
  facet normal 0.564461 0.602302 0.564461
    outer loop
      vertex 41.8687 71.3037 0.00999928
      vertex 39.9642 71.2142 2.01
      vertex 41.9642 71.2142 0.00999928
    endloop
  endfacet
  facet normal 0.564461 0.602302 0.564461
    outer loop
      vertex 39.9642 71.2142 2.01
      vertex 41.8687 71.3037 0.00999928
      vertex 39.8687 71.3037 2.01
    endloop
  endfacet
  facet normal -0.160622 -0.973858 0.160626
    outer loop
      vertex -40.9402 -67.9616 0.00999928
      vertex -39.7 -67.9829 1.12103
      vertex -39.7 -67.9616 1.25017
    endloop
  endfacet
  facet normal -0.160555 -0.973882 0.16055
    outer loop
      vertex -39.7 -67.9829 1.12103
      vertex -40.9402 -67.9616 0.00999928
      vertex -40.811 -67.9829 0.00999928
    endloop
  endfacet
  facet normal 0.222074 0.949403 0.222074
    outer loop
      vertex 40.9402 71.7616 0.00999928
      vertex 39.0676 71.7318 2.01
      vertex 41.0676 71.7318 0.00999928
    endloop
  endfacet
  facet normal 0.222074 0.949403 0.222074
    outer loop
      vertex 39.0676 71.7318 2.01
      vertex 40.9402 71.7616 0.00999928
      vertex 38.9402 71.7616 2.01
    endloop
  endfacet
  facet normal 0.381951 0.841562 0.381951
    outer loop
      vertex 41.3154 71.6478 0.00999928
      vertex 39.4346 71.5937 2.01
      vertex 41.4346 71.5937 0.00999928
    endloop
  endfacet
  facet normal 0.381951 0.841562 0.381951
    outer loop
      vertex 39.4346 71.5937 2.01
      vertex 41.3154 71.6478 0.00999928
      vertex 39.3154 71.6478 2.01
    endloop
  endfacet
  facet normal -0.0328357 -0.998921 0.0328356
    outer loop
      vertex -40.6808 -67.9957 0.00999928
      vertex -39.7 -68 0.859987
      vertex -39.7 -67.9957 0.990801
    endloop
  endfacet
  facet normal -0.0328391 -0.998921 0.0328396
    outer loop
      vertex -39.7 -68 0.859987
      vertex -40.6808 -67.9957 0.00999928
      vertex -40.55 -68 0.00999928
    endloop
  endfacet
  facet normal -0.5038 -0.702614 0.502513
    outer loop
      vertex -39.7675 -67.5867 2.01
      vertex -39.7 -67.6629 1.97113
      vertex -39.7 -67.6351 2.01
    endloop
  endfacet
  facet normal -0.503172 -0.702592 0.503172
    outer loop
      vertex -41.6611 -67.6629 0.00999928
      vertex -39.7675 -67.5867 2.01
      vertex -41.7675 -67.5867 0.00999928
    endloop
  endfacet
  facet normal -0.503246 -0.702492 0.503238
    outer loop
      vertex -39.7675 -67.5867 2.01
      vertex -41.6611 -67.6629 0.00999928
      vertex -39.7 -67.6629 1.97113
    endloop
  endfacet
  facet normal 0.466914 -0.750986 0.466917
    outer loop
      vertex 41.55 -67.732 0.00999928
      vertex 39.7 -67.6629 1.97113
      vertex 39.7 -67.732 1.85999
    endloop
  endfacet
  facet normal 0.467013 -0.75087 0.467005
    outer loop
      vertex 39.7 -67.6629 1.97113
      vertex 41.55 -67.732 0.00999928
      vertex 41.6611 -67.6629 0.00999928
    endloop
  endfacet
  facet normal 0.58225 0.81301 -0
    outer loop
      vertex 41.7675 71.3867 0
      vertex 41.6611 71.4629 0.00999928
      vertex 41.7675 71.3867 0.00999928
    endloop
  endfacet
  facet normal 0.58225 0.81301 0
    outer loop
      vertex 41.6611 71.4629 0.00999928
      vertex 41.7675 71.3867 0
      vertex 41.6611 71.4629 0
    endloop
  endfacet
  facet normal 0.162665 0.986681 -0
    outer loop
      vertex 40.9402 71.7616 0
      vertex 40.811 71.7829 0.00999928
      vertex 40.9402 71.7616 0.00999928
    endloop
  endfacet
  facet normal 0.162665 0.986681 0
    outer loop
      vertex 40.811 71.7829 0.00999928
      vertex 40.9402 71.7616 0
      vertex 40.811 71.7829 0
    endloop
  endfacet
  facet normal -0.691515 -0.208806 0.691525
    outer loop
      vertex -40.4818 -66.5176 2.01
      vertex -42.1825 -66.5305 0.30543
      vertex -42.1797 -66.5797 0.293374
    endloop
  endfacet
  facet normal -0.691762 -0.207206 0.691759
    outer loop
      vertex -42.1825 -66.5305 0.30543
      vertex -40.4818 -66.5176 2.01
      vertex -42.1832 -66.5176 0.308594
    endloop
  endfacet
  facet normal -0.691276 -0.210208 0.691339
    outer loop
      vertex -42.1811 -66.6364 0.274734
      vertex -40.4818 -66.5176 2.01
      vertex -42.1797 -66.5797 0.293374
    endloop
  endfacet
  facet normal -0.690464 -0.214484 0.690837
    outer loop
      vertex -42.1812 -66.6429 0.272616
      vertex -40.4818 -66.5176 2.01
      vertex -42.1811 -66.6364 0.274734
    endloop
  endfacet
  facet normal -0.691385 -0.209678 0.691391
    outer loop
      vertex -40.4818 -66.5176 2.01
      vertex -42.1812 -66.6429 0.272616
      vertex -40.4438 -66.6429 2.01
    endloop
  endfacet
  facet normal -0.352212 -0.93592 0
    outer loop
      vertex -41.3154 -67.8478 0
      vertex -41.1929 -67.8939 0.00999928
      vertex -41.3154 -67.8478 0.00999928
    endloop
  endfacet
  facet normal -0.352212 -0.93592 -0
    outer loop
      vertex -41.1929 -67.8939 0.00999928
      vertex -41.3154 -67.8478 0
      vertex -41.1929 -67.8939 0
    endloop
  endfacet
  facet normal -0.28952 -0.957172 0
    outer loop
      vertex -41.1929 -67.8939 0
      vertex -41.0676 -67.9318 0.00999928
      vertex -41.1929 -67.8939 0.00999928
    endloop
  endfacet
  facet normal -0.28952 -0.957172 -0
    outer loop
      vertex -41.0676 -67.9318 0.00999928
      vertex -41.1929 -67.8939 0
      vertex -41.0676 -67.9318 0
    endloop
  endfacet
  facet normal 0.227761 0.973717 -0
    outer loop
      vertex 41.0676 71.7318 0
      vertex 40.9402 71.7616 0.00999928
      vertex 41.0676 71.7318 0.00999928
    endloop
  endfacet
  facet normal 0.227761 0.973717 0
    outer loop
      vertex 40.9402 71.7616 0.00999928
      vertex 41.0676 71.7318 0
      vertex 40.9402 71.7616 0
    endloop
  endfacet
  facet normal 0.332208 0.882766 0.332208
    outer loop
      vertex 41.1929 71.6939 0.00999928
      vertex 39.3154 71.6478 2.01
      vertex 41.3154 71.6478 0.00999928
    endloop
  endfacet
  facet normal 0.332208 0.882766 0.332208
    outer loop
      vertex 39.3154 71.6478 2.01
      vertex 41.1929 71.6939 0.00999928
      vertex 39.1929 71.6939 2.01
    endloop
  endfacet
  facet normal 0.28952 0.957172 -0
    outer loop
      vertex 41.1929 71.6939 0
      vertex 41.0676 71.7318 0.00999928
      vertex 41.1929 71.6939 0.00999928
    endloop
  endfacet
  facet normal 0.28952 0.957172 0
    outer loop
      vertex 41.0676 71.7318 0.00999928
      vertex 41.1929 71.6939 0
      vertex 41.0676 71.7318 0
    endloop
  endfacet
  facet normal -0.634153 0.773208 0
    outer loop
      vertex -39.7675 71.3867 2.01
      vertex -39.8687 71.3037 5.3
      vertex -39.7675 71.3867 5.3
    endloop
  endfacet
  facet normal -0.634153 0.773208 0
    outer loop
      vertex -39.8687 71.3037 5.3
      vertex -39.7675 71.3867 2.01
      vertex -39.8687 71.3037 2.01
    endloop
  endfacet
  facet normal 0.162665 -0.986681 0
    outer loop
      vertex 38.811 -67.9829 2.8
      vertex 38.9402 -67.9616 5.3
      vertex 38.811 -67.9829 5.3
    endloop
  endfacet
  facet normal 0.162665 -0.986681 0
    outer loop
      vertex 38.9402 -67.9616 5.3
      vertex 38.811 -67.9829 2.8
      vertex 38.9402 -67.9616 2.8
    endloop
  endfacet
  facet normal 0 -1 0
    outer loop
      vertex -38.55 -68 2.8
      vertex 38.55 -68 5.3
      vertex -38.55 -68 5.3
    endloop
  endfacet
  facet normal 0 -1 -0
    outer loop
      vertex 38.55 -68 5.3
      vertex -38.55 -68 2.8
      vertex 38.55 -68 2.8
    endloop
  endfacet
  facet normal 0.0978386 -0.995202 0
    outer loop
      vertex 38.6808 -67.9957 2.8
      vertex 38.811 -67.9829 5.3
      vertex 38.6808 -67.9957 5.3
    endloop
  endfacet
  facet normal 0.0978386 -0.995202 0
    outer loop
      vertex 38.811 -67.9829 5.3
      vertex 38.6808 -67.9957 2.8
      vertex 38.811 -67.9829 2.8
    endloop
  endfacet
  facet normal -0.634153 -0.773208 0
    outer loop
      vertex -39.8687 -67.5037 2.01
      vertex -39.7675 -67.5867 5.3
      vertex -39.8687 -67.5037 5.3
    endloop
  endfacet
  facet normal -0.634153 -0.773208 -0
    outer loop
      vertex -39.7675 -67.5867 5.3
      vertex -39.8687 -67.5037 2.01
      vertex -39.7675 -67.5867 2.01
    endloop
  endfacet
  facet normal -0.683814 -0.729656 0
    outer loop
      vertex -39.9642 -67.4142 2.01
      vertex -39.8687 -67.5037 5.3
      vertex -39.9642 -67.4142 5.3
    endloop
  endfacet
  facet normal -0.683814 -0.729656 -0
    outer loop
      vertex -39.8687 -67.5037 5.3
      vertex -39.9642 -67.4142 2.01
      vertex -39.8687 -67.5037 2.01
    endloop
  endfacet
  facet normal 0.910602 -0.413285 0
    outer loop
      vertex 40.3437 -66.8846 5.3
      vertex 40.3978 -66.7654 2.01
      vertex 40.3978 -66.7654 5.3
    endloop
  endfacet
  facet normal 0.910602 -0.413285 0
    outer loop
      vertex 40.3978 -66.7654 2.01
      vertex 40.3437 -66.8846 5.3
      vertex 40.3437 -66.8846 2.01
    endloop
  endfacet
  facet normal 0.0328569 -0.99946 0
    outer loop
      vertex 38.55 -68 2.8
      vertex 38.6808 -67.9957 5.3
      vertex 38.55 -68 5.3
    endloop
  endfacet
  facet normal 0.0328569 -0.99946 0
    outer loop
      vertex 38.6808 -67.9957 5.3
      vertex 38.55 -68 2.8
      vertex 38.6808 -67.9957 2.8
    endloop
  endfacet
  facet normal -0.95696 -0.290219 0
    outer loop
      vertex -40.4438 -66.6429 2.01
      vertex -40.4818 -66.5176 5.3
      vertex -40.4818 -66.5176 2.01
    endloop
  endfacet
  facet normal -0.95696 -0.290219 0
    outer loop
      vertex -40.4818 -66.5176 5.3
      vertex -40.4438 -66.6429 2.01
      vertex -40.4438 -66.6429 5.3
    endloop
  endfacet
  facet normal -0.849156 -0.528143 0
    outer loop
      vertex -40.2129 -67.1111 2.01
      vertex -40.282 -67 5.3
      vertex -40.282 -67 2.01
    endloop
  endfacet
  facet normal -0.849156 -0.528143 0
    outer loop
      vertex -40.282 -67 5.3
      vertex -40.2129 -67.1111 2.01
      vertex -40.2129 -67.1111 5.3
    endloop
  endfacet
  facet normal 0.99946 -0.0328569 0
    outer loop
      vertex 40.5457 -66.1308 5.3
      vertex 40.55 -66 2.01
      vertex 40.55 -66 5.3
    endloop
  endfacet
  facet normal 0.99946 -0.0328569 0
    outer loop
      vertex 40.55 -66 2.01
      vertex 40.5457 -66.1308 5.3
      vertex 40.5457 -66.1308 2.01
    endloop
  endfacet
  facet normal -0.58225 -0.81301 1.91332e-05
    outer loop
      vertex -39.7675 -67.5867 5.3
      vertex -39.7 -67.6351 2.8
      vertex -39.6611 -67.6629 5.3
    endloop
  endfacet
  facet normal -0.582718 -0.812675 0
    outer loop
      vertex -39.7675 -67.5867 2.01
      vertex -39.7 -67.6351 2.8
      vertex -39.7675 -67.5867 5.3
    endloop
  endfacet
  facet normal -0.582718 -0.812675 -0
    outer loop
      vertex -39.7 -67.6351 2.8
      vertex -39.7675 -67.5867 2.01
      vertex -39.7 -67.6351 2.01
    endloop
  endfacet
  facet normal -0.581436 -0.813592 -0
    outer loop
      vertex -39.6611 -67.6629 5.3
      vertex -39.7 -67.6351 2.8
      vertex -39.6611 -67.6629 2.8
    endloop
  endfacet
  facet normal -0.352212 0.93592 0
    outer loop
      vertex -39.1929 71.6939 2.01
      vertex -39.3154 71.6478 5.3
      vertex -39.1929 71.6939 5.3
    endloop
  endfacet
  facet normal -0.352212 0.93592 0
    outer loop
      vertex -39.3154 71.6478 5.3
      vertex -39.1929 71.6939 2.01
      vertex -39.3154 71.6478 2.01
    endloop
  endfacet
  facet normal -0.0328569 0.99946 0
    outer loop
      vertex -38.55 71.8 2.01
      vertex -38.6808 71.7957 5.3
      vertex -38.55 71.8 5.3
    endloop
  endfacet
  facet normal -0.0328569 0.99946 0
    outer loop
      vertex -38.6808 71.7957 5.3
      vertex -38.55 71.8 2.01
      vertex -38.6808 71.7957 2.01
    endloop
  endfacet
  facet normal 0.683814 0.729656 -0
    outer loop
      vertex 39.9642 71.2142 2.01
      vertex 39.8687 71.3037 5.3
      vertex 39.9642 71.2142 5.3
    endloop
  endfacet
  facet normal 0.683814 0.729656 0
    outer loop
      vertex 39.8687 71.3037 5.3
      vertex 39.9642 71.2142 2.01
      vertex 39.8687 71.3037 2.01
    endloop
  endfacet
  facet normal 1 -0 0
    outer loop
      vertex 40.55 -66 5.3
      vertex 40.55 69.8 2.01
      vertex 40.55 69.8 5.3
    endloop
  endfacet
  facet normal 1 0 0
    outer loop
      vertex 40.55 69.8 2.01
      vertex 40.55 -66 5.3
      vertex 40.55 -66 2.01
    endloop
  endfacet
  facet normal 0.849156 0.528143 0
    outer loop
      vertex 40.282 70.8 5.3
      vertex 40.2129 70.9111 2.01
      vertex 40.2129 70.9111 5.3
    endloop
  endfacet
  facet normal 0.849156 0.528143 0
    outer loop
      vertex 40.2129 70.9111 2.01
      vertex 40.282 70.8 5.3
      vertex 40.282 70.8 2.01
    endloop
  endfacet
  facet normal -1 0 0
    outer loop
      vertex -40.55 -66 2.01
      vertex -40.55 69.8 5.3
      vertex -40.55 69.8 2.01
    endloop
  endfacet
  facet normal -1 -0 0
    outer loop
      vertex -40.55 69.8 5.3
      vertex -40.55 -66 2.01
      vertex -40.55 -66 5.3
    endloop
  endfacet
  facet normal -0.162665 -0.986681 0
    outer loop
      vertex -38.9402 -67.9616 2.8
      vertex -38.811 -67.9829 5.3
      vertex -38.9402 -67.9616 5.3
    endloop
  endfacet
  facet normal -0.162665 -0.986681 -0
    outer loop
      vertex -38.811 -67.9829 5.3
      vertex -38.9402 -67.9616 2.8
      vertex -38.811 -67.9829 2.8
    endloop
  endfacet
  facet normal -0.413285 0.910602 0
    outer loop
      vertex -39.3154 71.6478 2.01
      vertex -39.4346 71.5937 5.3
      vertex -39.3154 71.6478 5.3
    endloop
  endfacet
  facet normal -0.413285 0.910602 0
    outer loop
      vertex -39.4346 71.5937 5.3
      vertex -39.3154 71.6478 2.01
      vertex -39.4346 71.5937 2.01
    endloop
  endfacet
  facet normal 0.729656 0.683814 0
    outer loop
      vertex 40.0537 71.1187 5.3
      vertex 39.9642 71.2142 2.01
      vertex 39.9642 71.2142 5.3
    endloop
  endfacet
  facet normal 0.729656 0.683814 0
    outer loop
      vertex 39.9642 71.2142 2.01
      vertex 40.0537 71.1187 5.3
      vertex 40.0537 71.1187 2.01
    endloop
  endfacet
  facet normal -0.849156 0.528143 0
    outer loop
      vertex -40.282 70.8 2.01
      vertex -40.2129 70.9111 5.3
      vertex -40.2129 70.9111 2.01
    endloop
  endfacet
  facet normal -0.849156 0.528143 0
    outer loop
      vertex -40.2129 70.9111 5.3
      vertex -40.282 70.8 2.01
      vertex -40.282 70.8 5.3
    endloop
  endfacet
  facet normal 0.95696 0.290219 0
    outer loop
      vertex 40.4818 70.3176 5.3
      vertex 40.4438 70.4429 2.01
      vertex 40.4438 70.4429 5.3
    endloop
  endfacet
  facet normal 0.95696 0.290219 0
    outer loop
      vertex 40.4438 70.4429 2.01
      vertex 40.4818 70.3176 5.3
      vertex 40.4818 70.3176 2.01
    endloop
  endfacet
  facet normal -0.683814 0.729656 0
    outer loop
      vertex -39.8687 71.3037 2.01
      vertex -39.9642 71.2142 5.3
      vertex -39.8687 71.3037 5.3
    endloop
  endfacet
  facet normal -0.683814 0.729656 0
    outer loop
      vertex -39.9642 71.2142 5.3
      vertex -39.8687 71.3037 2.01
      vertex -39.9642 71.2142 2.01
    endloop
  endfacet
  facet normal 0.162665 0.986681 -0
    outer loop
      vertex 38.9402 71.7616 2.01
      vertex 38.811 71.7829 5.3
      vertex 38.9402 71.7616 5.3
    endloop
  endfacet
  facet normal 0.162665 0.986681 0
    outer loop
      vertex 38.811 71.7829 5.3
      vertex 38.9402 71.7616 2.01
      vertex 38.811 71.7829 2.01
    endloop
  endfacet
  facet normal -0.28952 0.957172 0
    outer loop
      vertex -39.0676 71.7318 2.01
      vertex -39.1929 71.6939 5.3
      vertex -39.0676 71.7318 5.3
    endloop
  endfacet
  facet normal -0.28952 0.957172 0
    outer loop
      vertex -39.1929 71.6939 5.3
      vertex -39.0676 71.7318 2.01
      vertex -39.1929 71.6939 2.01
    endloop
  endfacet
  facet normal 0.773208 -0.634153 0
    outer loop
      vertex 40.0537 -67.3187 5.3
      vertex 40.1367 -67.2175 2.01
      vertex 40.1367 -67.2175 5.3
    endloop
  endfacet
  facet normal 0.773208 -0.634153 0
    outer loop
      vertex 40.1367 -67.2175 2.01
      vertex 40.0537 -67.3187 5.3
      vertex 40.0537 -67.3187 2.01
    endloop
  endfacet
  facet normal -0.986681 -0.162665 0
    outer loop
      vertex -40.5116 -66.3902 2.01
      vertex -40.5329 -66.261 5.3
      vertex -40.5329 -66.261 2.01
    endloop
  endfacet
  facet normal -0.986681 -0.162665 0
    outer loop
      vertex -40.5329 -66.261 5.3
      vertex -40.5116 -66.3902 2.01
      vertex -40.5116 -66.3902 5.3
    endloop
  endfacet
  facet normal 0.986681 -0.162665 0
    outer loop
      vertex 40.5116 -66.3902 5.3
      vertex 40.5329 -66.261 2.01
      vertex 40.5329 -66.261 5.3
    endloop
  endfacet
  facet normal 0.986681 -0.162665 0
    outer loop
      vertex 40.5329 -66.261 2.01
      vertex 40.5116 -66.3902 5.3
      vertex 40.5116 -66.3902 2.01
    endloop
  endfacet
  facet normal -0.910602 -0.413285 0
    outer loop
      vertex -40.3437 -66.8846 2.01
      vertex -40.3978 -66.7654 5.3
      vertex -40.3978 -66.7654 2.01
    endloop
  endfacet
  facet normal -0.910602 -0.413285 0
    outer loop
      vertex -40.3978 -66.7654 5.3
      vertex -40.3437 -66.8846 2.01
      vertex -40.3437 -66.8846 5.3
    endloop
  endfacet
  facet normal -0.528143 -0.849156 0
    outer loop
      vertex -39.6611 -67.6629 2.8
      vertex -39.55 -67.732 5.3
      vertex -39.6611 -67.6629 5.3
    endloop
  endfacet
  facet normal -0.528143 -0.849156 -0
    outer loop
      vertex -39.55 -67.732 5.3
      vertex -39.6611 -67.6629 2.8
      vertex -39.55 -67.732 2.8
    endloop
  endfacet
  facet normal -0.773208 -0.634153 0
    outer loop
      vertex -40.0537 -67.3187 2.01
      vertex -40.1367 -67.2175 5.3
      vertex -40.1367 -67.2175 2.01
    endloop
  endfacet
  facet normal -0.773208 -0.634153 0
    outer loop
      vertex -40.1367 -67.2175 5.3
      vertex -40.0537 -67.3187 2.01
      vertex -40.0537 -67.3187 5.3
    endloop
  endfacet
  facet normal -0.528693 0.848813 0
    outer loop
      vertex -39.55 71.5321 2.01
      vertex -39.6611 71.4629 5.3
      vertex -39.55 71.5321 5.3
    endloop
  endfacet
  facet normal -0.528693 0.848813 0
    outer loop
      vertex -39.6611 71.4629 5.3
      vertex -39.55 71.5321 2.01
      vertex -39.6611 71.4629 2.01
    endloop
  endfacet
  facet normal 0.58225 0.81301 -0
    outer loop
      vertex 39.7675 71.3867 2.01
      vertex 39.6611 71.4629 5.3
      vertex 39.7675 71.3867 5.3
    endloop
  endfacet
  facet normal 0.58225 0.81301 0
    outer loop
      vertex 39.6611 71.4629 5.3
      vertex 39.7675 71.3867 2.01
      vertex 39.6611 71.4629 2.01
    endloop
  endfacet
  facet normal 0.581436 -0.813592 0
    outer loop
      vertex 39.7 -67.6351 2.8
      vertex 39.6611 -67.6629 5.3
      vertex 39.6611 -67.6629 2.8
    endloop
  endfacet
  facet normal 0.58225 -0.81301 1.91332e-05
    outer loop
      vertex 39.6611 -67.6629 5.3
      vertex 39.7 -67.6351 2.8
      vertex 39.7675 -67.5867 5.3
    endloop
  endfacet
  facet normal 0.582718 -0.812675 0
    outer loop
      vertex 39.7675 -67.5867 2.01
      vertex 39.7 -67.6351 2.8
      vertex 39.7 -67.6351 2.01
    endloop
  endfacet
  facet normal 0.582718 -0.812675 0
    outer loop
      vertex 39.7 -67.6351 2.8
      vertex 39.7675 -67.5867 2.01
      vertex 39.7675 -67.5867 5.3
    endloop
  endfacet
  facet normal -0.0978386 0.995202 0
    outer loop
      vertex -38.6808 71.7957 2.01
      vertex -38.811 71.7829 5.3
      vertex -38.6808 71.7957 5.3
    endloop
  endfacet
  facet normal -0.0978386 0.995202 0
    outer loop
      vertex -38.811 71.7829 5.3
      vertex -38.6808 71.7957 2.01
      vertex -38.811 71.7829 2.01
    endloop
  endfacet
  facet normal -0.413285 -0.910602 0
    outer loop
      vertex -39.4346 -67.7937 2.8
      vertex -39.3154 -67.8478 5.3
      vertex -39.4346 -67.7937 5.3
    endloop
  endfacet
  facet normal -0.413285 -0.910602 -0
    outer loop
      vertex -39.3154 -67.8478 5.3
      vertex -39.4346 -67.7937 2.8
      vertex -39.3154 -67.8478 2.8
    endloop
  endfacet
  facet normal 0.528693 0.848813 -0
    outer loop
      vertex 39.6611 71.4629 2.01
      vertex 39.55 71.5321 5.3
      vertex 39.6611 71.4629 5.3
    endloop
  endfacet
  facet normal 0.528693 0.848813 0
    outer loop
      vertex 39.55 71.5321 5.3
      vertex 39.6611 71.4629 2.01
      vertex 39.55 71.5321 2.01
    endloop
  endfacet
  facet normal -0.470906 0.882184 0
    outer loop
      vertex -39.4346 71.5937 2.01
      vertex -39.55 71.5321 5.3
      vertex -39.4346 71.5937 5.3
    endloop
  endfacet
  facet normal -0.470906 0.882184 0
    outer loop
      vertex -39.55 71.5321 5.3
      vertex -39.4346 71.5937 2.01
      vertex -39.55 71.5321 2.01
    endloop
  endfacet
  facet normal -0.95696 0.290219 0
    outer loop
      vertex -40.4818 70.3176 2.01
      vertex -40.4438 70.4429 5.3
      vertex -40.4438 70.4429 2.01
    endloop
  endfacet
  facet normal -0.95696 0.290219 0
    outer loop
      vertex -40.4438 70.4429 5.3
      vertex -40.4818 70.3176 2.01
      vertex -40.4818 70.3176 5.3
    endloop
  endfacet
  facet normal 0.849156 -0.528143 0
    outer loop
      vertex 40.2129 -67.1111 5.3
      vertex 40.282 -67 2.01
      vertex 40.282 -67 5.3
    endloop
  endfacet
  facet normal 0.849156 -0.528143 0
    outer loop
      vertex 40.282 -67 2.01
      vertex 40.2129 -67.1111 5.3
      vertex 40.2129 -67.1111 2.01
    endloop
  endfacet
  facet normal -0.81301 -0.58225 0
    outer loop
      vertex -40.1367 -67.2175 2.01
      vertex -40.2129 -67.1111 5.3
      vertex -40.2129 -67.1111 2.01
    endloop
  endfacet
  facet normal -0.81301 -0.58225 0
    outer loop
      vertex -40.2129 -67.1111 5.3
      vertex -40.1367 -67.2175 2.01
      vertex -40.1367 -67.2175 5.3
    endloop
  endfacet
  facet normal 0.81301 0.58225 0
    outer loop
      vertex 40.2129 70.9111 5.3
      vertex 40.1367 71.0175 2.01
      vertex 40.1367 71.0175 5.3
    endloop
  endfacet
  facet normal 0.81301 0.58225 0
    outer loop
      vertex 40.1367 71.0175 2.01
      vertex 40.2129 70.9111 5.3
      vertex 40.2129 70.9111 2.01
    endloop
  endfacet
  facet normal -0.973717 -0.227761 0
    outer loop
      vertex -40.4818 -66.5176 2.01
      vertex -40.5116 -66.3902 5.3
      vertex -40.5116 -66.3902 2.01
    endloop
  endfacet
  facet normal -0.973717 -0.227761 0
    outer loop
      vertex -40.5116 -66.3902 5.3
      vertex -40.4818 -66.5176 2.01
      vertex -40.4818 -66.5176 5.3
    endloop
  endfacet
  facet normal -0.729656 -0.683814 0
    outer loop
      vertex -39.9642 -67.4142 2.01
      vertex -40.0537 -67.3187 5.3
      vertex -40.0537 -67.3187 2.01
    endloop
  endfacet
  facet normal -0.729656 -0.683814 0
    outer loop
      vertex -40.0537 -67.3187 5.3
      vertex -39.9642 -67.4142 2.01
      vertex -39.9642 -67.4142 5.3
    endloop
  endfacet
  facet normal 0.936172 0.351542 0
    outer loop
      vertex 40.4438 70.4429 5.3
      vertex 40.3978 70.5654 2.01
      vertex 40.3978 70.5654 5.3
    endloop
  endfacet
  facet normal 0.936172 0.351542 0
    outer loop
      vertex 40.3978 70.5654 2.01
      vertex 40.4438 70.4429 5.3
      vertex 40.4438 70.4429 2.01
    endloop
  endfacet
  facet normal -0.162665 0.986681 0
    outer loop
      vertex -38.811 71.7829 2.01
      vertex -38.9402 71.7616 5.3
      vertex -38.811 71.7829 5.3
    endloop
  endfacet
  facet normal -0.162665 0.986681 0
    outer loop
      vertex -38.9402 71.7616 5.3
      vertex -38.811 71.7829 2.01
      vertex -38.9402 71.7616 2.01
    endloop
  endfacet
  facet normal 0.936172 -0.351542 0
    outer loop
      vertex 40.3978 -66.7654 5.3
      vertex 40.4438 -66.6429 2.01
      vertex 40.4438 -66.6429 5.3
    endloop
  endfacet
  facet normal 0.936172 -0.351542 0
    outer loop
      vertex 40.4438 -66.6429 2.01
      vertex 40.3978 -66.7654 5.3
      vertex 40.3978 -66.7654 2.01
    endloop
  endfacet
  facet normal -0.227761 0.973717 0
    outer loop
      vertex -38.9402 71.7616 2.01
      vertex -39.0676 71.7318 5.3
      vertex -38.9402 71.7616 5.3
    endloop
  endfacet
  facet normal -0.227761 0.973717 0
    outer loop
      vertex -39.0676 71.7318 5.3
      vertex -38.9402 71.7616 2.01
      vertex -39.0676 71.7318 2.01
    endloop
  endfacet
  facet normal -0.81301 0.58225 0
    outer loop
      vertex -40.2129 70.9111 2.01
      vertex -40.1367 71.0175 5.3
      vertex -40.1367 71.0175 2.01
    endloop
  endfacet
  facet normal -0.81301 0.58225 0
    outer loop
      vertex -40.1367 71.0175 5.3
      vertex -40.2129 70.9111 2.01
      vertex -40.2129 70.9111 5.3
    endloop
  endfacet
  facet normal 0.910602 0.413285 0
    outer loop
      vertex 40.3978 70.5654 5.3
      vertex 40.3437 70.6846 2.01
      vertex 40.3437 70.6846 5.3
    endloop
  endfacet
  facet normal 0.910602 0.413285 0
    outer loop
      vertex 40.3437 70.6846 2.01
      vertex 40.3978 70.5654 5.3
      vertex 40.3978 70.5654 2.01
    endloop
  endfacet
  facet normal -0.58225 0.81301 0
    outer loop
      vertex -39.6611 71.4629 2.01
      vertex -39.7675 71.3867 5.3
      vertex -39.6611 71.4629 5.3
    endloop
  endfacet
  facet normal -0.58225 0.81301 0
    outer loop
      vertex -39.7675 71.3867 5.3
      vertex -39.6611 71.4629 2.01
      vertex -39.7675 71.3867 2.01
    endloop
  endfacet
  facet normal -0.881866 0.4715 0
    outer loop
      vertex -40.3437 70.6846 2.01
      vertex -40.282 70.8 5.3
      vertex -40.282 70.8 2.01
    endloop
  endfacet
  facet normal -0.881866 0.4715 0
    outer loop
      vertex -40.282 70.8 5.3
      vertex -40.3437 70.6846 2.01
      vertex -40.3437 70.6846 5.3
    endloop
  endfacet
  facet normal 0.0328569 0.99946 -0
    outer loop
      vertex 38.6808 71.7957 2.01
      vertex 38.55 71.8 5.3
      vertex 38.6808 71.7957 5.3
    endloop
  endfacet
  facet normal 0.0328569 0.99946 0
    outer loop
      vertex 38.55 71.8 5.3
      vertex 38.6808 71.7957 2.01
      vertex 38.55 71.8 2.01
    endloop
  endfacet
  facet normal -0.0328569 -0.99946 0
    outer loop
      vertex -38.6808 -67.9957 2.8
      vertex -38.55 -68 5.3
      vertex -38.6808 -67.9957 5.3
    endloop
  endfacet
  facet normal -0.0328569 -0.99946 -0
    outer loop
      vertex -38.55 -68 5.3
      vertex -38.6808 -67.9957 2.8
      vertex -38.55 -68 2.8
    endloop
  endfacet
  facet normal -0.910602 0.413285 0
    outer loop
      vertex -40.3978 70.5654 2.01
      vertex -40.3437 70.6846 5.3
      vertex -40.3437 70.6846 2.01
    endloop
  endfacet
  facet normal -0.910602 0.413285 0
    outer loop
      vertex -40.3437 70.6846 5.3
      vertex -40.3978 70.5654 2.01
      vertex -40.3978 70.5654 5.3
    endloop
  endfacet
  facet normal -0.773208 0.634153 0
    outer loop
      vertex -40.1367 71.0175 2.01
      vertex -40.0537 71.1187 5.3
      vertex -40.0537 71.1187 2.01
    endloop
  endfacet
  facet normal -0.773208 0.634153 0
    outer loop
      vertex -40.0537 71.1187 5.3
      vertex -40.1367 71.0175 2.01
      vertex -40.1367 71.0175 5.3
    endloop
  endfacet
  facet normal 0.634153 -0.773208 0
    outer loop
      vertex 39.7675 -67.5867 2.01
      vertex 39.8687 -67.5037 5.3
      vertex 39.7675 -67.5867 5.3
    endloop
  endfacet
  facet normal 0.634153 -0.773208 0
    outer loop
      vertex 39.8687 -67.5037 5.3
      vertex 39.7675 -67.5867 2.01
      vertex 39.8687 -67.5037 2.01
    endloop
  endfacet
  facet normal 0.773208 0.634153 0
    outer loop
      vertex 40.1367 71.0175 5.3
      vertex 40.0537 71.1187 2.01
      vertex 40.0537 71.1187 5.3
    endloop
  endfacet
  facet normal 0.773208 0.634153 0
    outer loop
      vertex 40.0537 71.1187 2.01
      vertex 40.1367 71.0175 5.3
      vertex 40.1367 71.0175 2.01
    endloop
  endfacet
  facet normal -0.881866 -0.4715 0
    outer loop
      vertex -40.282 -67 2.01
      vertex -40.3437 -66.8846 5.3
      vertex -40.3437 -66.8846 2.01
    endloop
  endfacet
  facet normal -0.881866 -0.4715 0
    outer loop
      vertex -40.3437 -66.8846 5.3
      vertex -40.282 -67 2.01
      vertex -40.282 -67 5.3
    endloop
  endfacet
  facet normal -0.995202 0.0978386 0
    outer loop
      vertex -40.5457 69.9308 2.01
      vertex -40.5329 70.061 5.3
      vertex -40.5329 70.061 2.01
    endloop
  endfacet
  facet normal -0.995202 0.0978386 0
    outer loop
      vertex -40.5329 70.061 5.3
      vertex -40.5457 69.9308 2.01
      vertex -40.5457 69.9308 5.3
    endloop
  endfacet
  facet normal 0.95696 -0.290219 0
    outer loop
      vertex 40.4438 -66.6429 5.3
      vertex 40.4818 -66.5176 2.01
      vertex 40.4818 -66.5176 5.3
    endloop
  endfacet
  facet normal 0.95696 -0.290219 0
    outer loop
      vertex 40.4818 -66.5176 2.01
      vertex 40.4438 -66.6429 5.3
      vertex 40.4438 -66.6429 2.01
    endloop
  endfacet
  facet normal 0.881866 0.4715 0
    outer loop
      vertex 40.3437 70.6846 5.3
      vertex 40.282 70.8 2.01
      vertex 40.282 70.8 5.3
    endloop
  endfacet
  facet normal 0.881866 0.4715 0
    outer loop
      vertex 40.282 70.8 2.01
      vertex 40.3437 70.6846 5.3
      vertex 40.3437 70.6846 2.01
    endloop
  endfacet
  facet normal 0.683814 -0.729656 0
    outer loop
      vertex 39.8687 -67.5037 2.01
      vertex 39.9642 -67.4142 5.3
      vertex 39.8687 -67.5037 5.3
    endloop
  endfacet
  facet normal 0.683814 -0.729656 0
    outer loop
      vertex 39.9642 -67.4142 5.3
      vertex 39.8687 -67.5037 2.01
      vertex 39.9642 -67.4142 2.01
    endloop
  endfacet
  facet normal 0.986681 0.162665 0
    outer loop
      vertex 40.5329 70.061 5.3
      vertex 40.5116 70.1902 2.01
      vertex 40.5116 70.1902 5.3
    endloop
  endfacet
  facet normal 0.986681 0.162665 0
    outer loop
      vertex 40.5116 70.1902 2.01
      vertex 40.5329 70.061 5.3
      vertex 40.5329 70.061 2.01
    endloop
  endfacet
  facet normal -0.729656 0.683814 0
    outer loop
      vertex -40.0537 71.1187 2.01
      vertex -39.9642 71.2142 5.3
      vertex -39.9642 71.2142 2.01
    endloop
  endfacet
  facet normal -0.729656 0.683814 0
    outer loop
      vertex -39.9642 71.2142 5.3
      vertex -40.0537 71.1187 2.01
      vertex -40.0537 71.1187 5.3
    endloop
  endfacet
  facet normal -0.4715 -0.881866 0
    outer loop
      vertex -39.55 -67.732 2.8
      vertex -39.4346 -67.7937 5.3
      vertex -39.55 -67.732 5.3
    endloop
  endfacet
  facet normal -0.4715 -0.881866 -0
    outer loop
      vertex -39.4346 -67.7937 5.3
      vertex -39.55 -67.732 2.8
      vertex -39.4346 -67.7937 2.8
    endloop
  endfacet
  facet normal -0.352212 -0.93592 0
    outer loop
      vertex -39.3154 -67.8478 2.8
      vertex -39.1929 -67.8939 5.3
      vertex -39.3154 -67.8478 5.3
    endloop
  endfacet
  facet normal -0.352212 -0.93592 -0
    outer loop
      vertex -39.1929 -67.8939 5.3
      vertex -39.3154 -67.8478 2.8
      vertex -39.1929 -67.8939 2.8
    endloop
  endfacet
  facet normal -0.28952 -0.957172 0
    outer loop
      vertex -39.1929 -67.8939 2.8
      vertex -39.0676 -67.9318 5.3
      vertex -39.1929 -67.8939 5.3
    endloop
  endfacet
  facet normal -0.28952 -0.957172 -0
    outer loop
      vertex -39.0676 -67.9318 5.3
      vertex -39.1929 -67.8939 2.8
      vertex -39.0676 -67.9318 2.8
    endloop
  endfacet
  facet normal 0.352212 -0.93592 0
    outer loop
      vertex 39.1929 -67.8939 2.8
      vertex 39.3154 -67.8478 5.3
      vertex 39.1929 -67.8939 5.3
    endloop
  endfacet
  facet normal 0.352212 -0.93592 0
    outer loop
      vertex 39.3154 -67.8478 5.3
      vertex 39.1929 -67.8939 2.8
      vertex 39.3154 -67.8478 2.8
    endloop
  endfacet
  facet normal 0.881866 -0.4715 0
    outer loop
      vertex 40.282 -67 5.3
      vertex 40.3437 -66.8846 2.01
      vertex 40.3437 -66.8846 5.3
    endloop
  endfacet
  facet normal 0.881866 -0.4715 0
    outer loop
      vertex 40.3437 -66.8846 2.01
      vertex 40.282 -67 5.3
      vertex 40.282 -67 2.01
    endloop
  endfacet
  facet normal 0.99946 0.0328569 0
    outer loop
      vertex 40.55 69.8 5.3
      vertex 40.5457 69.9308 2.01
      vertex 40.5457 69.9308 5.3
    endloop
  endfacet
  facet normal 0.99946 0.0328569 0
    outer loop
      vertex 40.5457 69.9308 2.01
      vertex 40.55 69.8 5.3
      vertex 40.55 69.8 2.01
    endloop
  endfacet
  facet normal -0.936172 -0.351542 0
    outer loop
      vertex -40.3978 -66.7654 2.01
      vertex -40.4438 -66.6429 5.3
      vertex -40.4438 -66.6429 2.01
    endloop
  endfacet
  facet normal -0.936172 -0.351542 0
    outer loop
      vertex -40.4438 -66.6429 5.3
      vertex -40.3978 -66.7654 2.01
      vertex -40.3978 -66.7654 5.3
    endloop
  endfacet
  facet normal 0.352212 0.93592 -0
    outer loop
      vertex 39.3154 71.6478 2.01
      vertex 39.1929 71.6939 5.3
      vertex 39.3154 71.6478 5.3
    endloop
  endfacet
  facet normal 0.352212 0.93592 0
    outer loop
      vertex 39.1929 71.6939 5.3
      vertex 39.3154 71.6478 2.01
      vertex 39.1929 71.6939 2.01
    endloop
  endfacet
  facet normal 0.995202 0.0978386 0
    outer loop
      vertex 40.5457 69.9308 5.3
      vertex 40.5329 70.061 2.01
      vertex 40.5329 70.061 5.3
    endloop
  endfacet
  facet normal 0.995202 0.0978386 0
    outer loop
      vertex 40.5329 70.061 2.01
      vertex 40.5457 69.9308 5.3
      vertex 40.5457 69.9308 2.01
    endloop
  endfacet
  facet normal -0.986681 0.162665 0
    outer loop
      vertex -40.5329 70.061 2.01
      vertex -40.5116 70.1902 5.3
      vertex -40.5116 70.1902 2.01
    endloop
  endfacet
  facet normal -0.986681 0.162665 0
    outer loop
      vertex -40.5116 70.1902 5.3
      vertex -40.5329 70.061 2.01
      vertex -40.5329 70.061 5.3
    endloop
  endfacet
  facet normal 0.413285 0.910602 -0
    outer loop
      vertex 39.4346 71.5937 2.01
      vertex 39.3154 71.6478 5.3
      vertex 39.4346 71.5937 5.3
    endloop
  endfacet
  facet normal 0.413285 0.910602 0
    outer loop
      vertex 39.3154 71.6478 5.3
      vertex 39.4346 71.5937 2.01
      vertex 39.3154 71.6478 2.01
    endloop
  endfacet
  facet normal -0.936172 0.351542 0
    outer loop
      vertex -40.4438 70.4429 2.01
      vertex -40.3978 70.5654 5.3
      vertex -40.3978 70.5654 2.01
    endloop
  endfacet
  facet normal -0.936172 0.351542 0
    outer loop
      vertex -40.3978 70.5654 5.3
      vertex -40.4438 70.4429 2.01
      vertex -40.4438 70.4429 5.3
    endloop
  endfacet
  facet normal 0.973717 -0.227761 0
    outer loop
      vertex 40.4818 -66.5176 5.3
      vertex 40.5116 -66.3902 2.01
      vertex 40.5116 -66.3902 5.3
    endloop
  endfacet
  facet normal 0.973717 -0.227761 0
    outer loop
      vertex 40.5116 -66.3902 2.01
      vertex 40.4818 -66.5176 5.3
      vertex 40.4818 -66.5176 2.01
    endloop
  endfacet
  facet normal 0.528143 -0.849156 0
    outer loop
      vertex 39.55 -67.732 2.8
      vertex 39.6611 -67.6629 5.3
      vertex 39.55 -67.732 5.3
    endloop
  endfacet
  facet normal 0.528143 -0.849156 0
    outer loop
      vertex 39.6611 -67.6629 5.3
      vertex 39.55 -67.732 2.8
      vertex 39.6611 -67.6629 2.8
    endloop
  endfacet
  facet normal 0.81301 -0.58225 0
    outer loop
      vertex 40.1367 -67.2175 5.3
      vertex 40.2129 -67.1111 2.01
      vertex 40.2129 -67.1111 5.3
    endloop
  endfacet
  facet normal 0.81301 -0.58225 0
    outer loop
      vertex 40.2129 -67.1111 2.01
      vertex 40.1367 -67.2175 5.3
      vertex 40.1367 -67.2175 2.01
    endloop
  endfacet
  facet normal -0.0978386 -0.995202 0
    outer loop
      vertex -38.811 -67.9829 2.8
      vertex -38.6808 -67.9957 5.3
      vertex -38.811 -67.9829 5.3
    endloop
  endfacet
  facet normal -0.0978386 -0.995202 -0
    outer loop
      vertex -38.6808 -67.9957 5.3
      vertex -38.811 -67.9829 2.8
      vertex -38.6808 -67.9957 2.8
    endloop
  endfacet
  facet normal -0.99946 0.0328569 0
    outer loop
      vertex -40.55 69.8 2.01
      vertex -40.5457 69.9308 5.3
      vertex -40.5457 69.9308 2.01
    endloop
  endfacet
  facet normal -0.99946 0.0328569 0
    outer loop
      vertex -40.5457 69.9308 5.3
      vertex -40.55 69.8 2.01
      vertex -40.55 69.8 5.3
    endloop
  endfacet
  facet normal -0.99946 -0.0328569 0
    outer loop
      vertex -40.5457 -66.1308 2.01
      vertex -40.55 -66 5.3
      vertex -40.55 -66 2.01
    endloop
  endfacet
  facet normal -0.99946 -0.0328569 0
    outer loop
      vertex -40.55 -66 5.3
      vertex -40.5457 -66.1308 2.01
      vertex -40.5457 -66.1308 5.3
    endloop
  endfacet
  facet normal -0.973717 0.227761 0
    outer loop
      vertex -40.5116 70.1902 2.01
      vertex -40.4818 70.3176 5.3
      vertex -40.4818 70.3176 2.01
    endloop
  endfacet
  facet normal -0.973717 0.227761 0
    outer loop
      vertex -40.4818 70.3176 5.3
      vertex -40.5116 70.1902 2.01
      vertex -40.5116 70.1902 5.3
    endloop
  endfacet
  facet normal 0.973717 0.227761 0
    outer loop
      vertex 40.5116 70.1902 5.3
      vertex 40.4818 70.3176 2.01
      vertex 40.4818 70.3176 5.3
    endloop
  endfacet
  facet normal 0.973717 0.227761 0
    outer loop
      vertex 40.4818 70.3176 2.01
      vertex 40.5116 70.1902 5.3
      vertex 40.5116 70.1902 2.01
    endloop
  endfacet
  facet normal 0.995202 -0.0978386 0
    outer loop
      vertex 40.5329 -66.261 5.3
      vertex 40.5457 -66.1308 2.01
      vertex 40.5457 -66.1308 5.3
    endloop
  endfacet
  facet normal 0.995202 -0.0978386 0
    outer loop
      vertex 40.5457 -66.1308 2.01
      vertex 40.5329 -66.261 5.3
      vertex 40.5329 -66.261 2.01
    endloop
  endfacet
  facet normal -0.995202 -0.0978386 0
    outer loop
      vertex -40.5329 -66.261 2.01
      vertex -40.5457 -66.1308 5.3
      vertex -40.5457 -66.1308 2.01
    endloop
  endfacet
  facet normal -0.995202 -0.0978386 0
    outer loop
      vertex -40.5457 -66.1308 5.3
      vertex -40.5329 -66.261 2.01
      vertex -40.5329 -66.261 5.3
    endloop
  endfacet
  facet normal 0.634153 0.773208 -0
    outer loop
      vertex 39.8687 71.3037 2.01
      vertex 39.7675 71.3867 5.3
      vertex 39.8687 71.3037 5.3
    endloop
  endfacet
  facet normal 0.634153 0.773208 0
    outer loop
      vertex 39.7675 71.3867 5.3
      vertex 39.8687 71.3037 2.01
      vertex 39.7675 71.3867 2.01
    endloop
  endfacet
  facet normal -0.227761 -0.973717 0
    outer loop
      vertex -39.0676 -67.9318 2.8
      vertex -38.9402 -67.9616 5.3
      vertex -39.0676 -67.9318 5.3
    endloop
  endfacet
  facet normal -0.227761 -0.973717 -0
    outer loop
      vertex -38.9402 -67.9616 5.3
      vertex -39.0676 -67.9318 2.8
      vertex -38.9402 -67.9616 2.8
    endloop
  endfacet
  facet normal 0.227761 0.973717 -0
    outer loop
      vertex 39.0676 71.7318 2.01
      vertex 38.9402 71.7616 5.3
      vertex 39.0676 71.7318 5.3
    endloop
  endfacet
  facet normal 0.227761 0.973717 0
    outer loop
      vertex 38.9402 71.7616 5.3
      vertex 39.0676 71.7318 2.01
      vertex 38.9402 71.7616 2.01
    endloop
  endfacet
  facet normal 0.4715 -0.881866 0
    outer loop
      vertex 39.4346 -67.7937 2.8
      vertex 39.55 -67.732 5.3
      vertex 39.4346 -67.7937 5.3
    endloop
  endfacet
  facet normal 0.4715 -0.881866 0
    outer loop
      vertex 39.55 -67.732 5.3
      vertex 39.4346 -67.7937 2.8
      vertex 39.55 -67.732 2.8
    endloop
  endfacet
  facet normal 0.0978386 0.995202 -0
    outer loop
      vertex 38.811 71.7829 2.01
      vertex 38.6808 71.7957 5.3
      vertex 38.811 71.7829 5.3
    endloop
  endfacet
  facet normal 0.0978386 0.995202 0
    outer loop
      vertex 38.6808 71.7957 5.3
      vertex 38.811 71.7829 2.01
      vertex 38.6808 71.7957 2.01
    endloop
  endfacet
  facet normal 0.729656 -0.683814 0
    outer loop
      vertex 39.9642 -67.4142 5.3
      vertex 40.0537 -67.3187 2.01
      vertex 40.0537 -67.3187 5.3
    endloop
  endfacet
  facet normal 0.729656 -0.683814 0
    outer loop
      vertex 40.0537 -67.3187 2.01
      vertex 39.9642 -67.4142 5.3
      vertex 39.9642 -67.4142 2.01
    endloop
  endfacet
  facet normal 0.470906 0.882184 -0
    outer loop
      vertex 39.55 71.5321 2.01
      vertex 39.4346 71.5937 5.3
      vertex 39.55 71.5321 5.3
    endloop
  endfacet
  facet normal 0.470906 0.882184 0
    outer loop
      vertex 39.4346 71.5937 5.3
      vertex 39.55 71.5321 2.01
      vertex 39.4346 71.5937 2.01
    endloop
  endfacet
  facet normal 0 0 1
    outer loop
      vertex 38.55 71.8 5.3
      vertex 40.55 69.8 5.3
      vertex 40.5457 69.9308 5.3
    endloop
  endfacet
  facet normal 0 0 1
    outer loop
      vertex 40.55 69.8 5.3
      vertex 34.8 60.3 5.3
      vertex 40.55 -66 5.3
    endloop
  endfacet
  facet normal 0 0 1
    outer loop
      vertex 38.55 71.8 5.3
      vertex 40.5457 69.9308 5.3
      vertex 40.5329 70.061 5.3
    endloop
  endfacet
  facet normal -0 0 1
    outer loop
      vertex 34.8 -60.3 5.3
      vertex 40.55 -66 5.3
      vertex 34.8 60.3 5.3
    endloop
  endfacet
  facet normal 0 0 1
    outer loop
      vertex 38.55 71.8 5.3
      vertex 40.5329 70.061 5.3
      vertex 40.5116 70.1902 5.3
    endloop
  endfacet
  facet normal -0 0 1
    outer loop
      vertex 34.7957 -60.4308 5.3
      vertex 40.55 -66 5.3
      vertex 34.8 -60.3 5.3
    endloop
  endfacet
  facet normal 0 0 1
    outer loop
      vertex 38.55 71.8 5.3
      vertex 40.5116 70.1902 5.3
      vertex 40.4818 70.3176 5.3
    endloop
  endfacet
  facet normal -0 0 1
    outer loop
      vertex 34.7829 -60.561 5.3
      vertex 40.55 -66 5.3
      vertex 34.7957 -60.4308 5.3
    endloop
  endfacet
  facet normal 0 0 1
    outer loop
      vertex 38.55 71.8 5.3
      vertex 40.4818 70.3176 5.3
      vertex 40.4438 70.4429 5.3
    endloop
  endfacet
  facet normal -0 0 1
    outer loop
      vertex 34.7616 -60.6902 5.3
      vertex 40.55 -66 5.3
      vertex 34.7829 -60.561 5.3
    endloop
  endfacet
  facet normal 0 0 1
    outer loop
      vertex 38.55 71.8 5.3
      vertex 40.4438 70.4429 5.3
      vertex 40.3978 70.5654 5.3
    endloop
  endfacet
  facet normal -0 0 1
    outer loop
      vertex 34.7318 -60.8176 5.3
      vertex 40.55 -66 5.3
      vertex 34.7616 -60.6902 5.3
    endloop
  endfacet
  facet normal 0 0 1
    outer loop
      vertex 38.55 71.8 5.3
      vertex 40.3978 70.5654 5.3
      vertex 40.3437 70.6846 5.3
    endloop
  endfacet
  facet normal -0 0 1
    outer loop
      vertex 34.6938 -60.9429 5.3
      vertex 40.55 -66 5.3
      vertex 34.7318 -60.8176 5.3
    endloop
  endfacet
  facet normal 0 0 1
    outer loop
      vertex 38.55 71.8 5.3
      vertex 40.3437 70.6846 5.3
      vertex 40.282 70.8 5.3
    endloop
  endfacet
  facet normal -0 0 1
    outer loop
      vertex 34.6478 -61.0654 5.3
      vertex 40.55 -66 5.3
      vertex 34.6938 -60.9429 5.3
    endloop
  endfacet
  facet normal 0 0 1
    outer loop
      vertex 38.55 71.8 5.3
      vertex 40.282 70.8 5.3
      vertex 40.2129 70.9111 5.3
    endloop
  endfacet
  facet normal -0 0 1
    outer loop
      vertex 34.5937 -61.1846 5.3
      vertex 40.55 -66 5.3
      vertex 34.6478 -61.0654 5.3
    endloop
  endfacet
  facet normal 0 0 1
    outer loop
      vertex 38.55 71.8 5.3
      vertex 40.2129 70.9111 5.3
      vertex 40.1367 71.0175 5.3
    endloop
  endfacet
  facet normal -0 0 1
    outer loop
      vertex 34.532 -61.3 5.3
      vertex 40.55 -66 5.3
      vertex 34.5937 -61.1846 5.3
    endloop
  endfacet
  facet normal 0 0 1
    outer loop
      vertex 38.55 71.8 5.3
      vertex 40.1367 71.0175 5.3
      vertex 40.0537 71.1187 5.3
    endloop
  endfacet
  facet normal -0 0 1
    outer loop
      vertex 34.4629 -61.4111 5.3
      vertex 40.55 -66 5.3
      vertex 34.532 -61.3 5.3
    endloop
  endfacet
  facet normal 0 0 1
    outer loop
      vertex 38.55 71.8 5.3
      vertex 40.0537 71.1187 5.3
      vertex 39.9642 71.2142 5.3
    endloop
  endfacet
  facet normal -0 0 1
    outer loop
      vertex 34.3867 -61.5175 5.3
      vertex 40.55 -66 5.3
      vertex 34.4629 -61.4111 5.3
    endloop
  endfacet
  facet normal 0 0 1
    outer loop
      vertex 38.55 71.8 5.3
      vertex 39.9642 71.2142 5.3
      vertex 39.8687 71.3037 5.3
    endloop
  endfacet
  facet normal -0 0 1
    outer loop
      vertex 34.3037 -61.6187 5.3
      vertex 40.55 -66 5.3
      vertex 34.3867 -61.5175 5.3
    endloop
  endfacet
  facet normal 0 0 1
    outer loop
      vertex 38.55 71.8 5.3
      vertex 39.8687 71.3037 5.3
      vertex 39.7675 71.3867 5.3
    endloop
  endfacet
  facet normal -0 0 1
    outer loop
      vertex 34.2142 -61.7142 5.3
      vertex 40.55 -66 5.3
      vertex 34.3037 -61.6187 5.3
    endloop
  endfacet
  facet normal 0 0 1
    outer loop
      vertex 38.55 71.8 5.3
      vertex 39.7675 71.3867 5.3
      vertex 39.6611 71.4629 5.3
    endloop
  endfacet
  facet normal 0 -0 1
    outer loop
      vertex 38.55 -68 5.3
      vertex 40.55 -66 5.3
      vertex 34.2142 -61.7142 5.3
    endloop
  endfacet
  facet normal 0 0 1
    outer loop
      vertex 38.55 71.8 5.3
      vertex 39.6611 71.4629 5.3
      vertex 39.55 71.5321 5.3
    endloop
  endfacet
  facet normal 0 0 1
    outer loop
      vertex 40.5457 -66.1308 5.3
      vertex 38.55 -68 5.3
      vertex 40.5329 -66.261 5.3
    endloop
  endfacet
  facet normal 0 0 1
    outer loop
      vertex 38.55 71.8 5.3
      vertex 39.55 71.5321 5.3
      vertex 39.4346 71.5937 5.3
    endloop
  endfacet
  facet normal 0 0 1
    outer loop
      vertex 40.5329 -66.261 5.3
      vertex 38.55 -68 5.3
      vertex 40.5116 -66.3902 5.3
    endloop
  endfacet
  facet normal 0 0 1
    outer loop
      vertex 38.55 71.8 5.3
      vertex 39.4346 71.5937 5.3
      vertex 39.3154 71.6478 5.3
    endloop
  endfacet
  facet normal 0 0 1
    outer loop
      vertex 40.5116 -66.3902 5.3
      vertex 38.55 -68 5.3
      vertex 40.4818 -66.5176 5.3
    endloop
  endfacet
  facet normal 0 0 1
    outer loop
      vertex 38.55 71.8 5.3
      vertex 39.3154 71.6478 5.3
      vertex 39.1929 71.6939 5.3
    endloop
  endfacet
  facet normal 0 0 1
    outer loop
      vertex 40.4818 -66.5176 5.3
      vertex 38.55 -68 5.3
      vertex 40.4438 -66.6429 5.3
    endloop
  endfacet
  facet normal 0 0 1
    outer loop
      vertex 38.55 71.8 5.3
      vertex 39.1929 71.6939 5.3
      vertex 39.0676 71.7318 5.3
    endloop
  endfacet
  facet normal 0 0 1
    outer loop
      vertex 40.4438 -66.6429 5.3
      vertex 38.55 -68 5.3
      vertex 40.3978 -66.7654 5.3
    endloop
  endfacet
  facet normal 0 0 1
    outer loop
      vertex 38.55 71.8 5.3
      vertex 39.0676 71.7318 5.3
      vertex 38.9402 71.7616 5.3
    endloop
  endfacet
  facet normal 0 0 1
    outer loop
      vertex 40.3437 -66.8846 5.3
      vertex 38.55 -68 5.3
      vertex 40.282 -67 5.3
    endloop
  endfacet
  facet normal 0 0 1
    outer loop
      vertex 38.55 71.8 5.3
      vertex 38.9402 71.7616 5.3
      vertex 38.811 71.7829 5.3
    endloop
  endfacet
  facet normal 0 0 1
    outer loop
      vertex 40.282 -67 5.3
      vertex 38.55 -68 5.3
      vertex 40.2129 -67.1111 5.3
    endloop
  endfacet
  facet normal 0 0 1
    outer loop
      vertex 38.55 71.8 5.3
      vertex 38.811 71.7829 5.3
      vertex 38.6808 71.7957 5.3
    endloop
  endfacet
  facet normal 0 0 1
    outer loop
      vertex 40.2129 -67.1111 5.3
      vertex 38.55 -68 5.3
      vertex 40.1367 -67.2175 5.3
    endloop
  endfacet
  facet normal 0 0 1
    outer loop
      vertex 40.55 69.8 5.3
      vertex 38.55 71.8 5.3
      vertex 33.6846 62.0937 5.3
    endloop
  endfacet
  facet normal 0 0 1
    outer loop
      vertex 40.1367 -67.2175 5.3
      vertex 38.55 -68 5.3
      vertex 40.0537 -67.3187 5.3
    endloop
  endfacet
  facet normal 0 0 1
    outer loop
      vertex 40.0537 -67.3187 5.3
      vertex 38.55 -68 5.3
      vertex 39.9642 -67.4142 5.3
    endloop
  endfacet
  facet normal 0 0 1
    outer loop
      vertex 40.55 69.8 5.3
      vertex 34.7957 60.4308 5.3
      vertex 34.8 60.3 5.3
    endloop
  endfacet
  facet normal 0 0 1
    outer loop
      vertex 40.55 69.8 5.3
      vertex 34.7829 60.561 5.3
      vertex 34.7957 60.4308 5.3
    endloop
  endfacet
  facet normal 0 0 1
    outer loop
      vertex 40.55 69.8 5.3
      vertex 34.7616 60.6902 5.3
      vertex 34.7829 60.561 5.3
    endloop
  endfacet
  facet normal 0 0 1
    outer loop
      vertex 40.55 69.8 5.3
      vertex 34.7318 60.8176 5.3
      vertex 34.7616 60.6902 5.3
    endloop
  endfacet
  facet normal 0 0 1
    outer loop
      vertex 40.55 69.8 5.3
      vertex 34.6938 60.9429 5.3
      vertex 34.7318 60.8176 5.3
    endloop
  endfacet
  facet normal 0 0 1
    outer loop
      vertex 40.55 69.8 5.3
      vertex 34.6478 61.0654 5.3
      vertex 34.6938 60.9429 5.3
    endloop
  endfacet
  facet normal 0 0 1
    outer loop
      vertex 40.55 69.8 5.3
      vertex 34.5937 61.1846 5.3
      vertex 34.6478 61.0654 5.3
    endloop
  endfacet
  facet normal 0 0 1
    outer loop
      vertex 40.55 69.8 5.3
      vertex 34.532 61.3 5.3
      vertex 34.5937 61.1846 5.3
    endloop
  endfacet
  facet normal 0 0 1
    outer loop
      vertex 40.55 69.8 5.3
      vertex 34.4629 61.4111 5.3
      vertex 34.532 61.3 5.3
    endloop
  endfacet
  facet normal 0 0 1
    outer loop
      vertex 40.55 69.8 5.3
      vertex 34.3867 61.5175 5.3
      vertex 34.4629 61.4111 5.3
    endloop
  endfacet
  facet normal 0 0 1
    outer loop
      vertex 40.55 69.8 5.3
      vertex 34.3037 61.6187 5.3
      vertex 34.3867 61.5175 5.3
    endloop
  endfacet
  facet normal 0 0 1
    outer loop
      vertex 40.55 69.8 5.3
      vertex 34.2142 61.7142 5.3
      vertex 34.3037 61.6187 5.3
    endloop
  endfacet
  facet normal 0 0 1
    outer loop
      vertex 40.55 69.8 5.3
      vertex 34.1187 61.8037 5.3
      vertex 34.2142 61.7142 5.3
    endloop
  endfacet
  facet normal 0 0 1
    outer loop
      vertex 40.55 69.8 5.3
      vertex 34.0175 61.8867 5.3
      vertex 34.1187 61.8037 5.3
    endloop
  endfacet
  facet normal 0 0 1
    outer loop
      vertex 40.55 69.8 5.3
      vertex 33.9111 61.9629 5.3
      vertex 34.0175 61.8867 5.3
    endloop
  endfacet
  facet normal 0 0 1
    outer loop
      vertex 40.55 69.8 5.3
      vertex 33.8 62.032 5.3
      vertex 33.9111 61.9629 5.3
    endloop
  endfacet
  facet normal 0 0 1
    outer loop
      vertex 40.55 69.8 5.3
      vertex 33.6846 62.0937 5.3
      vertex 33.8 62.032 5.3
    endloop
  endfacet
  facet normal 0 0 1
    outer loop
      vertex 38.55 71.8 5.3
      vertex 33.5654 62.1478 5.3
      vertex 33.6846 62.0937 5.3
    endloop
  endfacet
  facet normal 0 0 1
    outer loop
      vertex 38.55 71.8 5.3
      vertex 33.4429 62.1938 5.3
      vertex 33.5654 62.1478 5.3
    endloop
  endfacet
  facet normal 0 0 1
    outer loop
      vertex 38.55 71.8 5.3
      vertex 33.3176 62.2318 5.3
      vertex 33.4429 62.1938 5.3
    endloop
  endfacet
  facet normal 0 0 1
    outer loop
      vertex 38.55 71.8 5.3
      vertex 33.1902 62.2616 5.3
      vertex 33.3176 62.2318 5.3
    endloop
  endfacet
  facet normal 0 0 1
    outer loop
      vertex 38.55 71.8 5.3
      vertex 33.061 62.2829 5.3
      vertex 33.1902 62.2616 5.3
    endloop
  endfacet
  facet normal 0 0 1
    outer loop
      vertex 38.55 71.8 5.3
      vertex 32.9308 62.2957 5.3
      vertex 33.061 62.2829 5.3
    endloop
  endfacet
  facet normal 0 0 1
    outer loop
      vertex 38.55 71.8 5.3
      vertex 32.8 62.3 5.3
      vertex 32.9308 62.2957 5.3
    endloop
  endfacet
  facet normal -0 0 1
    outer loop
      vertex 8 71.8 5.3
      vertex 32.8 62.3 5.3
      vertex 38.55 71.8 5.3
    endloop
  endfacet
  facet normal -0 0 1
    outer loop
      vertex 7.98287 71.2768 5.3
      vertex 32.8 62.3 5.3
      vertex 8 71.8 5.3
    endloop
  endfacet
  facet normal -0 0 1
    outer loop
      vertex 7.93156 70.7558 5.3
      vertex 32.8 62.3 5.3
      vertex 7.98287 71.2768 5.3
    endloop
  endfacet
  facet normal -0 0 1
    outer loop
      vertex 7.84628 70.2393 5.3
      vertex 32.8 62.3 5.3
      vertex 7.93156 70.7558 5.3
    endloop
  endfacet
  facet normal -0 0 1
    outer loop
      vertex 7.72741 69.7294 5.3
      vertex 32.8 62.3 5.3
      vertex 7.84628 70.2393 5.3
    endloop
  endfacet
  facet normal -0 0 1
    outer loop
      vertex 7.57544 69.2285 5.3
      vertex 32.8 62.3 5.3
      vertex 7.72741 69.7294 5.3
    endloop
  endfacet
  facet normal -0 0 1
    outer loop
      vertex 7.39104 68.7385 5.3
      vertex 32.8 62.3 5.3
      vertex 7.57544 69.2285 5.3
    endloop
  endfacet
  facet normal -0 0 1
    outer loop
      vertex 7.17498 68.2617 5.3
      vertex 32.8 62.3 5.3
      vertex 7.39104 68.7385 5.3
    endloop
  endfacet
  facet normal -0 0 1
    outer loop
      vertex 6.9282 67.8 5.3
      vertex 32.8 62.3 5.3
      vertex 7.17498 68.2617 5.3
    endloop
  endfacet
  facet normal -0 0 1
    outer loop
      vertex 6.65176 67.3554 5.3
      vertex 32.8 62.3 5.3
      vertex 6.9282 67.8 5.3
    endloop
  endfacet
  facet normal -0 0 1
    outer loop
      vertex 6.34683 66.9299 5.3
      vertex 32.8 62.3 5.3
      vertex 6.65176 67.3554 5.3
    endloop
  endfacet
  facet normal -0 0 1
    outer loop
      vertex 6.01472 66.5252 5.3
      vertex 32.8 62.3 5.3
      vertex 6.34683 66.9299 5.3
    endloop
  endfacet
  facet normal -0 0 1
    outer loop
      vertex 5.65685 66.1431 5.3
      vertex 32.8 62.3 5.3
      vertex 6.01472 66.5252 5.3
    endloop
  endfacet
  facet normal -0 0 1
    outer loop
      vertex 5.27477 65.7853 5.3
      vertex 32.8 62.3 5.3
      vertex 5.65685 66.1431 5.3
    endloop
  endfacet
  facet normal -0 0 1
    outer loop
      vertex 4.87009 65.4532 5.3
      vertex 32.8 62.3 5.3
      vertex 5.27477 65.7853 5.3
    endloop
  endfacet
  facet normal -0 0 1
    outer loop
      vertex 4.44456 65.1482 5.3
      vertex 32.8 62.3 5.3
      vertex 4.87009 65.4532 5.3
    endloop
  endfacet
  facet normal -0 0 1
    outer loop
      vertex 4 64.8718 5.3
      vertex 32.8 62.3 5.3
      vertex 4.44456 65.1482 5.3
    endloop
  endfacet
  facet normal -0 0 1
    outer loop
      vertex 3.53831 64.625 5.3
      vertex 32.8 62.3 5.3
      vertex 4 64.8718 5.3
    endloop
  endfacet
  facet normal -0 0 1
    outer loop
      vertex 3.06147 64.409 5.3
      vertex 32.8 62.3 5.3
      vertex 3.53831 64.625 5.3
    endloop
  endfacet
  facet normal -0 0 1
    outer loop
      vertex 2.57152 64.2246 5.3
      vertex 32.8 62.3 5.3
      vertex 3.06147 64.409 5.3
    endloop
  endfacet
  facet normal -0 0 1
    outer loop
      vertex 2.07055 64.0726 5.3
      vertex 32.8 62.3 5.3
      vertex 2.57152 64.2246 5.3
    endloop
  endfacet
  facet normal -0 0 1
    outer loop
      vertex 1.56072 63.9537 5.3
      vertex 32.8 62.3 5.3
      vertex 2.07055 64.0726 5.3
    endloop
  endfacet
  facet normal -0 0 1
    outer loop
      vertex 1.04421 63.8684 5.3
      vertex 32.8 62.3 5.3
      vertex 1.56072 63.9537 5.3
    endloop
  endfacet
  facet normal -0 0 1
    outer loop
      vertex 0.523225 63.8171 5.3
      vertex 32.8 62.3 5.3
      vertex 1.04421 63.8684 5.3
    endloop
  endfacet
  facet normal -0 0 1
    outer loop
      vertex 0 63.8 5.3
      vertex 32.8 62.3 5.3
      vertex 0.523225 63.8171 5.3
    endloop
  endfacet
  facet normal 0 0 1
    outer loop
      vertex -32.8 62.3 5.3
      vertex 0 63.8 5.3
      vertex -0.523225 63.8171 5.3
    endloop
  endfacet
  facet normal 0 0 1
    outer loop
      vertex 0 63.8 5.3
      vertex -32.8 62.3 5.3
      vertex 32.8 62.3 5.3
    endloop
  endfacet
  facet normal 0 0 1
    outer loop
      vertex -1.04421 63.8684 5.3
      vertex -32.8 62.3 5.3
      vertex -0.523225 63.8171 5.3
    endloop
  endfacet
  facet normal 0 0 1
    outer loop
      vertex -1.56072 63.9537 5.3
      vertex -32.8 62.3 5.3
      vertex -1.04421 63.8684 5.3
    endloop
  endfacet
  facet normal 0 0 1
    outer loop
      vertex -2.07055 64.0726 5.3
      vertex -32.8 62.3 5.3
      vertex -1.56072 63.9537 5.3
    endloop
  endfacet
  facet normal 0 0 1
    outer loop
      vertex -2.57152 64.2246 5.3
      vertex -32.8 62.3 5.3
      vertex -2.07055 64.0726 5.3
    endloop
  endfacet
  facet normal 0 0 1
    outer loop
      vertex -3.06147 64.409 5.3
      vertex -32.8 62.3 5.3
      vertex -2.57152 64.2246 5.3
    endloop
  endfacet
  facet normal 0 0 1
    outer loop
      vertex -3.53831 64.625 5.3
      vertex -32.8 62.3 5.3
      vertex -3.06147 64.409 5.3
    endloop
  endfacet
  facet normal 0 0 1
    outer loop
      vertex -4 64.8718 5.3
      vertex -32.8 62.3 5.3
      vertex -3.53831 64.625 5.3
    endloop
  endfacet
  facet normal 0 0 1
    outer loop
      vertex -4.44456 65.1482 5.3
      vertex -32.8 62.3 5.3
      vertex -4 64.8718 5.3
    endloop
  endfacet
  facet normal 0 0 1
    outer loop
      vertex -4.87009 65.4532 5.3
      vertex -32.8 62.3 5.3
      vertex -4.44456 65.1482 5.3
    endloop
  endfacet
  facet normal 0 0 1
    outer loop
      vertex -5.27477 65.7853 5.3
      vertex -32.8 62.3 5.3
      vertex -4.87009 65.4532 5.3
    endloop
  endfacet
  facet normal 0 0 1
    outer loop
      vertex -5.65685 66.1431 5.3
      vertex -32.8 62.3 5.3
      vertex -5.27477 65.7853 5.3
    endloop
  endfacet
  facet normal 0 0 1
    outer loop
      vertex -6.01472 66.5252 5.3
      vertex -32.8 62.3 5.3
      vertex -5.65685 66.1431 5.3
    endloop
  endfacet
  facet normal 0 0 1
    outer loop
      vertex -6.34683 66.9299 5.3
      vertex -32.8 62.3 5.3
      vertex -6.01472 66.5252 5.3
    endloop
  endfacet
  facet normal 0 0 1
    outer loop
      vertex -6.65176 67.3554 5.3
      vertex -32.8 62.3 5.3
      vertex -6.34683 66.9299 5.3
    endloop
  endfacet
  facet normal 0 0 1
    outer loop
      vertex -6.9282 67.8 5.3
      vertex -32.8 62.3 5.3
      vertex -6.65176 67.3554 5.3
    endloop
  endfacet
  facet normal 0 0 1
    outer loop
      vertex -7.17498 68.2617 5.3
      vertex -32.8 62.3 5.3
      vertex -6.9282 67.8 5.3
    endloop
  endfacet
  facet normal 0 0 1
    outer loop
      vertex -7.39104 68.7385 5.3
      vertex -32.8 62.3 5.3
      vertex -7.17498 68.2617 5.3
    endloop
  endfacet
  facet normal 0 0 1
    outer loop
      vertex -7.57544 69.2285 5.3
      vertex -32.8 62.3 5.3
      vertex -7.39104 68.7385 5.3
    endloop
  endfacet
  facet normal 0 0 1
    outer loop
      vertex -7.72741 69.7294 5.3
      vertex -32.8 62.3 5.3
      vertex -7.57544 69.2285 5.3
    endloop
  endfacet
  facet normal 0 0 1
    outer loop
      vertex -7.84628 70.2393 5.3
      vertex -32.8 62.3 5.3
      vertex -7.72741 69.7294 5.3
    endloop
  endfacet
  facet normal 0 0 1
    outer loop
      vertex -7.93156 70.7558 5.3
      vertex -32.8 62.3 5.3
      vertex -7.84628 70.2393 5.3
    endloop
  endfacet
  facet normal 0 0 1
    outer loop
      vertex -7.98287 71.2768 5.3
      vertex -32.8 62.3 5.3
      vertex -7.93156 70.7558 5.3
    endloop
  endfacet
  facet normal 0 0 1
    outer loop
      vertex -8 71.8 5.3
      vertex -32.8 62.3 5.3
      vertex -7.98287 71.2768 5.3
    endloop
  endfacet
  facet normal -0 0 1
    outer loop
      vertex -38.55 71.8 5.3
      vertex -32.8 62.3 5.3
      vertex -8 71.8 5.3
    endloop
  endfacet
  facet normal 0 0 1
    outer loop
      vertex -32.8 62.3 5.3
      vertex -38.55 71.8 5.3
      vertex -32.9308 62.2957 5.3
    endloop
  endfacet
  facet normal 0 0 1
    outer loop
      vertex -32.9308 62.2957 5.3
      vertex -38.55 71.8 5.3
      vertex -33.061 62.2829 5.3
    endloop
  endfacet
  facet normal 0 0 1
    outer loop
      vertex -33.061 62.2829 5.3
      vertex -38.55 71.8 5.3
      vertex -33.1902 62.2616 5.3
    endloop
  endfacet
  facet normal 0 0 1
    outer loop
      vertex -33.1902 62.2616 5.3
      vertex -38.55 71.8 5.3
      vertex -33.3176 62.2318 5.3
    endloop
  endfacet
  facet normal 0 0 1
    outer loop
      vertex -33.3176 62.2318 5.3
      vertex -38.55 71.8 5.3
      vertex -33.4429 62.1938 5.3
    endloop
  endfacet
  facet normal 0 0 1
    outer loop
      vertex -34.7957 60.4308 5.3
      vertex -40.55 69.8 5.3
      vertex -34.8 60.3 5.3
    endloop
  endfacet
  facet normal 0 0 1
    outer loop
      vertex -34.7829 60.561 5.3
      vertex -40.55 69.8 5.3
      vertex -34.7957 60.4308 5.3
    endloop
  endfacet
  facet normal 0 0 1
    outer loop
      vertex -34.7616 60.6902 5.3
      vertex -40.55 69.8 5.3
      vertex -34.7829 60.561 5.3
    endloop
  endfacet
  facet normal 0 0 1
    outer loop
      vertex -34.7318 60.8176 5.3
      vertex -40.55 69.8 5.3
      vertex -34.7616 60.6902 5.3
    endloop
  endfacet
  facet normal 0 0 1
    outer loop
      vertex -34.6938 60.9429 5.3
      vertex -40.55 69.8 5.3
      vertex -34.7318 60.8176 5.3
    endloop
  endfacet
  facet normal 0 0 1
    outer loop
      vertex -34.6478 61.0654 5.3
      vertex -40.55 69.8 5.3
      vertex -34.6938 60.9429 5.3
    endloop
  endfacet
  facet normal 0 0 1
    outer loop
      vertex -34.5937 61.1846 5.3
      vertex -40.55 69.8 5.3
      vertex -34.6478 61.0654 5.3
    endloop
  endfacet
  facet normal 0 0 1
    outer loop
      vertex -34.532 61.3 5.3
      vertex -40.55 69.8 5.3
      vertex -34.5937 61.1846 5.3
    endloop
  endfacet
  facet normal 0 0 1
    outer loop
      vertex -34.4629 61.4111 5.3
      vertex -40.55 69.8 5.3
      vertex -34.532 61.3 5.3
    endloop
  endfacet
  facet normal 0 0 1
    outer loop
      vertex -34.3867 61.5175 5.3
      vertex -40.55 69.8 5.3
      vertex -34.4629 61.4111 5.3
    endloop
  endfacet
  facet normal 0 0 1
    outer loop
      vertex -34.3037 61.6187 5.3
      vertex -40.55 69.8 5.3
      vertex -34.3867 61.5175 5.3
    endloop
  endfacet
  facet normal 0 0 1
    outer loop
      vertex -34.2142 61.7142 5.3
      vertex -40.55 69.8 5.3
      vertex -34.3037 61.6187 5.3
    endloop
  endfacet
  facet normal 0 0 1
    outer loop
      vertex -34.1187 61.8037 5.3
      vertex -40.55 69.8 5.3
      vertex -34.2142 61.7142 5.3
    endloop
  endfacet
  facet normal 0 0 1
    outer loop
      vertex -34.0175 61.8867 5.3
      vertex -40.55 69.8 5.3
      vertex -34.1187 61.8037 5.3
    endloop
  endfacet
  facet normal 0 0 1
    outer loop
      vertex -33.9111 61.9629 5.3
      vertex -40.55 69.8 5.3
      vertex -34.0175 61.8867 5.3
    endloop
  endfacet
  facet normal 0 0 1
    outer loop
      vertex -33.8 62.032 5.3
      vertex -40.55 69.8 5.3
      vertex -33.9111 61.9629 5.3
    endloop
  endfacet
  facet normal 0 0 1
    outer loop
      vertex -33.6846 62.0937 5.3
      vertex -40.55 69.8 5.3
      vertex -33.8 62.032 5.3
    endloop
  endfacet
  facet normal -0 0 1
    outer loop
      vertex -40.55 69.8 5.3
      vertex -33.6846 62.0937 5.3
      vertex -38.55 71.8 5.3
    endloop
  endfacet
  facet normal 0 0 1
    outer loop
      vertex -33.5654 62.1478 5.3
      vertex -38.55 71.8 5.3
      vertex -33.6846 62.0937 5.3
    endloop
  endfacet
  facet normal 0 0 1
    outer loop
      vertex -33.4429 62.1938 5.3
      vertex -38.55 71.8 5.3
      vertex -33.5654 62.1478 5.3
    endloop
  endfacet
  facet normal 0 0 1
    outer loop
      vertex 39.8687 -67.5037 5.3
      vertex 38.55 -68 5.3
      vertex 39.7675 -67.5867 5.3
    endloop
  endfacet
  facet normal 0 0 1
    outer loop
      vertex 39.7675 -67.5867 5.3
      vertex 38.55 -68 5.3
      vertex 39.6611 -67.6629 5.3
    endloop
  endfacet
  facet normal 0 0 1
    outer loop
      vertex 39.6611 -67.6629 5.3
      vertex 38.55 -68 5.3
      vertex 39.55 -67.732 5.3
    endloop
  endfacet
  facet normal 0 0 1
    outer loop
      vertex 39.55 -67.732 5.3
      vertex 38.55 -68 5.3
      vertex 39.4346 -67.7937 5.3
    endloop
  endfacet
  facet normal 0 0 1
    outer loop
      vertex 39.3154 -67.8478 5.3
      vertex 38.55 -68 5.3
      vertex 39.1929 -67.8939 5.3
    endloop
  endfacet
  facet normal 0 0 1
    outer loop
      vertex 39.1929 -67.8939 5.3
      vertex 38.55 -68 5.3
      vertex 39.0676 -67.9318 5.3
    endloop
  endfacet
  facet normal 0 0 1
    outer loop
      vertex 39.0676 -67.9318 5.3
      vertex 38.55 -68 5.3
      vertex 38.9402 -67.9616 5.3
    endloop
  endfacet
  facet normal 0 0 1
    outer loop
      vertex 38.9402 -67.9616 5.3
      vertex 38.55 -68 5.3
      vertex 38.811 -67.9829 5.3
    endloop
  endfacet
  facet normal 0 0 1
    outer loop
      vertex 38.811 -67.9829 5.3
      vertex 38.55 -68 5.3
      vertex 38.6808 -67.9957 5.3
    endloop
  endfacet
  facet normal 0 0 1
    outer loop
      vertex 39.4346 -67.7937 5.3
      vertex 38.55 -68 5.3
      vertex 39.3154 -67.8478 5.3
    endloop
  endfacet
  facet normal 0 0 1
    outer loop
      vertex 39.9642 -67.4142 5.3
      vertex 38.55 -68 5.3
      vertex 39.8687 -67.5037 5.3
    endloop
  endfacet
  facet normal 0 0 1
    outer loop
      vertex 40.3978 -66.7654 5.3
      vertex 38.55 -68 5.3
      vertex 40.3437 -66.8846 5.3
    endloop
  endfacet
  facet normal 0 0 1
    outer loop
      vertex 40.55 -66 5.3
      vertex 38.55 -68 5.3
      vertex 40.5457 -66.1308 5.3
    endloop
  endfacet
  facet normal -0 0 1
    outer loop
      vertex 34.1187 -61.8037 5.3
      vertex 38.55 -68 5.3
      vertex 34.2142 -61.7142 5.3
    endloop
  endfacet
  facet normal -0 0 1
    outer loop
      vertex 34.0175 -61.8867 5.3
      vertex 38.55 -68 5.3
      vertex 34.1187 -61.8037 5.3
    endloop
  endfacet
  facet normal -0 0 1
    outer loop
      vertex 33.9111 -61.9629 5.3
      vertex 38.55 -68 5.3
      vertex 34.0175 -61.8867 5.3
    endloop
  endfacet
  facet normal -0 0 1
    outer loop
      vertex 33.8 -62.032 5.3
      vertex 38.55 -68 5.3
      vertex 33.9111 -61.9629 5.3
    endloop
  endfacet
  facet normal -0 0 1
    outer loop
      vertex 33.6846 -62.0937 5.3
      vertex 38.55 -68 5.3
      vertex 33.8 -62.032 5.3
    endloop
  endfacet
  facet normal -0 0 1
    outer loop
      vertex 33.5654 -62.1478 5.3
      vertex 38.55 -68 5.3
      vertex 33.6846 -62.0937 5.3
    endloop
  endfacet
  facet normal -0 0 1
    outer loop
      vertex 33.4429 -62.1938 5.3
      vertex 38.55 -68 5.3
      vertex 33.5654 -62.1478 5.3
    endloop
  endfacet
  facet normal -0 0 1
    outer loop
      vertex 33.3176 -62.2318 5.3
      vertex 38.55 -68 5.3
      vertex 33.4429 -62.1938 5.3
    endloop
  endfacet
  facet normal -0 0 1
    outer loop
      vertex 33.1902 -62.2616 5.3
      vertex 38.55 -68 5.3
      vertex 33.3176 -62.2318 5.3
    endloop
  endfacet
  facet normal -0 0 1
    outer loop
      vertex 33.061 -62.2829 5.3
      vertex 38.55 -68 5.3
      vertex 33.1902 -62.2616 5.3
    endloop
  endfacet
  facet normal -0 0 1
    outer loop
      vertex 32.9308 -62.2957 5.3
      vertex 38.55 -68 5.3
      vertex 33.061 -62.2829 5.3
    endloop
  endfacet
  facet normal -0 0 1
    outer loop
      vertex 32.8 -62.3 5.3
      vertex 38.55 -68 5.3
      vertex 32.9308 -62.2957 5.3
    endloop
  endfacet
  facet normal -0 0 1
    outer loop
      vertex -32.8 -62.3 5.3
      vertex 38.55 -68 5.3
      vertex 32.8 -62.3 5.3
    endloop
  endfacet
  facet normal 0 0 1
    outer loop
      vertex -38.55 -68 5.3
      vertex -32.8 -62.3 5.3
      vertex -32.9308 -62.2957 5.3
    endloop
  endfacet
  facet normal 0 0 1
    outer loop
      vertex -32.8 -62.3 5.3
      vertex -38.55 -68 5.3
      vertex 38.55 -68 5.3
    endloop
  endfacet
  facet normal 0 0 1
    outer loop
      vertex -33.061 -62.2829 5.3
      vertex -38.55 -68 5.3
      vertex -32.9308 -62.2957 5.3
    endloop
  endfacet
  facet normal 0 0 1
    outer loop
      vertex -33.1902 -62.2616 5.3
      vertex -38.55 -68 5.3
      vertex -33.061 -62.2829 5.3
    endloop
  endfacet
  facet normal 0 0 1
    outer loop
      vertex -33.3176 -62.2318 5.3
      vertex -38.55 -68 5.3
      vertex -33.1902 -62.2616 5.3
    endloop
  endfacet
  facet normal 0 0 1
    outer loop
      vertex -33.4429 -62.1938 5.3
      vertex -38.55 -68 5.3
      vertex -33.3176 -62.2318 5.3
    endloop
  endfacet
  facet normal 0 0 1
    outer loop
      vertex -33.5654 -62.1478 5.3
      vertex -38.55 -68 5.3
      vertex -33.4429 -62.1938 5.3
    endloop
  endfacet
  facet normal 0 0 1
    outer loop
      vertex -33.6846 -62.0937 5.3
      vertex -38.55 -68 5.3
      vertex -33.5654 -62.1478 5.3
    endloop
  endfacet
  facet normal 0 0 1
    outer loop
      vertex -33.8 -62.032 5.3
      vertex -38.55 -68 5.3
      vertex -33.6846 -62.0937 5.3
    endloop
  endfacet
  facet normal 0 0 1
    outer loop
      vertex -33.9111 -61.9629 5.3
      vertex -38.55 -68 5.3
      vertex -33.8 -62.032 5.3
    endloop
  endfacet
  facet normal 0 0 1
    outer loop
      vertex -34.0175 -61.8867 5.3
      vertex -38.55 -68 5.3
      vertex -33.9111 -61.9629 5.3
    endloop
  endfacet
  facet normal 0 0 1
    outer loop
      vertex -34.1187 -61.8037 5.3
      vertex -38.55 -68 5.3
      vertex -34.0175 -61.8867 5.3
    endloop
  endfacet
  facet normal 0 0 1
    outer loop
      vertex -34.2142 -61.7142 5.3
      vertex -38.55 -68 5.3
      vertex -34.1187 -61.8037 5.3
    endloop
  endfacet
  facet normal 0 0 1
    outer loop
      vertex -40.55 -66 5.3
      vertex -34.2142 -61.7142 5.3
      vertex -34.3037 -61.6187 5.3
    endloop
  endfacet
  facet normal 0 0 1
    outer loop
      vertex -40.55 -66 5.3
      vertex -34.3037 -61.6187 5.3
      vertex -34.3867 -61.5175 5.3
    endloop
  endfacet
  facet normal 0 0 1
    outer loop
      vertex -40.55 -66 5.3
      vertex -34.3867 -61.5175 5.3
      vertex -34.4629 -61.4111 5.3
    endloop
  endfacet
  facet normal 0 0 1
    outer loop
      vertex -40.55 -66 5.3
      vertex -34.4629 -61.4111 5.3
      vertex -34.532 -61.3 5.3
    endloop
  endfacet
  facet normal 0 0 1
    outer loop
      vertex -40.55 -66 5.3
      vertex -34.532 -61.3 5.3
      vertex -34.5937 -61.1846 5.3
    endloop
  endfacet
  facet normal 0 0 1
    outer loop
      vertex -40.55 -66 5.3
      vertex -34.5937 -61.1846 5.3
      vertex -34.6478 -61.0654 5.3
    endloop
  endfacet
  facet normal 0 0 1
    outer loop
      vertex -40.55 -66 5.3
      vertex -34.6478 -61.0654 5.3
      vertex -34.6938 -60.9429 5.3
    endloop
  endfacet
  facet normal 0 0 1
    outer loop
      vertex -40.55 -66 5.3
      vertex -34.6938 -60.9429 5.3
      vertex -34.7318 -60.8176 5.3
    endloop
  endfacet
  facet normal 0 0 1
    outer loop
      vertex -40.55 -66 5.3
      vertex -34.7318 -60.8176 5.3
      vertex -34.7616 -60.6902 5.3
    endloop
  endfacet
  facet normal 0 0 1
    outer loop
      vertex -40.55 -66 5.3
      vertex -34.7616 -60.6902 5.3
      vertex -34.7829 -60.561 5.3
    endloop
  endfacet
  facet normal 0 0 1
    outer loop
      vertex -40.55 -66 5.3
      vertex -34.7829 -60.561 5.3
      vertex -34.7957 -60.4308 5.3
    endloop
  endfacet
  facet normal 0 0 1
    outer loop
      vertex -40.55 -66 5.3
      vertex -34.7957 -60.4308 5.3
      vertex -34.8 -60.3 5.3
    endloop
  endfacet
  facet normal 0 0 1
    outer loop
      vertex -40.55 -66 5.3
      vertex -34.8 60.3 5.3
      vertex -40.55 69.8 5.3
    endloop
  endfacet
  facet normal 0 0 1
    outer loop
      vertex -40.55 69.8 5.3
      vertex -38.55 71.8 5.3
      vertex -38.6808 71.7957 5.3
    endloop
  endfacet
  facet normal 0 0 1
    outer loop
      vertex -34.8 60.3 5.3
      vertex -40.55 -66 5.3
      vertex -34.8 -60.3 5.3
    endloop
  endfacet
  facet normal 0 0 1
    outer loop
      vertex -40.55 69.8 5.3
      vertex -38.6808 71.7957 5.3
      vertex -38.811 71.7829 5.3
    endloop
  endfacet
  facet normal 0 0 1
    outer loop
      vertex -34.2142 -61.7142 5.3
      vertex -40.55 -66 5.3
      vertex -38.55 -68 5.3
    endloop
  endfacet
  facet normal 0 0 1
    outer loop
      vertex -40.55 69.8 5.3
      vertex -38.811 71.7829 5.3
      vertex -38.9402 71.7616 5.3
    endloop
  endfacet
  facet normal 0 0 1
    outer loop
      vertex -38.55 -68 5.3
      vertex -40.55 -66 5.3
      vertex -38.6808 -67.9957 5.3
    endloop
  endfacet
  facet normal 0 0 1
    outer loop
      vertex -40.55 69.8 5.3
      vertex -38.9402 71.7616 5.3
      vertex -39.0676 71.7318 5.3
    endloop
  endfacet
  facet normal 0 0 1
    outer loop
      vertex -38.6808 -67.9957 5.3
      vertex -40.55 -66 5.3
      vertex -38.811 -67.9829 5.3
    endloop
  endfacet
  facet normal 0 0 1
    outer loop
      vertex -40.55 69.8 5.3
      vertex -39.0676 71.7318 5.3
      vertex -39.1929 71.6939 5.3
    endloop
  endfacet
  facet normal 0 0 1
    outer loop
      vertex -38.811 -67.9829 5.3
      vertex -40.55 -66 5.3
      vertex -38.9402 -67.9616 5.3
    endloop
  endfacet
  facet normal 0 0 1
    outer loop
      vertex -40.55 69.8 5.3
      vertex -39.1929 71.6939 5.3
      vertex -39.3154 71.6478 5.3
    endloop
  endfacet
  facet normal 0 0 1
    outer loop
      vertex -38.9402 -67.9616 5.3
      vertex -40.55 -66 5.3
      vertex -39.0676 -67.9318 5.3
    endloop
  endfacet
  facet normal 0 0 1
    outer loop
      vertex -40.55 69.8 5.3
      vertex -39.3154 71.6478 5.3
      vertex -39.4346 71.5937 5.3
    endloop
  endfacet
  facet normal 0 0 1
    outer loop
      vertex -39.0676 -67.9318 5.3
      vertex -40.55 -66 5.3
      vertex -39.1929 -67.8939 5.3
    endloop
  endfacet
  facet normal 0 0 1
    outer loop
      vertex -40.55 69.8 5.3
      vertex -39.4346 71.5937 5.3
      vertex -39.55 71.5321 5.3
    endloop
  endfacet
  facet normal 0 0 1
    outer loop
      vertex -39.1929 -67.8939 5.3
      vertex -40.55 -66 5.3
      vertex -39.3154 -67.8478 5.3
    endloop
  endfacet
  facet normal 0 0 1
    outer loop
      vertex -40.55 69.8 5.3
      vertex -39.55 71.5321 5.3
      vertex -39.6611 71.4629 5.3
    endloop
  endfacet
  facet normal 0 0 1
    outer loop
      vertex -39.3154 -67.8478 5.3
      vertex -40.55 -66 5.3
      vertex -39.4346 -67.7937 5.3
    endloop
  endfacet
  facet normal 0 0 1
    outer loop
      vertex -40.55 69.8 5.3
      vertex -39.6611 71.4629 5.3
      vertex -39.7675 71.3867 5.3
    endloop
  endfacet
  facet normal 0 0 1
    outer loop
      vertex -39.4346 -67.7937 5.3
      vertex -40.55 -66 5.3
      vertex -39.55 -67.732 5.3
    endloop
  endfacet
  facet normal 0 0 1
    outer loop
      vertex -40.55 69.8 5.3
      vertex -39.7675 71.3867 5.3
      vertex -39.8687 71.3037 5.3
    endloop
  endfacet
  facet normal 0 0 1
    outer loop
      vertex -39.55 -67.732 5.3
      vertex -40.55 -66 5.3
      vertex -39.6611 -67.6629 5.3
    endloop
  endfacet
  facet normal 0 0 1
    outer loop
      vertex -40.55 69.8 5.3
      vertex -39.8687 71.3037 5.3
      vertex -39.9642 71.2142 5.3
    endloop
  endfacet
  facet normal 0 0 1
    outer loop
      vertex -39.6611 -67.6629 5.3
      vertex -40.55 -66 5.3
      vertex -39.7675 -67.5867 5.3
    endloop
  endfacet
  facet normal 0 0 1
    outer loop
      vertex -40.55 69.8 5.3
      vertex -39.9642 71.2142 5.3
      vertex -40.0537 71.1187 5.3
    endloop
  endfacet
  facet normal 0 0 1
    outer loop
      vertex -39.7675 -67.5867 5.3
      vertex -40.55 -66 5.3
      vertex -39.8687 -67.5037 5.3
    endloop
  endfacet
  facet normal 0 0 1
    outer loop
      vertex -40.55 69.8 5.3
      vertex -40.0537 71.1187 5.3
      vertex -40.1367 71.0175 5.3
    endloop
  endfacet
  facet normal 0 0 1
    outer loop
      vertex -39.8687 -67.5037 5.3
      vertex -40.55 -66 5.3
      vertex -39.9642 -67.4142 5.3
    endloop
  endfacet
  facet normal 0 0 1
    outer loop
      vertex -40.55 69.8 5.3
      vertex -40.1367 71.0175 5.3
      vertex -40.2129 70.9111 5.3
    endloop
  endfacet
  facet normal 0 0 1
    outer loop
      vertex -39.9642 -67.4142 5.3
      vertex -40.55 -66 5.3
      vertex -40.0537 -67.3187 5.3
    endloop
  endfacet
  facet normal 0 0 1
    outer loop
      vertex -40.55 69.8 5.3
      vertex -40.2129 70.9111 5.3
      vertex -40.282 70.8 5.3
    endloop
  endfacet
  facet normal 0 0 1
    outer loop
      vertex -40.0537 -67.3187 5.3
      vertex -40.55 -66 5.3
      vertex -40.1367 -67.2175 5.3
    endloop
  endfacet
  facet normal 0 0 1
    outer loop
      vertex -40.55 69.8 5.3
      vertex -40.282 70.8 5.3
      vertex -40.3437 70.6846 5.3
    endloop
  endfacet
  facet normal 0 0 1
    outer loop
      vertex -40.1367 -67.2175 5.3
      vertex -40.55 -66 5.3
      vertex -40.2129 -67.1111 5.3
    endloop
  endfacet
  facet normal 0 0 1
    outer loop
      vertex -40.55 69.8 5.3
      vertex -40.3437 70.6846 5.3
      vertex -40.3978 70.5654 5.3
    endloop
  endfacet
  facet normal 0 0 1
    outer loop
      vertex -40.2129 -67.1111 5.3
      vertex -40.55 -66 5.3
      vertex -40.282 -67 5.3
    endloop
  endfacet
  facet normal 0 0 1
    outer loop
      vertex -40.55 69.8 5.3
      vertex -40.3978 70.5654 5.3
      vertex -40.4438 70.4429 5.3
    endloop
  endfacet
  facet normal 0 0 1
    outer loop
      vertex -40.282 -67 5.3
      vertex -40.55 -66 5.3
      vertex -40.3437 -66.8846 5.3
    endloop
  endfacet
  facet normal 0 0 1
    outer loop
      vertex -40.55 69.8 5.3
      vertex -40.4438 70.4429 5.3
      vertex -40.4818 70.3176 5.3
    endloop
  endfacet
  facet normal 0 0 1
    outer loop
      vertex -40.3437 -66.8846 5.3
      vertex -40.55 -66 5.3
      vertex -40.3978 -66.7654 5.3
    endloop
  endfacet
  facet normal 0 0 1
    outer loop
      vertex -40.55 69.8 5.3
      vertex -40.4818 70.3176 5.3
      vertex -40.5116 70.1902 5.3
    endloop
  endfacet
  facet normal 0 0 1
    outer loop
      vertex -40.3978 -66.7654 5.3
      vertex -40.55 -66 5.3
      vertex -40.4438 -66.6429 5.3
    endloop
  endfacet
  facet normal 0 0 1
    outer loop
      vertex -40.55 69.8 5.3
      vertex -40.5116 70.1902 5.3
      vertex -40.5329 70.061 5.3
    endloop
  endfacet
  facet normal 0 0 1
    outer loop
      vertex -40.4438 -66.6429 5.3
      vertex -40.55 -66 5.3
      vertex -40.4818 -66.5176 5.3
    endloop
  endfacet
  facet normal 0 0 1
    outer loop
      vertex -40.55 69.8 5.3
      vertex -40.5329 70.061 5.3
      vertex -40.5457 69.9308 5.3
    endloop
  endfacet
  facet normal 0 0 1
    outer loop
      vertex -40.4818 -66.5176 5.3
      vertex -40.55 -66 5.3
      vertex -40.5116 -66.3902 5.3
    endloop
  endfacet
  facet normal 0 0 1
    outer loop
      vertex -40.5116 -66.3902 5.3
      vertex -40.55 -66 5.3
      vertex -40.5329 -66.261 5.3
    endloop
  endfacet
  facet normal 0 0 1
    outer loop
      vertex -40.5329 -66.261 5.3
      vertex -40.55 -66 5.3
      vertex -40.5457 -66.1308 5.3
    endloop
  endfacet
  facet normal 0.28952 0.957172 -0
    outer loop
      vertex 39.1929 71.6939 2.01
      vertex 39.0676 71.7318 5.3
      vertex 39.1929 71.6939 5.3
    endloop
  endfacet
  facet normal 0.28952 0.957172 0
    outer loop
      vertex 39.0676 71.7318 5.3
      vertex 39.1929 71.6939 2.01
      vertex 39.0676 71.7318 2.01
    endloop
  endfacet
  facet normal 0.28952 -0.957172 0
    outer loop
      vertex 39.0676 -67.9318 2.8
      vertex 39.1929 -67.8939 5.3
      vertex 39.0676 -67.9318 5.3
    endloop
  endfacet
  facet normal 0.28952 -0.957172 0
    outer loop
      vertex 39.1929 -67.8939 5.3
      vertex 39.0676 -67.9318 2.8
      vertex 39.1929 -67.8939 2.8
    endloop
  endfacet
  facet normal 0.413285 -0.910602 0
    outer loop
      vertex 39.3154 -67.8478 2.8
      vertex 39.4346 -67.7937 5.3
      vertex 39.3154 -67.8478 5.3
    endloop
  endfacet
  facet normal 0.413285 -0.910602 0
    outer loop
      vertex 39.4346 -67.7937 5.3
      vertex 39.3154 -67.8478 2.8
      vertex 39.4346 -67.7937 2.8
    endloop
  endfacet
  facet normal 0.227761 -0.973717 0
    outer loop
      vertex 38.9402 -67.9616 2.8
      vertex 39.0676 -67.9318 5.3
      vertex 38.9402 -67.9616 5.3
    endloop
  endfacet
  facet normal 0.227761 -0.973717 0
    outer loop
      vertex 39.0676 -67.9318 5.3
      vertex 38.9402 -67.9616 2.8
      vertex 39.0676 -67.9318 2.8
    endloop
  endfacet
  facet normal 1 0 0
    outer loop
      vertex 39.7 -67.6351 2.8
      vertex 39.7 -67.6629 1.97113
      vertex 39.7 -67.6351 2.01
    endloop
  endfacet
  facet normal 1 -0 0
    outer loop
      vertex 39.7 -68.9 2.8
      vertex 39.7 -67.6629 1.97113
      vertex 39.7 -67.6351 2.8
    endloop
  endfacet
  facet normal 1 0 0
    outer loop
      vertex 39.7 -67.6629 1.97113
      vertex 39.7 -68.9 2.8
      vertex 39.7 -67.732 1.85999
    endloop
  endfacet
  facet normal 1 0 0
    outer loop
      vertex 39.7 -67.732 1.85999
      vertex 39.7 -68.9 2.8
      vertex 39.7 -67.7937 1.74457
    endloop
  endfacet
  facet normal 1 0 0
    outer loop
      vertex 39.7 -67.7937 1.74457
      vertex 39.7 -68.9 2.8
      vertex 39.7 -67.8478 1.62535
    endloop
  endfacet
  facet normal 1 0 0
    outer loop
      vertex 39.7 -67.8478 1.62535
      vertex 39.7 -68.9 2.8
      vertex 39.7 -67.8939 1.50287
    endloop
  endfacet
  facet normal 1 0 0
    outer loop
      vertex 39.7 -67.8939 1.50287
      vertex 39.7 -68.9 2.8
      vertex 39.7 -67.9318 1.37763
    endloop
  endfacet
  facet normal 1 0 0
    outer loop
      vertex 39.7 -67.9318 1.37763
      vertex 39.7 -68.9 2.8
      vertex 39.7 -67.9616 1.25017
    endloop
  endfacet
  facet normal 1 0 0
    outer loop
      vertex 39.7 -68.9 2.8
      vertex 39.7 -67.9829 1.12103
      vertex 39.7 -67.9616 1.25017
    endloop
  endfacet
  facet normal 1 0 0
    outer loop
      vertex 39.7 -68.9 0
      vertex 39.7 -67.9829 1.12103
      vertex 39.7 -68.9 2.8
    endloop
  endfacet
  facet normal 1 0 0
    outer loop
      vertex 39.7 -67.9829 1.12103
      vertex 39.7 -68.9 0
      vertex 39.7 -67.9957 0.990801
    endloop
  endfacet
  facet normal 1 0 0
    outer loop
      vertex 39.7 -67.9957 0.990801
      vertex 39.7 -68.9 0
      vertex 39.7 -68 0.859987
    endloop
  endfacet
  facet normal 1 0 0
    outer loop
      vertex 39.7 -68 0.859987
      vertex 39.7 -68.9 0
      vertex 39.7 -68 0
    endloop
  endfacet
  facet normal -0 0 1
    outer loop
      vertex 39.6611 -67.6629 2.8
      vertex 39.7 -68.9 2.8
      vertex 39.7 -67.6351 2.8
    endloop
  endfacet
  facet normal -0 0 1
    outer loop
      vertex 39.55 -67.732 2.8
      vertex 39.7 -68.9 2.8
      vertex 39.6611 -67.6629 2.8
    endloop
  endfacet
  facet normal -0 0 1
    outer loop
      vertex 39.4346 -67.7937 2.8
      vertex 39.7 -68.9 2.8
      vertex 39.55 -67.732 2.8
    endloop
  endfacet
  facet normal -0 0 1
    outer loop
      vertex 39.3154 -67.8478 2.8
      vertex 39.7 -68.9 2.8
      vertex 39.4346 -67.7937 2.8
    endloop
  endfacet
  facet normal -0 0 1
    outer loop
      vertex 39.1929 -67.8939 2.8
      vertex 39.7 -68.9 2.8
      vertex 39.3154 -67.8478 2.8
    endloop
  endfacet
  facet normal -0 0 1
    outer loop
      vertex 39.0676 -67.9318 2.8
      vertex 39.7 -68.9 2.8
      vertex 39.1929 -67.8939 2.8
    endloop
  endfacet
  facet normal -0 0 1
    outer loop
      vertex 38.9402 -67.9616 2.8
      vertex 39.7 -68.9 2.8
      vertex 39.0676 -67.9318 2.8
    endloop
  endfacet
  facet normal -0 0 1
    outer loop
      vertex 38.811 -67.9829 2.8
      vertex 39.7 -68.9 2.8
      vertex 38.9402 -67.9616 2.8
    endloop
  endfacet
  facet normal -0 0 1
    outer loop
      vertex 38.6808 -67.9957 2.8
      vertex 39.7 -68.9 2.8
      vertex 38.811 -67.9829 2.8
    endloop
  endfacet
  facet normal -0 0 1
    outer loop
      vertex 38.55 -68 2.8
      vertex 39.7 -68.9 2.8
      vertex 38.6808 -67.9957 2.8
    endloop
  endfacet
  facet normal -0 0 1
    outer loop
      vertex -38.55 -68 2.8
      vertex 39.7 -68.9 2.8
      vertex 38.55 -68 2.8
    endloop
  endfacet
  facet normal 0 0 1
    outer loop
      vertex -38.55 -68 2.8
      vertex -39.7 -68.9 2.8
      vertex 39.7 -68.9 2.8
    endloop
  endfacet
  facet normal 0 0 1
    outer loop
      vertex -38.6808 -67.9957 2.8
      vertex -39.7 -68.9 2.8
      vertex -38.55 -68 2.8
    endloop
  endfacet
  facet normal 0 0 1
    outer loop
      vertex -38.811 -67.9829 2.8
      vertex -39.7 -68.9 2.8
      vertex -38.6808 -67.9957 2.8
    endloop
  endfacet
  facet normal 0 0 1
    outer loop
      vertex -38.9402 -67.9616 2.8
      vertex -39.7 -68.9 2.8
      vertex -38.811 -67.9829 2.8
    endloop
  endfacet
  facet normal 0 0 1
    outer loop
      vertex -39.0676 -67.9318 2.8
      vertex -39.7 -68.9 2.8
      vertex -38.9402 -67.9616 2.8
    endloop
  endfacet
  facet normal 0 0 1
    outer loop
      vertex -39.1929 -67.8939 2.8
      vertex -39.7 -68.9 2.8
      vertex -39.0676 -67.9318 2.8
    endloop
  endfacet
  facet normal 0 0 1
    outer loop
      vertex -39.3154 -67.8478 2.8
      vertex -39.7 -68.9 2.8
      vertex -39.1929 -67.8939 2.8
    endloop
  endfacet
  facet normal 0 0 1
    outer loop
      vertex -39.4346 -67.7937 2.8
      vertex -39.7 -68.9 2.8
      vertex -39.3154 -67.8478 2.8
    endloop
  endfacet
  facet normal 0 0 1
    outer loop
      vertex -39.55 -67.732 2.8
      vertex -39.7 -68.9 2.8
      vertex -39.4346 -67.7937 2.8
    endloop
  endfacet
  facet normal 0 0 1
    outer loop
      vertex -39.6611 -67.6629 2.8
      vertex -39.7 -68.9 2.8
      vertex -39.55 -67.732 2.8
    endloop
  endfacet
  facet normal 0 0 1
    outer loop
      vertex -39.7 -68.9 2.8
      vertex -39.6611 -67.6629 2.8
      vertex -39.7 -67.6351 2.8
    endloop
  endfacet
  facet normal -1 0 0
    outer loop
      vertex -39.7 -68 0
      vertex -39.7 -68.9 0
      vertex -39.7 -68 0.859987
    endloop
  endfacet
  facet normal -1 0 0
    outer loop
      vertex -39.7 -67.6629 1.97113
      vertex -39.7 -67.6351 2.8
      vertex -39.7 -67.6351 2.01
    endloop
  endfacet
  facet normal -1 0 0
    outer loop
      vertex -39.7 -68.9 2.8
      vertex -39.7 -67.6629 1.97113
      vertex -39.7 -67.732 1.85999
    endloop
  endfacet
  facet normal -1 0 0
    outer loop
      vertex -39.7 -68.9 2.8
      vertex -39.7 -67.732 1.85999
      vertex -39.7 -67.7937 1.74457
    endloop
  endfacet
  facet normal -1 0 0
    outer loop
      vertex -39.7 -68.9 2.8
      vertex -39.7 -67.7937 1.74457
      vertex -39.7 -67.8478 1.62535
    endloop
  endfacet
  facet normal -1 0 0
    outer loop
      vertex -39.7 -68.9 2.8
      vertex -39.7 -67.8478 1.62535
      vertex -39.7 -67.8939 1.50287
    endloop
  endfacet
  facet normal -1 0 0
    outer loop
      vertex -39.7 -68.9 2.8
      vertex -39.7 -67.8939 1.50287
      vertex -39.7 -67.9318 1.37763
    endloop
  endfacet
  facet normal -1 0 0
    outer loop
      vertex -39.7 -68.9 2.8
      vertex -39.7 -67.9318 1.37763
      vertex -39.7 -67.9616 1.25017
    endloop
  endfacet
  facet normal -1 0 0
    outer loop
      vertex -39.7 -68.9 0
      vertex -39.7 -67.9957 0.990801
      vertex -39.7 -68 0.859987
    endloop
  endfacet
  facet normal -1 0 0
    outer loop
      vertex -39.7 -68.9 0
      vertex -39.7 -67.9829 1.12103
      vertex -39.7 -67.9957 0.990801
    endloop
  endfacet
  facet normal -1 0 0
    outer loop
      vertex -39.7 -68.9 2.8
      vertex -39.7 -67.9829 1.12103
      vertex -39.7 -68.9 0
    endloop
  endfacet
  facet normal -1 0 0
    outer loop
      vertex -39.7 -67.9829 1.12103
      vertex -39.7 -68.9 2.8
      vertex -39.7 -67.9616 1.25017
    endloop
  endfacet
  facet normal -1 0 0
    outer loop
      vertex -39.7 -67.6629 1.97113
      vertex -39.7 -68.9 2.8
      vertex -39.7 -67.6351 2.8
    endloop
  endfacet
  facet normal 0 -1 0
    outer loop
      vertex -39.7 -68.9 0
      vertex 39.7 -68.9 2.8
      vertex -39.7 -68.9 2.8
    endloop
  endfacet
  facet normal 0 -1 -0
    outer loop
      vertex 39.7 -68.9 2.8
      vertex -39.7 -68.9 0
      vertex 39.7 -68.9 0
    endloop
  endfacet
  facet normal 0.111632 -0.367755 -0.923198
    outer loop
      vertex -41.9379 -65.5065 0.222881
      vertex -41.8849 -65.7729 0.33541
      vertex -41.9666 -65.7977 0.33541
    endloop
  endfacet
  facet normal 0.195097 0.0189989 -0.9806
    outer loop
      vertex -42.202 -66.261 0.340859
      vertex -41.9442 -66.2287 0.392776
      vertex -42.1987 -66.2793 0.341161
    endloop
  endfacet
  facet normal 0.195045 0.019421 -0.980602
    outer loop
      vertex -41.9442 -66.2287 0.392776
      vertex -42.202 -66.261 0.340859
      vertex -42.2078 -66.2027 0.34086
    endloop
  endfacet
  facet normal -0.705605 -0.069572 -0.705182
    outer loop
      vertex -40.8667 -66.0144 0.059515
      vertex -40.7953 -66.1353 0
      vertex -40.8484 -66.2 0.059515
    endloop
  endfacet
  facet normal -0.705225 -0.0691397 -0.705605
    outer loop
      vertex -40.7953 -66.1353 0
      vertex -40.8667 -66.0144 0.059515
      vertex -40.8083 -66.0027 0
    endloop
  endfacet
  facet normal 0.195009 0.0190253 -0.980617
    outer loop
      vertex -42.2078 -66.2027 0.34086
      vertex -41.947 -66.2 0.392776
      vertex -41.9442 -66.2287 0.392776
    endloop
  endfacet
  facet normal 0.195069 0.0144496 -0.980683
    outer loop
      vertex -41.947 -66.2 0.392776
      vertex -42.2078 -66.2027 0.34086
      vertex -42.208 -66.2 0.34086
    endloop
  endfacet
  facet normal -0.449181 -0.548171 -0.705511
    outer loop
      vertex -41.1271 -65.5271 0.059515
      vertex -41.188 -65.4006 0
      vertex -41.085 -65.485 0
    endloop
  endfacet
  facet normal -0.449778 -0.54825 -0.705069
    outer loop
      vertex -41.188 -65.4006 0
      vertex -41.1271 -65.5271 0.059515
      vertex -41.2713 -65.4088 0.059515
    endloop
  endfacet
  facet normal -0.0570622 0.18749 -0.980608
    outer loop
      vertex -41.7437 -66.3358 0.392776
      vertex -41.715 -66.6271 0.33541
      vertex -41.7713 -66.3442 0.392776
    endloop
  endfacet
  facet normal -0.705472 -0.0697839 -0.705294
    outer loop
      vertex -40.7953 -66.1353 0
      vertex -40.7889 -66.2 0
      vertex -40.8484 -66.2 0.059515
    endloop
  endfacet
  facet normal -0.29714 -0.243644 -0.923226
    outer loop
      vertex -41.3 -65.7 0.222881
      vertex -41.2121 -65.8072 0.222881
      vertex -41.438 -65.9581 0.33541
    endloop
  endfacet
  facet normal -0.353533 -0.430933 -0.830248
    outer loop
      vertex -41.2713 -65.4088 0.059515
      vertex -41.1271 -65.5271 0.059515
      vertex -41.3 -65.7 0.222881
    endloop
  endfacet
  facet normal -0.0377106 -0.382374 -0.923238
    outer loop
      vertex -41.8 -65.4929 0.222881
      vertex -41.6621 -65.5065 0.222881
      vertex -41.8 -65.7646 0.33541
    endloop
  endfacet
  facet normal 0.333736 -0.626028 -0.704776
    outer loop
      vertex -42.1869 -65.2659 0
      vertex -42.1642 -65.3208 0.059515
      vertex -42.2443 -65.2965 0
    endloop
  endfacet
  facet normal -0.0377204 0.382473 -0.923196
    outer loop
      vertex -41.715 -66.6271 0.33541
      vertex -41.6621 -66.8935 0.222881
      vertex -41.8 -66.9071 0.222881
    endloop
  endfacet
  facet normal 0.0190692 -0.195058 -0.980606
    outer loop
      vertex -41.8 -65.7646 0.33541
      vertex -41.8287 -66.0558 0.392776
      vertex -41.8849 -65.7729 0.33541
    endloop
  endfacet
  facet normal -0.33878 -0.181311 -0.92323
    outer loop
      vertex -41.2121 -65.8072 0.222881
      vertex -41.1467 -65.9294 0.222881
      vertex -41.438 -65.9581 0.33541
    endloop
  endfacet
  facet normal 0.151579 -0.124249 -0.980605
    outer loop
      vertex -42.1079 -65.8921 0.33541
      vertex -41.9222 -66.1183 0.392776
      vertex -42.162 -65.9581 0.33541
    endloop
  endfacet
  facet normal 0.069572 -0.705605 -0.705182
    outer loop
      vertex -41.9856 -65.2667 0.059515
      vertex -41.8647 -65.1953 0
      vertex -41.8 -65.2484 0.059515
    endloop
  endfacet
  facet normal 0.0691397 -0.705225 -0.705605
    outer loop
      vertex -41.8647 -65.1953 0
      vertex -41.9856 -65.2667 0.059515
      vertex -41.9973 -65.2083 0
    endloop
  endfacet
  facet normal 0.243654 -0.297152 -0.923219
    outer loop
      vertex -42.1928 -65.6121 0.222881
      vertex -42.1079 -65.8921 0.33541
      vertex -42.3 -65.7 0.222881
    endloop
  endfacet
  facet normal 0.333419 0.626178 -0.704793
    outer loop
      vertex -42.2023 -67.1259 0
      vertex -42.1642 -67.0792 0.059515
      vertex -42.1869 -67.1341 0
    endloop
  endfacet
  facet normal 0.335458 0.624818 -0.705032
    outer loop
      vertex -42.2129 -67.1111 0.00807262
      vertex -42.1642 -67.0792 0.059515
      vertex -42.2023 -67.1259 0
    endloop
  endfacet
  facet normal 0.330228 0.629732 -0.703127
    outer loop
      vertex -42.2149 -67.1079 0.00999928
      vertex -42.1642 -67.0792 0.059515
      vertex -42.2129 -67.1111 0.00807262
    endloop
  endfacet
  facet normal 0.335949 0.623905 -0.705607
    outer loop
      vertex -42.1642 -67.0792 0.059515
      vertex -42.2149 -67.1079 0.00999928
      vertex -42.1928 -67.0638 0.059515
    endloop
  endfacet
  facet normal 0.297008 -0.243456 -0.923318
    outer loop
      vertex -42.2867 -65.8748 0.273333
      vertex -42.1079 -65.8921 0.33541
      vertex -42.162 -65.9581 0.33541
    endloop
  endfacet
  facet normal 0.296939 -0.243862 -0.923233
    outer loop
      vertex -42.1079 -65.8921 0.33541
      vertex -42.2867 -65.8748 0.273333
      vertex -42.303 -65.8329 0.257023
    endloop
  endfacet
  facet normal -0.0373382 0.382379 -0.923251
    outer loop
      vertex -41.8 -66.6354 0.33541
      vertex -41.715 -66.6271 0.33541
      vertex -41.8 -66.9071 0.222881
    endloop
  endfacet
  facet normal 0.297377 0.243164 -0.923276
    outer loop
      vertex -42.1079 -66.5079 0.33541
      vertex -42.1797 -66.5797 0.293374
      vertex -42.1825 -66.5305 0.30543
    endloop
  endfacet
  facet normal -0.263013 -0.49144 -0.830248
    outer loop
      vertex -41.4358 -65.3208 0.059515
      vertex -41.4072 -65.6121 0.222881
      vertex -41.5294 -65.5467 0.222881
    endloop
  endfacet
  facet normal -0.554745 -0.0546705 -0.830222
    outer loop
      vertex -40.8667 -66.0144 0.059515
      vertex -41.0929 -66.2 0.222881
      vertex -41.1065 -66.062 0.222881
    endloop
  endfacet
  facet normal -0.491481 -0.26292 -0.830252
    outer loop
      vertex -41.0088 -65.6713 0.059515
      vertex -40.9208 -65.8358 0.059515
      vertex -41.1467 -65.9294 0.222881
    endloop
  endfacet
  facet normal -0.533415 -0.161714 -0.830251
    outer loop
      vertex -40.9208 -65.8358 0.059515
      vertex -41.1065 -66.062 0.222881
      vertex -41.1467 -65.9294 0.222881
    endloop
  endfacet
  facet normal -0.0190466 -0.195055 -0.980607
    outer loop
      vertex -41.715 -65.7729 0.33541
      vertex -41.7713 -66.0558 0.392776
      vertex -41.8 -65.7646 0.33541
    endloop
  endfacet
  facet normal -0.037354 -0.382541 -0.923183
    outer loop
      vertex -41.6621 -65.5065 0.222881
      vertex -41.715 -65.7729 0.33541
      vertex -41.8 -65.7646 0.33541
    endloop
  endfacet
  facet normal 0.151579 0.124249 -0.980605
    outer loop
      vertex -41.9222 -66.2817 0.392776
      vertex -42.1079 -66.5079 0.33541
      vertex -42.162 -66.4419 0.33541
    endloop
  endfacet
  facet normal 0.547922 -0.449295 -0.705632
    outer loop
      vertex -42.55 -65.5347 0.00445975
      vertex -42.5005 -65.5608 0.059515
      vertex -42.55 -65.5434 0.00999928
    endloop
  endfacet
  facet normal 0.548159 -0.448937 -0.705675
    outer loop
      vertex -42.5005 -65.5608 0.059515
      vertex -42.55 -65.5347 0.00445975
      vertex -42.4729 -65.5271 0.059515
    endloop
  endfacet
  facet normal 0.0697839 0.705472 -0.705294
    outer loop
      vertex -41.8 -67.1516 0.059515
      vertex -41.8 -67.2111 0
      vertex -41.8647 -67.2047 0
    endloop
  endfacet
  facet normal -0.705472 0.0697839 -0.705294
    outer loop
      vertex -40.7889 -66.2 0
      vertex -40.7953 -66.2647 0
      vertex -40.8484 -66.2 0.059515
    endloop
  endfacet
  facet normal -0.554723 0.054708 -0.830235
    outer loop
      vertex -41.0929 -66.2 0.222881
      vertex -40.8667 -66.3856 0.059515
      vertex -41.1065 -66.3379 0.222881
    endloop
  endfacet
  facet normal -0.187508 -0.0570678 -0.980604
    outer loop
      vertex -41.3729 -66.1151 0.33541
      vertex -41.6558 -66.1713 0.392776
      vertex -41.6642 -66.1437 0.392776
    endloop
  endfacet
  facet normal -0.382379 -0.0373821 -0.923249
    outer loop
      vertex -41.0929 -66.2 0.222881
      vertex -41.3646 -66.2 0.33541
      vertex -41.3729 -66.1151 0.33541
    endloop
  endfacet
  facet normal -0.625906 -0.333994 -0.704762
    outer loop
      vertex -40.9208 -65.8358 0.059515
      vertex -40.9286 -65.6956 0
      vertex -40.8659 -65.8131 0
    endloop
  endfacet
  facet normal -0.624862 -0.334273 -0.705555
    outer loop
      vertex -40.9286 -65.6956 0
      vertex -40.9208 -65.8358 0.059515
      vertex -41.0088 -65.6713 0.059515
    endloop
  endfacet
  facet normal 0.262901 -0.491446 -0.830279
    outer loop
      vertex -42.1642 -65.3208 0.059515
      vertex -42.1928 -65.6121 0.222881
      vertex -42.3287 -65.4088 0.059515
    endloop
  endfacet
  facet normal -0.187524 -0.0569227 -0.980609
    outer loop
      vertex -41.3977 -66.0334 0.33541
      vertex -41.3729 -66.1151 0.33541
      vertex -41.6642 -66.1437 0.392776
    endloop
  endfacet
  facet normal -0.449911 -0.547954 -0.705214
    outer loop
      vertex -41.2383 -65.3593 0
      vertex -41.188 -65.4006 0
      vertex -41.2713 -65.4088 0.059515
    endloop
  endfacet
  facet normal 0.161605 0.533456 -0.830246
    outer loop
      vertex -42.0706 -66.8533 0.222881
      vertex -41.9379 -66.8935 0.222881
      vertex -42.1642 -67.0792 0.059515
    endloop
  endfacet
  facet normal 0.263013 -0.49144 -0.830248
    outer loop
      vertex -42.1642 -65.3208 0.059515
      vertex -42.0706 -65.5467 0.222881
      vertex -42.1928 -65.6121 0.222881
    endloop
  endfacet
  facet normal 0.195065 -0.019222 -0.980602
    outer loop
      vertex -42.2182 -66.1308 0.337477
      vertex -41.9442 -66.1713 0.392776
      vertex -42.2084 -66.1973 0.34073
    endloop
  endfacet
  facet normal 0.19521 -0.0182256 -0.980592
    outer loop
      vertex -41.9442 -66.1713 0.392776
      vertex -42.2182 -66.1308 0.337477
      vertex -42.2192 -66.1166 0.337014
    endloop
  endfacet
  facet normal -0.0190297 -0.195054 -0.980608
    outer loop
      vertex -41.8 -65.7646 0.33541
      vertex -41.7713 -66.0558 0.392776
      vertex -41.8 -66.053 0.392776
    endloop
  endfacet
  facet normal 0.124275 0.15161 -0.980597
    outer loop
      vertex -41.904 -66.304 0.392776
      vertex -42.0419 -66.562 0.33541
      vertex -42.1079 -66.5079 0.33541
    endloop
  endfacet
  facet normal 0.0697839 -0.705472 -0.705294
    outer loop
      vertex -41.8 -65.1889 0
      vertex -41.8 -65.2484 0.059515
      vertex -41.8647 -65.1953 0
    endloop
  endfacet
  facet normal -0.0190466 0.195055 -0.980607
    outer loop
      vertex -41.7713 -66.3442 0.392776
      vertex -41.715 -66.6271 0.33541
      vertex -41.8 -66.6354 0.33541
    endloop
  endfacet
  facet normal -0.111431 0.367834 -0.923191
    outer loop
      vertex -41.5294 -66.8533 0.222881
      vertex -41.6621 -66.8935 0.222881
      vertex -41.715 -66.6271 0.33541
    endloop
  endfacet
  facet normal -0.111727 0.367617 -0.923242
    outer loop
      vertex -41.6334 -66.6023 0.33541
      vertex -41.5294 -66.8533 0.222881
      vertex -41.715 -66.6271 0.33541
    endloop
  endfacet
  facet normal 0.187489 -0.0570618 -0.980608
    outer loop
      vertex -42.2192 -66.1166 0.337014
      vertex -41.9358 -66.1437 0.392776
      vertex -41.9442 -66.1713 0.392776
    endloop
  endfacet
  facet normal 0.185377 -0.0771462 -0.979635
    outer loop
      vertex -41.9358 -66.1437 0.392776
      vertex -42.2192 -66.1166 0.337014
      vertex -42.2192 -66.1158 0.336951
    endloop
  endfacet
  facet normal 0.181312 0.33878 -0.92323
    outer loop
      vertex -42.0419 -66.562 0.33541
      vertex -41.9666 -66.6023 0.33541
      vertex -42.0706 -66.8533 0.222881
    endloop
  endfacet
  facet normal 0.337715 0.18113 -0.923656
    outer loop
      vertex -42.162 -66.4419 0.33541
      vertex -42.1804 -66.4541 0.32629
      vertex -42.1834 -66.402 0.33541
    endloop
  endfacet
  facet normal -0.205987 0.677906 -0.7057
    outer loop
      vertex -41.5405 -67.1728 0
      vertex -41.6027 -67.1917 0
      vertex -41.6144 -67.1333 0.059515
    endloop
  endfacet
  facet normal -0.0691397 0.705225 -0.705605
    outer loop
      vertex -41.7353 -67.2047 0
      vertex -41.6144 -67.1333 0.059515
      vertex -41.6027 -67.1917 0
    endloop
  endfacet
  facet normal -0.069572 0.705605 -0.705182
    outer loop
      vertex -41.6144 -67.1333 0.059515
      vertex -41.7353 -67.2047 0
      vertex -41.8 -67.1516 0.059515
    endloop
  endfacet
  facet normal 0.069572 0.705605 -0.705182
    outer loop
      vertex -41.8647 -67.2047 0
      vertex -41.9856 -67.1333 0.059515
      vertex -41.8 -67.1516 0.059515
    endloop
  endfacet
  facet normal 0.0691397 0.705225 -0.705605
    outer loop
      vertex -41.9856 -67.1333 0.059515
      vertex -41.8647 -67.2047 0
      vertex -41.9973 -67.1917 0
    endloop
  endfacet
  facet normal 0.263187 0.491361 -0.830239
    outer loop
      vertex -42.1956 -67 0.0964342
      vertex -42.0706 -66.8533 0.222881
      vertex -42.1642 -67.0792 0.059515
    endloop
  endfacet
  facet normal 0.264742 0.491664 -0.829565
    outer loop
      vertex -42.1956 -67 0.0964342
      vertex -42.1642 -67.0792 0.059515
      vertex -42.1928 -67.0638 0.059515
    endloop
  endfacet
  facet normal 0.262884 0.491587 -0.830201
    outer loop
      vertex -42.0706 -66.8533 0.222881
      vertex -42.1956 -67 0.0964342
      vertex -42.1886 -66.9163 0.148212
    endloop
  endfacet
  facet normal -0.262988 0.491393 -0.830284
    outer loop
      vertex -41.4072 -66.7879 0.222881
      vertex -41.2713 -66.9912 0.059515
      vertex -41.5294 -66.8533 0.222881
    endloop
  endfacet
  facet normal -0.678765 -0.206248 -0.704798
    outer loop
      vertex -40.8659 -65.8131 0
      vertex -40.847 -65.8753 0
      vertex -40.9208 -65.8358 0.059515
    endloop
  endfacet
  facet normal -0.33878 0.181312 -0.92323
    outer loop
      vertex -41.3977 -66.3666 0.33541
      vertex -41.1467 -66.4706 0.222881
      vertex -41.438 -66.4419 0.33541
    endloop
  endfacet
  facet normal -0.53351 -0.161606 -0.830211
    outer loop
      vertex -40.9208 -65.8358 0.059515
      vertex -40.8667 -66.0144 0.059515
      vertex -41.1065 -66.062 0.222881
    endloop
  endfacet
  facet normal -0.55473 -0.0546959 -0.830231
    outer loop
      vertex -40.8667 -66.0144 0.059515
      vertex -40.8484 -66.2 0.059515
      vertex -41.0929 -66.2 0.222881
    endloop
  endfacet
  facet normal -0.0547086 -0.55473 -0.83023
    outer loop
      vertex -41.8 -65.2484 0.059515
      vertex -41.6621 -65.5065 0.222881
      vertex -41.8 -65.4929 0.222881
    endloop
  endfacet
  facet normal -0.243654 -0.297152 -0.923219
    outer loop
      vertex -41.4072 -65.6121 0.222881
      vertex -41.3 -65.7 0.222881
      vertex -41.4921 -65.8921 0.33541
    endloop
  endfacet
  facet normal -0.334375 -0.625089 -0.705306
    outer loop
      vertex -41.2713 -65.4088 0.059515
      vertex -41.3557 -65.2965 0
      vertex -41.2383 -65.3593 0
    endloop
  endfacet
  facet normal -0.334399 -0.625097 -0.705288
    outer loop
      vertex -41.3557 -65.2965 0
      vertex -41.2713 -65.4088 0.059515
      vertex -41.4358 -65.3208 0.059515
    endloop
  endfacet
  facet normal 0.367487 -0.111413 -0.923331
    outer loop
      vertex -42.2023 -66.0334 0.33541
      vertex -42.2214 -66.0964 0.33541
      vertex -42.2367 -66.0368 0.322129
    endloop
  endfacet
  facet normal 0.0546954 -0.554725 -0.830234
    outer loop
      vertex -41.8 -65.2484 0.059515
      vertex -41.9379 -65.5065 0.222881
      vertex -41.9856 -65.2667 0.059515
    endloop
  endfacet
  facet normal 0.20593 -0.67792 -0.705703
    outer loop
      vertex -41.9856 -65.2667 0.059515
      vertex -42.1247 -65.247 0
      vertex -41.9973 -65.2083 0
    endloop
  endfacet
  facet normal 0.205571 -0.678651 -0.705106
    outer loop
      vertex -42.1247 -65.247 0
      vertex -41.9856 -65.2667 0.059515
      vertex -42.1642 -65.3208 0.059515
    endloop
  endfacet
  facet normal 0.431323 -0.35325 -0.830165
    outer loop
      vertex -42.4729 -65.5271 0.059515
      vertex -42.443 -65.6257 0.117006
      vertex -42.5005 -65.5608 0.059515
    endloop
  endfacet
  facet normal -0.15161 -0.124275 -0.980597
    outer loop
      vertex -41.4921 -65.8921 0.33541
      vertex -41.438 -65.9581 0.33541
      vertex -41.696 -66.096 0.392776
    endloop
  endfacet
  facet normal 0.172805 -0.0924837 -0.980605
    outer loop
      vertex -42.162 -65.9581 0.33541
      vertex -41.9358 -66.1437 0.392776
      vertex -42.2023 -66.0334 0.33541
    endloop
  endfacet
  facet normal 0.0190297 -0.195054 -0.980608
    outer loop
      vertex -41.8 -65.7646 0.33541
      vertex -41.8 -66.053 0.392776
      vertex -41.8287 -66.0558 0.392776
    endloop
  endfacet
  facet normal 0.181312 -0.338779 -0.923231
    outer loop
      vertex -41.9666 -65.7977 0.33541
      vertex -42.0419 -65.838 0.33541
      vertex -42.1928 -65.6121 0.222881
    endloop
  endfacet
  facet normal 0.0373961 -0.382521 -0.92319
    outer loop
      vertex -41.8 -65.7646 0.33541
      vertex -41.8849 -65.7729 0.33541
      vertex -41.9379 -65.5065 0.222881
    endloop
  endfacet
  facet normal -0.0697839 -0.705472 -0.705294
    outer loop
      vertex -41.8 -65.1889 0
      vertex -41.7353 -65.1953 0
      vertex -41.8 -65.2484 0.059515
    endloop
  endfacet
  facet normal 0.206248 -0.678765 -0.704798
    outer loop
      vertex -42.1247 -65.247 0
      vertex -42.1642 -65.3208 0.059515
      vertex -42.1869 -65.2659 0
    endloop
  endfacet
  facet normal -0.151813 0.123901 -0.980613
    outer loop
      vertex -41.6778 -66.2817 0.392776
      vertex -41.438 -66.4419 0.33541
      vertex -41.696 -66.304 0.392776
    endloop
  endfacet
  facet normal 0.0377192 0.382462 -0.923201
    outer loop
      vertex -41.8849 -66.6271 0.33541
      vertex -41.8 -66.9071 0.222881
      vertex -41.9379 -66.8935 0.222881
    endloop
  endfacet
  facet normal 0.124249 -0.151579 -0.980605
    outer loop
      vertex -42.0419 -65.838 0.33541
      vertex -41.8817 -66.0778 0.392776
      vertex -42.1079 -65.8921 0.33541
    endloop
  endfacet
  facet normal -0.430933 0.353533 -0.830248
    outer loop
      vertex -41.0088 -66.7287 0.059515
      vertex -41.1271 -66.8729 0.059515
      vertex -41.3 -66.7 0.222881
    endloop
  endfacet
  facet normal -0.678785 0.206193 -0.704795
    outer loop
      vertex -40.9208 -66.5642 0.059515
      vertex -40.8272 -66.4595 0
      vertex -40.8659 -66.5869 0
    endloop
  endfacet
  facet normal -0.678377 0.205488 -0.705393
    outer loop
      vertex -40.8272 -66.4595 0
      vertex -40.9208 -66.5642 0.059515
      vertex -40.8667 -66.3856 0.059515
    endloop
  endfacet
  facet normal -0.0569848 0.187498 -0.980611
    outer loop
      vertex -41.6334 -66.6023 0.33541
      vertex -41.715 -66.6271 0.33541
      vertex -41.7437 -66.3358 0.392776
    endloop
  endfacet
  facet normal 0.0570678 0.187508 -0.980604
    outer loop
      vertex -41.8563 -66.3358 0.392776
      vertex -41.8287 -66.3442 0.392776
      vertex -41.8849 -66.6271 0.33541
    endloop
  endfacet
  facet normal -0.449911 0.547954 -0.705214
    outer loop
      vertex -41.188 -66.9994 0
      vertex -41.2383 -67.0407 0
      vertex -41.2713 -66.9912 0.059515
    endloop
  endfacet
  facet normal -0.0546959 0.55473 -0.830231
    outer loop
      vertex -41.8 -66.9071 0.222881
      vertex -41.6144 -67.1333 0.059515
      vertex -41.8 -67.1516 0.059515
    endloop
  endfacet
  facet normal 0.0924837 -0.172805 -0.980605
    outer loop
      vertex -41.9666 -65.7977 0.33541
      vertex -41.8563 -66.0642 0.392776
      vertex -42.0419 -65.838 0.33541
    endloop
  endfacet
  facet normal -0.187498 0.0569848 -0.980611
    outer loop
      vertex -41.3729 -66.285 0.33541
      vertex -41.3977 -66.3666 0.33541
      vertex -41.6642 -66.2563 0.392776
    endloop
  endfacet
  facet normal 0.206248 0.678765 -0.704798
    outer loop
      vertex -42.1642 -67.0792 0.059515
      vertex -42.1247 -67.153 0
      vertex -42.1869 -67.1341 0
    endloop
  endfacet
  facet normal 0.0373821 0.382379 -0.923249
    outer loop
      vertex -41.8 -66.6354 0.33541
      vertex -41.8 -66.9071 0.222881
      vertex -41.8849 -66.6271 0.33541
    endloop
  endfacet
  facet normal 0.172401 0.092466 -0.980677
    outer loop
      vertex -42.1854 -66.3902 0.336171
      vertex -42.162 -66.4419 0.33541
      vertex -42.1834 -66.402 0.33541
    endloop
  endfacet
  facet normal 0.171561 0.0920881 -0.98086
    outer loop
      vertex -42.1878 -66.3622 0.33838
      vertex -42.162 -66.4419 0.33541
      vertex -42.1854 -66.3902 0.336171
    endloop
  endfacet
  facet normal 0.172802 0.0924805 -0.980605
    outer loop
      vertex -42.162 -66.4419 0.33541
      vertex -42.1878 -66.3622 0.33838
      vertex -41.9222 -66.2817 0.392776
    endloop
  endfacet
  facet normal 0.161593 0.533466 -0.830242
    outer loop
      vertex -41.9379 -66.8935 0.222881
      vertex -41.9856 -67.1333 0.059515
      vertex -42.1642 -67.0792 0.059515
    endloop
  endfacet
  facet normal 0.20593 0.67792 -0.705703
    outer loop
      vertex -42.1247 -67.153 0
      vertex -41.9856 -67.1333 0.059515
      vertex -41.9973 -67.1917 0
    endloop
  endfacet
  facet normal 0.205571 0.678651 -0.705106
    outer loop
      vertex -41.9856 -67.1333 0.059515
      vertex -42.1247 -67.153 0
      vertex -42.1642 -67.0792 0.059515
    endloop
  endfacet
  facet normal -0.55473 0.0546959 -0.830231
    outer loop
      vertex -40.8484 -66.2 0.059515
      vertex -40.8667 -66.3856 0.059515
      vertex -41.0929 -66.2 0.222881
    endloop
  endfacet
  facet normal -0.334779 0.624848 -0.705329
    outer loop
      vertex -41.2713 -66.9912 0.059515
      vertex -41.2383 -67.0407 0
      vertex -41.2956 -67.0714 0
    endloop
  endfacet
  facet normal -0.625906 0.333994 -0.704762
    outer loop
      vertex -40.9286 -66.7044 0
      vertex -40.9208 -66.5642 0.059515
      vertex -40.8659 -66.5869 0
    endloop
  endfacet
  facet normal -0.624862 0.334273 -0.705555
    outer loop
      vertex -40.9208 -66.5642 0.059515
      vertex -40.9286 -66.7044 0
      vertex -41.0088 -66.7287 0.059515
    endloop
  endfacet
  facet normal -0.367666 -0.111605 -0.923237
    outer loop
      vertex -41.1467 -65.9294 0.222881
      vertex -41.3729 -66.1151 0.33541
      vertex -41.3977 -66.0334 0.33541
    endloop
  endfacet
  facet normal -0.36775 -0.11149 -0.923217
    outer loop
      vertex -41.1467 -65.9294 0.222881
      vertex -41.1065 -66.062 0.222881
      vertex -41.3729 -66.1151 0.33541
    endloop
  endfacet
  facet normal -0.206248 -0.678765 -0.704798
    outer loop
      vertex -41.4131 -65.2659 0
      vertex -41.4358 -65.3208 0.059515
      vertex -41.4753 -65.247 0
    endloop
  endfacet
  facet normal -0.161593 -0.533466 -0.830242
    outer loop
      vertex -41.6144 -65.2667 0.059515
      vertex -41.4358 -65.3208 0.059515
      vertex -41.6621 -65.5065 0.222881
    endloop
  endfacet
  facet normal -0.161605 -0.533456 -0.830246
    outer loop
      vertex -41.4358 -65.3208 0.059515
      vertex -41.5294 -65.5467 0.222881
      vertex -41.6621 -65.5065 0.222881
    endloop
  endfacet
  facet normal -0.0546954 -0.554725 -0.830234
    outer loop
      vertex -41.6144 -65.2667 0.059515
      vertex -41.6621 -65.5065 0.222881
      vertex -41.8 -65.2484 0.059515
    endloop
  endfacet
  facet normal -0.333736 -0.626028 -0.704776
    outer loop
      vertex -41.4131 -65.2659 0
      vertex -41.3557 -65.2965 0
      vertex -41.4358 -65.3208 0.059515
    endloop
  endfacet
  facet normal 0.18757 -0.0568089 -0.980607
    outer loop
      vertex -42.2192 -66.1158 0.336951
      vertex -42.2023 -66.0334 0.33541
      vertex -41.9358 -66.1437 0.392776
    endloop
  endfacet
  facet normal 0.187004 -0.056695 -0.980722
    outer loop
      vertex -42.2023 -66.0334 0.33541
      vertex -42.2192 -66.1158 0.336951
      vertex -42.2214 -66.0964 0.33541
    endloop
  endfacet
  facet normal 0.172781 -0.0925127 -0.980606
    outer loop
      vertex -41.9222 -66.1183 0.392776
      vertex -41.9358 -66.1437 0.392776
      vertex -42.162 -65.9581 0.33541
    endloop
  endfacet
  facet normal 0.161593 -0.533466 -0.830242
    outer loop
      vertex -41.9856 -65.2667 0.059515
      vertex -41.9379 -65.5065 0.222881
      vertex -42.1642 -65.3208 0.059515
    endloop
  endfacet
  facet normal 0.161605 -0.533456 -0.830246
    outer loop
      vertex -41.9379 -65.5065 0.222881
      vertex -42.0706 -65.5467 0.222881
      vertex -42.1642 -65.3208 0.059515
    endloop
  endfacet
  facet normal 0.151906 -0.123977 -0.980589
    outer loop
      vertex -41.904 -66.096 0.392776
      vertex -41.9222 -66.1183 0.392776
      vertex -42.1079 -65.8921 0.33541
    endloop
  endfacet
  facet normal -0.431031 -0.353429 -0.830241
    outer loop
      vertex -41.1271 -65.5271 0.059515
      vertex -41.2121 -65.8072 0.222881
      vertex -41.3 -65.7 0.222881
    endloop
  endfacet
  facet normal -0.0569848 -0.187498 -0.980611
    outer loop
      vertex -41.715 -65.7729 0.33541
      vertex -41.6334 -65.7977 0.33541
      vertex -41.7437 -66.0642 0.392776
    endloop
  endfacet
  facet normal -0.297195 -0.24361 -0.923217
    outer loop
      vertex -41.3 -65.7 0.222881
      vertex -41.438 -65.9581 0.33541
      vertex -41.4921 -65.8921 0.33541
    endloop
  endfacet
  facet normal 0.0190692 0.195058 -0.980606
    outer loop
      vertex -41.8287 -66.3442 0.392776
      vertex -41.8 -66.6354 0.33541
      vertex -41.8849 -66.6271 0.33541
    endloop
  endfacet
  facet normal -0.172781 -0.0925127 -0.980606
    outer loop
      vertex -41.438 -65.9581 0.33541
      vertex -41.6642 -66.1437 0.392776
      vertex -41.6778 -66.1183 0.392776
    endloop
  endfacet
  facet normal 0.243593 -0.297175 -0.923228
    outer loop
      vertex -42.0419 -65.838 0.33541
      vertex -42.1079 -65.8921 0.33541
      vertex -42.1928 -65.6121 0.222881
    endloop
  endfacet
  facet normal 0.151906 0.123977 -0.980589
    outer loop
      vertex -41.9222 -66.2817 0.392776
      vertex -41.904 -66.304 0.392776
      vertex -42.1079 -66.5079 0.33541
    endloop
  endfacet
  facet normal 0.173168 0.0913042 -0.980651
    outer loop
      vertex -42.1879 -66.3607 0.338502
      vertex -41.9222 -66.2817 0.392776
      vertex -42.1878 -66.3622 0.33838
    endloop
  endfacet
  facet normal 0.172797 0.092521 -0.980602
    outer loop
      vertex -41.9222 -66.2817 0.392776
      vertex -42.1879 -66.3607 0.338502
      vertex -41.9358 -66.2563 0.392776
    endloop
  endfacet
  facet normal 0.296574 0.243101 -0.923551
    outer loop
      vertex -42.1079 -66.5079 0.33541
      vertex -42.1804 -66.4541 0.32629
      vertex -42.162 -66.4419 0.33541
    endloop
  endfacet
  facet normal 0.297574 0.24262 -0.923356
    outer loop
      vertex -42.1832 -66.5176 0.308594
      vertex -42.1079 -66.5079 0.33541
      vertex -42.1825 -66.5305 0.30543
    endloop
  endfacet
  facet normal 0.297273 0.244126 -0.923055
    outer loop
      vertex -42.1079 -66.5079 0.33541
      vertex -42.1832 -66.5176 0.308594
      vertex -42.1804 -66.4541 0.32629
    endloop
  endfacet
  facet normal 0.181232 0.338991 -0.923169
    outer loop
      vertex -42.1726 -66.7654 0.235134
      vertex -42.0706 -66.8533 0.222881
      vertex -42.1688 -66.8008 0.222881
    endloop
  endfacet
  facet normal 0.180272 0.337956 -0.923736
    outer loop
      vertex -42.1727 -66.7578 0.237895
      vertex -42.0706 -66.8533 0.222881
      vertex -42.1726 -66.7654 0.235134
    endloop
  endfacet
  facet normal 0.181139 0.338806 -0.923255
    outer loop
      vertex -42.0706 -66.8533 0.222881
      vertex -42.1727 -66.7578 0.237895
      vertex -42.0419 -66.562 0.33541
    endloop
  endfacet
  facet normal -0.0190297 0.195054 -0.980608
    outer loop
      vertex -41.8 -66.347 0.392776
      vertex -41.7713 -66.3442 0.392776
      vertex -41.8 -66.6354 0.33541
    endloop
  endfacet
  facet normal -0.533463 0.161607 -0.830241
    outer loop
      vertex -41.1065 -66.3379 0.222881
      vertex -40.8667 -66.3856 0.059515
      vertex -41.1467 -66.4706 0.222881
    endloop
  endfacet
  facet normal -0.547954 0.449911 -0.705214
    outer loop
      vertex -40.9593 -66.7617 0
      vertex -41.0006 -66.812 0
      vertex -41.0088 -66.7287 0.059515
    endloop
  endfacet
  facet normal -0.491481 0.26292 -0.830252
    outer loop
      vertex -40.9208 -66.5642 0.059515
      vertex -41.0088 -66.7287 0.059515
      vertex -41.1467 -66.4706 0.222881
    endloop
  endfacet
  facet normal -0.172805 0.0924837 -0.980605
    outer loop
      vertex -41.3977 -66.3666 0.33541
      vertex -41.438 -66.4419 0.33541
      vertex -41.6642 -66.2563 0.392776
    endloop
  endfacet
  facet normal -0.367617 0.111727 -0.923242
    outer loop
      vertex -41.3729 -66.285 0.33541
      vertex -41.1467 -66.4706 0.222881
      vertex -41.3977 -66.3666 0.33541
    endloop
  endfacet
  facet normal -0.382455 -0.0376912 -0.923205
    outer loop
      vertex -41.1065 -66.062 0.222881
      vertex -41.0929 -66.2 0.222881
      vertex -41.3729 -66.1151 0.33541
    endloop
  endfacet
  facet normal -0.124275 0.15161 -0.980597
    outer loop
      vertex -41.4921 -66.5079 0.33541
      vertex -41.5581 -66.562 0.33541
      vertex -41.696 -66.304 0.392776
    endloop
  endfacet
  facet normal -0.533461 0.161592 -0.830245
    outer loop
      vertex -40.8667 -66.3856 0.059515
      vertex -40.9208 -66.5642 0.059515
      vertex -41.1467 -66.4706 0.222881
    endloop
  endfacet
  facet normal -0.195054 0.0190297 -0.980608
    outer loop
      vertex -41.653 -66.2 0.392776
      vertex -41.3646 -66.2 0.33541
      vertex -41.6558 -66.2287 0.392776
    endloop
  endfacet
  facet normal -0.195055 0.0190466 -0.980607
    outer loop
      vertex -41.3646 -66.2 0.33541
      vertex -41.3729 -66.285 0.33541
      vertex -41.6558 -66.2287 0.392776
    endloop
  endfacet
  facet normal -0.0920369 0.173166 -0.980583
    outer loop
      vertex -41.7183 -66.3223 0.392776
      vertex -41.5581 -66.562 0.33541
      vertex -41.7437 -66.3358 0.392776
    endloop
  endfacet
  facet normal -0.151813 -0.123901 -0.980613
    outer loop
      vertex -41.438 -65.9581 0.33541
      vertex -41.6778 -66.1183 0.392776
      vertex -41.696 -66.096 0.392776
    endloop
  endfacet
  facet normal 0.0569227 0.187524 -0.980609
    outer loop
      vertex -41.8563 -66.3358 0.392776
      vertex -41.8849 -66.6271 0.33541
      vertex -41.9666 -66.6023 0.33541
    endloop
  endfacet
  facet normal 0.0924837 0.172805 -0.980605
    outer loop
      vertex -41.8563 -66.3358 0.392776
      vertex -41.9666 -66.6023 0.33541
      vertex -42.0419 -66.562 0.33541
    endloop
  endfacet
  facet normal 0.262787 0.491536 -0.830262
    outer loop
      vertex -42.0706 -66.8533 0.222881
      vertex -42.1859 -66.8846 0.167857
      vertex -42.1688 -66.8008 0.222881
    endloop
  endfacet
  facet normal 0.262549 0.49203 -0.830045
    outer loop
      vertex -42.1859 -66.8846 0.167857
      vertex -42.0706 -66.8533 0.222881
      vertex -42.1886 -66.9163 0.148212
    endloop
  endfacet
  facet normal 0.0546959 0.55473 -0.830231
    outer loop
      vertex -41.8 -66.9071 0.222881
      vertex -41.8 -67.1516 0.059515
      vertex -41.9856 -67.1333 0.059515
    endloop
  endfacet
  facet normal 0.054708 0.554723 -0.830235
    outer loop
      vertex -41.9379 -66.8935 0.222881
      vertex -41.8 -66.9071 0.222881
      vertex -41.9856 -67.1333 0.059515
    endloop
  endfacet
  facet normal -0.382473 0.0377204 -0.923196
    outer loop
      vertex -41.0929 -66.2 0.222881
      vertex -41.1065 -66.3379 0.222881
      vertex -41.3729 -66.285 0.33541
    endloop
  endfacet
  facet normal -0.367834 0.111431 -0.923191
    outer loop
      vertex -41.1065 -66.3379 0.222881
      vertex -41.1467 -66.4706 0.222881
      vertex -41.3729 -66.285 0.33541
    endloop
  endfacet
  facet normal -0.677906 0.205987 -0.7057
    outer loop
      vertex -40.8083 -66.3973 0
      vertex -40.8272 -66.4595 0
      vertex -40.8667 -66.3856 0.059515
    endloop
  endfacet
  facet normal -0.705225 0.0691397 -0.705605
    outer loop
      vertex -40.8667 -66.3856 0.059515
      vertex -40.7953 -66.2647 0
      vertex -40.8083 -66.3973 0
    endloop
  endfacet
  facet normal -0.705605 0.069572 -0.705182
    outer loop
      vertex -40.7953 -66.2647 0
      vertex -40.8667 -66.3856 0.059515
      vertex -40.8484 -66.2 0.059515
    endloop
  endfacet
  facet normal -0.624848 0.334779 -0.705329
    outer loop
      vertex -40.9286 -66.7044 0
      vertex -40.9593 -66.7617 0
      vertex -41.0088 -66.7287 0.059515
    endloop
  endfacet
  facet normal -0.353533 0.430933 -0.830248
    outer loop
      vertex -41.1271 -66.8729 0.059515
      vertex -41.2713 -66.9912 0.059515
      vertex -41.3 -66.7 0.222881
    endloop
  endfacet
  facet normal -0.548265 -0.449076 -0.705504
    outer loop
      vertex -41.085 -65.485 0
      vertex -41.0438 -65.5353 0
      vertex -41.1271 -65.5271 0.059515
    endloop
  endfacet
  facet normal -0.67792 -0.20593 -0.705703
    outer loop
      vertex -40.8667 -66.0144 0.059515
      vertex -40.847 -65.8753 0
      vertex -40.8083 -66.0027 0
    endloop
  endfacet
  facet normal -0.678651 -0.205571 -0.705106
    outer loop
      vertex -40.847 -65.8753 0
      vertex -40.8667 -66.0144 0.059515
      vertex -40.9208 -65.8358 0.059515
    endloop
  endfacet
  facet normal -0.624848 -0.334779 -0.705329
    outer loop
      vertex -40.9593 -65.6383 0
      vertex -40.9286 -65.6956 0
      vertex -41.0088 -65.6713 0.059515
    endloop
  endfacet
  facet normal -0.548127 -0.449677 -0.705228
    outer loop
      vertex -41.0088 -65.6713 0.059515
      vertex -41.0438 -65.5353 0
      vertex -40.9593 -65.6383 0
    endloop
  endfacet
  facet normal -0.548127 -0.449677 -0.705228
    outer loop
      vertex -41.0438 -65.5353 0
      vertex -41.0088 -65.6713 0.059515
      vertex -41.1271 -65.5271 0.059515
    endloop
  endfacet
  facet normal -0.0570622 -0.18749 -0.980608
    outer loop
      vertex -41.715 -65.7729 0.33541
      vertex -41.7437 -66.0642 0.392776
      vertex -41.7713 -66.0558 0.392776
    endloop
  endfacet
  facet normal -0.111771 -0.367762 -0.923179
    outer loop
      vertex -41.6621 -65.5065 0.222881
      vertex -41.6334 -65.7977 0.33541
      vertex -41.715 -65.7729 0.33541
    endloop
  endfacet
  facet normal -0.205571 -0.678651 -0.705106
    outer loop
      vertex -41.6144 -65.2667 0.059515
      vertex -41.4753 -65.247 0
      vertex -41.4358 -65.3208 0.059515
    endloop
  endfacet
  facet normal -0.20593 -0.67792 -0.705703
    outer loop
      vertex -41.4753 -65.247 0
      vertex -41.6144 -65.2667 0.059515
      vertex -41.6027 -65.2083 0
    endloop
  endfacet
  facet normal -0.0691397 -0.705225 -0.705605
    outer loop
      vertex -41.6144 -65.2667 0.059515
      vertex -41.7353 -65.1953 0
      vertex -41.6027 -65.2083 0
    endloop
  endfacet
  facet normal -0.069572 -0.705605 -0.705182
    outer loop
      vertex -41.7353 -65.1953 0
      vertex -41.6144 -65.2667 0.059515
      vertex -41.8 -65.2484 0.059515
    endloop
  endfacet
  facet normal 0.339537 -0.179835 -0.923241
    outer loop
      vertex -42.2479 -66 0.312134
      vertex -42.2023 -66.0334 0.33541
      vertex -42.2417 -66.0171 0.317745
    endloop
  endfacet
  facet normal 0.3382 -0.181741 -0.923358
    outer loop
      vertex -42.2023 -66.0334 0.33541
      vertex -42.2479 -66 0.312134
      vertex -42.2589 -65.9644 0.301098
    endloop
  endfacet
  facet normal 0.296932 -0.24388 -0.92323
    outer loop
      vertex -42.303 -65.8329 0.257023
      vertex -42.3 -65.7 0.222881
      vertex -42.1079 -65.8921 0.33541
    endloop
  endfacet
  facet normal 0.297114 -0.24387 -0.923174
    outer loop
      vertex -42.3 -65.7 0.222881
      vertex -42.303 -65.8329 0.257023
      vertex -42.3371 -65.7452 0.222881
    endloop
  endfacet
  facet normal 0.353497 -0.43089 -0.830285
    outer loop
      vertex -42.3287 -65.4088 0.059515
      vertex -42.1928 -65.6121 0.222881
      vertex -42.4729 -65.5271 0.059515
    endloop
  endfacet
  facet normal 0.449076 -0.548265 -0.705504
    outer loop
      vertex -42.4647 -65.4438 0
      vertex -42.4729 -65.5271 0.059515
      vertex -42.515 -65.485 0
    endloop
  endfacet
  facet normal 0.0377106 -0.382374 -0.923238
    outer loop
      vertex -41.8 -65.4929 0.222881
      vertex -41.8 -65.7646 0.33541
      vertex -41.9379 -65.5065 0.222881
    endloop
  endfacet
  facet normal 0.0547086 -0.55473 -0.83023
    outer loop
      vertex -41.8 -65.2484 0.059515
      vertex -41.8 -65.4929 0.222881
      vertex -41.9379 -65.5065 0.222881
    endloop
  endfacet
  facet normal 0.33871 -0.181275 -0.923263
    outer loop
      vertex -42.2589 -65.9644 0.301098
      vertex -42.162 -65.9581 0.33541
      vertex -42.2023 -66.0334 0.33541
    endloop
  endfacet
  facet normal 0.338711 -0.181022 -0.923312
    outer loop
      vertex -42.162 -65.9581 0.33541
      vertex -42.2589 -65.9644 0.301098
      vertex -42.2867 -65.8748 0.273333
    endloop
  endfacet
  facet normal -0.124372 0.151557 -0.980593
    outer loop
      vertex -41.696 -66.304 0.392776
      vertex -41.5581 -66.562 0.33541
      vertex -41.7183 -66.3223 0.392776
    endloop
  endfacet
  facet normal 0.0190297 0.195054 -0.980608
    outer loop
      vertex -41.8 -66.347 0.392776
      vertex -41.8 -66.6354 0.33541
      vertex -41.8287 -66.3442 0.392776
    endloop
  endfacet
  facet normal 0.0920369 0.173166 -0.980583
    outer loop
      vertex -41.8817 -66.3223 0.392776
      vertex -41.8563 -66.3358 0.392776
      vertex -42.0419 -66.562 0.33541
    endloop
  endfacet
  facet normal -0.33878 -0.181312 -0.92323
    outer loop
      vertex -41.1467 -65.9294 0.222881
      vertex -41.3977 -66.0334 0.33541
      vertex -41.438 -65.9581 0.33541
    endloop
  endfacet
  facet normal -0.172805 -0.0924837 -0.980605
    outer loop
      vertex -41.438 -65.9581 0.33541
      vertex -41.3977 -66.0334 0.33541
      vertex -41.6642 -66.1437 0.392776
    endloop
  endfacet
  facet normal -0.353382 -0.430973 -0.830291
    outer loop
      vertex -41.2713 -65.4088 0.059515
      vertex -41.3 -65.7 0.222881
      vertex -41.4072 -65.6121 0.222881
    endloop
  endfacet
  facet normal -0.262901 -0.491446 -0.830279
    outer loop
      vertex -41.2713 -65.4088 0.059515
      vertex -41.4072 -65.6121 0.222881
      vertex -41.4358 -65.3208 0.059515
    endloop
  endfacet
  facet normal 0.195057 -0.0183177 -0.980621
    outer loop
      vertex -42.2084 -66.1973 0.34073
      vertex -41.947 -66.2 0.392776
      vertex -42.208 -66.2 0.34086
    endloop
  endfacet
  facet normal 0.195047 -0.019029 -0.980609
    outer loop
      vertex -41.947 -66.2 0.392776
      vertex -42.2084 -66.1973 0.34073
      vertex -41.9442 -66.1713 0.392776
    endloop
  endfacet
  facet normal -0.0925177 -0.17279 -0.980604
    outer loop
      vertex -41.6334 -65.7977 0.33541
      vertex -41.7183 -66.0778 0.392776
      vertex -41.7437 -66.0642 0.392776
    endloop
  endfacet
  facet normal 0.124372 0.151557 -0.980593
    outer loop
      vertex -41.904 -66.304 0.392776
      vertex -41.8817 -66.3223 0.392776
      vertex -42.0419 -66.562 0.33541
    endloop
  endfacet
  facet normal -0.181312 0.33878 -0.92323
    outer loop
      vertex -41.5581 -66.562 0.33541
      vertex -41.5294 -66.8533 0.222881
      vertex -41.6334 -66.6023 0.33541
    endloop
  endfacet
  facet normal -0.0924837 0.172805 -0.980605
    outer loop
      vertex -41.5581 -66.562 0.33541
      vertex -41.6334 -66.6023 0.33541
      vertex -41.7437 -66.3358 0.392776
    endloop
  endfacet
  facet normal -0.161607 0.533463 -0.830241
    outer loop
      vertex -41.5294 -66.8533 0.222881
      vertex -41.6144 -67.1333 0.059515
      vertex -41.6621 -66.8935 0.222881
    endloop
  endfacet
  facet normal -0.054708 0.554723 -0.830235
    outer loop
      vertex -41.6621 -66.8935 0.222881
      vertex -41.6144 -67.1333 0.059515
      vertex -41.8 -66.9071 0.222881
    endloop
  endfacet
  facet normal -0.15161 0.124275 -0.980597
    outer loop
      vertex -41.438 -66.4419 0.33541
      vertex -41.4921 -66.5079 0.33541
      vertex -41.696 -66.304 0.392776
    endloop
  endfacet
  facet normal -0.353382 0.430973 -0.830291
    outer loop
      vertex -41.3 -66.7 0.222881
      vertex -41.2713 -66.9912 0.059515
      vertex -41.4072 -66.7879 0.222881
    endloop
  endfacet
  facet normal -0.172781 0.0925127 -0.980606
    outer loop
      vertex -41.6642 -66.2563 0.392776
      vertex -41.438 -66.4419 0.33541
      vertex -41.6778 -66.2817 0.392776
    endloop
  endfacet
  facet normal 0.0569227 -0.187524 -0.980609
    outer loop
      vertex -41.8849 -65.7729 0.33541
      vertex -41.8563 -66.0642 0.392776
      vertex -41.9666 -65.7977 0.33541
    endloop
  endfacet
  facet normal -0.18749 0.0570622 -0.980608
    outer loop
      vertex -41.6558 -66.2287 0.392776
      vertex -41.3729 -66.285 0.33541
      vertex -41.6642 -66.2563 0.392776
    endloop
  endfacet
  facet normal -0.382379 0.0373382 -0.923251
    outer loop
      vertex -41.3646 -66.2 0.33541
      vertex -41.0929 -66.2 0.222881
      vertex -41.3729 -66.285 0.33541
    endloop
  endfacet
  facet normal 0.0925127 -0.172781 -0.980606
    outer loop
      vertex -41.8563 -66.0642 0.392776
      vertex -41.8817 -66.0778 0.392776
      vertex -42.0419 -65.838 0.33541
    endloop
  endfacet
  facet normal 0.243688 0.29702 -0.923252
    outer loop
      vertex -42.1812 -66.6429 0.272616
      vertex -42.0419 -66.562 0.33541
      vertex -42.1727 -66.7578 0.237895
    endloop
  endfacet
  facet normal 0.243645 0.297087 -0.923242
    outer loop
      vertex -42.0419 -66.562 0.33541
      vertex -42.1812 -66.6429 0.272616
      vertex -42.1811 -66.6364 0.274734
    endloop
  endfacet
  facet normal 0.243495 0.297055 -0.923292
    outer loop
      vertex -42.0419 -66.562 0.33541
      vertex -42.1797 -66.5797 0.293374
      vertex -42.1079 -66.5079 0.33541
    endloop
  endfacet
  facet normal 0.243405 0.297483 -0.923178
    outer loop
      vertex -42.1797 -66.5797 0.293374
      vertex -42.0419 -66.562 0.33541
      vertex -42.1811 -66.6364 0.274734
    endloop
  endfacet
  facet normal 0.111421 0.367801 -0.923205
    outer loop
      vertex -41.8849 -66.6271 0.33541
      vertex -41.9379 -66.8935 0.222881
      vertex -42.0706 -66.8533 0.222881
    endloop
  endfacet
  facet normal 0.111605 0.367666 -0.923237
    outer loop
      vertex -41.9666 -66.6023 0.33541
      vertex -41.8849 -66.6271 0.33541
      vertex -42.0706 -66.8533 0.222881
    endloop
  endfacet
  facet normal -0.195058 -0.0190692 -0.980606
    outer loop
      vertex -41.3729 -66.1151 0.33541
      vertex -41.3646 -66.2 0.33541
      vertex -41.6558 -66.1713 0.392776
    endloop
  endfacet
  facet normal -0.195054 -0.0190297 -0.980608
    outer loop
      vertex -41.3646 -66.2 0.33541
      vertex -41.653 -66.2 0.392776
      vertex -41.6558 -66.1713 0.392776
    endloop
  endfacet
  facet normal -0.0697839 0.705472 -0.705294
    outer loop
      vertex -41.8 -67.1516 0.059515
      vertex -41.7353 -67.2047 0
      vertex -41.8 -67.2111 0
    endloop
  endfacet
  facet normal -0.43089 -0.353497 -0.830285
    outer loop
      vertex -41.1271 -65.5271 0.059515
      vertex -41.0088 -65.6713 0.059515
      vertex -41.2121 -65.8072 0.222881
    endloop
  endfacet
  facet normal -0.491393 -0.262988 -0.830284
    outer loop
      vertex -41.0088 -65.6713 0.059515
      vertex -41.1467 -65.9294 0.222881
      vertex -41.2121 -65.8072 0.222881
    endloop
  endfacet
  facet normal -0.181312 -0.338779 -0.923231
    outer loop
      vertex -41.4072 -65.6121 0.222881
      vertex -41.5581 -65.838 0.33541
      vertex -41.6334 -65.7977 0.33541
    endloop
  endfacet
  facet normal -0.092482 -0.172801 -0.980605
    outer loop
      vertex -41.6334 -65.7977 0.33541
      vertex -41.5581 -65.838 0.33541
      vertex -41.7183 -66.0778 0.392776
    endloop
  endfacet
  facet normal 0.367522 -0.112173 -0.923225
    outer loop
      vertex -42.2023 -66.0334 0.33541
      vertex -42.2367 -66.0368 0.322129
      vertex -42.2417 -66.0171 0.317745
    endloop
  endfacet
  facet normal 0.353429 -0.431031 -0.830241
    outer loop
      vertex -42.1928 -65.6121 0.222881
      vertex -42.3 -65.7 0.222881
      vertex -42.4729 -65.5271 0.059515
    endloop
  endfacet
  facet normal 0.430901 -0.353682 -0.830201
    outer loop
      vertex -42.443 -65.6257 0.117006
      vertex -42.3 -65.7 0.222881
      vertex -42.3371 -65.7452 0.222881
    endloop
  endfacet
  facet normal 0.431095 -0.353361 -0.830237
    outer loop
      vertex -42.3 -65.7 0.222881
      vertex -42.443 -65.6257 0.117006
      vertex -42.4729 -65.5271 0.059515
    endloop
  endfacet
  facet normal 0.334399 -0.625097 -0.705288
    outer loop
      vertex -42.3287 -65.4088 0.059515
      vertex -42.2443 -65.2965 0
      vertex -42.1642 -65.3208 0.059515
    endloop
  endfacet
  facet normal 0.334375 -0.625089 -0.705306
    outer loop
      vertex -42.2443 -65.2965 0
      vertex -42.3287 -65.4088 0.059515
      vertex -42.3617 -65.3593 0
    endloop
  endfacet
  facet normal 0.449677 -0.548127 -0.705228
    outer loop
      vertex -42.3287 -65.4088 0.059515
      vertex -42.4647 -65.4438 0
      vertex -42.3617 -65.3593 0
    endloop
  endfacet
  facet normal 0.449677 -0.548127 -0.705228
    outer loop
      vertex -42.4647 -65.4438 0
      vertex -42.3287 -65.4088 0.059515
      vertex -42.4729 -65.5271 0.059515
    endloop
  endfacet
  facet normal 0.548043 -0.449443 -0.705443
    outer loop
      vertex -42.55 -65.5277 0
      vertex -42.4729 -65.5271 0.059515
      vertex -42.55 -65.5347 0.00445975
    endloop
  endfacet
  facet normal 0.548098 -0.449261 -0.705516
    outer loop
      vertex -42.4729 -65.5271 0.059515
      vertex -42.55 -65.5277 0
      vertex -42.515 -65.485 0
    endloop
  endfacet
  facet normal 0.181311 -0.33878 -0.92323
    outer loop
      vertex -42.0706 -65.5467 0.222881
      vertex -41.9666 -65.7977 0.33541
      vertex -42.1928 -65.6121 0.222881
    endloop
  endfacet
  facet normal 0.111404 -0.367745 -0.923229
    outer loop
      vertex -41.9379 -65.5065 0.222881
      vertex -41.9666 -65.7977 0.33541
      vertex -42.0706 -65.5467 0.222881
    endloop
  endfacet
  facet normal 0.0570678 -0.187508 -0.980604
    outer loop
      vertex -41.8287 -66.0558 0.392776
      vertex -41.8563 -66.0642 0.392776
      vertex -41.8849 -65.7729 0.33541
    endloop
  endfacet
  facet normal -0.123977 -0.151906 -0.980589
    outer loop
      vertex -41.4921 -65.8921 0.33541
      vertex -41.696 -66.096 0.392776
      vertex -41.7183 -66.0778 0.392776
    endloop
  endfacet
  facet normal 0 0 -1
    outer loop
      vertex -41.6558 -66.2287 0.392776
      vertex -41.6558 -66.1713 0.392776
      vertex -41.653 -66.2 0.392776
    endloop
  endfacet
  facet normal 0 0 -1
    outer loop
      vertex -41.6642 -66.2563 0.392776
      vertex -41.6558 -66.1713 0.392776
      vertex -41.6558 -66.2287 0.392776
    endloop
  endfacet
  facet normal 0 0 -1
    outer loop
      vertex -41.6642 -66.2563 0.392776
      vertex -41.6642 -66.1437 0.392776
      vertex -41.6558 -66.1713 0.392776
    endloop
  endfacet
  facet normal 0 0 -1
    outer loop
      vertex -41.6778 -66.2817 0.392776
      vertex -41.6642 -66.1437 0.392776
      vertex -41.6642 -66.2563 0.392776
    endloop
  endfacet
  facet normal 0 0 -1
    outer loop
      vertex -41.6778 -66.2817 0.392776
      vertex -41.6778 -66.1183 0.392776
      vertex -41.6642 -66.1437 0.392776
    endloop
  endfacet
  facet normal 0 0 -1
    outer loop
      vertex -41.696 -66.304 0.392776
      vertex -41.6778 -66.1183 0.392776
      vertex -41.6778 -66.2817 0.392776
    endloop
  endfacet
  facet normal 0 0 -1
    outer loop
      vertex -41.696 -66.304 0.392776
      vertex -41.696 -66.096 0.392776
      vertex -41.6778 -66.1183 0.392776
    endloop
  endfacet
  facet normal 0 0 -1
    outer loop
      vertex -41.7183 -66.3223 0.392776
      vertex -41.696 -66.096 0.392776
      vertex -41.696 -66.304 0.392776
    endloop
  endfacet
  facet normal 0 0 -1
    outer loop
      vertex -41.7183 -66.3223 0.392776
      vertex -41.7183 -66.0778 0.392776
      vertex -41.696 -66.096 0.392776
    endloop
  endfacet
  facet normal 0 0 -1
    outer loop
      vertex -41.7437 -66.3358 0.392776
      vertex -41.7183 -66.0778 0.392776
      vertex -41.7183 -66.3223 0.392776
    endloop
  endfacet
  facet normal 0 0 -1
    outer loop
      vertex -41.7437 -66.3358 0.392776
      vertex -41.7437 -66.0642 0.392776
      vertex -41.7183 -66.0778 0.392776
    endloop
  endfacet
  facet normal 0 0 -1
    outer loop
      vertex -41.7713 -66.3442 0.392776
      vertex -41.7437 -66.0642 0.392776
      vertex -41.7437 -66.3358 0.392776
    endloop
  endfacet
  facet normal 0 0 -1
    outer loop
      vertex -41.7713 -66.3442 0.392776
      vertex -41.7713 -66.0558 0.392776
      vertex -41.7437 -66.0642 0.392776
    endloop
  endfacet
  facet normal 0 0 -1
    outer loop
      vertex -41.8 -66.347 0.392776
      vertex -41.7713 -66.0558 0.392776
      vertex -41.7713 -66.3442 0.392776
    endloop
  endfacet
  facet normal 0 0 -1
    outer loop
      vertex -41.8 -66.347 0.392776
      vertex -41.8 -66.053 0.392776
      vertex -41.7713 -66.0558 0.392776
    endloop
  endfacet
  facet normal 0 0 -1
    outer loop
      vertex -41.8287 -66.3442 0.392776
      vertex -41.8 -66.053 0.392776
      vertex -41.8 -66.347 0.392776
    endloop
  endfacet
  facet normal 0 0 -1
    outer loop
      vertex -41.8287 -66.3442 0.392776
      vertex -41.8287 -66.0558 0.392776
      vertex -41.8 -66.053 0.392776
    endloop
  endfacet
  facet normal 0 0 -1
    outer loop
      vertex -41.8563 -66.3358 0.392776
      vertex -41.8287 -66.0558 0.392776
      vertex -41.8287 -66.3442 0.392776
    endloop
  endfacet
  facet normal 0 0 -1
    outer loop
      vertex -41.8563 -66.3358 0.392776
      vertex -41.8563 -66.0642 0.392776
      vertex -41.8287 -66.0558 0.392776
    endloop
  endfacet
  facet normal 0 0 -1
    outer loop
      vertex -41.8817 -66.3223 0.392776
      vertex -41.8563 -66.0642 0.392776
      vertex -41.8563 -66.3358 0.392776
    endloop
  endfacet
  facet normal 0 0 -1
    outer loop
      vertex -41.8817 -66.3223 0.392776
      vertex -41.8817 -66.0778 0.392776
      vertex -41.8563 -66.0642 0.392776
    endloop
  endfacet
  facet normal 0 0 -1
    outer loop
      vertex -41.904 -66.304 0.392776
      vertex -41.8817 -66.0778 0.392776
      vertex -41.8817 -66.3223 0.392776
    endloop
  endfacet
  facet normal 0 0 -1
    outer loop
      vertex -41.904 -66.304 0.392776
      vertex -41.904 -66.096 0.392776
      vertex -41.8817 -66.0778 0.392776
    endloop
  endfacet
  facet normal 0 0 -1
    outer loop
      vertex -41.9222 -66.2817 0.392776
      vertex -41.904 -66.096 0.392776
      vertex -41.904 -66.304 0.392776
    endloop
  endfacet
  facet normal 0 0 -1
    outer loop
      vertex -41.9222 -66.2817 0.392776
      vertex -41.9222 -66.1183 0.392776
      vertex -41.904 -66.096 0.392776
    endloop
  endfacet
  facet normal 0 0 -1
    outer loop
      vertex -41.9358 -66.2563 0.392776
      vertex -41.9222 -66.1183 0.392776
      vertex -41.9222 -66.2817 0.392776
    endloop
  endfacet
  facet normal 0 0 -1
    outer loop
      vertex -41.9358 -66.2563 0.392776
      vertex -41.9358 -66.1437 0.392776
      vertex -41.9222 -66.1183 0.392776
    endloop
  endfacet
  facet normal 0 0 -1
    outer loop
      vertex -41.9442 -66.2287 0.392776
      vertex -41.9358 -66.1437 0.392776
      vertex -41.9358 -66.2563 0.392776
    endloop
  endfacet
  facet normal 0 0 -1
    outer loop
      vertex -41.9442 -66.2287 0.392776
      vertex -41.9442 -66.1713 0.392776
      vertex -41.9358 -66.1437 0.392776
    endloop
  endfacet
  facet normal 0 -0 -1
    outer loop
      vertex -41.9442 -66.1713 0.392776
      vertex -41.9442 -66.2287 0.392776
      vertex -41.947 -66.2 0.392776
    endloop
  endfacet
  facet normal 0.123977 -0.151906 -0.980589
    outer loop
      vertex -41.8817 -66.0778 0.392776
      vertex -41.904 -66.096 0.392776
      vertex -42.1079 -65.8921 0.33541
    endloop
  endfacet
  facet normal 0.187547 0.0570794 -0.980596
    outer loop
      vertex -42.1983 -66.2821 0.341069
      vertex -41.9442 -66.2287 0.392776
      vertex -41.9358 -66.2563 0.392776
    endloop
  endfacet
  facet normal 0.187146 0.0589536 -0.980562
    outer loop
      vertex -41.9442 -66.2287 0.392776
      vertex -42.1983 -66.2821 0.341069
      vertex -42.1987 -66.2793 0.341161
    endloop
  endfacet
  facet normal 0.187572 0.0568442 -0.980605
    outer loop
      vertex -41.9358 -66.2563 0.392776
      vertex -42.1879 -66.3607 0.338502
      vertex -42.1983 -66.2821 0.341069
    endloop
  endfacet
  facet normal -0.161592 0.533461 -0.830245
    outer loop
      vertex -41.5294 -66.8533 0.222881
      vertex -41.4358 -67.0792 0.059515
      vertex -41.6144 -67.1333 0.059515
    endloop
  endfacet
  facet normal -0.206193 0.678785 -0.704795
    outer loop
      vertex -41.5405 -67.1728 0
      vertex -41.4358 -67.0792 0.059515
      vertex -41.4131 -67.1341 0
    endloop
  endfacet
  facet normal -0.205488 0.678377 -0.705393
    outer loop
      vertex -41.4358 -67.0792 0.059515
      vertex -41.5405 -67.1728 0
      vertex -41.6144 -67.1333 0.059515
    endloop
  endfacet
  facet normal -0.243644 0.29714 -0.923226
    outer loop
      vertex -41.3 -66.7 0.222881
      vertex -41.4072 -66.7879 0.222881
      vertex -41.5581 -66.562 0.33541
    endloop
  endfacet
  facet normal -0.181311 0.33878 -0.92323
    outer loop
      vertex -41.4072 -66.7879 0.222881
      vertex -41.5294 -66.8533 0.222881
      vertex -41.5581 -66.562 0.33541
    endloop
  endfacet
  facet normal -0.449181 0.548171 -0.705511
    outer loop
      vertex -41.188 -66.9994 0
      vertex -41.1271 -66.8729 0.059515
      vertex -41.085 -66.915 0
    endloop
  endfacet
  facet normal -0.449778 0.54825 -0.705069
    outer loop
      vertex -41.1271 -66.8729 0.059515
      vertex -41.188 -66.9994 0
      vertex -41.2713 -66.9912 0.059515
    endloop
  endfacet
  facet normal -0.548171 0.449181 -0.705511
    outer loop
      vertex -41.1271 -66.8729 0.059515
      vertex -41.0006 -66.812 0
      vertex -41.085 -66.915 0
    endloop
  endfacet
  facet normal -0.54825 0.449778 -0.705069
    outer loop
      vertex -41.0006 -66.812 0
      vertex -41.1271 -66.8729 0.059515
      vertex -41.0088 -66.7287 0.059515
    endloop
  endfacet
  facet normal -0.491393 0.262988 -0.830284
    outer loop
      vertex -41.1467 -66.4706 0.222881
      vertex -41.0088 -66.7287 0.059515
      vertex -41.2121 -66.5928 0.222881
    endloop
  endfacet
  facet normal -0.33878 0.181311 -0.92323
    outer loop
      vertex -41.1467 -66.4706 0.222881
      vertex -41.2121 -66.5928 0.222881
      vertex -41.438 -66.4419 0.33541
    endloop
  endfacet
  facet normal -0.24361 0.297195 -0.923217
    outer loop
      vertex -41.4921 -66.5079 0.33541
      vertex -41.3 -66.7 0.222881
      vertex -41.5581 -66.562 0.33541
    endloop
  endfacet
  facet normal -0.297195 0.24361 -0.923217
    outer loop
      vertex -41.438 -66.4419 0.33541
      vertex -41.3 -66.7 0.222881
      vertex -41.4921 -66.5079 0.33541
    endloop
  endfacet
  facet normal -0.181311 -0.33878 -0.92323
    outer loop
      vertex -41.5294 -65.5467 0.222881
      vertex -41.4072 -65.6121 0.222881
      vertex -41.6334 -65.7977 0.33541
    endloop
  endfacet
  facet normal -0.111404 -0.367745 -0.923229
    outer loop
      vertex -41.5294 -65.5467 0.222881
      vertex -41.6334 -65.7977 0.33541
      vertex -41.6621 -65.5065 0.222881
    endloop
  endfacet
  facet normal -0.333994 0.625906 -0.704762
    outer loop
      vertex -41.4358 -67.0792 0.059515
      vertex -41.2956 -67.0714 0
      vertex -41.4131 -67.1341 0
    endloop
  endfacet
  facet normal -0.334273 0.624862 -0.705555
    outer loop
      vertex -41.2956 -67.0714 0
      vertex -41.4358 -67.0792 0.059515
      vertex -41.2713 -66.9912 0.059515
    endloop
  endfacet
  facet normal -0.26292 0.491481 -0.830252
    outer loop
      vertex -41.2713 -66.9912 0.059515
      vertex -41.4358 -67.0792 0.059515
      vertex -41.5294 -66.8533 0.222881
    endloop
  endfacet
  facet normal -0.29714 0.243644 -0.923226
    outer loop
      vertex -41.2121 -66.5928 0.222881
      vertex -41.3 -66.7 0.222881
      vertex -41.438 -66.4419 0.33541
    endloop
  endfacet
  facet normal -0.430973 0.353382 -0.830291
    outer loop
      vertex -41.2121 -66.5928 0.222881
      vertex -41.0088 -66.7287 0.059515
      vertex -41.3 -66.7 0.222881
    endloop
  endfacet
  facet normal -0.124249 -0.151579 -0.980605
    outer loop
      vertex -41.5581 -65.838 0.33541
      vertex -41.4921 -65.8921 0.33541
      vertex -41.7183 -66.0778 0.392776
    endloop
  endfacet
  facet normal -0.243593 -0.297175 -0.923228
    outer loop
      vertex -41.4072 -65.6121 0.222881
      vertex -41.4921 -65.8921 0.33541
      vertex -41.5581 -65.838 0.33541
    endloop
  endfacet
  facet normal 0.0190297 -0.195054 -0.980608
    outer loop
      vertex 41.8 -65.7646 0.33541
      vertex 41.8 -66.053 0.392776
      vertex 41.7713 -66.0558 0.392776
    endloop
  endfacet
  facet normal 0.195055 0.0190466 -0.980607
    outer loop
      vertex 41.6558 -66.2287 0.392776
      vertex 41.3729 -66.285 0.33541
      vertex 41.3646 -66.2 0.33541
    endloop
  endfacet
  facet normal 0.069572 0.705605 -0.705182
    outer loop
      vertex 41.7353 -67.2047 0
      vertex 41.6144 -67.1333 0.059515
      vertex 41.8 -67.1516 0.059515
    endloop
  endfacet
  facet normal 0.0691397 0.705225 -0.705605
    outer loop
      vertex 41.6144 -67.1333 0.059515
      vertex 41.7353 -67.2047 0
      vertex 41.6027 -67.1917 0
    endloop
  endfacet
  facet normal 0.195054 0.0190297 -0.980608
    outer loop
      vertex 41.653 -66.2 0.392776
      vertex 41.6558 -66.2287 0.392776
      vertex 41.3646 -66.2 0.33541
    endloop
  endfacet
  facet normal 0.124275 0.15161 -0.980597
    outer loop
      vertex 41.696 -66.304 0.392776
      vertex 41.5581 -66.562 0.33541
      vertex 41.4921 -66.5079 0.33541
    endloop
  endfacet
  facet normal 0.367617 0.111727 -0.923242
    outer loop
      vertex 41.3729 -66.285 0.33541
      vertex 41.3977 -66.3666 0.33541
      vertex 41.1467 -66.4706 0.222881
    endloop
  endfacet
  facet normal -0.353497 -0.43089 -0.830285
    outer loop
      vertex 42.3287 -65.4088 0.059515
      vertex 42.4729 -65.5271 0.059515
      vertex 42.1928 -65.6121 0.222881
    endloop
  endfacet
  facet normal 0.181311 -0.33878 -0.92323
    outer loop
      vertex 41.5294 -65.5467 0.222881
      vertex 41.6334 -65.7977 0.33541
      vertex 41.4072 -65.6121 0.222881
    endloop
  endfacet
  facet normal 0.705605 -0.069572 -0.705182
    outer loop
      vertex 40.7953 -66.1353 0
      vertex 40.8667 -66.0144 0.059515
      vertex 40.8484 -66.2 0.059515
    endloop
  endfacet
  facet normal 0.705225 -0.0691397 -0.705605
    outer loop
      vertex 40.8667 -66.0144 0.059515
      vertex 40.7953 -66.1353 0
      vertex 40.8083 -66.0027 0
    endloop
  endfacet
  facet normal 0.0373382 0.382379 -0.923251
    outer loop
      vertex 41.8 -66.6354 0.33541
      vertex 41.8 -66.9071 0.222881
      vertex 41.715 -66.6271 0.33541
    endloop
  endfacet
  facet normal 0.55473 0.0546959 -0.830231
    outer loop
      vertex 41.0929 -66.2 0.222881
      vertex 40.8667 -66.3856 0.059515
      vertex 40.8484 -66.2 0.059515
    endloop
  endfacet
  facet normal 0.677906 0.205987 -0.7057
    outer loop
      vertex 40.8667 -66.3856 0.059515
      vertex 40.8272 -66.4595 0
      vertex 40.8083 -66.3973 0
    endloop
  endfacet
  facet normal 0.206248 -0.678765 -0.704798
    outer loop
      vertex 41.4753 -65.247 0
      vertex 41.4358 -65.3208 0.059515
      vertex 41.4131 -65.2659 0
    endloop
  endfacet
  facet normal -0.0924837 0.172805 -0.980605
    outer loop
      vertex 42.0419 -66.562 0.33541
      vertex 41.9666 -66.6023 0.33541
      vertex 41.8563 -66.3358 0.392776
    endloop
  endfacet
  facet normal 0.382455 -0.0376912 -0.923205
    outer loop
      vertex 41.1065 -66.062 0.222881
      vertex 41.3729 -66.1151 0.33541
      vertex 41.0929 -66.2 0.222881
    endloop
  endfacet
  facet normal -0.262901 -0.491446 -0.830279
    outer loop
      vertex 42.3287 -65.4088 0.059515
      vertex 42.1928 -65.6121 0.222881
      vertex 42.1642 -65.3208 0.059515
    endloop
  endfacet
  facet normal 0.262988 0.491393 -0.830284
    outer loop
      vertex 41.4072 -66.7879 0.222881
      vertex 41.5294 -66.8533 0.222881
      vertex 41.2713 -66.9912 0.059515
    endloop
  endfacet
  facet normal -0.367487 -0.111413 -0.923331
    outer loop
      vertex 42.2367 -66.0368 0.322129
      vertex 42.2214 -66.0964 0.33541
      vertex 42.2023 -66.0334 0.33541
    endloop
  endfacet
  facet normal 0.382473 0.0377204 -0.923196
    outer loop
      vertex 41.3729 -66.285 0.33541
      vertex 41.1065 -66.3379 0.222881
      vertex 41.0929 -66.2 0.222881
    endloop
  endfacet
  facet normal 0.554723 0.054708 -0.830235
    outer loop
      vertex 41.0929 -66.2 0.222881
      vertex 41.1065 -66.3379 0.222881
      vertex 40.8667 -66.3856 0.059515
    endloop
  endfacet
  facet normal 0.069572 -0.705605 -0.705182
    outer loop
      vertex 41.6144 -65.2667 0.059515
      vertex 41.7353 -65.1953 0
      vertex 41.8 -65.2484 0.059515
    endloop
  endfacet
  facet normal 0.0691397 -0.705225 -0.705605
    outer loop
      vertex 41.7353 -65.1953 0
      vertex 41.6144 -65.2667 0.059515
      vertex 41.6027 -65.2083 0
    endloop
  endfacet
  facet normal 0.0546959 0.55473 -0.830231
    outer loop
      vertex 41.8 -66.9071 0.222881
      vertex 41.8 -67.1516 0.059515
      vertex 41.6144 -67.1333 0.059515
    endloop
  endfacet
  facet normal -0.0546959 0.55473 -0.830231
    outer loop
      vertex 41.8 -66.9071 0.222881
      vertex 41.9856 -67.1333 0.059515
      vertex 41.8 -67.1516 0.059515
    endloop
  endfacet
  facet normal -0.449677 -0.548127 -0.705228
    outer loop
      vertex 42.3287 -65.4088 0.059515
      vertex 42.4647 -65.4438 0
      vertex 42.4729 -65.5271 0.059515
    endloop
  endfacet
  facet normal -0.449677 -0.548127 -0.705228
    outer loop
      vertex 42.4647 -65.4438 0
      vertex 42.3287 -65.4088 0.059515
      vertex 42.3617 -65.3593 0
    endloop
  endfacet
  facet normal 0.624862 -0.334273 -0.705555
    outer loop
      vertex 40.9208 -65.8358 0.059515
      vertex 40.9286 -65.6956 0
      vertex 41.0088 -65.6713 0.059515
    endloop
  endfacet
  facet normal 0.625906 -0.333994 -0.704762
    outer loop
      vertex 40.9286 -65.6956 0
      vertex 40.9208 -65.8358 0.059515
      vertex 40.8659 -65.8131 0
    endloop
  endfacet
  facet normal -0.0377106 -0.382374 -0.923238
    outer loop
      vertex 41.8 -65.4929 0.222881
      vertex 41.9379 -65.5065 0.222881
      vertex 41.8 -65.7646 0.33541
    endloop
  endfacet
  facet normal 0.111771 -0.367762 -0.923179
    outer loop
      vertex 41.6621 -65.5065 0.222881
      vertex 41.715 -65.7729 0.33541
      vertex 41.6334 -65.7977 0.33541
    endloop
  endfacet
  facet normal -0.123977 -0.151906 -0.980589
    outer loop
      vertex 42.1079 -65.8921 0.33541
      vertex 41.904 -66.096 0.392776
      vertex 41.8817 -66.0778 0.392776
    endloop
  endfacet
  facet normal -0.172781 -0.0925127 -0.980606
    outer loop
      vertex 42.162 -65.9581 0.33541
      vertex 41.9358 -66.1437 0.392776
      vertex 41.9222 -66.1183 0.392776
    endloop
  endfacet
  facet normal 0.430973 0.353382 -0.830291
    outer loop
      vertex 41.2121 -66.5928 0.222881
      vertex 41.3 -66.7 0.222881
      vertex 41.0088 -66.7287 0.059515
    endloop
  endfacet
  facet normal 0.161607 0.533463 -0.830241
    outer loop
      vertex 41.6621 -66.8935 0.222881
      vertex 41.6144 -67.1333 0.059515
      vertex 41.5294 -66.8533 0.222881
    endloop
  endfacet
  facet normal 0.449911 0.547954 -0.705214
    outer loop
      vertex 41.2713 -66.9912 0.059515
      vertex 41.2383 -67.0407 0
      vertex 41.188 -66.9994 0
    endloop
  endfacet
  facet normal 0.624848 -0.334779 -0.705329
    outer loop
      vertex 40.9593 -65.6383 0
      vertex 41.0088 -65.6713 0.059515
      vertex 40.9286 -65.6956 0
    endloop
  endfacet
  facet normal -0.161605 0.533456 -0.830246
    outer loop
      vertex 42.0706 -66.8533 0.222881
      vertex 42.1642 -67.0792 0.059515
      vertex 41.9379 -66.8935 0.222881
    endloop
  endfacet
  facet normal -0.187489 -0.0570618 -0.980608
    outer loop
      vertex 41.9358 -66.1437 0.392776
      vertex 42.2192 -66.1166 0.337014
      vertex 41.9442 -66.1713 0.392776
    endloop
  endfacet
  facet normal -0.185377 -0.0771462 -0.979635
    outer loop
      vertex 42.2192 -66.1166 0.337014
      vertex 41.9358 -66.1437 0.392776
      vertex 42.2192 -66.1158 0.336951
    endloop
  endfacet
  facet normal -0.367522 -0.112173 -0.923225
    outer loop
      vertex 42.2417 -66.0171 0.317745
      vertex 42.2367 -66.0368 0.322129
      vertex 42.2023 -66.0334 0.33541
    endloop
  endfacet
  facet normal 0.367666 -0.111605 -0.923237
    outer loop
      vertex 41.3977 -66.0334 0.33541
      vertex 41.3729 -66.1151 0.33541
      vertex 41.1467 -65.9294 0.222881
    endloop
  endfacet
  facet normal -0.187004 -0.056695 -0.980722
    outer loop
      vertex 42.2192 -66.1158 0.336951
      vertex 42.2023 -66.0334 0.33541
      vertex 42.2214 -66.0964 0.33541
    endloop
  endfacet
  facet normal -0.18757 -0.0568089 -0.980607
    outer loop
      vertex 42.2023 -66.0334 0.33541
      vertex 42.2192 -66.1158 0.336951
      vertex 41.9358 -66.1437 0.392776
    endloop
  endfacet
  facet normal -0.431323 -0.35325 -0.830165
    outer loop
      vertex 42.4729 -65.5271 0.059515
      vertex 42.5005 -65.5608 0.059515
      vertex 42.443 -65.6257 0.117006
    endloop
  endfacet
  facet normal 0.53351 -0.161606 -0.830211
    outer loop
      vertex 40.9208 -65.8358 0.059515
      vertex 41.1065 -66.062 0.222881
      vertex 40.8667 -66.0144 0.059515
    endloop
  endfacet
  facet normal 0.55473 -0.0546959 -0.830231
    outer loop
      vertex 40.8667 -66.0144 0.059515
      vertex 41.0929 -66.2 0.222881
      vertex 40.8484 -66.2 0.059515
    endloop
  endfacet
  facet normal 0.382379 -0.0373821 -0.923249
    outer loop
      vertex 41.3729 -66.1151 0.33541
      vertex 41.3646 -66.2 0.33541
      vertex 41.0929 -66.2 0.222881
    endloop
  endfacet
  facet normal 0.382379 0.0373382 -0.923251
    outer loop
      vertex 41.3646 -66.2 0.33541
      vertex 41.3729 -66.285 0.33541
      vertex 41.0929 -66.2 0.222881
    endloop
  endfacet
  facet normal 0.243593 -0.297175 -0.923228
    outer loop
      vertex 41.5581 -65.838 0.33541
      vertex 41.4921 -65.8921 0.33541
      vertex 41.4072 -65.6121 0.222881
    endloop
  endfacet
  facet normal -0.0547086 -0.55473 -0.83023
    outer loop
      vertex 41.8 -65.2484 0.059515
      vertex 41.9379 -65.5065 0.222881
      vertex 41.8 -65.4929 0.222881
    endloop
  endfacet
  facet normal 0.0569848 -0.187498 -0.980611
    outer loop
      vertex 41.715 -65.7729 0.33541
      vertex 41.7437 -66.0642 0.392776
      vertex 41.6334 -65.7977 0.33541
    endloop
  endfacet
  facet normal -0.0190692 -0.195058 -0.980606
    outer loop
      vertex 41.8849 -65.7729 0.33541
      vertex 41.8287 -66.0558 0.392776
      vertex 41.8 -65.7646 0.33541
    endloop
  endfacet
  facet normal 0.172805 -0.0924837 -0.980605
    outer loop
      vertex 41.438 -65.9581 0.33541
      vertex 41.6642 -66.1437 0.392776
      vertex 41.3977 -66.0334 0.33541
    endloop
  endfacet
  facet normal -0.0373961 -0.382521 -0.92319
    outer loop
      vertex 41.9379 -65.5065 0.222881
      vertex 41.8849 -65.7729 0.33541
      vertex 41.8 -65.7646 0.33541
    endloop
  endfacet
  facet normal 0.0697839 -0.705472 -0.705294
    outer loop
      vertex 41.8 -65.1889 0
      vertex 41.8 -65.2484 0.059515
      vertex 41.7353 -65.1953 0
    endloop
  endfacet
  facet normal 0.333736 -0.626028 -0.704776
    outer loop
      vertex 41.4131 -65.2659 0
      vertex 41.4358 -65.3208 0.059515
      vertex 41.3557 -65.2965 0
    endloop
  endfacet
  facet normal 0.705472 -0.0697839 -0.705294
    outer loop
      vertex 40.7953 -66.1353 0
      vertex 40.8484 -66.2 0.059515
      vertex 40.7889 -66.2 0
    endloop
  endfacet
  facet normal -0.0691397 0.705225 -0.705605
    outer loop
      vertex 41.8647 -67.2047 0
      vertex 41.9856 -67.1333 0.059515
      vertex 41.9973 -67.1917 0
    endloop
  endfacet
  facet normal -0.069572 0.705605 -0.705182
    outer loop
      vertex 41.9856 -67.1333 0.059515
      vertex 41.8647 -67.2047 0
      vertex 41.8 -67.1516 0.059515
    endloop
  endfacet
  facet normal -0.151579 -0.124249 -0.980605
    outer loop
      vertex 42.1079 -65.8921 0.33541
      vertex 42.162 -65.9581 0.33541
      vertex 41.9222 -66.1183 0.392776
    endloop
  endfacet
  facet normal 0.33878 0.181311 -0.92323
    outer loop
      vertex 41.438 -66.4419 0.33541
      vertex 41.2121 -66.5928 0.222881
      vertex 41.1467 -66.4706 0.222881
    endloop
  endfacet
  facet normal 0.33878 -0.181311 -0.92323
    outer loop
      vertex 41.2121 -65.8072 0.222881
      vertex 41.438 -65.9581 0.33541
      vertex 41.1467 -65.9294 0.222881
    endloop
  endfacet
  facet normal -0.0570678 0.187508 -0.980604
    outer loop
      vertex 41.8563 -66.3358 0.392776
      vertex 41.8849 -66.6271 0.33541
      vertex 41.8287 -66.3442 0.392776
    endloop
  endfacet
  facet normal 0.124249 -0.151579 -0.980605
    outer loop
      vertex 41.5581 -65.838 0.33541
      vertex 41.7183 -66.0778 0.392776
      vertex 41.4921 -65.8921 0.33541
    endloop
  endfacet
  facet normal 0.624848 0.334779 -0.705329
    outer loop
      vertex 41.0088 -66.7287 0.059515
      vertex 40.9593 -66.7617 0
      vertex 40.9286 -66.7044 0
    endloop
  endfacet
  facet normal 0.054708 0.554723 -0.830235
    outer loop
      vertex 41.6621 -66.8935 0.222881
      vertex 41.8 -66.9071 0.222881
      vertex 41.6144 -67.1333 0.059515
    endloop
  endfacet
  facet normal 0.367834 0.111431 -0.923191
    outer loop
      vertex 41.3729 -66.285 0.33541
      vertex 41.1467 -66.4706 0.222881
      vertex 41.1065 -66.3379 0.222881
    endloop
  endfacet
  facet normal 0.533463 0.161607 -0.830241
    outer loop
      vertex 41.1065 -66.3379 0.222881
      vertex 41.1467 -66.4706 0.222881
      vertex 40.8667 -66.3856 0.059515
    endloop
  endfacet
  facet normal 0.181311 0.33878 -0.92323
    outer loop
      vertex 41.5581 -66.562 0.33541
      vertex 41.5294 -66.8533 0.222881
      vertex 41.4072 -66.7879 0.222881
    endloop
  endfacet
  facet normal -0.264742 0.491664 -0.829565
    outer loop
      vertex 42.1642 -67.0792 0.059515
      vertex 42.1956 -67 0.0964342
      vertex 42.1928 -67.0638 0.059515
    endloop
  endfacet
  facet normal -0.263187 0.491361 -0.830239
    outer loop
      vertex 42.0706 -66.8533 0.222881
      vertex 42.1956 -67 0.0964342
      vertex 42.1642 -67.0792 0.059515
    endloop
  endfacet
  facet normal -0.262884 0.491587 -0.830201
    outer loop
      vertex 42.1956 -67 0.0964342
      vertex 42.0706 -66.8533 0.222881
      vertex 42.1886 -66.9163 0.148212
    endloop
  endfacet
  facet normal -0.339537 -0.179835 -0.923241
    outer loop
      vertex 42.2023 -66.0334 0.33541
      vertex 42.2479 -66 0.312134
      vertex 42.2417 -66.0171 0.317745
    endloop
  endfacet
  facet normal -0.3382 -0.181741 -0.923358
    outer loop
      vertex 42.2479 -66 0.312134
      vertex 42.2023 -66.0334 0.33541
      vertex 42.2589 -65.9644 0.301098
    endloop
  endfacet
  facet normal -0.161593 -0.533466 -0.830242
    outer loop
      vertex 41.9856 -65.2667 0.059515
      vertex 42.1642 -65.3208 0.059515
      vertex 41.9379 -65.5065 0.222881
    endloop
  endfacet
  facet normal -0.206248 -0.678765 -0.704798
    outer loop
      vertex 42.1869 -65.2659 0
      vertex 42.1642 -65.3208 0.059515
      vertex 42.1247 -65.247 0
    endloop
  endfacet
  facet normal 0.0190466 -0.195055 -0.980607
    outer loop
      vertex 41.8 -65.7646 0.33541
      vertex 41.7713 -66.0558 0.392776
      vertex 41.715 -65.7729 0.33541
    endloop
  endfacet
  facet normal -0.111404 -0.367745 -0.923229
    outer loop
      vertex 42.0706 -65.5467 0.222881
      vertex 41.9666 -65.7977 0.33541
      vertex 41.9379 -65.5065 0.222881
    endloop
  endfacet
  facet normal -0.333736 -0.626028 -0.704776
    outer loop
      vertex 42.1869 -65.2659 0
      vertex 42.2443 -65.2965 0
      vertex 42.1642 -65.3208 0.059515
    endloop
  endfacet
  facet normal -0.334375 -0.625089 -0.705306
    outer loop
      vertex 42.3287 -65.4088 0.059515
      vertex 42.2443 -65.2965 0
      vertex 42.3617 -65.3593 0
    endloop
  endfacet
  facet normal -0.334399 -0.625097 -0.705288
    outer loop
      vertex 42.2443 -65.2965 0
      vertex 42.3287 -65.4088 0.059515
      vertex 42.1642 -65.3208 0.059515
    endloop
  endfacet
  facet normal -0.548043 -0.449443 -0.705443
    outer loop
      vertex 42.4729 -65.5271 0.059515
      vertex 42.55 -65.5277 0
      vertex 42.55 -65.5347 0.00445975
    endloop
  endfacet
  facet normal -0.548098 -0.449261 -0.705516
    outer loop
      vertex 42.55 -65.5277 0
      vertex 42.4729 -65.5271 0.059515
      vertex 42.515 -65.485 0
    endloop
  endfacet
  facet normal 0.705472 0.0697839 -0.705294
    outer loop
      vertex 40.8484 -66.2 0.059515
      vertex 40.7953 -66.2647 0
      vertex 40.7889 -66.2 0
    endloop
  endfacet
  facet normal 0.705225 0.0691397 -0.705605
    outer loop
      vertex 40.7953 -66.2647 0
      vertex 40.8667 -66.3856 0.059515
      vertex 40.8083 -66.3973 0
    endloop
  endfacet
  facet normal 0.705605 0.069572 -0.705182
    outer loop
      vertex 40.8667 -66.3856 0.059515
      vertex 40.7953 -66.2647 0
      vertex 40.8484 -66.2 0.059515
    endloop
  endfacet
  facet normal 0.449778 -0.54825 -0.705069
    outer loop
      vertex 41.1271 -65.5271 0.059515
      vertex 41.188 -65.4006 0
      vertex 41.2713 -65.4088 0.059515
    endloop
  endfacet
  facet normal 0.449181 -0.548171 -0.705511
    outer loop
      vertex 41.188 -65.4006 0
      vertex 41.1271 -65.5271 0.059515
      vertex 41.085 -65.485 0
    endloop
  endfacet
  facet normal 0.151813 0.123901 -0.980613
    outer loop
      vertex 41.6778 -66.2817 0.392776
      vertex 41.696 -66.304 0.392776
      vertex 41.438 -66.4419 0.33541
    endloop
  endfacet
  facet normal 0 0 -1
    outer loop
      vertex 41.9442 -66.2287 0.392776
      vertex 41.9442 -66.1713 0.392776
      vertex 41.947 -66.2 0.392776
    endloop
  endfacet
  facet normal 0 0 -1
    outer loop
      vertex 41.9358 -66.2563 0.392776
      vertex 41.9442 -66.1713 0.392776
      vertex 41.9442 -66.2287 0.392776
    endloop
  endfacet
  facet normal 0 0 -1
    outer loop
      vertex 41.9358 -66.2563 0.392776
      vertex 41.9358 -66.1437 0.392776
      vertex 41.9442 -66.1713 0.392776
    endloop
  endfacet
  facet normal 0 0 -1
    outer loop
      vertex 41.9222 -66.2817 0.392776
      vertex 41.9358 -66.1437 0.392776
      vertex 41.9358 -66.2563 0.392776
    endloop
  endfacet
  facet normal 0 0 -1
    outer loop
      vertex 41.9222 -66.2817 0.392776
      vertex 41.9222 -66.1183 0.392776
      vertex 41.9358 -66.1437 0.392776
    endloop
  endfacet
  facet normal 0 0 -1
    outer loop
      vertex 41.904 -66.304 0.392776
      vertex 41.9222 -66.1183 0.392776
      vertex 41.9222 -66.2817 0.392776
    endloop
  endfacet
  facet normal 0 0 -1
    outer loop
      vertex 41.904 -66.304 0.392776
      vertex 41.904 -66.096 0.392776
      vertex 41.9222 -66.1183 0.392776
    endloop
  endfacet
  facet normal 0 0 -1
    outer loop
      vertex 41.8817 -66.3223 0.392776
      vertex 41.904 -66.096 0.392776
      vertex 41.904 -66.304 0.392776
    endloop
  endfacet
  facet normal 0 0 -1
    outer loop
      vertex 41.8817 -66.3223 0.392776
      vertex 41.8817 -66.0778 0.392776
      vertex 41.904 -66.096 0.392776
    endloop
  endfacet
  facet normal 0 0 -1
    outer loop
      vertex 41.8563 -66.3358 0.392776
      vertex 41.8817 -66.0778 0.392776
      vertex 41.8817 -66.3223 0.392776
    endloop
  endfacet
  facet normal 0 0 -1
    outer loop
      vertex 41.8563 -66.3358 0.392776
      vertex 41.8563 -66.0642 0.392776
      vertex 41.8817 -66.0778 0.392776
    endloop
  endfacet
  facet normal 0 0 -1
    outer loop
      vertex 41.8287 -66.3442 0.392776
      vertex 41.8563 -66.0642 0.392776
      vertex 41.8563 -66.3358 0.392776
    endloop
  endfacet
  facet normal 0 0 -1
    outer loop
      vertex 41.8287 -66.3442 0.392776
      vertex 41.8287 -66.0558 0.392776
      vertex 41.8563 -66.0642 0.392776
    endloop
  endfacet
  facet normal 0 0 -1
    outer loop
      vertex 41.8 -66.347 0.392776
      vertex 41.8287 -66.0558 0.392776
      vertex 41.8287 -66.3442 0.392776
    endloop
  endfacet
  facet normal 0 0 -1
    outer loop
      vertex 41.8 -66.347 0.392776
      vertex 41.8 -66.053 0.392776
      vertex 41.8287 -66.0558 0.392776
    endloop
  endfacet
  facet normal 0 0 -1
    outer loop
      vertex 41.7713 -66.3442 0.392776
      vertex 41.8 -66.053 0.392776
      vertex 41.8 -66.347 0.392776
    endloop
  endfacet
  facet normal 0 0 -1
    outer loop
      vertex 41.7713 -66.3442 0.392776
      vertex 41.7713 -66.0558 0.392776
      vertex 41.8 -66.053 0.392776
    endloop
  endfacet
  facet normal 0 0 -1
    outer loop
      vertex 41.7437 -66.3358 0.392776
      vertex 41.7713 -66.0558 0.392776
      vertex 41.7713 -66.3442 0.392776
    endloop
  endfacet
  facet normal 0 0 -1
    outer loop
      vertex 41.7437 -66.3358 0.392776
      vertex 41.7437 -66.0642 0.392776
      vertex 41.7713 -66.0558 0.392776
    endloop
  endfacet
  facet normal 0 0 -1
    outer loop
      vertex 41.7183 -66.3223 0.392776
      vertex 41.7437 -66.0642 0.392776
      vertex 41.7437 -66.3358 0.392776
    endloop
  endfacet
  facet normal 0 0 -1
    outer loop
      vertex 41.7183 -66.3223 0.392776
      vertex 41.7183 -66.0778 0.392776
      vertex 41.7437 -66.0642 0.392776
    endloop
  endfacet
  facet normal 0 0 -1
    outer loop
      vertex 41.696 -66.304 0.392776
      vertex 41.7183 -66.0778 0.392776
      vertex 41.7183 -66.3223 0.392776
    endloop
  endfacet
  facet normal 0 0 -1
    outer loop
      vertex 41.696 -66.304 0.392776
      vertex 41.696 -66.096 0.392776
      vertex 41.7183 -66.0778 0.392776
    endloop
  endfacet
  facet normal 0 0 -1
    outer loop
      vertex 41.6778 -66.2817 0.392776
      vertex 41.696 -66.096 0.392776
      vertex 41.696 -66.304 0.392776
    endloop
  endfacet
  facet normal 0 0 -1
    outer loop
      vertex 41.6778 -66.2817 0.392776
      vertex 41.6778 -66.1183 0.392776
      vertex 41.696 -66.096 0.392776
    endloop
  endfacet
  facet normal 0 0 -1
    outer loop
      vertex 41.6642 -66.2563 0.392776
      vertex 41.6778 -66.1183 0.392776
      vertex 41.6778 -66.2817 0.392776
    endloop
  endfacet
  facet normal 0 0 -1
    outer loop
      vertex 41.6642 -66.2563 0.392776
      vertex 41.6642 -66.1437 0.392776
      vertex 41.6778 -66.1183 0.392776
    endloop
  endfacet
  facet normal 0 0 -1
    outer loop
      vertex 41.6558 -66.2287 0.392776
      vertex 41.6642 -66.1437 0.392776
      vertex 41.6642 -66.2563 0.392776
    endloop
  endfacet
  facet normal 0 0 -1
    outer loop
      vertex 41.6558 -66.2287 0.392776
      vertex 41.6558 -66.1713 0.392776
      vertex 41.6642 -66.1437 0.392776
    endloop
  endfacet
  facet normal 0 -0 -1
    outer loop
      vertex 41.6558 -66.1713 0.392776
      vertex 41.6558 -66.2287 0.392776
      vertex 41.653 -66.2 0.392776
    endloop
  endfacet
  facet normal 0.0546954 -0.554725 -0.830234
    outer loop
      vertex 41.8 -65.2484 0.059515
      vertex 41.6621 -65.5065 0.222881
      vertex 41.6144 -65.2667 0.059515
    endloop
  endfacet
  facet normal 0.20593 -0.67792 -0.705703
    outer loop
      vertex 41.6144 -65.2667 0.059515
      vertex 41.4753 -65.247 0
      vertex 41.6027 -65.2083 0
    endloop
  endfacet
  facet normal 0.205571 -0.678651 -0.705106
    outer loop
      vertex 41.4753 -65.247 0
      vertex 41.6144 -65.2667 0.059515
      vertex 41.4358 -65.3208 0.059515
    endloop
  endfacet
  facet normal 0.554745 -0.0546705 -0.830222
    outer loop
      vertex 41.1065 -66.062 0.222881
      vertex 41.0929 -66.2 0.222881
      vertex 40.8667 -66.0144 0.059515
    endloop
  endfacet
  facet normal 0.15161 0.124275 -0.980597
    outer loop
      vertex 41.696 -66.304 0.392776
      vertex 41.4921 -66.5079 0.33541
      vertex 41.438 -66.4419 0.33541
    endloop
  endfacet
  facet normal -0.151906 -0.123977 -0.980589
    outer loop
      vertex 42.1079 -65.8921 0.33541
      vertex 41.9222 -66.1183 0.392776
      vertex 41.904 -66.096 0.392776
    endloop
  endfacet
  facet normal 0.151813 -0.123901 -0.980613
    outer loop
      vertex 41.696 -66.096 0.392776
      vertex 41.6778 -66.1183 0.392776
      vertex 41.438 -65.9581 0.33541
    endloop
  endfacet
  facet normal -0.0920369 0.173166 -0.980583
    outer loop
      vertex 41.8817 -66.3223 0.392776
      vertex 42.0419 -66.562 0.33541
      vertex 41.8563 -66.3358 0.392776
    endloop
  endfacet
  facet normal 0.123977 -0.151906 -0.980589
    outer loop
      vertex 41.7183 -66.0778 0.392776
      vertex 41.696 -66.096 0.392776
      vertex 41.4921 -65.8921 0.33541
    endloop
  endfacet
  facet normal 0.33878 0.181312 -0.92323
    outer loop
      vertex 41.3977 -66.3666 0.33541
      vertex 41.438 -66.4419 0.33541
      vertex 41.1467 -66.4706 0.222881
    endloop
  endfacet
  facet normal 0.26292 0.491481 -0.830252
    outer loop
      vertex 41.5294 -66.8533 0.222881
      vertex 41.4358 -67.0792 0.059515
      vertex 41.2713 -66.9912 0.059515
    endloop
  endfacet
  facet normal -0.297574 0.24262 -0.923356
    outer loop
      vertex 42.1079 -66.5079 0.33541
      vertex 42.1832 -66.5176 0.308594
      vertex 42.1825 -66.5305 0.30543
    endloop
  endfacet
  facet normal -0.297273 0.244126 -0.923055
    outer loop
      vertex 42.1832 -66.5176 0.308594
      vertex 42.1079 -66.5079 0.33541
      vertex 42.1804 -66.4541 0.32629
    endloop
  endfacet
  facet normal -0.296574 0.243101 -0.923551
    outer loop
      vertex 42.1804 -66.4541 0.32629
      vertex 42.1079 -66.5079 0.33541
      vertex 42.162 -66.4419 0.33541
    endloop
  endfacet
  facet normal -0.0190692 0.195058 -0.980606
    outer loop
      vertex 41.8287 -66.3442 0.392776
      vertex 41.8849 -66.6271 0.33541
      vertex 41.8 -66.6354 0.33541
    endloop
  endfacet
  facet normal -0.0373821 0.382379 -0.923249
    outer loop
      vertex 41.8 -66.6354 0.33541
      vertex 41.8849 -66.6271 0.33541
      vertex 41.8 -66.9071 0.222881
    endloop
  endfacet
  facet normal -0.335458 0.624818 -0.705032
    outer loop
      vertex 42.1642 -67.0792 0.059515
      vertex 42.2129 -67.1111 0.00807262
      vertex 42.2023 -67.1259 0
    endloop
  endfacet
  facet normal -0.330228 0.629732 -0.703127
    outer loop
      vertex 42.2129 -67.1111 0.00807262
      vertex 42.1642 -67.0792 0.059515
      vertex 42.2149 -67.1079 0.00999928
    endloop
  endfacet
  facet normal -0.333419 0.626178 -0.704793
    outer loop
      vertex 42.1642 -67.0792 0.059515
      vertex 42.2023 -67.1259 0
      vertex 42.1869 -67.1341 0
    endloop
  endfacet
  facet normal -0.335949 0.623905 -0.705607
    outer loop
      vertex 42.2149 -67.1079 0.00999928
      vertex 42.1642 -67.0792 0.059515
      vertex 42.1928 -67.0638 0.059515
    endloop
  endfacet
  facet normal 0.195058 -0.0190692 -0.980606
    outer loop
      vertex 41.3729 -66.1151 0.33541
      vertex 41.6558 -66.1713 0.392776
      vertex 41.3646 -66.2 0.33541
    endloop
  endfacet
  facet normal -0.187572 0.0568442 -0.980605
    outer loop
      vertex 42.1983 -66.2821 0.341069
      vertex 42.1879 -66.3607 0.338502
      vertex 41.9358 -66.2563 0.392776
    endloop
  endfacet
  facet normal 0.678785 0.206193 -0.704795
    outer loop
      vertex 40.8272 -66.4595 0
      vertex 40.9208 -66.5642 0.059515
      vertex 40.8659 -66.5869 0
    endloop
  endfacet
  facet normal 0.678377 0.205488 -0.705393
    outer loop
      vertex 40.9208 -66.5642 0.059515
      vertex 40.8272 -66.4595 0
      vertex 40.8667 -66.3856 0.059515
    endloop
  endfacet
  facet normal 0.111431 0.367834 -0.923191
    outer loop
      vertex 41.715 -66.6271 0.33541
      vertex 41.6621 -66.8935 0.222881
      vertex 41.5294 -66.8533 0.222881
    endloop
  endfacet
  facet normal 0.0377204 0.382473 -0.923196
    outer loop
      vertex 41.715 -66.6271 0.33541
      vertex 41.8 -66.9071 0.222881
      vertex 41.6621 -66.8935 0.222881
    endloop
  endfacet
  facet normal -0.0697839 0.705472 -0.705294
    outer loop
      vertex 41.8 -67.1516 0.059515
      vertex 41.8647 -67.2047 0
      vertex 41.8 -67.2111 0
    endloop
  endfacet
  facet normal 0.334779 0.624848 -0.705329
    outer loop
      vertex 41.2713 -66.9912 0.059515
      vertex 41.2956 -67.0714 0
      vertex 41.2383 -67.0407 0
    endloop
  endfacet
  facet normal 0.205987 0.677906 -0.7057
    outer loop
      vertex 41.6144 -67.1333 0.059515
      vertex 41.6027 -67.1917 0
      vertex 41.5405 -67.1728 0
    endloop
  endfacet
  facet normal -0.0570678 -0.187508 -0.980604
    outer loop
      vertex 41.8849 -65.7729 0.33541
      vertex 41.8563 -66.0642 0.392776
      vertex 41.8287 -66.0558 0.392776
    endloop
  endfacet
  facet normal -0.263013 -0.49144 -0.830248
    outer loop
      vertex 42.1642 -65.3208 0.059515
      vertex 42.1928 -65.6121 0.222881
      vertex 42.0706 -65.5467 0.222881
    endloop
  endfacet
  facet normal -0.0697839 -0.705472 -0.705294
    outer loop
      vertex 41.8 -65.1889 0
      vertex 41.8647 -65.1953 0
      vertex 41.8 -65.2484 0.059515
    endloop
  endfacet
  facet normal -0.161605 -0.533456 -0.830246
    outer loop
      vertex 42.1642 -65.3208 0.059515
      vertex 42.0706 -65.5467 0.222881
      vertex 41.9379 -65.5065 0.222881
    endloop
  endfacet
  facet normal -0.0546954 -0.554725 -0.830234
    outer loop
      vertex 41.9856 -65.2667 0.059515
      vertex 41.9379 -65.5065 0.222881
      vertex 41.8 -65.2484 0.059515
    endloop
  endfacet
  facet normal -0.449076 -0.548265 -0.705504
    outer loop
      vertex 42.515 -65.485 0
      vertex 42.4729 -65.5271 0.059515
      vertex 42.4647 -65.4438 0
    endloop
  endfacet
  facet normal 0.449911 -0.547954 -0.705214
    outer loop
      vertex 41.2383 -65.3593 0
      vertex 41.2713 -65.4088 0.059515
      vertex 41.188 -65.4006 0
    endloop
  endfacet
  facet normal -0.0925127 -0.172781 -0.980606
    outer loop
      vertex 42.0419 -65.838 0.33541
      vertex 41.8817 -66.0778 0.392776
      vertex 41.8563 -66.0642 0.392776
    endloop
  endfacet
  facet normal -0.151906 0.123977 -0.980589
    outer loop
      vertex 41.9222 -66.2817 0.392776
      vertex 42.1079 -66.5079 0.33541
      vertex 41.904 -66.304 0.392776
    endloop
  endfacet
  facet normal 0.161593 -0.533466 -0.830242
    outer loop
      vertex 41.6144 -65.2667 0.059515
      vertex 41.6621 -65.5065 0.222881
      vertex 41.4358 -65.3208 0.059515
    endloop
  endfacet
  facet normal 0.111404 -0.367745 -0.923229
    outer loop
      vertex 41.6621 -65.5065 0.222881
      vertex 41.6334 -65.7977 0.33541
      vertex 41.5294 -65.5467 0.222881
    endloop
  endfacet
  facet normal -0.0190297 -0.195054 -0.980608
    outer loop
      vertex 41.8 -65.7646 0.33541
      vertex 41.8287 -66.0558 0.392776
      vertex 41.8 -66.053 0.392776
    endloop
  endfacet
  facet normal 0.0547086 -0.55473 -0.83023
    outer loop
      vertex 41.8 -65.2484 0.059515
      vertex 41.8 -65.4929 0.222881
      vertex 41.6621 -65.5065 0.222881
    endloop
  endfacet
  facet normal 0.491393 -0.262988 -0.830284
    outer loop
      vertex 41.2121 -65.8072 0.222881
      vertex 41.1467 -65.9294 0.222881
      vertex 41.0088 -65.6713 0.059515
    endloop
  endfacet
  facet normal 0.491481 -0.26292 -0.830252
    outer loop
      vertex 41.0088 -65.6713 0.059515
      vertex 41.1467 -65.9294 0.222881
      vertex 40.9208 -65.8358 0.059515
    endloop
  endfacet
  facet normal -0.172805 -0.0924837 -0.980605
    outer loop
      vertex 42.162 -65.9581 0.33541
      vertex 42.2023 -66.0334 0.33541
      vertex 41.9358 -66.1437 0.392776
    endloop
  endfacet
  facet normal -0.33871 -0.181275 -0.923263
    outer loop
      vertex 42.162 -65.9581 0.33541
      vertex 42.2589 -65.9644 0.301098
      vertex 42.2023 -66.0334 0.33541
    endloop
  endfacet
  facet normal -0.338711 -0.181022 -0.923312
    outer loop
      vertex 42.2589 -65.9644 0.301098
      vertex 42.162 -65.9581 0.33541
      vertex 42.2867 -65.8748 0.273333
    endloop
  endfacet
  facet normal -0.353429 -0.431031 -0.830241
    outer loop
      vertex 42.4729 -65.5271 0.059515
      vertex 42.3 -65.7 0.222881
      vertex 42.1928 -65.6121 0.222881
    endloop
  endfacet
  facet normal -0.243654 -0.297152 -0.923219
    outer loop
      vertex 42.1928 -65.6121 0.222881
      vertex 42.3 -65.7 0.222881
      vertex 42.1079 -65.8921 0.33541
    endloop
  endfacet
  facet normal -0.0190297 0.195054 -0.980608
    outer loop
      vertex 41.8 -66.347 0.392776
      vertex 41.8287 -66.3442 0.392776
      vertex 41.8 -66.6354 0.33541
    endloop
  endfacet
  facet normal -0.124275 0.15161 -0.980597
    outer loop
      vertex 42.1079 -66.5079 0.33541
      vertex 42.0419 -66.562 0.33541
      vertex 41.904 -66.304 0.392776
    endloop
  endfacet
  facet normal 0.181312 -0.338779 -0.923231
    outer loop
      vertex 41.6334 -65.7977 0.33541
      vertex 41.5581 -65.838 0.33541
      vertex 41.4072 -65.6121 0.222881
    endloop
  endfacet
  facet normal 0.124372 0.151557 -0.980593
    outer loop
      vertex 41.696 -66.304 0.392776
      vertex 41.7183 -66.3223 0.392776
      vertex 41.5581 -66.562 0.33541
    endloop
  endfacet
  facet normal -0.0569227 0.187524 -0.980609
    outer loop
      vertex 41.9666 -66.6023 0.33541
      vertex 41.8849 -66.6271 0.33541
      vertex 41.8563 -66.3358 0.392776
    endloop
  endfacet
  facet normal 0.0570622 -0.18749 -0.980608
    outer loop
      vertex 41.7713 -66.0558 0.392776
      vertex 41.7437 -66.0642 0.392776
      vertex 41.715 -65.7729 0.33541
    endloop
  endfacet
  facet normal 0.24361 0.297195 -0.923217
    outer loop
      vertex 41.4921 -66.5079 0.33541
      vertex 41.5581 -66.562 0.33541
      vertex 41.3 -66.7 0.222881
    endloop
  endfacet
  facet normal 0.0190466 0.195055 -0.980607
    outer loop
      vertex 41.7713 -66.3442 0.392776
      vertex 41.8 -66.6354 0.33541
      vertex 41.715 -66.6271 0.33541
    endloop
  endfacet
  facet normal 0.0570622 0.18749 -0.980608
    outer loop
      vertex 41.7437 -66.3358 0.392776
      vertex 41.7713 -66.3442 0.392776
      vertex 41.715 -66.6271 0.33541
    endloop
  endfacet
  facet normal 0.187524 -0.0569227 -0.980609
    outer loop
      vertex 41.3977 -66.0334 0.33541
      vertex 41.6642 -66.1437 0.392776
      vertex 41.3729 -66.1151 0.33541
    endloop
  endfacet
  facet normal -0.262549 0.49203 -0.830045
    outer loop
      vertex 42.0706 -66.8533 0.222881
      vertex 42.1859 -66.8846 0.167857
      vertex 42.1886 -66.9163 0.148212
    endloop
  endfacet
  facet normal -0.262787 0.491536 -0.830262
    outer loop
      vertex 42.1859 -66.8846 0.167857
      vertex 42.0706 -66.8533 0.222881
      vertex 42.1688 -66.8008 0.222881
    endloop
  endfacet
  facet normal -0.173168 0.0913042 -0.980651
    outer loop
      vertex 41.9222 -66.2817 0.392776
      vertex 42.1879 -66.3607 0.338502
      vertex 42.1878 -66.3622 0.33838
    endloop
  endfacet
  facet normal -0.172797 0.092521 -0.980602
    outer loop
      vertex 42.1879 -66.3607 0.338502
      vertex 41.9222 -66.2817 0.392776
      vertex 41.9358 -66.2563 0.392776
    endloop
  endfacet
  facet normal -0.181232 0.338991 -0.923169
    outer loop
      vertex 42.0706 -66.8533 0.222881
      vertex 42.1726 -66.7654 0.235134
      vertex 42.1688 -66.8008 0.222881
    endloop
  endfacet
  facet normal -0.180272 0.337956 -0.923736
    outer loop
      vertex 42.1726 -66.7654 0.235134
      vertex 42.0706 -66.8533 0.222881
      vertex 42.1727 -66.7578 0.237895
    endloop
  endfacet
  facet normal -0.181139 0.338806 -0.923255
    outer loop
      vertex 42.1727 -66.7578 0.237895
      vertex 42.0706 -66.8533 0.222881
      vertex 42.0419 -66.562 0.33541
    endloop
  endfacet
  facet normal -0.151579 0.124249 -0.980605
    outer loop
      vertex 42.162 -66.4419 0.33541
      vertex 42.1079 -66.5079 0.33541
      vertex 41.9222 -66.2817 0.392776
    endloop
  endfacet
  facet normal -0.195069 0.0144496 -0.980683
    outer loop
      vertex 42.2078 -66.2027 0.34086
      vertex 41.947 -66.2 0.392776
      vertex 42.208 -66.2 0.34086
    endloop
  endfacet
  facet normal -0.195009 0.0190253 -0.980617
    outer loop
      vertex 41.947 -66.2 0.392776
      vertex 42.2078 -66.2027 0.34086
      vertex 41.9442 -66.2287 0.392776
    endloop
  endfacet
  facet normal 0.491393 0.262988 -0.830284
    outer loop
      vertex 41.1467 -66.4706 0.222881
      vertex 41.2121 -66.5928 0.222881
      vertex 41.0088 -66.7287 0.059515
    endloop
  endfacet
  facet normal 0.624862 0.334273 -0.705555
    outer loop
      vertex 40.9286 -66.7044 0
      vertex 40.9208 -66.5642 0.059515
      vertex 41.0088 -66.7287 0.059515
    endloop
  endfacet
  facet normal 0.625906 0.333994 -0.704762
    outer loop
      vertex 40.9208 -66.5642 0.059515
      vertex 40.9286 -66.7044 0
      vertex 40.8659 -66.5869 0
    endloop
  endfacet
  facet normal 0.29714 -0.243644 -0.923226
    outer loop
      vertex 41.3 -65.7 0.222881
      vertex 41.438 -65.9581 0.33541
      vertex 41.2121 -65.8072 0.222881
    endloop
  endfacet
  facet normal 0.0920369 0.173166 -0.980583
    outer loop
      vertex 41.7183 -66.3223 0.392776
      vertex 41.7437 -66.3358 0.392776
      vertex 41.5581 -66.562 0.33541
    endloop
  endfacet
  facet normal 0.0569848 0.187498 -0.980611
    outer loop
      vertex 41.7437 -66.3358 0.392776
      vertex 41.715 -66.6271 0.33541
      vertex 41.6334 -66.6023 0.33541
    endloop
  endfacet
  facet normal 0.0924837 0.172805 -0.980605
    outer loop
      vertex 41.7437 -66.3358 0.392776
      vertex 41.6334 -66.6023 0.33541
      vertex 41.5581 -66.562 0.33541
    endloop
  endfacet
  facet normal 0.0697839 0.705472 -0.705294
    outer loop
      vertex 41.8 -67.1516 0.059515
      vertex 41.8 -67.2111 0
      vertex 41.7353 -67.2047 0
    endloop
  endfacet
  facet normal -0.195097 0.0189989 -0.9806
    outer loop
      vertex 41.9442 -66.2287 0.392776
      vertex 42.202 -66.261 0.340859
      vertex 42.1987 -66.2793 0.341161
    endloop
  endfacet
  facet normal -0.195045 0.019421 -0.980602
    outer loop
      vertex 42.202 -66.261 0.340859
      vertex 41.9442 -66.2287 0.392776
      vertex 42.2078 -66.2027 0.34086
    endloop
  endfacet
  facet normal 0.0377106 -0.382374 -0.923238
    outer loop
      vertex 41.8 -65.4929 0.222881
      vertex 41.8 -65.7646 0.33541
      vertex 41.6621 -65.5065 0.222881
    endloop
  endfacet
  facet normal 0.037354 -0.382541 -0.923183
    outer loop
      vertex 41.8 -65.7646 0.33541
      vertex 41.715 -65.7729 0.33541
      vertex 41.6621 -65.5065 0.222881
    endloop
  endfacet
  facet normal -0.205571 -0.678651 -0.705106
    outer loop
      vertex 41.9856 -65.2667 0.059515
      vertex 42.1247 -65.247 0
      vertex 42.1642 -65.3208 0.059515
    endloop
  endfacet
  facet normal -0.20593 -0.67792 -0.705703
    outer loop
      vertex 42.1247 -65.247 0
      vertex 41.9856 -65.2667 0.059515
      vertex 41.9973 -65.2083 0
    endloop
  endfacet
  facet normal -0.0691397 -0.705225 -0.705605
    outer loop
      vertex 41.9856 -65.2667 0.059515
      vertex 41.8647 -65.1953 0
      vertex 41.9973 -65.2083 0
    endloop
  endfacet
  facet normal -0.069572 -0.705605 -0.705182
    outer loop
      vertex 41.8647 -65.1953 0
      vertex 41.9856 -65.2667 0.059515
      vertex 41.8 -65.2484 0.059515
    endloop
  endfacet
  facet normal -0.547922 -0.449295 -0.705632
    outer loop
      vertex 42.5005 -65.5608 0.059515
      vertex 42.55 -65.5347 0.00445975
      vertex 42.55 -65.5434 0.00999928
    endloop
  endfacet
  facet normal -0.548159 -0.448937 -0.705675
    outer loop
      vertex 42.55 -65.5347 0.00445975
      vertex 42.5005 -65.5608 0.059515
      vertex 42.4729 -65.5271 0.059515
    endloop
  endfacet
  facet normal 0.353382 -0.430973 -0.830291
    outer loop
      vertex 41.4072 -65.6121 0.222881
      vertex 41.3 -65.7 0.222881
      vertex 41.2713 -65.4088 0.059515
    endloop
  endfacet
  facet normal 0.548127 -0.449677 -0.705228
    outer loop
      vertex 41.0088 -65.6713 0.059515
      vertex 41.0438 -65.5353 0
      vertex 41.1271 -65.5271 0.059515
    endloop
  endfacet
  facet normal 0.548127 -0.449677 -0.705228
    outer loop
      vertex 41.0438 -65.5353 0
      vertex 41.0088 -65.6713 0.059515
      vertex 40.9593 -65.6383 0
    endloop
  endfacet
  facet normal 0.678765 -0.206248 -0.704798
    outer loop
      vertex 40.8659 -65.8131 0
      vertex 40.9208 -65.8358 0.059515
      vertex 40.847 -65.8753 0
    endloop
  endfacet
  facet normal 0.678651 -0.205571 -0.705106
    outer loop
      vertex 40.8667 -66.0144 0.059515
      vertex 40.847 -65.8753 0
      vertex 40.9208 -65.8358 0.059515
    endloop
  endfacet
  facet normal 0.67792 -0.20593 -0.705703
    outer loop
      vertex 40.847 -65.8753 0
      vertex 40.8667 -66.0144 0.059515
      vertex 40.8083 -66.0027 0
    endloop
  endfacet
  facet normal 0.33878 -0.181312 -0.92323
    outer loop
      vertex 41.438 -65.9581 0.33541
      vertex 41.3977 -66.0334 0.33541
      vertex 41.1467 -65.9294 0.222881
    endloop
  endfacet
  facet normal 0.431031 -0.353429 -0.830241
    outer loop
      vertex 41.3 -65.7 0.222881
      vertex 41.2121 -65.8072 0.222881
      vertex 41.1271 -65.5271 0.059515
    endloop
  endfacet
  facet normal 0.262901 -0.491446 -0.830279
    outer loop
      vertex 41.4358 -65.3208 0.059515
      vertex 41.4072 -65.6121 0.222881
      vertex 41.2713 -65.4088 0.059515
    endloop
  endfacet
  facet normal 0.334399 -0.625097 -0.705288
    outer loop
      vertex 41.2713 -65.4088 0.059515
      vertex 41.3557 -65.2965 0
      vertex 41.4358 -65.3208 0.059515
    endloop
  endfacet
  facet normal 0.334375 -0.625089 -0.705306
    outer loop
      vertex 41.3557 -65.2965 0
      vertex 41.2713 -65.4088 0.059515
      vertex 41.2383 -65.3593 0
    endloop
  endfacet
  facet normal 0.18749 0.0570622 -0.980608
    outer loop
      vertex 41.6558 -66.2287 0.392776
      vertex 41.6642 -66.2563 0.392776
      vertex 41.3729 -66.285 0.33541
    endloop
  endfacet
  facet normal 0.161605 -0.533456 -0.830246
    outer loop
      vertex 41.6621 -65.5065 0.222881
      vertex 41.5294 -65.5467 0.222881
      vertex 41.4358 -65.3208 0.059515
    endloop
  endfacet
  facet normal 0.263013 -0.49144 -0.830248
    outer loop
      vertex 41.4358 -65.3208 0.059515
      vertex 41.5294 -65.5467 0.222881
      vertex 41.4072 -65.6121 0.222881
    endloop
  endfacet
  facet normal 0.0925177 -0.17279 -0.980604
    outer loop
      vertex 41.7437 -66.0642 0.392776
      vertex 41.7183 -66.0778 0.392776
      vertex 41.6334 -65.7977 0.33541
    endloop
  endfacet
  facet normal 0.187498 0.0569848 -0.980611
    outer loop
      vertex 41.6642 -66.2563 0.392776
      vertex 41.3977 -66.3666 0.33541
      vertex 41.3729 -66.285 0.33541
    endloop
  endfacet
  facet normal -0.297008 -0.243456 -0.923318
    outer loop
      vertex 42.1079 -65.8921 0.33541
      vertex 42.2867 -65.8748 0.273333
      vertex 42.162 -65.9581 0.33541
    endloop
  endfacet
  facet normal -0.296939 -0.243862 -0.923233
    outer loop
      vertex 42.2867 -65.8748 0.273333
      vertex 42.1079 -65.8921 0.33541
      vertex 42.303 -65.8329 0.257023
    endloop
  endfacet
  facet normal -0.243593 -0.297175 -0.923228
    outer loop
      vertex 42.1928 -65.6121 0.222881
      vertex 42.1079 -65.8921 0.33541
      vertex 42.0419 -65.838 0.33541
    endloop
  endfacet
  facet normal -0.0924837 -0.172805 -0.980605
    outer loop
      vertex 41.9666 -65.7977 0.33541
      vertex 42.0419 -65.838 0.33541
      vertex 41.8563 -66.0642 0.392776
    endloop
  endfacet
  facet normal -0.297114 -0.24387 -0.923174
    outer loop
      vertex 42.303 -65.8329 0.257023
      vertex 42.3 -65.7 0.222881
      vertex 42.3371 -65.7452 0.222881
    endloop
  endfacet
  facet normal -0.296932 -0.24388 -0.92323
    outer loop
      vertex 42.3 -65.7 0.222881
      vertex 42.303 -65.8329 0.257023
      vertex 42.1079 -65.8921 0.33541
    endloop
  endfacet
  facet normal -0.430901 -0.353682 -0.830201
    outer loop
      vertex 42.3 -65.7 0.222881
      vertex 42.443 -65.6257 0.117006
      vertex 42.3371 -65.7452 0.222881
    endloop
  endfacet
  facet normal -0.431095 -0.353361 -0.830237
    outer loop
      vertex 42.443 -65.6257 0.117006
      vertex 42.3 -65.7 0.222881
      vertex 42.4729 -65.5271 0.059515
    endloop
  endfacet
  facet normal 0.172805 0.0924837 -0.980605
    outer loop
      vertex 41.6642 -66.2563 0.392776
      vertex 41.438 -66.4419 0.33541
      vertex 41.3977 -66.3666 0.33541
    endloop
  endfacet
  facet normal -0.124372 0.151557 -0.980593
    outer loop
      vertex 41.904 -66.304 0.392776
      vertex 42.0419 -66.562 0.33541
      vertex 41.8817 -66.3223 0.392776
    endloop
  endfacet
  facet normal 0.092482 -0.172801 -0.980605
    outer loop
      vertex 41.6334 -65.7977 0.33541
      vertex 41.7183 -66.0778 0.392776
      vertex 41.5581 -65.838 0.33541
    endloop
  endfacet
  facet normal 0.0190297 0.195054 -0.980608
    outer loop
      vertex 41.8 -66.347 0.392776
      vertex 41.8 -66.6354 0.33541
      vertex 41.7713 -66.3442 0.392776
    endloop
  endfacet
  facet normal 0.172781 0.0925127 -0.980606
    outer loop
      vertex 41.6642 -66.2563 0.392776
      vertex 41.6778 -66.2817 0.392776
      vertex 41.438 -66.4419 0.33541
    endloop
  endfacet
  facet normal -0.111605 0.367666 -0.923237
    outer loop
      vertex 41.9666 -66.6023 0.33541
      vertex 42.0706 -66.8533 0.222881
      vertex 41.8849 -66.6271 0.33541
    endloop
  endfacet
  facet normal -0.181312 0.33878 -0.92323
    outer loop
      vertex 42.0419 -66.562 0.33541
      vertex 42.0706 -66.8533 0.222881
      vertex 41.9666 -66.6023 0.33541
    endloop
  endfacet
  facet normal -0.111421 0.367801 -0.923205
    outer loop
      vertex 42.0706 -66.8533 0.222881
      vertex 41.9379 -66.8935 0.222881
      vertex 41.8849 -66.6271 0.33541
    endloop
  endfacet
  facet normal -0.0377192 0.382462 -0.923201
    outer loop
      vertex 41.8849 -66.6271 0.33541
      vertex 41.9379 -66.8935 0.222881
      vertex 41.8 -66.9071 0.222881
    endloop
  endfacet
  facet normal 0.195054 -0.0190297 -0.980608
    outer loop
      vertex 41.6558 -66.1713 0.392776
      vertex 41.653 -66.2 0.392776
      vertex 41.3646 -66.2 0.33541
    endloop
  endfacet
  facet normal -0.187146 0.0589536 -0.980562
    outer loop
      vertex 42.1983 -66.2821 0.341069
      vertex 41.9442 -66.2287 0.392776
      vertex 42.1987 -66.2793 0.341161
    endloop
  endfacet
  facet normal -0.187547 0.0570794 -0.980596
    outer loop
      vertex 41.9442 -66.2287 0.392776
      vertex 42.1983 -66.2821 0.341069
      vertex 41.9358 -66.2563 0.392776
    endloop
  endfacet
  facet normal 0.491481 0.26292 -0.830252
    outer loop
      vertex 41.1467 -66.4706 0.222881
      vertex 41.0088 -66.7287 0.059515
      vertex 40.9208 -66.5642 0.059515
    endloop
  endfacet
  facet normal 0.533461 0.161592 -0.830245
    outer loop
      vertex 41.1467 -66.4706 0.222881
      vertex 40.9208 -66.5642 0.059515
      vertex 40.8667 -66.3856 0.059515
    endloop
  endfacet
  facet normal 0.548171 0.449181 -0.705511
    outer loop
      vertex 41.0006 -66.812 0
      vertex 41.1271 -66.8729 0.059515
      vertex 41.085 -66.915 0
    endloop
  endfacet
  facet normal 0.54825 0.449778 -0.705069
    outer loop
      vertex 41.1271 -66.8729 0.059515
      vertex 41.0006 -66.812 0
      vertex 41.0088 -66.7287 0.059515
    endloop
  endfacet
  facet normal 0.547954 0.449911 -0.705214
    outer loop
      vertex 41.0088 -66.7287 0.059515
      vertex 41.0006 -66.812 0
      vertex 40.9593 -66.7617 0
    endloop
  endfacet
  facet normal 0.187508 -0.0570678 -0.980604
    outer loop
      vertex 41.6642 -66.1437 0.392776
      vertex 41.6558 -66.1713 0.392776
      vertex 41.3729 -66.1151 0.33541
    endloop
  endfacet
  facet normal -0.195065 -0.019222 -0.980602
    outer loop
      vertex 41.9442 -66.1713 0.392776
      vertex 42.2182 -66.1308 0.337477
      vertex 42.2084 -66.1973 0.34073
    endloop
  endfacet
  facet normal -0.19521 -0.0182256 -0.980592
    outer loop
      vertex 42.2182 -66.1308 0.337477
      vertex 41.9442 -66.1713 0.392776
      vertex 42.2192 -66.1166 0.337014
    endloop
  endfacet
  facet normal -0.195057 -0.0183177 -0.980621
    outer loop
      vertex 41.947 -66.2 0.392776
      vertex 42.2084 -66.1973 0.34073
      vertex 42.208 -66.2 0.34086
    endloop
  endfacet
  facet normal -0.195047 -0.019029 -0.980609
    outer loop
      vertex 42.2084 -66.1973 0.34073
      vertex 41.947 -66.2 0.392776
      vertex 41.9442 -66.1713 0.392776
    endloop
  endfacet
  facet normal -0.0569227 -0.187524 -0.980609
    outer loop
      vertex 41.8849 -65.7729 0.33541
      vertex 41.9666 -65.7977 0.33541
      vertex 41.8563 -66.0642 0.392776
    endloop
  endfacet
  facet normal -0.111632 -0.367755 -0.923198
    outer loop
      vertex 41.9379 -65.5065 0.222881
      vertex 41.9666 -65.7977 0.33541
      vertex 41.8849 -65.7729 0.33541
    endloop
  endfacet
  facet normal 0.548265 -0.449076 -0.705504
    outer loop
      vertex 41.085 -65.485 0
      vertex 41.1271 -65.5271 0.059515
      vertex 41.0438 -65.5353 0
    endloop
  endfacet
  facet normal 0.533415 -0.161714 -0.830251
    outer loop
      vertex 41.1467 -65.9294 0.222881
      vertex 41.1065 -66.062 0.222881
      vertex 40.9208 -65.8358 0.059515
    endloop
  endfacet
  facet normal 0.36775 -0.11149 -0.923217
    outer loop
      vertex 41.1467 -65.9294 0.222881
      vertex 41.3729 -66.1151 0.33541
      vertex 41.1065 -66.062 0.222881
    endloop
  endfacet
  facet normal 0.43089 -0.353497 -0.830285
    outer loop
      vertex 41.1271 -65.5271 0.059515
      vertex 41.2121 -65.8072 0.222881
      vertex 41.0088 -65.6713 0.059515
    endloop
  endfacet
  facet normal 0.353533 -0.430933 -0.830248
    outer loop
      vertex 41.2713 -65.4088 0.059515
      vertex 41.3 -65.7 0.222881
      vertex 41.1271 -65.5271 0.059515
    endloop
  endfacet
  facet normal 0.172781 -0.0925127 -0.980606
    outer loop
      vertex 41.6778 -66.1183 0.392776
      vertex 41.6642 -66.1437 0.392776
      vertex 41.438 -65.9581 0.33541
    endloop
  endfacet
  facet normal 0.15161 -0.124275 -0.980597
    outer loop
      vertex 41.4921 -65.8921 0.33541
      vertex 41.696 -66.096 0.392776
      vertex 41.438 -65.9581 0.33541
    endloop
  endfacet
  facet normal -0.124249 -0.151579 -0.980605
    outer loop
      vertex 42.0419 -65.838 0.33541
      vertex 42.1079 -65.8921 0.33541
      vertex 41.8817 -66.0778 0.392776
    endloop
  endfacet
  facet normal -0.161593 0.533466 -0.830242
    outer loop
      vertex 42.1642 -67.0792 0.059515
      vertex 41.9856 -67.1333 0.059515
      vertex 41.9379 -66.8935 0.222881
    endloop
  endfacet
  facet normal -0.054708 0.554723 -0.830235
    outer loop
      vertex 41.9379 -66.8935 0.222881
      vertex 41.9856 -67.1333 0.059515
      vertex 41.8 -66.9071 0.222881
    endloop
  endfacet
  facet normal -0.337715 0.18113 -0.923656
    outer loop
      vertex 42.1834 -66.402 0.33541
      vertex 42.1804 -66.4541 0.32629
      vertex 42.162 -66.4419 0.33541
    endloop
  endfacet
  facet normal -0.172401 0.092466 -0.980677
    outer loop
      vertex 42.162 -66.4419 0.33541
      vertex 42.1854 -66.3902 0.336171
      vertex 42.1834 -66.402 0.33541
    endloop
  endfacet
  facet normal -0.171561 0.0920881 -0.98086
    outer loop
      vertex 42.1854 -66.3902 0.336171
      vertex 42.162 -66.4419 0.33541
      vertex 42.1878 -66.3622 0.33838
    endloop
  endfacet
  facet normal -0.172802 0.0924805 -0.980605
    outer loop
      vertex 42.1878 -66.3622 0.33838
      vertex 42.162 -66.4419 0.33541
      vertex 41.9222 -66.2817 0.392776
    endloop
  endfacet
  facet normal -0.297377 0.243164 -0.923276
    outer loop
      vertex 42.1825 -66.5305 0.30543
      vertex 42.1797 -66.5797 0.293374
      vertex 42.1079 -66.5079 0.33541
    endloop
  endfacet
  facet normal -0.243405 0.297483 -0.923178
    outer loop
      vertex 42.0419 -66.562 0.33541
      vertex 42.1797 -66.5797 0.293374
      vertex 42.1811 -66.6364 0.274734
    endloop
  endfacet
  facet normal -0.243495 0.297055 -0.923292
    outer loop
      vertex 42.1797 -66.5797 0.293374
      vertex 42.0419 -66.562 0.33541
      vertex 42.1079 -66.5079 0.33541
    endloop
  endfacet
  facet normal 0.333994 0.625906 -0.704762
    outer loop
      vertex 41.2956 -67.0714 0
      vertex 41.4358 -67.0792 0.059515
      vertex 41.4131 -67.1341 0
    endloop
  endfacet
  facet normal 0.334273 0.624862 -0.705555
    outer loop
      vertex 41.4358 -67.0792 0.059515
      vertex 41.2956 -67.0714 0
      vertex 41.2713 -66.9912 0.059515
    endloop
  endfacet
  facet normal 0.430933 0.353533 -0.830248
    outer loop
      vertex 41.3 -66.7 0.222881
      vertex 41.1271 -66.8729 0.059515
      vertex 41.0088 -66.7287 0.059515
    endloop
  endfacet
  facet normal -0.181312 -0.338779 -0.923231
    outer loop
      vertex 42.1928 -65.6121 0.222881
      vertex 42.0419 -65.838 0.33541
      vertex 41.9666 -65.7977 0.33541
    endloop
  endfacet
  facet normal -0.181311 -0.33878 -0.92323
    outer loop
      vertex 42.0706 -65.5467 0.222881
      vertex 42.1928 -65.6121 0.222881
      vertex 41.9666 -65.7977 0.33541
    endloop
  endfacet
  facet normal 0.297195 -0.24361 -0.923217
    outer loop
      vertex 41.4921 -65.8921 0.33541
      vertex 41.438 -65.9581 0.33541
      vertex 41.3 -65.7 0.222881
    endloop
  endfacet
  facet normal 0.243654 -0.297152 -0.923219
    outer loop
      vertex 41.4072 -65.6121 0.222881
      vertex 41.4921 -65.8921 0.33541
      vertex 41.3 -65.7 0.222881
    endloop
  endfacet
  facet normal -0.20593 0.67792 -0.705703
    outer loop
      vertex 41.9856 -67.1333 0.059515
      vertex 42.1247 -67.153 0
      vertex 41.9973 -67.1917 0
    endloop
  endfacet
  facet normal -0.205571 0.678651 -0.705106
    outer loop
      vertex 42.1247 -67.153 0
      vertex 41.9856 -67.1333 0.059515
      vertex 42.1642 -67.0792 0.059515
    endloop
  endfacet
  facet normal -0.206248 0.678765 -0.704798
    outer loop
      vertex 42.1642 -67.0792 0.059515
      vertex 42.1869 -67.1341 0
      vertex 42.1247 -67.153 0
    endloop
  endfacet
  facet normal -0.243688 0.29702 -0.923252
    outer loop
      vertex 42.0419 -66.562 0.33541
      vertex 42.1812 -66.6429 0.272616
      vertex 42.1727 -66.7578 0.237895
    endloop
  endfacet
  facet normal -0.243645 0.297087 -0.923242
    outer loop
      vertex 42.1812 -66.6429 0.272616
      vertex 42.0419 -66.562 0.33541
      vertex 42.1811 -66.6364 0.274734
    endloop
  endfacet
  facet normal 0.449778 0.54825 -0.705069
    outer loop
      vertex 41.188 -66.9994 0
      vertex 41.1271 -66.8729 0.059515
      vertex 41.2713 -66.9912 0.059515
    endloop
  endfacet
  facet normal 0.449181 0.548171 -0.705511
    outer loop
      vertex 41.1271 -66.8729 0.059515
      vertex 41.188 -66.9994 0
      vertex 41.085 -66.915 0
    endloop
  endfacet
  facet normal 0.353533 0.430933 -0.830248
    outer loop
      vertex 41.3 -66.7 0.222881
      vertex 41.2713 -66.9912 0.059515
      vertex 41.1271 -66.8729 0.059515
    endloop
  endfacet
  facet normal 0.205488 0.678377 -0.705393
    outer loop
      vertex 41.5405 -67.1728 0
      vertex 41.4358 -67.0792 0.059515
      vertex 41.6144 -67.1333 0.059515
    endloop
  endfacet
  facet normal 0.206193 0.678785 -0.704795
    outer loop
      vertex 41.4358 -67.0792 0.059515
      vertex 41.5405 -67.1728 0
      vertex 41.4131 -67.1341 0
    endloop
  endfacet
  facet normal 0.161592 0.533461 -0.830245
    outer loop
      vertex 41.5294 -66.8533 0.222881
      vertex 41.6144 -67.1333 0.059515
      vertex 41.4358 -67.0792 0.059515
    endloop
  endfacet
  facet normal 0.243644 0.29714 -0.923226
    outer loop
      vertex 41.5581 -66.562 0.33541
      vertex 41.4072 -66.7879 0.222881
      vertex 41.3 -66.7 0.222881
    endloop
  endfacet
  facet normal 0.353382 0.430973 -0.830291
    outer loop
      vertex 41.3 -66.7 0.222881
      vertex 41.4072 -66.7879 0.222881
      vertex 41.2713 -66.9912 0.059515
    endloop
  endfacet
  facet normal 0.297195 0.24361 -0.923217
    outer loop
      vertex 41.438 -66.4419 0.33541
      vertex 41.4921 -66.5079 0.33541
      vertex 41.3 -66.7 0.222881
    endloop
  endfacet
  facet normal 0.29714 0.243644 -0.923226
    outer loop
      vertex 41.438 -66.4419 0.33541
      vertex 41.3 -66.7 0.222881
      vertex 41.2121 -66.5928 0.222881
    endloop
  endfacet
  facet normal 0.111727 0.367617 -0.923242
    outer loop
      vertex 41.6334 -66.6023 0.33541
      vertex 41.715 -66.6271 0.33541
      vertex 41.5294 -66.8533 0.222881
    endloop
  endfacet
  facet normal 0.181312 0.33878 -0.92323
    outer loop
      vertex 41.5581 -66.562 0.33541
      vertex 41.6334 -66.6023 0.33541
      vertex 41.5294 -66.8533 0.222881
    endloop
  endfacet
  facet normal -0.936172 0.351542 0
    outer loop
      vertex 34.6478 -61.0654 0
      vertex 34.6938 -60.9429 0.4
      vertex 34.6938 -60.9429 0
    endloop
  endfacet
  facet normal -0.936172 0.351542 0
    outer loop
      vertex 34.6938 -60.9429 0.4
      vertex 34.6478 -61.0654 0
      vertex 34.6478 -61.0654 0.4
    endloop
  endfacet
  facet normal -0.936172 0.351542 0
    outer loop
      vertex 34.6478 -61.0654 1.5
      vertex 34.6938 -60.9429 5.3
      vertex 34.6938 -60.9429 1.5
    endloop
  endfacet
  facet normal -0.936172 0.351542 0
    outer loop
      vertex 34.6938 -60.9429 5.3
      vertex 34.6478 -61.0654 1.5
      vertex 34.6478 -61.0654 5.3
    endloop
  endfacet
  facet normal -0.162665 0.986681 0
    outer loop
      vertex 33.1902 -62.2616 0
      vertex 33.061 -62.2829 0.4
      vertex 33.1902 -62.2616 0.4
    endloop
  endfacet
  facet normal -0.162665 0.986681 0
    outer loop
      vertex 33.061 -62.2829 0.4
      vertex 33.1902 -62.2616 0
      vertex 33.061 -62.2829 0
    endloop
  endfacet
  facet normal -0.162665 0.986681 0
    outer loop
      vertex 33.1902 -62.2616 1.5
      vertex 33.061 -62.2829 5.3
      vertex 33.1902 -62.2616 5.3
    endloop
  endfacet
  facet normal -0.162665 0.986681 0
    outer loop
      vertex 33.061 -62.2829 5.3
      vertex 33.1902 -62.2616 1.5
      vertex 33.061 -62.2829 1.5
    endloop
  endfacet
  facet normal 0.58225 -0.81301 0
    outer loop
      vertex -34.0175 61.8867 0
      vertex -33.9111 61.9629 5.3
      vertex -34.0175 61.8867 5.3
    endloop
  endfacet
  facet normal 0.58225 -0.81301 0
    outer loop
      vertex -33.9111 61.9629 5.3
      vertex -34.0175 61.8867 0
      vertex -33.9111 61.9629 0
    endloop
  endfacet
  facet normal 0 1 -0
    outer loop
      vertex 32.8 -62.3 0
      vertex -32.8 -62.3 0.4
      vertex 32.8 -62.3 0.4
    endloop
  endfacet
  facet normal 0 1 0
    outer loop
      vertex -32.8 -62.3 0.4
      vertex 32.8 -62.3 0
      vertex -32.8 -62.3 0
    endloop
  endfacet
  facet normal 0 1 -0
    outer loop
      vertex 32.8 -62.3 1.5
      vertex -32.8 -62.3 5.3
      vertex 32.8 -62.3 5.3
    endloop
  endfacet
  facet normal 0 1 0
    outer loop
      vertex -32.8 -62.3 5.3
      vertex 32.8 -62.3 1.5
      vertex -32.8 -62.3 1.5
    endloop
  endfacet
  facet normal -0.0978386 0.995202 0
    outer loop
      vertex 33.061 -62.2829 0
      vertex 32.9308 -62.2957 0.4
      vertex 33.061 -62.2829 0.4
    endloop
  endfacet
  facet normal -0.0978386 0.995202 0
    outer loop
      vertex 32.9308 -62.2957 0.4
      vertex 33.061 -62.2829 0
      vertex 32.9308 -62.2957 0
    endloop
  endfacet
  facet normal -0.0978386 0.995202 0
    outer loop
      vertex 33.061 -62.2829 1.5
      vertex 32.9308 -62.2957 5.3
      vertex 33.061 -62.2829 5.3
    endloop
  endfacet
  facet normal -0.0978386 0.995202 0
    outer loop
      vertex 32.9308 -62.2957 5.3
      vertex 33.061 -62.2829 1.5
      vertex 32.9308 -62.2957 1.5
    endloop
  endfacet
  facet normal 0.58225 0.81301 -0
    outer loop
      vertex -33.9111 -61.9629 0
      vertex -34.0175 -61.8867 5.3
      vertex -33.9111 -61.9629 5.3
    endloop
  endfacet
  facet normal 0.58225 0.81301 0
    outer loop
      vertex -34.0175 -61.8867 5.3
      vertex -33.9111 -61.9629 0
      vertex -34.0175 -61.8867 0
    endloop
  endfacet
  facet normal -0.0328569 0.99946 0
    outer loop
      vertex 32.9308 -62.2957 0
      vertex 32.8 -62.3 0.4
      vertex 32.9308 -62.2957 0.4
    endloop
  endfacet
  facet normal -0.0328569 0.99946 0
    outer loop
      vertex 32.8 -62.3 0.4
      vertex 32.9308 -62.2957 0
      vertex 32.8 -62.3 0
    endloop
  endfacet
  facet normal -0.0328569 0.99946 0
    outer loop
      vertex 32.9308 -62.2957 1.5
      vertex 32.8 -62.3 5.3
      vertex 32.9308 -62.2957 5.3
    endloop
  endfacet
  facet normal -0.0328569 0.99946 0
    outer loop
      vertex 32.8 -62.3 5.3
      vertex 32.9308 -62.2957 1.5
      vertex 32.8 -62.3 1.5
    endloop
  endfacet
  facet normal 0.528143 -0.849156 0
    outer loop
      vertex -33.9111 61.9629 0
      vertex -33.8 62.032 5.3
      vertex -33.9111 61.9629 5.3
    endloop
  endfacet
  facet normal 0.528143 -0.849156 0
    outer loop
      vertex -33.8 62.032 5.3
      vertex -33.9111 61.9629 0
      vertex -33.8 62.032 0
    endloop
  endfacet
  facet normal 0.99946 -0.0328569 0
    outer loop
      vertex -34.8 60.3 0.4
      vertex -34.7957 60.4308 0
      vertex -34.7957 60.4308 0.4
    endloop
  endfacet
  facet normal 0.99946 -0.0328569 0
    outer loop
      vertex -34.7957 60.4308 0
      vertex -34.8 60.3 0.4
      vertex -34.8 60.3 0
    endloop
  endfacet
  facet normal 0.99946 -0.0328569 0
    outer loop
      vertex -34.8 60.3 5.3
      vertex -34.7957 60.4308 1.5
      vertex -34.7957 60.4308 5.3
    endloop
  endfacet
  facet normal 0.99946 -0.0328569 0
    outer loop
      vertex -34.7957 60.4308 1.5
      vertex -34.8 60.3 5.3
      vertex -34.8 60.3 1.5
    endloop
  endfacet
  facet normal 0.995202 -0.0978386 0
    outer loop
      vertex -34.7957 60.4308 0.4
      vertex -34.7829 60.561 0
      vertex -34.7829 60.561 0.4
    endloop
  endfacet
  facet normal 0.995202 -0.0978386 0
    outer loop
      vertex -34.7829 60.561 0
      vertex -34.7957 60.4308 0.4
      vertex -34.7957 60.4308 0
    endloop
  endfacet
  facet normal 0.995202 -0.0978386 0
    outer loop
      vertex -34.7957 60.4308 5.3
      vertex -34.7829 60.561 1.5
      vertex -34.7829 60.561 5.3
    endloop
  endfacet
  facet normal 0.995202 -0.0978386 0
    outer loop
      vertex -34.7829 60.561 1.5
      vertex -34.7957 60.4308 5.3
      vertex -34.7957 60.4308 1.5
    endloop
  endfacet
  facet normal 0.882024 0.471204 0
    outer loop
      vertex -34.5937 -61.1846 5.3
      vertex -34.55 -61.2664 1.5
      vertex -34.5937 -61.1846 1.5
    endloop
  endfacet
  facet normal 0.88148 0.472221 -0
    outer loop
      vertex -34.532 -61.3 0
      vertex -34.55 -61.2664 1.5
      vertex -34.532 -61.3 5.3
    endloop
  endfacet
  facet normal 0.881866 0.4715 -8.2049e-06
    outer loop
      vertex -34.532 -61.3 5.3
      vertex -34.55 -61.2664 1.5
      vertex -34.5937 -61.1846 5.3
    endloop
  endfacet
  facet normal 0.882024 0.471204 0
    outer loop
      vertex -34.55 -61.2664 0.4
      vertex -34.5937 -61.1846 0
      vertex -34.5937 -61.1846 0.4
    endloop
  endfacet
  facet normal 0.881866 0.4715 7.79466e-05
    outer loop
      vertex -34.55 -61.2664 0.4
      vertex -34.532 -61.3 0
      vertex -34.5937 -61.1846 0
    endloop
  endfacet
  facet normal 0.88148 0.472221 0
    outer loop
      vertex -34.55 -61.2664 1.5
      vertex -34.532 -61.3 0
      vertex -34.55 -61.2664 0.4
    endloop
  endfacet
  facet normal -0.413285 0.910602 0
    outer loop
      vertex 33.6846 -62.0937 0
      vertex 33.5654 -62.1478 0.4
      vertex 33.6846 -62.0937 0.4
    endloop
  endfacet
  facet normal -0.413285 0.910602 0
    outer loop
      vertex 33.5654 -62.1478 0.4
      vertex 33.6846 -62.0937 0
      vertex 33.5654 -62.1478 0
    endloop
  endfacet
  facet normal -0.413285 0.910602 0
    outer loop
      vertex 33.6846 -62.0937 1.5
      vertex 33.5654 -62.1478 5.3
      vertex 33.6846 -62.0937 5.3
    endloop
  endfacet
  facet normal -0.413285 0.910602 0
    outer loop
      vertex 33.5654 -62.1478 5.3
      vertex 33.6846 -62.0937 1.5
      vertex 33.5654 -62.1478 1.5
    endloop
  endfacet
  facet normal 0.0328569 -0.99946 0
    outer loop
      vertex -32.9308 62.2957 0
      vertex -32.8 62.3 5.3
      vertex -32.9308 62.2957 5.3
    endloop
  endfacet
  facet normal 0.0328569 -0.99946 0
    outer loop
      vertex -32.8 62.3 5.3
      vertex -32.9308 62.2957 0
      vertex -32.8 62.3 0
    endloop
  endfacet
  facet normal -0.729656 -0.683814 0
    outer loop
      vertex 34.3037 61.6187 0
      vertex 34.2142 61.7142 5.3
      vertex 34.2142 61.7142 0
    endloop
  endfacet
  facet normal -0.729656 -0.683814 0
    outer loop
      vertex 34.2142 61.7142 5.3
      vertex 34.3037 61.6187 0
      vertex 34.3037 61.6187 5.3
    endloop
  endfacet
  facet normal -1 0 0
    outer loop
      vertex 34.8 -60.3 0
      vertex 34.8 60.3 0.4
      vertex 34.8 60.3 0
    endloop
  endfacet
  facet normal -1 -0 0
    outer loop
      vertex 34.8 60.3 0.4
      vertex 34.8 -60.3 0
      vertex 34.8 -60.3 0.4
    endloop
  endfacet
  facet normal -1 0 0
    outer loop
      vertex 34.8 -60.3 1.5
      vertex 34.8 60.3 5.3
      vertex 34.8 60.3 1.5
    endloop
  endfacet
  facet normal -1 -0 0
    outer loop
      vertex 34.8 60.3 5.3
      vertex 34.8 -60.3 1.5
      vertex 34.8 -60.3 5.3
    endloop
  endfacet
  facet normal 1 -0 0
    outer loop
      vertex -34.8 -60.3 0.4
      vertex -34.8 60.3 0
      vertex -34.8 60.3 0.4
    endloop
  endfacet
  facet normal 1 0 0
    outer loop
      vertex -34.8 60.3 0
      vertex -34.8 -60.3 0.4
      vertex -34.8 -60.3 0
    endloop
  endfacet
  facet normal 1 -0 0
    outer loop
      vertex -34.8 -60.3 5.3
      vertex -34.8 60.3 1.5
      vertex -34.8 60.3 5.3
    endloop
  endfacet
  facet normal 1 0 0
    outer loop
      vertex -34.8 60.3 1.5
      vertex -34.8 -60.3 5.3
      vertex -34.8 -60.3 1.5
    endloop
  endfacet
  facet normal 0.729656 -0.683814 0
    outer loop
      vertex -34.3037 61.6187 5.3
      vertex -34.2142 61.7142 0
      vertex -34.2142 61.7142 5.3
    endloop
  endfacet
  facet normal 0.729656 -0.683814 0
    outer loop
      vertex -34.2142 61.7142 0
      vertex -34.3037 61.6187 5.3
      vertex -34.3037 61.6187 0
    endloop
  endfacet
  facet normal -0.773208 -0.634153 0
    outer loop
      vertex 34.3867 61.5175 0
      vertex 34.3037 61.6187 5.3
      vertex 34.3037 61.6187 0
    endloop
  endfacet
  facet normal -0.773208 -0.634153 0
    outer loop
      vertex 34.3037 61.6187 5.3
      vertex 34.3867 61.5175 0
      vertex 34.3867 61.5175 5.3
    endloop
  endfacet
  facet normal -0.528143 0.849156 0
    outer loop
      vertex 33.9111 -61.9629 0
      vertex 33.8 -62.032 5.3
      vertex 33.9111 -61.9629 5.3
    endloop
  endfacet
  facet normal -0.528143 0.849156 0
    outer loop
      vertex 33.8 -62.032 5.3
      vertex 33.9111 -61.9629 0
      vertex 33.8 -62.032 0
    endloop
  endfacet
  facet normal -0.162665 -0.986681 0
    outer loop
      vertex 33.061 62.2829 0
      vertex 33.1902 62.2616 5.3
      vertex 33.061 62.2829 5.3
    endloop
  endfacet
  facet normal -0.162665 -0.986681 -0
    outer loop
      vertex 33.1902 62.2616 5.3
      vertex 33.061 62.2829 0
      vertex 33.1902 62.2616 0
    endloop
  endfacet
  facet normal -0.849156 0.528143 0
    outer loop
      vertex 34.4629 -61.4111 0
      vertex 34.532 -61.3 5.3
      vertex 34.532 -61.3 0
    endloop
  endfacet
  facet normal -0.849156 0.528143 0
    outer loop
      vertex 34.532 -61.3 5.3
      vertex 34.4629 -61.4111 0
      vertex 34.4629 -61.4111 5.3
    endloop
  endfacet
  facet normal 0.773208 -0.634153 0
    outer loop
      vertex -34.3867 61.5175 5.3
      vertex -34.3037 61.6187 0
      vertex -34.3037 61.6187 5.3
    endloop
  endfacet
  facet normal 0.773208 -0.634153 0
    outer loop
      vertex -34.3037 61.6187 0
      vertex -34.3867 61.5175 5.3
      vertex -34.3867 61.5175 0
    endloop
  endfacet
  facet normal 0 -1 0
    outer loop
      vertex -32.8 62.3 0
      vertex 32.8 62.3 5.3
      vertex -32.8 62.3 5.3
    endloop
  endfacet
  facet normal 0 -1 -0
    outer loop
      vertex 32.8 62.3 5.3
      vertex -32.8 62.3 0
      vertex 32.8 62.3 0
    endloop
  endfacet
  facet normal -0.634153 0.773208 0
    outer loop
      vertex 34.1187 -61.8037 0
      vertex 34.0175 -61.8867 5.3
      vertex 34.1187 -61.8037 5.3
    endloop
  endfacet
  facet normal -0.634153 0.773208 0
    outer loop
      vertex 34.0175 -61.8867 5.3
      vertex 34.1187 -61.8037 0
      vertex 34.0175 -61.8867 0
    endloop
  endfacet
  facet normal 0.290219 -0.95696 0
    outer loop
      vertex -33.4429 62.1938 0
      vertex -33.3176 62.2318 5.3
      vertex -33.4429 62.1938 5.3
    endloop
  endfacet
  facet normal 0.290219 -0.95696 0
    outer loop
      vertex -33.3176 62.2318 5.3
      vertex -33.4429 62.1938 0
      vertex -33.3176 62.2318 0
    endloop
  endfacet
  facet normal 0.910602 0.413285 0
    outer loop
      vertex -34.5937 -61.1846 0.4
      vertex -34.6478 -61.0654 0
      vertex -34.6478 -61.0654 0.4
    endloop
  endfacet
  facet normal 0.910602 0.413285 0
    outer loop
      vertex -34.6478 -61.0654 0
      vertex -34.5937 -61.1846 0.4
      vertex -34.5937 -61.1846 0
    endloop
  endfacet
  facet normal 0.910602 0.413285 0
    outer loop
      vertex -34.5937 -61.1846 5.3
      vertex -34.6478 -61.0654 1.5
      vertex -34.6478 -61.0654 5.3
    endloop
  endfacet
  facet normal 0.910602 0.413285 0
    outer loop
      vertex -34.6478 -61.0654 1.5
      vertex -34.5937 -61.1846 5.3
      vertex -34.5937 -61.1846 1.5
    endloop
  endfacet
  facet normal -0.683814 0.729656 0
    outer loop
      vertex 34.2142 -61.7142 0
      vertex 34.1187 -61.8037 5.3
      vertex 34.2142 -61.7142 5.3
    endloop
  endfacet
  facet normal -0.683814 0.729656 0
    outer loop
      vertex 34.1187 -61.8037 5.3
      vertex 34.2142 -61.7142 0
      vertex 34.1187 -61.8037 0
    endloop
  endfacet
  facet normal -0.95696 0.290219 0
    outer loop
      vertex 34.6938 -60.9429 0
      vertex 34.7318 -60.8176 0.4
      vertex 34.7318 -60.8176 0
    endloop
  endfacet
  facet normal -0.95696 0.290219 0
    outer loop
      vertex 34.7318 -60.8176 0.4
      vertex 34.6938 -60.9429 0
      vertex 34.6938 -60.9429 0.4
    endloop
  endfacet
  facet normal -0.95696 0.290219 0
    outer loop
      vertex 34.6938 -60.9429 1.5
      vertex 34.7318 -60.8176 5.3
      vertex 34.7318 -60.8176 1.5
    endloop
  endfacet
  facet normal -0.95696 0.290219 0
    outer loop
      vertex 34.7318 -60.8176 5.3
      vertex 34.6938 -60.9429 1.5
      vertex 34.6938 -60.9429 5.3
    endloop
  endfacet
  facet normal 0.81301 0.58225 0
    outer loop
      vertex -34.3867 -61.5175 5.3
      vertex -34.4629 -61.4111 0
      vertex -34.4629 -61.4111 5.3
    endloop
  endfacet
  facet normal 0.81301 0.58225 0
    outer loop
      vertex -34.4629 -61.4111 0
      vertex -34.3867 -61.5175 5.3
      vertex -34.3867 -61.5175 0
    endloop
  endfacet
  facet normal 0.936172 -0.351542 0
    outer loop
      vertex -34.6938 60.9429 0.4
      vertex -34.6478 61.0654 0
      vertex -34.6478 61.0654 0.4
    endloop
  endfacet
  facet normal 0.936172 -0.351542 0
    outer loop
      vertex -34.6478 61.0654 0
      vertex -34.6938 60.9429 0.4
      vertex -34.6938 60.9429 0
    endloop
  endfacet
  facet normal 0.936172 -0.351542 0
    outer loop
      vertex -34.6938 60.9429 5.3
      vertex -34.6478 61.0654 1.5
      vertex -34.6478 61.0654 5.3
    endloop
  endfacet
  facet normal 0.936172 -0.351542 0
    outer loop
      vertex -34.6478 61.0654 1.5
      vertex -34.6938 60.9429 5.3
      vertex -34.6938 60.9429 1.5
    endloop
  endfacet
  facet normal 0.634153 -0.773208 0
    outer loop
      vertex -34.1187 61.8037 0
      vertex -34.0175 61.8867 5.3
      vertex -34.1187 61.8037 5.3
    endloop
  endfacet
  facet normal 0.634153 -0.773208 0
    outer loop
      vertex -34.0175 61.8867 5.3
      vertex -34.1187 61.8037 0
      vertex -34.0175 61.8867 0
    endloop
  endfacet
  facet normal -0.81301 0.58225 0
    outer loop
      vertex 34.3867 -61.5175 0
      vertex 34.4629 -61.4111 5.3
      vertex 34.4629 -61.4111 0
    endloop
  endfacet
  facet normal -0.81301 0.58225 0
    outer loop
      vertex 34.4629 -61.4111 5.3
      vertex 34.3867 -61.5175 0
      vertex 34.3867 -61.5175 5.3
    endloop
  endfacet
  facet normal -0.99946 0.0328569 0
    outer loop
      vertex 34.7957 -60.4308 0
      vertex 34.8 -60.3 0.4
      vertex 34.8 -60.3 0
    endloop
  endfacet
  facet normal -0.99946 0.0328569 0
    outer loop
      vertex 34.8 -60.3 0.4
      vertex 34.7957 -60.4308 0
      vertex 34.7957 -60.4308 0.4
    endloop
  endfacet
  facet normal -0.99946 0.0328569 0
    outer loop
      vertex 34.7957 -60.4308 1.5
      vertex 34.8 -60.3 5.3
      vertex 34.8 -60.3 1.5
    endloop
  endfacet
  facet normal -0.99946 0.0328569 0
    outer loop
      vertex 34.8 -60.3 5.3
      vertex 34.7957 -60.4308 1.5
      vertex 34.7957 -60.4308 5.3
    endloop
  endfacet
  facet normal 0.0978386 -0.995202 0
    outer loop
      vertex -33.061 62.2829 0
      vertex -32.9308 62.2957 5.3
      vertex -33.061 62.2829 5.3
    endloop
  endfacet
  facet normal 0.0978386 -0.995202 0
    outer loop
      vertex -32.9308 62.2957 5.3
      vertex -33.061 62.2829 0
      vertex -32.9308 62.2957 0
    endloop
  endfacet
  facet normal 0.413285 0.910602 -0
    outer loop
      vertex -33.5654 -62.1478 0
      vertex -33.6846 -62.0937 0.4
      vertex -33.5654 -62.1478 0.4
    endloop
  endfacet
  facet normal 0.413285 0.910602 0
    outer loop
      vertex -33.6846 -62.0937 0.4
      vertex -33.5654 -62.1478 0
      vertex -33.6846 -62.0937 0
    endloop
  endfacet
  facet normal 0.413285 0.910602 -0
    outer loop
      vertex -33.5654 -62.1478 1.5
      vertex -33.6846 -62.0937 5.3
      vertex -33.5654 -62.1478 5.3
    endloop
  endfacet
  facet normal 0.413285 0.910602 0
    outer loop
      vertex -33.6846 -62.0937 5.3
      vertex -33.5654 -62.1478 1.5
      vertex -33.6846 -62.0937 1.5
    endloop
  endfacet
  facet normal -0.973717 0.227761 0
    outer loop
      vertex 34.7318 -60.8176 0
      vertex 34.7616 -60.6902 0.4
      vertex 34.7616 -60.6902 0
    endloop
  endfacet
  facet normal -0.973717 0.227761 0
    outer loop
      vertex 34.7616 -60.6902 0.4
      vertex 34.7318 -60.8176 0
      vertex 34.7318 -60.8176 0.4
    endloop
  endfacet
  facet normal -0.973717 0.227761 0
    outer loop
      vertex 34.7318 -60.8176 1.5
      vertex 34.7616 -60.6902 5.3
      vertex 34.7616 -60.6902 1.5
    endloop
  endfacet
  facet normal -0.973717 0.227761 0
    outer loop
      vertex 34.7616 -60.6902 5.3
      vertex 34.7318 -60.8176 1.5
      vertex 34.7318 -60.8176 5.3
    endloop
  endfacet
  facet normal -0.58225 -0.81301 0
    outer loop
      vertex 33.9111 61.9629 0
      vertex 34.0175 61.8867 5.3
      vertex 33.9111 61.9629 5.3
    endloop
  endfacet
  facet normal -0.58225 -0.81301 -0
    outer loop
      vertex 34.0175 61.8867 5.3
      vertex 33.9111 61.9629 0
      vertex 34.0175 61.8867 0
    endloop
  endfacet
  facet normal -0.88148 -0.472221 -0
    outer loop
      vertex 34.55 61.2664 1.5
      vertex 34.532 61.3 0
      vertex 34.55 61.2664 0.4
    endloop
  endfacet
  facet normal -0.881866 -0.4715 7.79466e-05
    outer loop
      vertex 34.5937 61.1846 0
      vertex 34.55 61.2664 0.4
      vertex 34.532 61.3 0
    endloop
  endfacet
  facet normal -0.882024 -0.471204 0
    outer loop
      vertex 34.55 61.2664 0.4
      vertex 34.5937 61.1846 0
      vertex 34.5937 61.1846 0.4
    endloop
  endfacet
  facet normal -0.88148 -0.472221 0
    outer loop
      vertex 34.532 61.3 0
      vertex 34.55 61.2664 1.5
      vertex 34.532 61.3 5.3
    endloop
  endfacet
  facet normal -0.882024 -0.471204 -1.15772e-05
    outer loop
      vertex 34.5937 61.1846 1.5
      vertex 34.532 61.3 5.3
      vertex 34.55 61.2664 1.5
    endloop
  endfacet
  facet normal -0.881866 -0.4715 0
    outer loop
      vertex 34.532 61.3 5.3
      vertex 34.5937 61.1846 1.5
      vertex 34.5937 61.1846 5.3
    endloop
  endfacet
  facet normal -0.81301 -0.58225 0
    outer loop
      vertex 34.4629 61.4111 0
      vertex 34.3867 61.5175 5.3
      vertex 34.3867 61.5175 0
    endloop
  endfacet
  facet normal -0.81301 -0.58225 0
    outer loop
      vertex 34.3867 61.5175 5.3
      vertex 34.4629 61.4111 0
      vertex 34.4629 61.4111 5.3
    endloop
  endfacet
  facet normal 0.683814 0.729656 -0
    outer loop
      vertex -34.1187 -61.8037 0
      vertex -34.2142 -61.7142 5.3
      vertex -34.1187 -61.8037 5.3
    endloop
  endfacet
  facet normal 0.683814 0.729656 0
    outer loop
      vertex -34.2142 -61.7142 5.3
      vertex -34.1187 -61.8037 0
      vertex -34.2142 -61.7142 0
    endloop
  endfacet
  facet normal 0.936172 0.351542 0
    outer loop
      vertex -34.6478 -61.0654 0.4
      vertex -34.6938 -60.9429 0
      vertex -34.6938 -60.9429 0.4
    endloop
  endfacet
  facet normal 0.936172 0.351542 0
    outer loop
      vertex -34.6938 -60.9429 0
      vertex -34.6478 -61.0654 0.4
      vertex -34.6478 -61.0654 0
    endloop
  endfacet
  facet normal 0.936172 0.351542 0
    outer loop
      vertex -34.6478 -61.0654 5.3
      vertex -34.6938 -60.9429 1.5
      vertex -34.6938 -60.9429 5.3
    endloop
  endfacet
  facet normal 0.936172 0.351542 0
    outer loop
      vertex -34.6938 -60.9429 1.5
      vertex -34.6478 -61.0654 5.3
      vertex -34.6478 -61.0654 1.5
    endloop
  endfacet
  facet normal 0.973717 0.227761 0
    outer loop
      vertex -34.7318 -60.8176 0.4
      vertex -34.7616 -60.6902 0
      vertex -34.7616 -60.6902 0.4
    endloop
  endfacet
  facet normal 0.973717 0.227761 0
    outer loop
      vertex -34.7616 -60.6902 0
      vertex -34.7318 -60.8176 0.4
      vertex -34.7318 -60.8176 0
    endloop
  endfacet
  facet normal 0.973717 0.227761 0
    outer loop
      vertex -34.7318 -60.8176 5.3
      vertex -34.7616 -60.6902 1.5
      vertex -34.7616 -60.6902 5.3
    endloop
  endfacet
  facet normal 0.973717 0.227761 0
    outer loop
      vertex -34.7616 -60.6902 1.5
      vertex -34.7318 -60.8176 5.3
      vertex -34.7318 -60.8176 1.5
    endloop
  endfacet
  facet normal 0.81301 -0.58225 0
    outer loop
      vertex -34.4629 61.4111 5.3
      vertex -34.3867 61.5175 0
      vertex -34.3867 61.5175 5.3
    endloop
  endfacet
  facet normal 0.81301 -0.58225 0
    outer loop
      vertex -34.3867 61.5175 0
      vertex -34.4629 61.4111 5.3
      vertex -34.4629 61.4111 0
    endloop
  endfacet
  facet normal -0.995202 0.0978386 0
    outer loop
      vertex 34.7829 -60.561 0
      vertex 34.7957 -60.4308 0.4
      vertex 34.7957 -60.4308 0
    endloop
  endfacet
  facet normal -0.995202 0.0978386 0
    outer loop
      vertex 34.7957 -60.4308 0.4
      vertex 34.7829 -60.561 0
      vertex 34.7829 -60.561 0.4
    endloop
  endfacet
  facet normal -0.995202 0.0978386 0
    outer loop
      vertex 34.7829 -60.561 1.5
      vertex 34.7957 -60.4308 5.3
      vertex 34.7957 -60.4308 1.5
    endloop
  endfacet
  facet normal -0.995202 0.0978386 0
    outer loop
      vertex 34.7957 -60.4308 5.3
      vertex 34.7829 -60.561 1.5
      vertex 34.7829 -60.561 5.3
    endloop
  endfacet
  facet normal -0.95696 -0.290219 0
    outer loop
      vertex 34.7318 60.8176 0
      vertex 34.6938 60.9429 0.4
      vertex 34.6938 60.9429 0
    endloop
  endfacet
  facet normal -0.95696 -0.290219 0
    outer loop
      vertex 34.6938 60.9429 0.4
      vertex 34.7318 60.8176 0
      vertex 34.7318 60.8176 0.4
    endloop
  endfacet
  facet normal -0.95696 -0.290219 0
    outer loop
      vertex 34.7318 60.8176 1.5
      vertex 34.6938 60.9429 5.3
      vertex 34.6938 60.9429 1.5
    endloop
  endfacet
  facet normal -0.95696 -0.290219 0
    outer loop
      vertex 34.6938 60.9429 5.3
      vertex 34.7318 60.8176 1.5
      vertex 34.7318 60.8176 5.3
    endloop
  endfacet
  facet normal 0.910602 -0.413285 0
    outer loop
      vertex -34.6478 61.0654 0.4
      vertex -34.5937 61.1846 0
      vertex -34.5937 61.1846 0.4
    endloop
  endfacet
  facet normal 0.910602 -0.413285 0
    outer loop
      vertex -34.5937 61.1846 0
      vertex -34.6478 61.0654 0.4
      vertex -34.6478 61.0654 0
    endloop
  endfacet
  facet normal 0.910602 -0.413285 0
    outer loop
      vertex -34.6478 61.0654 5.3
      vertex -34.5937 61.1846 1.5
      vertex -34.5937 61.1846 5.3
    endloop
  endfacet
  facet normal 0.910602 -0.413285 0
    outer loop
      vertex -34.5937 61.1846 1.5
      vertex -34.6478 61.0654 5.3
      vertex -34.6478 61.0654 1.5
    endloop
  endfacet
  facet normal 0.634153 0.773208 -0
    outer loop
      vertex -34.0175 -61.8867 0
      vertex -34.1187 -61.8037 5.3
      vertex -34.0175 -61.8867 5.3
    endloop
  endfacet
  facet normal 0.634153 0.773208 0
    outer loop
      vertex -34.1187 -61.8037 5.3
      vertex -34.0175 -61.8867 0
      vertex -34.1187 -61.8037 0
    endloop
  endfacet
  facet normal 0.162665 -0.986681 0
    outer loop
      vertex -33.1902 62.2616 0
      vertex -33.061 62.2829 5.3
      vertex -33.1902 62.2616 5.3
    endloop
  endfacet
  facet normal 0.162665 -0.986681 0
    outer loop
      vertex -33.061 62.2829 5.3
      vertex -33.1902 62.2616 0
      vertex -33.061 62.2829 0
    endloop
  endfacet
  facet normal 0.227761 -0.973717 0
    outer loop
      vertex -33.3176 62.2318 0
      vertex -33.1902 62.2616 5.3
      vertex -33.3176 62.2318 5.3
    endloop
  endfacet
  facet normal 0.227761 -0.973717 0
    outer loop
      vertex -33.1902 62.2616 5.3
      vertex -33.3176 62.2318 0
      vertex -33.1902 62.2616 0
    endloop
  endfacet
  facet normal 0.88148 -0.472221 0
    outer loop
      vertex -34.532 61.3 5.3
      vertex -34.55 61.2664 1.5
      vertex -34.532 61.3 0
    endloop
  endfacet
  facet normal 0.881866 -0.4715 -8.2049e-06
    outer loop
      vertex -34.5937 61.1846 5.3
      vertex -34.55 61.2664 1.5
      vertex -34.532 61.3 5.3
    endloop
  endfacet
  facet normal 0.882024 -0.471204 0
    outer loop
      vertex -34.55 61.2664 1.5
      vertex -34.5937 61.1846 5.3
      vertex -34.5937 61.1846 1.5
    endloop
  endfacet
  facet normal 0.88148 -0.472221 0
    outer loop
      vertex -34.55 61.2664 0.4
      vertex -34.532 61.3 0
      vertex -34.55 61.2664 1.5
    endloop
  endfacet
  facet normal 0.882024 -0.471204 0
    outer loop
      vertex -34.5937 61.1846 0
      vertex -34.55 61.2664 0.4
      vertex -34.5937 61.1846 0.4
    endloop
  endfacet
  facet normal 0.881866 -0.4715 7.79466e-05
    outer loop
      vertex -34.55 61.2664 0.4
      vertex -34.5937 61.1846 0
      vertex -34.532 61.3 0
    endloop
  endfacet
  facet normal -0.413285 -0.910602 0
    outer loop
      vertex 33.5654 62.1478 0
      vertex 33.6846 62.0937 5.3
      vertex 33.5654 62.1478 5.3
    endloop
  endfacet
  facet normal -0.413285 -0.910602 -0
    outer loop
      vertex 33.6846 62.0937 5.3
      vertex 33.5654 62.1478 0
      vertex 33.6846 62.0937 0
    endloop
  endfacet
  facet normal 0.351542 -0.936172 0
    outer loop
      vertex -33.5654 62.1478 0
      vertex -33.4429 62.1938 5.3
      vertex -33.5654 62.1478 5.3
    endloop
  endfacet
  facet normal 0.351542 -0.936172 0
    outer loop
      vertex -33.4429 62.1938 5.3
      vertex -33.5654 62.1478 0
      vertex -33.4429 62.1938 0
    endloop
  endfacet
  facet normal -0.849156 -0.528143 0
    outer loop
      vertex 34.532 61.3 0
      vertex 34.4629 61.4111 5.3
      vertex 34.4629 61.4111 0
    endloop
  endfacet
  facet normal -0.849156 -0.528143 0
    outer loop
      vertex 34.4629 61.4111 5.3
      vertex 34.532 61.3 0
      vertex 34.532 61.3 5.3
    endloop
  endfacet
  facet normal -0.910602 -0.413285 0
    outer loop
      vertex 34.6478 61.0654 0
      vertex 34.5937 61.1846 0.4
      vertex 34.5937 61.1846 0
    endloop
  endfacet
  facet normal -0.910602 -0.413285 0
    outer loop
      vertex 34.5937 61.1846 0.4
      vertex 34.6478 61.0654 0
      vertex 34.6478 61.0654 0.4
    endloop
  endfacet
  facet normal -0.910602 -0.413285 0
    outer loop
      vertex 34.6478 61.0654 1.5
      vertex 34.5937 61.1846 5.3
      vertex 34.5937 61.1846 1.5
    endloop
  endfacet
  facet normal -0.910602 -0.413285 0
    outer loop
      vertex 34.5937 61.1846 5.3
      vertex 34.6478 61.0654 1.5
      vertex 34.6478 61.0654 5.3
    endloop
  endfacet
  facet normal -0.986681 0.162665 0
    outer loop
      vertex 34.7616 -60.6902 0
      vertex 34.7829 -60.561 0.4
      vertex 34.7829 -60.561 0
    endloop
  endfacet
  facet normal -0.986681 0.162665 0
    outer loop
      vertex 34.7829 -60.561 0.4
      vertex 34.7616 -60.6902 0
      vertex 34.7616 -60.6902 0.4
    endloop
  endfacet
  facet normal -0.986681 0.162665 0
    outer loop
      vertex 34.7616 -60.6902 1.5
      vertex 34.7829 -60.561 5.3
      vertex 34.7829 -60.561 1.5
    endloop
  endfacet
  facet normal -0.986681 0.162665 0
    outer loop
      vertex 34.7829 -60.561 5.3
      vertex 34.7616 -60.6902 1.5
      vertex 34.7616 -60.6902 5.3
    endloop
  endfacet
  facet normal 0.683814 -0.729656 0
    outer loop
      vertex -34.2142 61.7142 0
      vertex -34.1187 61.8037 5.3
      vertex -34.2142 61.7142 5.3
    endloop
  endfacet
  facet normal 0.683814 -0.729656 0
    outer loop
      vertex -34.1187 61.8037 5.3
      vertex -34.2142 61.7142 0
      vertex -34.1187 61.8037 0
    endloop
  endfacet
  facet normal 0.986681 -0.162665 0
    outer loop
      vertex -34.7829 60.561 0.4
      vertex -34.7616 60.6902 0
      vertex -34.7616 60.6902 0.4
    endloop
  endfacet
  facet normal 0.986681 -0.162665 0
    outer loop
      vertex -34.7616 60.6902 0
      vertex -34.7829 60.561 0.4
      vertex -34.7829 60.561 0
    endloop
  endfacet
  facet normal 0.986681 -0.162665 0
    outer loop
      vertex -34.7829 60.561 5.3
      vertex -34.7616 60.6902 1.5
      vertex -34.7616 60.6902 5.3
    endloop
  endfacet
  facet normal 0.986681 -0.162665 0
    outer loop
      vertex -34.7616 60.6902 1.5
      vertex -34.7829 60.561 5.3
      vertex -34.7829 60.561 1.5
    endloop
  endfacet
  facet normal 0.729656 0.683814 0
    outer loop
      vertex -34.2142 -61.7142 5.3
      vertex -34.3037 -61.6187 0
      vertex -34.3037 -61.6187 5.3
    endloop
  endfacet
  facet normal 0.729656 0.683814 0
    outer loop
      vertex -34.3037 -61.6187 0
      vertex -34.2142 -61.7142 5.3
      vertex -34.2142 -61.7142 0
    endloop
  endfacet
  facet normal 0.849156 -0.528143 0
    outer loop
      vertex -34.532 61.3 5.3
      vertex -34.4629 61.4111 0
      vertex -34.4629 61.4111 5.3
    endloop
  endfacet
  facet normal 0.849156 -0.528143 0
    outer loop
      vertex -34.4629 61.4111 0
      vertex -34.532 61.3 5.3
      vertex -34.532 61.3 0
    endloop
  endfacet
  facet normal 0.773208 0.634153 0
    outer loop
      vertex -34.3037 -61.6187 5.3
      vertex -34.3867 -61.5175 0
      vertex -34.3867 -61.5175 5.3
    endloop
  endfacet
  facet normal 0.773208 0.634153 0
    outer loop
      vertex -34.3867 -61.5175 0
      vertex -34.3037 -61.6187 5.3
      vertex -34.3037 -61.6187 0
    endloop
  endfacet
  facet normal -0.986681 -0.162665 0
    outer loop
      vertex 34.7829 60.561 0
      vertex 34.7616 60.6902 0.4
      vertex 34.7616 60.6902 0
    endloop
  endfacet
  facet normal -0.986681 -0.162665 0
    outer loop
      vertex 34.7616 60.6902 0.4
      vertex 34.7829 60.561 0
      vertex 34.7829 60.561 0.4
    endloop
  endfacet
  facet normal -0.986681 -0.162665 0
    outer loop
      vertex 34.7829 60.561 1.5
      vertex 34.7616 60.6902 5.3
      vertex 34.7616 60.6902 1.5
    endloop
  endfacet
  facet normal -0.986681 -0.162665 0
    outer loop
      vertex 34.7616 60.6902 5.3
      vertex 34.7829 60.561 1.5
      vertex 34.7829 60.561 5.3
    endloop
  endfacet
  facet normal -0.351542 -0.936172 0
    outer loop
      vertex 33.4429 62.1938 0
      vertex 33.5654 62.1478 5.3
      vertex 33.4429 62.1938 5.3
    endloop
  endfacet
  facet normal -0.351542 -0.936172 -0
    outer loop
      vertex 33.5654 62.1478 5.3
      vertex 33.4429 62.1938 0
      vertex 33.5654 62.1478 0
    endloop
  endfacet
  facet normal -0.683814 -0.729656 0
    outer loop
      vertex 34.1187 61.8037 0
      vertex 34.2142 61.7142 5.3
      vertex 34.1187 61.8037 5.3
    endloop
  endfacet
  facet normal -0.683814 -0.729656 -0
    outer loop
      vertex 34.2142 61.7142 5.3
      vertex 34.1187 61.8037 0
      vertex 34.2142 61.7142 0
    endloop
  endfacet
  facet normal -0.936172 -0.351542 0
    outer loop
      vertex 34.6938 60.9429 0
      vertex 34.6478 61.0654 0.4
      vertex 34.6478 61.0654 0
    endloop
  endfacet
  facet normal -0.936172 -0.351542 0
    outer loop
      vertex 34.6478 61.0654 0.4
      vertex 34.6938 60.9429 0
      vertex 34.6938 60.9429 0.4
    endloop
  endfacet
  facet normal -0.936172 -0.351542 0
    outer loop
      vertex 34.6938 60.9429 1.5
      vertex 34.6478 61.0654 5.3
      vertex 34.6478 61.0654 1.5
    endloop
  endfacet
  facet normal -0.936172 -0.351542 0
    outer loop
      vertex 34.6478 61.0654 5.3
      vertex 34.6938 60.9429 1.5
      vertex 34.6938 60.9429 5.3
    endloop
  endfacet
  facet normal 0.471204 0.882024 0
    outer loop
      vertex -33.6846 -62.0937 0.4
      vertex -33.6846 -62.0937 0
      vertex -33.7664 -62.05 0.4
    endloop
  endfacet
  facet normal 0.4715 0.881866 -0
    outer loop
      vertex -33.6846 -62.0937 1.5
      vertex -33.8 -62.032 5.3
      vertex -33.6846 -62.0937 5.3
    endloop
  endfacet
  facet normal 0.471204 0.882024 -1.15772e-05
    outer loop
      vertex -33.7664 -62.05 1.5
      vertex -33.8 -62.032 5.3
      vertex -33.6846 -62.0937 1.5
    endloop
  endfacet
  facet normal 0.472221 0.88148 0
    outer loop
      vertex -33.8 -62.032 0
      vertex -33.7664 -62.05 1.5
      vertex -33.7664 -62.05 0.4
    endloop
  endfacet
  facet normal 0.472221 0.88148 0
    outer loop
      vertex -33.7664 -62.05 1.5
      vertex -33.8 -62.032 0
      vertex -33.8 -62.032 5.3
    endloop
  endfacet
  facet normal 0.4715 0.881866 7.79466e-05
    outer loop
      vertex -33.8 -62.032 0
      vertex -33.7664 -62.05 0.4
      vertex -33.6846 -62.0937 0
    endloop
  endfacet
  facet normal 0.351542 0.936172 -0
    outer loop
      vertex -33.4429 -62.1938 0
      vertex -33.5654 -62.1478 0.4
      vertex -33.4429 -62.1938 0.4
    endloop
  endfacet
  facet normal 0.351542 0.936172 0
    outer loop
      vertex -33.5654 -62.1478 0.4
      vertex -33.4429 -62.1938 0
      vertex -33.5654 -62.1478 0
    endloop
  endfacet
  facet normal 0.351542 0.936172 -0
    outer loop
      vertex -33.4429 -62.1938 1.5
      vertex -33.5654 -62.1478 5.3
      vertex -33.4429 -62.1938 5.3
    endloop
  endfacet
  facet normal 0.351542 0.936172 0
    outer loop
      vertex -33.5654 -62.1478 5.3
      vertex -33.4429 -62.1938 1.5
      vertex -33.5654 -62.1478 1.5
    endloop
  endfacet
  facet normal 0.290219 0.95696 -0
    outer loop
      vertex -33.3176 -62.2318 0
      vertex -33.4429 -62.1938 0.4
      vertex -33.3176 -62.2318 0.4
    endloop
  endfacet
  facet normal 0.290219 0.95696 0
    outer loop
      vertex -33.4429 -62.1938 0.4
      vertex -33.3176 -62.2318 0
      vertex -33.4429 -62.1938 0
    endloop
  endfacet
  facet normal 0.290219 0.95696 -0
    outer loop
      vertex -33.3176 -62.2318 1.5
      vertex -33.4429 -62.1938 5.3
      vertex -33.3176 -62.2318 5.3
    endloop
  endfacet
  facet normal 0.290219 0.95696 0
    outer loop
      vertex -33.4429 -62.1938 5.3
      vertex -33.3176 -62.2318 1.5
      vertex -33.4429 -62.1938 1.5
    endloop
  endfacet
  facet normal 0.849156 0.528143 0
    outer loop
      vertex -34.4629 -61.4111 5.3
      vertex -34.532 -61.3 0
      vertex -34.532 -61.3 5.3
    endloop
  endfacet
  facet normal 0.849156 0.528143 0
    outer loop
      vertex -34.532 -61.3 0
      vertex -34.4629 -61.4111 5.3
      vertex -34.4629 -61.4111 0
    endloop
  endfacet
  facet normal -0.973717 -0.227761 0
    outer loop
      vertex 34.7616 60.6902 0
      vertex 34.7318 60.8176 0.4
      vertex 34.7318 60.8176 0
    endloop
  endfacet
  facet normal -0.973717 -0.227761 0
    outer loop
      vertex 34.7318 60.8176 0.4
      vertex 34.7616 60.6902 0
      vertex 34.7616 60.6902 0.4
    endloop
  endfacet
  facet normal -0.973717 -0.227761 0
    outer loop
      vertex 34.7616 60.6902 1.5
      vertex 34.7318 60.8176 5.3
      vertex 34.7318 60.8176 1.5
    endloop
  endfacet
  facet normal -0.973717 -0.227761 0
    outer loop
      vertex 34.7318 60.8176 5.3
      vertex 34.7616 60.6902 1.5
      vertex 34.7616 60.6902 5.3
    endloop
  endfacet
  facet normal 0.162665 0.986681 -0
    outer loop
      vertex -33.061 -62.2829 0
      vertex -33.1902 -62.2616 0.4
      vertex -33.061 -62.2829 0.4
    endloop
  endfacet
  facet normal 0.162665 0.986681 0
    outer loop
      vertex -33.1902 -62.2616 0.4
      vertex -33.061 -62.2829 0
      vertex -33.1902 -62.2616 0
    endloop
  endfacet
  facet normal 0.162665 0.986681 -0
    outer loop
      vertex -33.061 -62.2829 1.5
      vertex -33.1902 -62.2616 5.3
      vertex -33.061 -62.2829 5.3
    endloop
  endfacet
  facet normal 0.162665 0.986681 0
    outer loop
      vertex -33.1902 -62.2616 5.3
      vertex -33.061 -62.2829 1.5
      vertex -33.1902 -62.2616 1.5
    endloop
  endfacet
  facet normal -0.99946 -0.0328569 0
    outer loop
      vertex 34.8 60.3 0
      vertex 34.7957 60.4308 0.4
      vertex 34.7957 60.4308 0
    endloop
  endfacet
  facet normal -0.99946 -0.0328569 0
    outer loop
      vertex 34.7957 60.4308 0.4
      vertex 34.8 60.3 0
      vertex 34.8 60.3 0.4
    endloop
  endfacet
  facet normal -0.99946 -0.0328569 0
    outer loop
      vertex 34.8 60.3 1.5
      vertex 34.7957 60.4308 5.3
      vertex 34.7957 60.4308 1.5
    endloop
  endfacet
  facet normal -0.99946 -0.0328569 0
    outer loop
      vertex 34.7957 60.4308 5.3
      vertex 34.8 60.3 1.5
      vertex 34.8 60.3 5.3
    endloop
  endfacet
  facet normal -0.528143 -0.849156 0
    outer loop
      vertex 33.8 62.032 0
      vertex 33.9111 61.9629 5.3
      vertex 33.8 62.032 5.3
    endloop
  endfacet
  facet normal -0.528143 -0.849156 -0
    outer loop
      vertex 33.9111 61.9629 5.3
      vertex 33.8 62.032 0
      vertex 33.9111 61.9629 0
    endloop
  endfacet
  facet normal -0.0328569 -0.99946 0
    outer loop
      vertex 32.8 62.3 0
      vertex 32.9308 62.2957 5.3
      vertex 32.8 62.3 5.3
    endloop
  endfacet
  facet normal -0.0328569 -0.99946 -0
    outer loop
      vertex 32.9308 62.2957 5.3
      vertex 32.8 62.3 0
      vertex 32.9308 62.2957 0
    endloop
  endfacet
  facet normal 0.95696 -0.290219 0
    outer loop
      vertex -34.7318 60.8176 0.4
      vertex -34.6938 60.9429 0
      vertex -34.6938 60.9429 0.4
    endloop
  endfacet
  facet normal 0.95696 -0.290219 0
    outer loop
      vertex -34.6938 60.9429 0
      vertex -34.7318 60.8176 0.4
      vertex -34.7318 60.8176 0
    endloop
  endfacet
  facet normal 0.95696 -0.290219 0
    outer loop
      vertex -34.7318 60.8176 5.3
      vertex -34.6938 60.9429 1.5
      vertex -34.6938 60.9429 5.3
    endloop
  endfacet
  facet normal 0.95696 -0.290219 0
    outer loop
      vertex -34.6938 60.9429 1.5
      vertex -34.7318 60.8176 5.3
      vertex -34.7318 60.8176 1.5
    endloop
  endfacet
  facet normal -0.995202 -0.0978386 0
    outer loop
      vertex 34.7957 60.4308 0
      vertex 34.7829 60.561 0.4
      vertex 34.7829 60.561 0
    endloop
  endfacet
  facet normal -0.995202 -0.0978386 0
    outer loop
      vertex 34.7829 60.561 0.4
      vertex 34.7957 60.4308 0
      vertex 34.7957 60.4308 0.4
    endloop
  endfacet
  facet normal -0.995202 -0.0978386 0
    outer loop
      vertex 34.7957 60.4308 1.5
      vertex 34.7829 60.561 5.3
      vertex 34.7829 60.561 1.5
    endloop
  endfacet
  facet normal -0.995202 -0.0978386 0
    outer loop
      vertex 34.7829 60.561 5.3
      vertex 34.7957 60.4308 1.5
      vertex 34.7957 60.4308 5.3
    endloop
  endfacet
  facet normal 0.413285 -0.910602 0
    outer loop
      vertex -33.6846 62.0937 0
      vertex -33.5654 62.1478 5.3
      vertex -33.6846 62.0937 5.3
    endloop
  endfacet
  facet normal 0.413285 -0.910602 0
    outer loop
      vertex -33.5654 62.1478 5.3
      vertex -33.6846 62.0937 0
      vertex -33.5654 62.1478 0
    endloop
  endfacet
  facet normal 0.0328569 0.99946 -0
    outer loop
      vertex -32.8 -62.3 0
      vertex -32.9308 -62.2957 0.4
      vertex -32.8 -62.3 0.4
    endloop
  endfacet
  facet normal 0.0328569 0.99946 0
    outer loop
      vertex -32.9308 -62.2957 0.4
      vertex -32.8 -62.3 0
      vertex -32.9308 -62.2957 0
    endloop
  endfacet
  facet normal 0.0328569 0.99946 -0
    outer loop
      vertex -32.8 -62.3 1.5
      vertex -32.9308 -62.2957 5.3
      vertex -32.8 -62.3 5.3
    endloop
  endfacet
  facet normal 0.0328569 0.99946 0
    outer loop
      vertex -32.9308 -62.2957 5.3
      vertex -32.8 -62.3 1.5
      vertex -32.9308 -62.2957 1.5
    endloop
  endfacet
  facet normal 0.528143 0.849156 -0
    outer loop
      vertex -33.8 -62.032 0
      vertex -33.9111 -61.9629 5.3
      vertex -33.8 -62.032 5.3
    endloop
  endfacet
  facet normal 0.528143 0.849156 0
    outer loop
      vertex -33.9111 -61.9629 5.3
      vertex -33.8 -62.032 0
      vertex -33.9111 -61.9629 0
    endloop
  endfacet
  facet normal -0.351542 0.936172 0
    outer loop
      vertex 33.5654 -62.1478 0
      vertex 33.4429 -62.1938 0.4
      vertex 33.5654 -62.1478 0.4
    endloop
  endfacet
  facet normal -0.351542 0.936172 0
    outer loop
      vertex 33.4429 -62.1938 0.4
      vertex 33.5654 -62.1478 0
      vertex 33.4429 -62.1938 0
    endloop
  endfacet
  facet normal -0.351542 0.936172 0
    outer loop
      vertex 33.5654 -62.1478 1.5
      vertex 33.4429 -62.1938 5.3
      vertex 33.5654 -62.1478 5.3
    endloop
  endfacet
  facet normal -0.351542 0.936172 0
    outer loop
      vertex 33.4429 -62.1938 5.3
      vertex 33.5654 -62.1478 1.5
      vertex 33.4429 -62.1938 1.5
    endloop
  endfacet
  facet normal -0.882024 0.471204 0
    outer loop
      vertex 34.5937 -61.1846 0
      vertex 34.55 -61.2664 0.4
      vertex 34.5937 -61.1846 0.4
    endloop
  endfacet
  facet normal -0.88148 0.472221 0
    outer loop
      vertex 34.55 -61.2664 0.4
      vertex 34.532 -61.3 0
      vertex 34.55 -61.2664 1.5
    endloop
  endfacet
  facet normal -0.881866 0.4715 7.79466e-05
    outer loop
      vertex 34.532 -61.3 0
      vertex 34.55 -61.2664 0.4
      vertex 34.5937 -61.1846 0
    endloop
  endfacet
  facet normal -0.882024 0.471204 0
    outer loop
      vertex 34.55 -61.2664 1.5
      vertex 34.5937 -61.1846 5.3
      vertex 34.5937 -61.1846 1.5
    endloop
  endfacet
  facet normal -0.88148 0.472221 0
    outer loop
      vertex 34.532 -61.3 5.3
      vertex 34.55 -61.2664 1.5
      vertex 34.532 -61.3 0
    endloop
  endfacet
  facet normal -0.881866 0.4715 -8.2049e-06
    outer loop
      vertex 34.55 -61.2664 1.5
      vertex 34.532 -61.3 5.3
      vertex 34.5937 -61.1846 5.3
    endloop
  endfacet
  facet normal -0.910602 0.413285 0
    outer loop
      vertex 34.5937 -61.1846 0
      vertex 34.6478 -61.0654 0.4
      vertex 34.6478 -61.0654 0
    endloop
  endfacet
  facet normal -0.910602 0.413285 0
    outer loop
      vertex 34.6478 -61.0654 0.4
      vertex 34.5937 -61.1846 0
      vertex 34.5937 -61.1846 0.4
    endloop
  endfacet
  facet normal -0.910602 0.413285 0
    outer loop
      vertex 34.5937 -61.1846 1.5
      vertex 34.6478 -61.0654 5.3
      vertex 34.6478 -61.0654 1.5
    endloop
  endfacet
  facet normal -0.910602 0.413285 0
    outer loop
      vertex 34.6478 -61.0654 5.3
      vertex 34.5937 -61.1846 1.5
      vertex 34.5937 -61.1846 5.3
    endloop
  endfacet
  facet normal 0.95696 0.290219 0
    outer loop
      vertex -34.6938 -60.9429 0.4
      vertex -34.7318 -60.8176 0
      vertex -34.7318 -60.8176 0.4
    endloop
  endfacet
  facet normal 0.95696 0.290219 0
    outer loop
      vertex -34.7318 -60.8176 0
      vertex -34.6938 -60.9429 0.4
      vertex -34.6938 -60.9429 0
    endloop
  endfacet
  facet normal 0.95696 0.290219 0
    outer loop
      vertex -34.6938 -60.9429 5.3
      vertex -34.7318 -60.8176 1.5
      vertex -34.7318 -60.8176 5.3
    endloop
  endfacet
  facet normal 0.95696 0.290219 0
    outer loop
      vertex -34.7318 -60.8176 1.5
      vertex -34.6938 -60.9429 5.3
      vertex -34.6938 -60.9429 1.5
    endloop
  endfacet
  facet normal 0.0978386 0.995202 -0
    outer loop
      vertex -32.9308 -62.2957 0
      vertex -33.061 -62.2829 0.4
      vertex -32.9308 -62.2957 0.4
    endloop
  endfacet
  facet normal 0.0978386 0.995202 0
    outer loop
      vertex -33.061 -62.2829 0.4
      vertex -32.9308 -62.2957 0
      vertex -33.061 -62.2829 0
    endloop
  endfacet
  facet normal 0.0978386 0.995202 -0
    outer loop
      vertex -32.9308 -62.2957 1.5
      vertex -33.061 -62.2829 5.3
      vertex -32.9308 -62.2957 5.3
    endloop
  endfacet
  facet normal 0.0978386 0.995202 0
    outer loop
      vertex -33.061 -62.2829 5.3
      vertex -32.9308 -62.2957 1.5
      vertex -33.061 -62.2829 1.5
    endloop
  endfacet
  facet normal 0.973717 -0.227761 0
    outer loop
      vertex -34.7616 60.6902 0.4
      vertex -34.7318 60.8176 0
      vertex -34.7318 60.8176 0.4
    endloop
  endfacet
  facet normal 0.973717 -0.227761 0
    outer loop
      vertex -34.7318 60.8176 0
      vertex -34.7616 60.6902 0.4
      vertex -34.7616 60.6902 0
    endloop
  endfacet
  facet normal 0.973717 -0.227761 0
    outer loop
      vertex -34.7616 60.6902 5.3
      vertex -34.7318 60.8176 1.5
      vertex -34.7318 60.8176 5.3
    endloop
  endfacet
  facet normal 0.973717 -0.227761 0
    outer loop
      vertex -34.7318 60.8176 1.5
      vertex -34.7616 60.6902 5.3
      vertex -34.7616 60.6902 1.5
    endloop
  endfacet
  facet normal 0.986681 0.162665 0
    outer loop
      vertex -34.7616 -60.6902 0.4
      vertex -34.7829 -60.561 0
      vertex -34.7829 -60.561 0.4
    endloop
  endfacet
  facet normal 0.986681 0.162665 0
    outer loop
      vertex -34.7829 -60.561 0
      vertex -34.7616 -60.6902 0.4
      vertex -34.7616 -60.6902 0
    endloop
  endfacet
  facet normal 0.986681 0.162665 0
    outer loop
      vertex -34.7616 -60.6902 5.3
      vertex -34.7829 -60.561 1.5
      vertex -34.7829 -60.561 5.3
    endloop
  endfacet
  facet normal 0.986681 0.162665 0
    outer loop
      vertex -34.7829 -60.561 1.5
      vertex -34.7616 -60.6902 5.3
      vertex -34.7616 -60.6902 1.5
    endloop
  endfacet
  facet normal -0.58225 0.81301 0
    outer loop
      vertex 34.0175 -61.8867 0
      vertex 33.9111 -61.9629 5.3
      vertex 34.0175 -61.8867 5.3
    endloop
  endfacet
  facet normal -0.58225 0.81301 0
    outer loop
      vertex 33.9111 -61.9629 5.3
      vertex 34.0175 -61.8867 0
      vertex 33.9111 -61.9629 0
    endloop
  endfacet
  facet normal -0.773208 0.634153 0
    outer loop
      vertex 34.3037 -61.6187 0
      vertex 34.3867 -61.5175 5.3
      vertex 34.3867 -61.5175 0
    endloop
  endfacet
  facet normal -0.773208 0.634153 0
    outer loop
      vertex 34.3867 -61.5175 5.3
      vertex 34.3037 -61.6187 0
      vertex 34.3037 -61.6187 5.3
    endloop
  endfacet
  facet normal 0.4715 -0.881866 0
    outer loop
      vertex -33.8 62.032 0
      vertex -33.6846 62.0937 5.3
      vertex -33.8 62.032 5.3
    endloop
  endfacet
  facet normal 0.4715 -0.881866 0
    outer loop
      vertex -33.6846 62.0937 5.3
      vertex -33.8 62.032 0
      vertex -33.6846 62.0937 0
    endloop
  endfacet
  facet normal -0.4715 -0.881866 0
    outer loop
      vertex 33.6846 62.0937 0
      vertex 33.8 62.032 5.3
      vertex 33.6846 62.0937 5.3
    endloop
  endfacet
  facet normal -0.4715 -0.881866 -0
    outer loop
      vertex 33.8 62.032 5.3
      vertex 33.6846 62.0937 0
      vertex 33.8 62.032 0
    endloop
  endfacet
  facet normal 0.995202 0.0978386 0
    outer loop
      vertex -34.7829 -60.561 0.4
      vertex -34.7957 -60.4308 0
      vertex -34.7957 -60.4308 0.4
    endloop
  endfacet
  facet normal 0.995202 0.0978386 0
    outer loop
      vertex -34.7957 -60.4308 0
      vertex -34.7829 -60.561 0.4
      vertex -34.7829 -60.561 0
    endloop
  endfacet
  facet normal 0.995202 0.0978386 0
    outer loop
      vertex -34.7829 -60.561 5.3
      vertex -34.7957 -60.4308 1.5
      vertex -34.7957 -60.4308 5.3
    endloop
  endfacet
  facet normal 0.995202 0.0978386 0
    outer loop
      vertex -34.7957 -60.4308 1.5
      vertex -34.7829 -60.561 5.3
      vertex -34.7829 -60.561 1.5
    endloop
  endfacet
  facet normal 0.99946 0.0328569 0
    outer loop
      vertex -34.7957 -60.4308 0.4
      vertex -34.8 -60.3 0
      vertex -34.8 -60.3 0.4
    endloop
  endfacet
  facet normal 0.99946 0.0328569 0
    outer loop
      vertex -34.8 -60.3 0
      vertex -34.7957 -60.4308 0.4
      vertex -34.7957 -60.4308 0
    endloop
  endfacet
  facet normal 0.99946 0.0328569 0
    outer loop
      vertex -34.7957 -60.4308 5.3
      vertex -34.8 -60.3 1.5
      vertex -34.8 -60.3 5.3
    endloop
  endfacet
  facet normal 0.99946 0.0328569 0
    outer loop
      vertex -34.8 -60.3 1.5
      vertex -34.7957 -60.4308 5.3
      vertex -34.7957 -60.4308 1.5
    endloop
  endfacet
  facet normal -0.634153 -0.773208 0
    outer loop
      vertex 34.0175 61.8867 0
      vertex 34.1187 61.8037 5.3
      vertex 34.0175 61.8867 5.3
    endloop
  endfacet
  facet normal -0.634153 -0.773208 -0
    outer loop
      vertex 34.1187 61.8037 5.3
      vertex 34.0175 61.8867 0
      vertex 34.1187 61.8037 0
    endloop
  endfacet
  facet normal 0.227761 0.973717 -0
    outer loop
      vertex -33.1902 -62.2616 0
      vertex -33.3176 -62.2318 0.4
      vertex -33.1902 -62.2616 0.4
    endloop
  endfacet
  facet normal 0.227761 0.973717 0
    outer loop
      vertex -33.3176 -62.2318 0.4
      vertex -33.1902 -62.2616 0
      vertex -33.3176 -62.2318 0
    endloop
  endfacet
  facet normal 0.227761 0.973717 -0
    outer loop
      vertex -33.1902 -62.2616 1.5
      vertex -33.3176 -62.2318 5.3
      vertex -33.1902 -62.2616 5.3
    endloop
  endfacet
  facet normal 0.227761 0.973717 0
    outer loop
      vertex -33.3176 -62.2318 5.3
      vertex -33.1902 -62.2616 1.5
      vertex -33.3176 -62.2318 1.5
    endloop
  endfacet
  facet normal -0.227761 -0.973717 0
    outer loop
      vertex 33.1902 62.2616 0
      vertex 33.3176 62.2318 5.3
      vertex 33.1902 62.2616 5.3
    endloop
  endfacet
  facet normal -0.227761 -0.973717 -0
    outer loop
      vertex 33.3176 62.2318 5.3
      vertex 33.1902 62.2616 0
      vertex 33.3176 62.2318 0
    endloop
  endfacet
  facet normal -0.4715 0.881866 -8.2049e-06
    outer loop
      vertex 33.8 -62.032 5.3
      vertex 33.7664 -62.05 1.5
      vertex 33.6846 -62.0937 5.3
    endloop
  endfacet
  facet normal -0.472221 0.88148 0
    outer loop
      vertex 33.8 -62.032 0
      vertex 33.7664 -62.05 1.5
      vertex 33.8 -62.032 5.3
    endloop
  endfacet
  facet normal -0.472221 0.88148 0
    outer loop
      vertex 33.7664 -62.05 1.5
      vertex 33.8 -62.032 0
      vertex 33.7664 -62.05 0.4
    endloop
  endfacet
  facet normal -0.4715 0.881866 7.79466e-05
    outer loop
      vertex 33.6846 -62.0937 0
      vertex 33.7664 -62.05 0.4
      vertex 33.8 -62.032 0
    endloop
  endfacet
  facet normal -0.471204 0.882024 0
    outer loop
      vertex 33.7664 -62.05 0.4
      vertex 33.6846 -62.0937 0
      vertex 33.6846 -62.0937 0.4
    endloop
  endfacet
  facet normal -0.471204 0.882024 0
    outer loop
      vertex 33.6846 -62.0937 5.3
      vertex 33.7664 -62.05 1.5
      vertex 33.6846 -62.0937 1.5
    endloop
  endfacet
  facet normal -0.0978386 -0.995202 0
    outer loop
      vertex 32.9308 62.2957 0
      vertex 33.061 62.2829 5.3
      vertex 32.9308 62.2957 5.3
    endloop
  endfacet
  facet normal -0.0978386 -0.995202 -0
    outer loop
      vertex 33.061 62.2829 5.3
      vertex 32.9308 62.2957 0
      vertex 33.061 62.2829 0
    endloop
  endfacet
  facet normal -0.729656 0.683814 0
    outer loop
      vertex 34.2142 -61.7142 0
      vertex 34.3037 -61.6187 5.3
      vertex 34.3037 -61.6187 0
    endloop
  endfacet
  facet normal -0.729656 0.683814 0
    outer loop
      vertex 34.3037 -61.6187 5.3
      vertex 34.2142 -61.7142 0
      vertex 34.2142 -61.7142 5.3
    endloop
  endfacet
  facet normal -0.290219 -0.95696 0
    outer loop
      vertex 33.3176 62.2318 0
      vertex 33.4429 62.1938 5.3
      vertex 33.3176 62.2318 5.3
    endloop
  endfacet
  facet normal -0.290219 -0.95696 -0
    outer loop
      vertex 33.4429 62.1938 5.3
      vertex 33.3176 62.2318 0
      vertex 33.4429 62.1938 0
    endloop
  endfacet
  facet normal -0.227761 0.973717 0
    outer loop
      vertex 33.3176 -62.2318 0
      vertex 33.1902 -62.2616 0.4
      vertex 33.3176 -62.2318 0.4
    endloop
  endfacet
  facet normal -0.227761 0.973717 0
    outer loop
      vertex 33.1902 -62.2616 0.4
      vertex 33.3176 -62.2318 0
      vertex 33.1902 -62.2616 0
    endloop
  endfacet
  facet normal -0.227761 0.973717 0
    outer loop
      vertex 33.3176 -62.2318 1.5
      vertex 33.1902 -62.2616 5.3
      vertex 33.3176 -62.2318 5.3
    endloop
  endfacet
  facet normal -0.227761 0.973717 0
    outer loop
      vertex 33.1902 -62.2616 5.3
      vertex 33.3176 -62.2318 1.5
      vertex 33.1902 -62.2616 1.5
    endloop
  endfacet
  facet normal -0.290219 0.95696 0
    outer loop
      vertex 33.4429 -62.1938 0
      vertex 33.3176 -62.2318 0.4
      vertex 33.4429 -62.1938 0.4
    endloop
  endfacet
  facet normal -0.290219 0.95696 0
    outer loop
      vertex 33.3176 -62.2318 0.4
      vertex 33.4429 -62.1938 0
      vertex 33.3176 -62.2318 0
    endloop
  endfacet
  facet normal -0.290219 0.95696 0
    outer loop
      vertex 33.4429 -62.1938 1.5
      vertex 33.3176 -62.2318 5.3
      vertex 33.4429 -62.1938 5.3
    endloop
  endfacet
  facet normal -0.290219 0.95696 0
    outer loop
      vertex 33.3176 -62.2318 5.3
      vertex 33.4429 -62.1938 1.5
      vertex 33.3176 -62.2318 1.5
    endloop
  endfacet
  facet normal -1 0 0
    outer loop
      vertex -34.55 -62.05 0.4
      vertex -34.55 -61.2664 1.5
      vertex -34.55 -61.2664 0.4
    endloop
  endfacet
  facet normal -1 -0 0
    outer loop
      vertex -34.55 -61.2664 1.5
      vertex -34.55 -62.05 0.4
      vertex -34.55 -62.05 1.5
    endloop
  endfacet
  facet normal -1 0 0
    outer loop
      vertex -34.55 61.2664 0.4
      vertex -34.55 70.8 1.5
      vertex -34.55 70.8 0.4
    endloop
  endfacet
  facet normal -1 -0 0
    outer loop
      vertex -34.55 70.8 1.5
      vertex -34.55 61.2664 0.4
      vertex -34.55 61.2664 1.5
    endloop
  endfacet
  facet normal 0 0 -1
    outer loop
      vertex 34.8 60.3 1.5
      vertex 37.8 -65.3 1.5
      vertex 34.8 -60.3 1.5
    endloop
  endfacet
  facet normal 0 0 -1
    outer loop
      vertex 37.8 -65.3 1.5
      vertex 34.7957 -60.4308 1.5
      vertex 34.8 -60.3 1.5
    endloop
  endfacet
  facet normal 0 0 -1
    outer loop
      vertex 37.8 -65.3 1.5
      vertex 34.7829 -60.561 1.5
      vertex 34.7957 -60.4308 1.5
    endloop
  endfacet
  facet normal 0 0 -1
    outer loop
      vertex 37.8 -65.3 1.5
      vertex 34.7616 -60.6902 1.5
      vertex 34.7829 -60.561 1.5
    endloop
  endfacet
  facet normal 0 0 -1
    outer loop
      vertex 37.8 -65.3 1.5
      vertex 34.7318 -60.8176 1.5
      vertex 34.7616 -60.6902 1.5
    endloop
  endfacet
  facet normal 0 0 -1
    outer loop
      vertex 37.8 -65.3 1.5
      vertex 34.6938 -60.9429 1.5
      vertex 34.7318 -60.8176 1.5
    endloop
  endfacet
  facet normal 0 0 -1
    outer loop
      vertex 34.55 -62.05 1.5
      vertex 34.6938 -60.9429 1.5
      vertex 37.8 -65.3 1.5
    endloop
  endfacet
  facet normal 0 0 -1
    outer loop
      vertex 34.6938 -60.9429 1.5
      vertex 34.55 -62.05 1.5
      vertex 34.6478 -61.0654 1.5
    endloop
  endfacet
  facet normal 0 0 -1
    outer loop
      vertex 34.6478 -61.0654 1.5
      vertex 34.55 -62.05 1.5
      vertex 34.5937 -61.1846 1.5
    endloop
  endfacet
  facet normal 0 0 -1
    outer loop
      vertex 33.4429 -62.1938 1.5
      vertex 34.55 -62.05 1.5
      vertex 37.8 -65.3 1.5
    endloop
  endfacet
  facet normal -0 0 -1
    outer loop
      vertex 34.55 -62.05 1.5
      vertex 33.6846 -62.0937 1.5
      vertex 33.7664 -62.05 1.5
    endloop
  endfacet
  facet normal 0 0 -1
    outer loop
      vertex 34.55 -62.05 1.5
      vertex 33.5654 -62.1478 1.5
      vertex 33.6846 -62.0937 1.5
    endloop
  endfacet
  facet normal 0 0 -1
    outer loop
      vertex 34.55 -62.05 1.5
      vertex 33.4429 -62.1938 1.5
      vertex 33.5654 -62.1478 1.5
    endloop
  endfacet
  facet normal 0 0 -1
    outer loop
      vertex 37.8 -65.3 1.5
      vertex 33.3176 -62.2318 1.5
      vertex 33.4429 -62.1938 1.5
    endloop
  endfacet
  facet normal 0 0 -1
    outer loop
      vertex 37.8 -65.3 1.5
      vertex 33.1902 -62.2616 1.5
      vertex 33.3176 -62.2318 1.5
    endloop
  endfacet
  facet normal 0 0 -1
    outer loop
      vertex 37.8 -65.3 1.5
      vertex 33.061 -62.2829 1.5
      vertex 33.1902 -62.2616 1.5
    endloop
  endfacet
  facet normal 0 0 -1
    outer loop
      vertex 37.8 -65.3 1.5
      vertex 32.9308 -62.2957 1.5
      vertex 33.061 -62.2829 1.5
    endloop
  endfacet
  facet normal 0 0 -1
    outer loop
      vertex 37.8 -65.3 1.5
      vertex 32.8 -62.3 1.5
      vertex 32.9308 -62.2957 1.5
    endloop
  endfacet
  facet normal 0 0 -1
    outer loop
      vertex 37.8 -65.3 1.5
      vertex -32.8 -62.3 1.5
      vertex 32.8 -62.3 1.5
    endloop
  endfacet
  facet normal 0 0 -1
    outer loop
      vertex -37.8 -65.3 1.5
      vertex -32.8 -62.3 1.5
      vertex 37.8 -65.3 1.5
    endloop
  endfacet
  facet normal 0 0 -1
    outer loop
      vertex -33.6846 -62.0937 1.5
      vertex -34.55 -62.05 1.5
      vertex -33.7664 -62.05 1.5
    endloop
  endfacet
  facet normal 0 0 -1
    outer loop
      vertex -33.5654 -62.1478 1.5
      vertex -34.55 -62.05 1.5
      vertex -33.6846 -62.0937 1.5
    endloop
  endfacet
  facet normal 0 0 -1
    outer loop
      vertex -33.4429 -62.1938 1.5
      vertex -34.55 -62.05 1.5
      vertex -33.5654 -62.1478 1.5
    endloop
  endfacet
  facet normal 0 0 -1
    outer loop
      vertex -37.8 -65.3 1.5
      vertex -33.4429 -62.1938 1.5
      vertex -33.3176 -62.2318 1.5
    endloop
  endfacet
  facet normal 0 0 -1
    outer loop
      vertex -37.8 -65.3 1.5
      vertex -33.3176 -62.2318 1.5
      vertex -33.1902 -62.2616 1.5
    endloop
  endfacet
  facet normal 0 0 -1
    outer loop
      vertex -37.8 -65.3 1.5
      vertex -33.1902 -62.2616 1.5
      vertex -33.061 -62.2829 1.5
    endloop
  endfacet
  facet normal 0 0 -1
    outer loop
      vertex -34.55 -62.05 1.5
      vertex -34.5937 -61.1846 1.5
      vertex -34.55 -61.2664 1.5
    endloop
  endfacet
  facet normal 0 0 -1
    outer loop
      vertex -34.55 -62.05 1.5
      vertex -34.6478 -61.0654 1.5
      vertex -34.5937 -61.1846 1.5
    endloop
  endfacet
  facet normal 0 0 -1
    outer loop
      vertex -34.55 -62.05 1.5
      vertex -34.6938 -60.9429 1.5
      vertex -34.6478 -61.0654 1.5
    endloop
  endfacet
  facet normal 0 0 -1
    outer loop
      vertex -37.8 -65.3 1.5
      vertex -34.6938 -60.9429 1.5
      vertex -34.55 -62.05 1.5
    endloop
  endfacet
  facet normal -0 0 -1
    outer loop
      vertex -34.6938 -60.9429 1.5
      vertex -37.8 -65.3 1.5
      vertex -34.7318 -60.8176 1.5
    endloop
  endfacet
  facet normal -0 0 -1
    outer loop
      vertex -34.7318 -60.8176 1.5
      vertex -37.8 -65.3 1.5
      vertex -34.7616 -60.6902 1.5
    endloop
  endfacet
  facet normal -0 0 -1
    outer loop
      vertex -34.8 -60.3 1.5
      vertex -37.8 -65.3 1.5
      vertex -34.8 60.3 1.5
    endloop
  endfacet
  facet normal -0 0 -1
    outer loop
      vertex -34.7957 -60.4308 1.5
      vertex -37.8 -65.3 1.5
      vertex -34.8 -60.3 1.5
    endloop
  endfacet
  facet normal -0 0 -1
    outer loop
      vertex -34.7829 -60.561 1.5
      vertex -37.8 -65.3 1.5
      vertex -34.7957 -60.4308 1.5
    endloop
  endfacet
  facet normal -0 0 -1
    outer loop
      vertex -34.7616 -60.6902 1.5
      vertex -37.8 -65.3 1.5
      vertex -34.7829 -60.561 1.5
    endloop
  endfacet
  facet normal -0 0 -1
    outer loop
      vertex -33.4429 -62.1938 1.5
      vertex -37.8 -65.3 1.5
      vertex -34.55 -62.05 1.5
    endloop
  endfacet
  facet normal -0 0 -1
    outer loop
      vertex -32.9308 -62.2957 1.5
      vertex -37.8 -65.3 1.5
      vertex -33.061 -62.2829 1.5
    endloop
  endfacet
  facet normal -0 0 -1
    outer loop
      vertex -32.8 -62.3 1.5
      vertex -37.8 -65.3 1.5
      vertex -32.9308 -62.2957 1.5
    endloop
  endfacet
  facet normal 0 0 -1
    outer loop
      vertex 37.8 -65.3 1.5
      vertex 34.8 60.3 1.5
      vertex 37.8 71.8 1.5
    endloop
  endfacet
  facet normal 0 0 -1
    outer loop
      vertex 34.7957 60.4308 1.5
      vertex 37.8 71.8 1.5
      vertex 34.8 60.3 1.5
    endloop
  endfacet
  facet normal 0 0 -1
    outer loop
      vertex 34.7829 60.561 1.5
      vertex 37.8 71.8 1.5
      vertex 34.7957 60.4308 1.5
    endloop
  endfacet
  facet normal 0 0 -1
    outer loop
      vertex 34.7616 60.6902 1.5
      vertex 37.8 71.8 1.5
      vertex 34.7829 60.561 1.5
    endloop
  endfacet
  facet normal 0 0 -1
    outer loop
      vertex 34.7318 60.8176 1.5
      vertex 37.8 71.8 1.5
      vertex 34.7616 60.6902 1.5
    endloop
  endfacet
  facet normal 0 0 -1
    outer loop
      vertex 34.6938 60.9429 1.5
      vertex 37.8 71.8 1.5
      vertex 34.7318 60.8176 1.5
    endloop
  endfacet
  facet normal 0 0 -1
    outer loop
      vertex 34.6478 61.0654 1.5
      vertex 37.8 71.8 1.5
      vertex 34.6938 60.9429 1.5
    endloop
  endfacet
  facet normal 0 0 -1
    outer loop
      vertex 34.5937 61.1846 1.5
      vertex 37.8 71.8 1.5
      vertex 34.6478 61.0654 1.5
    endloop
  endfacet
  facet normal 0 0 -1
    outer loop
      vertex 34.55 61.2664 1.5
      vertex 37.8 71.8 1.5
      vertex 34.5937 61.1846 1.5
    endloop
  endfacet
  facet normal 0 0 -1
    outer loop
      vertex 34.55 70.8 1.5
      vertex 37.8 71.8 1.5
      vertex 34.55 61.2664 1.5
    endloop
  endfacet
  facet normal 0 0 -1
    outer loop
      vertex 34.55 70.8 1.5
      vertex 8 71.8 1.5
      vertex 37.8 71.8 1.5
    endloop
  endfacet
  facet normal 0 0 -1
    outer loop
      vertex 34.55 70.8 1.5
      vertex 7.98287 71.2768 1.5
      vertex 8 71.8 1.5
    endloop
  endfacet
  facet normal 0 -0 -1
    outer loop
      vertex 7.98287 71.2768 1.5
      vertex 34.55 70.8 1.5
      vertex 7.93591 70.8 1.5
    endloop
  endfacet
  facet normal 0 0 -1
    outer loop
      vertex 34.5937 -61.1846 1.5
      vertex 34.55 -62.05 1.5
      vertex 34.55 -61.2664 1.5
    endloop
  endfacet
  facet normal 0 0 -1
    outer loop
      vertex -37.8 71.8 1.5
      vertex -34.55 61.2664 1.5
      vertex -34.5937 61.1846 1.5
    endloop
  endfacet
  facet normal 0 0 -1
    outer loop
      vertex -34.55 70.8 1.5
      vertex -7.98287 71.2768 1.5
      vertex -7.93591 70.8 1.5
    endloop
  endfacet
  facet normal 0 0 -1
    outer loop
      vertex -34.55 70.8 1.5
      vertex -8 71.8 1.5
      vertex -7.98287 71.2768 1.5
    endloop
  endfacet
  facet normal 0 0 -1
    outer loop
      vertex -37.8 71.8 1.5
      vertex -34.5937 61.1846 1.5
      vertex -34.6478 61.0654 1.5
    endloop
  endfacet
  facet normal 0 0 -1
    outer loop
      vertex -37.8 71.8 1.5
      vertex -34.6478 61.0654 1.5
      vertex -34.6938 60.9429 1.5
    endloop
  endfacet
  facet normal 0 0 -1
    outer loop
      vertex -37.8 71.8 1.5
      vertex -34.6938 60.9429 1.5
      vertex -34.7318 60.8176 1.5
    endloop
  endfacet
  facet normal 0 0 -1
    outer loop
      vertex -37.8 71.8 1.5
      vertex -34.7318 60.8176 1.5
      vertex -34.7616 60.6902 1.5
    endloop
  endfacet
  facet normal 0 0 -1
    outer loop
      vertex -37.8 71.8 1.5
      vertex -34.7616 60.6902 1.5
      vertex -34.7829 60.561 1.5
    endloop
  endfacet
  facet normal 0 0 -1
    outer loop
      vertex -37.8 71.8 1.5
      vertex -34.7829 60.561 1.5
      vertex -34.7957 60.4308 1.5
    endloop
  endfacet
  facet normal 0 0 -1
    outer loop
      vertex -37.8 71.8 1.5
      vertex -34.7957 60.4308 1.5
      vertex -34.8 60.3 1.5
    endloop
  endfacet
  facet normal 0 0 -1
    outer loop
      vertex -37.8 71.8 1.5
      vertex -34.8 60.3 1.5
      vertex -37.8 -65.3 1.5
    endloop
  endfacet
  facet normal 0 0 -1
    outer loop
      vertex -34.55 70.8 1.5
      vertex -37.8 71.8 1.5
      vertex -8 71.8 1.5
    endloop
  endfacet
  facet normal 0 0 -1
    outer loop
      vertex -34.55 61.2664 1.5
      vertex -37.8 71.8 1.5
      vertex -34.55 70.8 1.5
    endloop
  endfacet
  facet normal -0 0 1
    outer loop
      vertex -37.8 70.8 0.4
      vertex -34.55 61.2664 0.4
      vertex -34.55 70.8 0.4
    endloop
  endfacet
  facet normal 0 0 1
    outer loop
      vertex -34.55 61.2664 0.4
      vertex -37.8 70.8 0.4
      vertex -34.5937 61.1846 0.4
    endloop
  endfacet
  facet normal 0 0 1
    outer loop
      vertex -34.5937 61.1846 0.4
      vertex -37.8 70.8 0.4
      vertex -34.6478 61.0654 0.4
    endloop
  endfacet
  facet normal 0 0 1
    outer loop
      vertex -34.6478 61.0654 0.4
      vertex -37.8 70.8 0.4
      vertex -34.6938 60.9429 0.4
    endloop
  endfacet
  facet normal 0 0 1
    outer loop
      vertex -34.6938 60.9429 0.4
      vertex -37.8 70.8 0.4
      vertex -34.7318 60.8176 0.4
    endloop
  endfacet
  facet normal 0 0 1
    outer loop
      vertex -34.7318 60.8176 0.4
      vertex -37.8 70.8 0.4
      vertex -34.7616 60.6902 0.4
    endloop
  endfacet
  facet normal 0 0 1
    outer loop
      vertex -34.7616 60.6902 0.4
      vertex -37.8 70.8 0.4
      vertex -34.7829 60.561 0.4
    endloop
  endfacet
  facet normal 0 0 1
    outer loop
      vertex -34.7829 60.561 0.4
      vertex -37.8 70.8 0.4
      vertex -34.7957 60.4308 0.4
    endloop
  endfacet
  facet normal 0 0 1
    outer loop
      vertex -37.8 -65.3 0.4
      vertex -34.8 60.3 0.4
      vertex -37.8 70.8 0.4
    endloop
  endfacet
  facet normal 0 0 1
    outer loop
      vertex -34.7957 60.4308 0.4
      vertex -37.8 70.8 0.4
      vertex -34.8 60.3 0.4
    endloop
  endfacet
  facet normal 0 0 1
    outer loop
      vertex -34.55 -61.2664 0.4
      vertex -34.5937 -61.1846 0.4
      vertex -34.55 -62.05 0.4
    endloop
  endfacet
  facet normal 0 0 1
    outer loop
      vertex 37.8 70.8 0.4
      vertex 34.8 60.3 0.4
      vertex 37.8 -65.3 0.4
    endloop
  endfacet
  facet normal 0 0 1
    outer loop
      vertex 37.8 70.8 0.4
      vertex 34.7957 60.4308 0.4
      vertex 34.8 60.3 0.4
    endloop
  endfacet
  facet normal 0 0 1
    outer loop
      vertex 37.8 70.8 0.4
      vertex 34.7829 60.561 0.4
      vertex 34.7957 60.4308 0.4
    endloop
  endfacet
  facet normal 0 0 1
    outer loop
      vertex 37.8 70.8 0.4
      vertex 34.7616 60.6902 0.4
      vertex 34.7829 60.561 0.4
    endloop
  endfacet
  facet normal 0 0 1
    outer loop
      vertex 37.8 70.8 0.4
      vertex 34.7318 60.8176 0.4
      vertex 34.7616 60.6902 0.4
    endloop
  endfacet
  facet normal 0 0 1
    outer loop
      vertex 37.8 70.8 0.4
      vertex 34.6938 60.9429 0.4
      vertex 34.7318 60.8176 0.4
    endloop
  endfacet
  facet normal 0 0 1
    outer loop
      vertex 37.8 70.8 0.4
      vertex 34.6478 61.0654 0.4
      vertex 34.6938 60.9429 0.4
    endloop
  endfacet
  facet normal 0 0 1
    outer loop
      vertex 37.8 70.8 0.4
      vertex 34.5937 61.1846 0.4
      vertex 34.6478 61.0654 0.4
    endloop
  endfacet
  facet normal 0 0 1
    outer loop
      vertex 34.55 61.2664 0.4
      vertex 37.8 70.8 0.4
      vertex 34.55 70.8 0.4
    endloop
  endfacet
  facet normal 0 0 1
    outer loop
      vertex 37.8 70.8 0.4
      vertex 34.55 61.2664 0.4
      vertex 34.5937 61.1846 0.4
    endloop
  endfacet
  facet normal -0 0 1
    outer loop
      vertex 34.8 -60.3 0.4
      vertex 37.8 -65.3 0.4
      vertex 34.8 60.3 0.4
    endloop
  endfacet
  facet normal -0 0 1
    outer loop
      vertex 34.7957 -60.4308 0.4
      vertex 37.8 -65.3 0.4
      vertex 34.8 -60.3 0.4
    endloop
  endfacet
  facet normal -0 0 1
    outer loop
      vertex 34.7829 -60.561 0.4
      vertex 37.8 -65.3 0.4
      vertex 34.7957 -60.4308 0.4
    endloop
  endfacet
  facet normal -0 0 1
    outer loop
      vertex 34.7616 -60.6902 0.4
      vertex 37.8 -65.3 0.4
      vertex 34.7829 -60.561 0.4
    endloop
  endfacet
  facet normal -0 0 1
    outer loop
      vertex 34.7318 -60.8176 0.4
      vertex 37.8 -65.3 0.4
      vertex 34.7616 -60.6902 0.4
    endloop
  endfacet
  facet normal -0 0 1
    outer loop
      vertex 34.6938 -60.9429 0.4
      vertex 37.8 -65.3 0.4
      vertex 34.7318 -60.8176 0.4
    endloop
  endfacet
  facet normal 0 0 1
    outer loop
      vertex 34.55 -62.05 0.4
      vertex 34.6938 -60.9429 0.4
      vertex 34.6478 -61.0654 0.4
    endloop
  endfacet
  facet normal 0 0 1
    outer loop
      vertex 34.55 -62.05 0.4
      vertex 34.6478 -61.0654 0.4
      vertex 34.5937 -61.1846 0.4
    endloop
  endfacet
  facet normal 0 0 1
    outer loop
      vertex 34.55 -62.05 0.4
      vertex 34.5937 -61.1846 0.4
      vertex 34.55 -61.2664 0.4
    endloop
  endfacet
  facet normal 0 0 1
    outer loop
      vertex 34.6938 -60.9429 0.4
      vertex 34.55 -62.05 0.4
      vertex 37.8 -65.3 0.4
    endloop
  endfacet
  facet normal 0 0 1
    outer loop
      vertex 33.6846 -62.0937 0.4
      vertex 34.55 -62.05 0.4
      vertex 33.7664 -62.05 0.4
    endloop
  endfacet
  facet normal 0 0 1
    outer loop
      vertex 33.5654 -62.1478 0.4
      vertex 34.55 -62.05 0.4
      vertex 33.6846 -62.0937 0.4
    endloop
  endfacet
  facet normal 0 0 1
    outer loop
      vertex 33.4429 -62.1938 0.4
      vertex 34.55 -62.05 0.4
      vertex 33.5654 -62.1478 0.4
    endloop
  endfacet
  facet normal 0 0 1
    outer loop
      vertex 34.55 -62.05 0.4
      vertex 33.4429 -62.1938 0.4
      vertex 37.8 -65.3 0.4
    endloop
  endfacet
  facet normal -0 0 1
    outer loop
      vertex 33.3176 -62.2318 0.4
      vertex 37.8 -65.3 0.4
      vertex 33.4429 -62.1938 0.4
    endloop
  endfacet
  facet normal -0 0 1
    outer loop
      vertex 33.1902 -62.2616 0.4
      vertex 37.8 -65.3 0.4
      vertex 33.3176 -62.2318 0.4
    endloop
  endfacet
  facet normal -0 0 1
    outer loop
      vertex 33.061 -62.2829 0.4
      vertex 37.8 -65.3 0.4
      vertex 33.1902 -62.2616 0.4
    endloop
  endfacet
  facet normal -0 0 1
    outer loop
      vertex 32.9308 -62.2957 0.4
      vertex 37.8 -65.3 0.4
      vertex 33.061 -62.2829 0.4
    endloop
  endfacet
  facet normal -0 0 1
    outer loop
      vertex 32.8 -62.3 0.4
      vertex 37.8 -65.3 0.4
      vertex 32.9308 -62.2957 0.4
    endloop
  endfacet
  facet normal -0 0 1
    outer loop
      vertex -32.8 -62.3 0.4
      vertex 37.8 -65.3 0.4
      vertex 32.8 -62.3 0.4
    endloop
  endfacet
  facet normal 0 0 1
    outer loop
      vertex -37.8 -65.3 0.4
      vertex -32.8 -62.3 0.4
      vertex -32.9308 -62.2957 0.4
    endloop
  endfacet
  facet normal -0 0 1
    outer loop
      vertex -34.55 -62.05 0.4
      vertex -33.6846 -62.0937 0.4
      vertex -33.7664 -62.05 0.4
    endloop
  endfacet
  facet normal 0 0 1
    outer loop
      vertex -34.55 -62.05 0.4
      vertex -33.5654 -62.1478 0.4
      vertex -33.6846 -62.0937 0.4
    endloop
  endfacet
  facet normal 0 0 1
    outer loop
      vertex -34.55 -62.05 0.4
      vertex -33.4429 -62.1938 0.4
      vertex -33.5654 -62.1478 0.4
    endloop
  endfacet
  facet normal 0 0 1
    outer loop
      vertex -37.8 -65.3 0.4
      vertex -33.4429 -62.1938 0.4
      vertex -34.55 -62.05 0.4
    endloop
  endfacet
  facet normal 0 0 1
    outer loop
      vertex -33.4429 -62.1938 0.4
      vertex -37.8 -65.3 0.4
      vertex -33.3176 -62.2318 0.4
    endloop
  endfacet
  facet normal 0 0 1
    outer loop
      vertex -33.3176 -62.2318 0.4
      vertex -37.8 -65.3 0.4
      vertex -33.1902 -62.2616 0.4
    endloop
  endfacet
  facet normal 0 0 1
    outer loop
      vertex -34.6478 -61.0654 0.4
      vertex -34.55 -62.05 0.4
      vertex -34.5937 -61.1846 0.4
    endloop
  endfacet
  facet normal 0 0 1
    outer loop
      vertex -34.6938 -60.9429 0.4
      vertex -34.55 -62.05 0.4
      vertex -34.6478 -61.0654 0.4
    endloop
  endfacet
  facet normal 0 0 1
    outer loop
      vertex -37.8 -65.3 0.4
      vertex -34.6938 -60.9429 0.4
      vertex -34.7318 -60.8176 0.4
    endloop
  endfacet
  facet normal 0 0 1
    outer loop
      vertex -37.8 -65.3 0.4
      vertex -34.7318 -60.8176 0.4
      vertex -34.7616 -60.6902 0.4
    endloop
  endfacet
  facet normal 0 0 1
    outer loop
      vertex -37.8 -65.3 0.4
      vertex -34.7616 -60.6902 0.4
      vertex -34.7829 -60.561 0.4
    endloop
  endfacet
  facet normal 0 0 1
    outer loop
      vertex -32.8 -62.3 0.4
      vertex -37.8 -65.3 0.4
      vertex 37.8 -65.3 0.4
    endloop
  endfacet
  facet normal 0 0 1
    outer loop
      vertex -33.061 -62.2829 0.4
      vertex -37.8 -65.3 0.4
      vertex -32.9308 -62.2957 0.4
    endloop
  endfacet
  facet normal 0 0 1
    outer loop
      vertex -33.1902 -62.2616 0.4
      vertex -37.8 -65.3 0.4
      vertex -33.061 -62.2829 0.4
    endloop
  endfacet
  facet normal 0 0 1
    outer loop
      vertex -34.6938 -60.9429 0.4
      vertex -37.8 -65.3 0.4
      vertex -34.55 -62.05 0.4
    endloop
  endfacet
  facet normal 0 0 1
    outer loop
      vertex -34.7957 -60.4308 0.4
      vertex -37.8 -65.3 0.4
      vertex -34.7829 -60.561 0.4
    endloop
  endfacet
  facet normal 0 0 1
    outer loop
      vertex -34.8 -60.3 0.4
      vertex -37.8 -65.3 0.4
      vertex -34.7957 -60.4308 0.4
    endloop
  endfacet
  facet normal 0 0 1
    outer loop
      vertex -34.8 60.3 0.4
      vertex -37.8 -65.3 0.4
      vertex -34.8 -60.3 0.4
    endloop
  endfacet
  facet normal 1 0 0
    outer loop
      vertex -37.8 71.8 1.5
      vertex -37.8 70.8 0.4
      vertex -37.8 71.8 0
    endloop
  endfacet
  facet normal 1 -0 0
    outer loop
      vertex -37.8 -65.3 1.5
      vertex -37.8 70.8 0.4
      vertex -37.8 71.8 1.5
    endloop
  endfacet
  facet normal 1 0 0
    outer loop
      vertex -37.8 70.8 0.4
      vertex -37.8 -65.3 1.5
      vertex -37.8 -65.3 0.4
    endloop
  endfacet
  facet normal 1 0 0
    outer loop
      vertex -37.8 71.8 0
      vertex -37.8 70.8 0.4
      vertex -37.8 70.8 0
    endloop
  endfacet
  facet normal 0 1 -0
    outer loop
      vertex 37.8 -65.3 0.4
      vertex -37.8 -65.3 1.5
      vertex 37.8 -65.3 1.5
    endloop
  endfacet
  facet normal 0 1 0
    outer loop
      vertex -37.8 -65.3 1.5
      vertex 37.8 -65.3 0.4
      vertex -37.8 -65.3 0.4
    endloop
  endfacet
  facet normal -1 0 0
    outer loop
      vertex 37.8 70.8 0.4
      vertex 37.8 71.8 0
      vertex 37.8 70.8 0
    endloop
  endfacet
  facet normal -1 0 0
    outer loop
      vertex 37.8 71.8 0
      vertex 37.8 70.8 0.4
      vertex 37.8 71.8 1.5
    endloop
  endfacet
  facet normal -1 0 0
    outer loop
      vertex 37.8 -65.3 1.5
      vertex 37.8 70.8 0.4
      vertex 37.8 -65.3 0.4
    endloop
  endfacet
  facet normal -1 0 0
    outer loop
      vertex 37.8 70.8 0.4
      vertex 37.8 -65.3 1.5
      vertex 37.8 71.8 1.5
    endloop
  endfacet
  facet normal 1 -0 0
    outer loop
      vertex 34.55 61.2664 1.5
      vertex 34.55 70.8 0.4
      vertex 34.55 70.8 1.5
    endloop
  endfacet
  facet normal 1 0 0
    outer loop
      vertex 34.55 70.8 0.4
      vertex 34.55 61.2664 1.5
      vertex 34.55 61.2664 0.4
    endloop
  endfacet
  facet normal 1 -0 0
    outer loop
      vertex 34.55 -62.05 1.5
      vertex 34.55 -61.2664 0.4
      vertex 34.55 -61.2664 1.5
    endloop
  endfacet
  facet normal 1 0 0
    outer loop
      vertex 34.55 -61.2664 0.4
      vertex 34.55 -62.05 1.5
      vertex 34.55 -62.05 0.4
    endloop
  endfacet
  facet normal 0 -1 0
    outer loop
      vertex -34.55 -62.05 0.4
      vertex -33.7664 -62.05 1.5
      vertex -34.55 -62.05 1.5
    endloop
  endfacet
  facet normal 0 -1 -0
    outer loop
      vertex -33.7664 -62.05 1.5
      vertex -34.55 -62.05 0.4
      vertex -33.7664 -62.05 0.4
    endloop
  endfacet
  facet normal 0 -1 0
    outer loop
      vertex 33.7664 -62.05 0.4
      vertex 34.55 -62.05 1.5
      vertex 33.7664 -62.05 1.5
    endloop
  endfacet
  facet normal 0 -1 -0
    outer loop
      vertex 34.55 -62.05 1.5
      vertex 33.7664 -62.05 0.4
      vertex 34.55 -62.05 0.4
    endloop
  endfacet
  facet normal 0 1 0
    outer loop
      vertex -7.93591 70.8 1.5
      vertex -34.55 70.8 0.4
      vertex -34.55 70.8 1.5
    endloop
  endfacet
  facet normal 0 1 -0
    outer loop
      vertex -7.93591 70.8 0
      vertex -34.55 70.8 0.4
      vertex -7.93591 70.8 1.5
    endloop
  endfacet
  facet normal 0 1 0
    outer loop
      vertex -37.8 70.8 0
      vertex -34.55 70.8 0.4
      vertex -7.93591 70.8 0
    endloop
  endfacet
  facet normal 0 1 0
    outer loop
      vertex -34.55 70.8 0.4
      vertex -37.8 70.8 0
      vertex -37.8 70.8 0.4
    endloop
  endfacet
  facet normal 0 1 0
    outer loop
      vertex 37.8 70.8 0.4
      vertex 37.8 70.8 0
      vertex 34.55 70.8 0.4
    endloop
  endfacet
  facet normal 0 1 -0
    outer loop
      vertex 34.55 70.8 0.4
      vertex 7.93591 70.8 1.5
      vertex 34.55 70.8 1.5
    endloop
  endfacet
  facet normal 0 1 0
    outer loop
      vertex 7.93591 70.8 0
      vertex 34.55 70.8 0.4
      vertex 37.8 70.8 0
    endloop
  endfacet
  facet normal 0 1 0
    outer loop
      vertex 34.55 70.8 0.4
      vertex 7.93591 70.8 0
      vertex 7.93591 70.8 1.5
    endloop
  endfacet
  facet normal -0.0326645 0.999466 0
    outer loop
      vertex 0.523225 63.8171 0
      vertex 0 63.8 5.3
      vertex 0.523225 63.8171 5.3
    endloop
  endfacet
  facet normal -0.0326645 0.999466 0
    outer loop
      vertex 0 63.8 5.3
      vertex 0.523225 63.8171 0
      vertex 0 63.8 0
    endloop
  endfacet
  facet normal -0.999464 0.0327233 0
    outer loop
      vertex 7.98287 71.2768 1.5
      vertex 8 71.8 5.3
      vertex 8 71.8 1.5
    endloop
  endfacet
  facet normal -0.999464 0.0327233 0
    outer loop
      vertex 8 71.8 5.3
      vertex 7.98287 71.2768 1.5
      vertex 7.98287 71.2768 5.3
    endloop
  endfacet
  facet normal 0.582565 0.812784 -0
    outer loop
      vertex -4.44456 65.1482 0
      vertex -4.87009 65.4532 5.3
      vertex -4.44456 65.1482 5.3
    endloop
  endfacet
  facet normal 0.582565 0.812784 0
    outer loop
      vertex -4.87009 65.4532 5.3
      vertex -4.44456 65.1482 0
      vertex -4.87009 65.4532 0
    endloop
  endfacet
  facet normal 0.93592 0.352212 0
    outer loop
      vertex -7.39104 68.7385 5.3
      vertex -7.57544 69.2285 0
      vertex -7.57544 69.2285 5.3
    endloop
  endfacet
  facet normal 0.93592 0.352212 0
    outer loop
      vertex -7.57544 69.2285 0
      vertex -7.39104 68.7385 5.3
      vertex -7.39104 68.7385 0
    endloop
  endfacet
  facet normal 0.881924 0.471391 0
    outer loop
      vertex -6.9282 67.8 5.3
      vertex -7.17498 68.2617 0
      vertex -7.17498 68.2617 5.3
    endloop
  endfacet
  facet normal 0.881924 0.471391 0
    outer loop
      vertex -7.17498 68.2617 0
      vertex -6.9282 67.8 5.3
      vertex -6.9282 67.8 0
    endloop
  endfacet
  facet normal -0.412622 0.910902 0
    outer loop
      vertex 3.53831 64.625 0
      vertex 3.06147 64.409 5.3
      vertex 3.53831 64.625 5.3
    endloop
  endfacet
  facet normal -0.412622 0.910902 0
    outer loop
      vertex 3.06147 64.409 5.3
      vertex 3.53831 64.625 0
      vertex 3.06147 64.409 0
    endloop
  endfacet
  facet normal 0.412622 0.910902 -0
    outer loop
      vertex -3.06147 64.409 0
      vertex -3.53831 64.625 5.3
      vertex -3.06147 64.409 5.3
    endloop
  endfacet
  facet normal 0.412622 0.910902 0
    outer loop
      vertex -3.53831 64.625 5.3
      vertex -3.06147 64.409 0
      vertex -3.53831 64.625 0
    endloop
  endfacet
  facet normal -0.773028 0.634372 0
    outer loop
      vertex 6.01472 66.5252 0
      vertex 6.34683 66.9299 5.3
      vertex 6.34683 66.9299 0
    endloop
  endfacet
  facet normal -0.773028 0.634372 0
    outer loop
      vertex 6.34683 66.9299 5.3
      vertex 6.01472 66.5252 0
      vertex 6.01472 66.5252 5.3
    endloop
  endfacet
  facet normal -0.528006 0.849241 0
    outer loop
      vertex 4.44456 65.1482 0
      vertex 4 64.8718 5.3
      vertex 4.44456 65.1482 5.3
    endloop
  endfacet
  facet normal -0.528006 0.849241 0
    outer loop
      vertex 4 64.8718 5.3
      vertex 4.44456 65.1482 0
      vertex 4 64.8718 0
    endloop
  endfacet
  facet normal 0.290341 0.956923 -0
    outer loop
      vertex -2.07055 64.0726 0
      vertex -2.57152 64.2246 5.3
      vertex -2.07055 64.0726 5.3
    endloop
  endfacet
  facet normal 0.290341 0.956923 0
    outer loop
      vertex -2.57152 64.2246 5.3
      vertex -2.07055 64.0726 0
      vertex -2.57152 64.2246 0
    endloop
  endfacet
  facet normal -0.471429 0.881904 0
    outer loop
      vertex 4 64.8718 0
      vertex 3.53831 64.625 5.3
      vertex 4 64.8718 5.3
    endloop
  endfacet
  facet normal -0.471429 0.881904 0
    outer loop
      vertex 3.53831 64.625 5.3
      vertex 4 64.8718 0
      vertex 3.53831 64.625 0
    endloop
  endfacet
  facet normal 0.773028 0.634372 0
    outer loop
      vertex -6.01472 66.5252 5.3
      vertex -6.34683 66.9299 0
      vertex -6.34683 66.9299 5.3
    endloop
  endfacet
  facet normal 0.773028 0.634372 0
    outer loop
      vertex -6.34683 66.9299 0
      vertex -6.01472 66.5252 5.3
      vertex -6.01472 66.5252 0
    endloop
  endfacet
  facet normal 0.849228 0.528026 0
    outer loop
      vertex -6.65176 67.3554 5.3
      vertex -6.9282 67.8 0
      vertex -6.9282 67.8 5.3
    endloop
  endfacet
  facet normal 0.849228 0.528026 0
    outer loop
      vertex -6.9282 67.8 0
      vertex -6.65176 67.3554 5.3
      vertex -6.65176 67.3554 0
    endloop
  endfacet
  facet normal 0.973886 0.227036 0
    outer loop
      vertex -7.72741 69.7294 5.3
      vertex -7.84628 70.2393 0
      vertex -7.84628 70.2393 5.3
    endloop
  endfacet
  facet normal 0.973886 0.227036 0
    outer loop
      vertex -7.84628 70.2393 0
      vertex -7.72741 69.7294 5.3
      vertex -7.72741 69.7294 0
    endloop
  endfacet
  facet normal 0.683534 0.729918 -0
    outer loop
      vertex -5.27477 65.7853 0
      vertex -5.65685 66.1431 5.3
      vertex -5.27477 65.7853 5.3
    endloop
  endfacet
  facet normal 0.683534 0.729918 0
    outer loop
      vertex -5.65685 66.1431 5.3
      vertex -5.27477 65.7853 0
      vertex -5.65685 66.1431 0
    endloop
  endfacet
  facet normal -0.986642 0.162906 0
    outer loop
      vertex 7.84628 70.2393 0
      vertex 7.93156 70.7558 5.3
      vertex 7.93156 70.7558 0
    endloop
  endfacet
  facet normal -0.986642 0.162906 0
    outer loop
      vertex 7.93156 70.7558 5.3
      vertex 7.84628 70.2393 0
      vertex 7.84628 70.2393 5.3
    endloop
  endfacet
  facet normal 0.995185 0.0980157 0
    outer loop
      vertex -7.98287 71.2768 5.3
      vertex -7.93591 70.8 1.5
      vertex -7.98287 71.2768 1.5
    endloop
  endfacet
  facet normal 0.995185 0.0980095 7.80143e-07
    outer loop
      vertex -7.93156 70.7558 5.3
      vertex -7.93591 70.8 1.5
      vertex -7.98287 71.2768 5.3
    endloop
  endfacet
  facet normal 0.995192 0.0979431 -0
    outer loop
      vertex -7.93156 70.7558 0
      vertex -7.93591 70.8 1.5
      vertex -7.93156 70.7558 5.3
    endloop
  endfacet
  facet normal 0.995192 0.0979431 0
    outer loop
      vertex -7.93591 70.8 1.5
      vertex -7.93156 70.7558 0
      vertex -7.93591 70.8 0
    endloop
  endfacet
  facet normal -0.352243 0.935909 0
    outer loop
      vertex 3.06147 64.409 0
      vertex 2.57152 64.2246 5.3
      vertex 3.06147 64.409 5.3
    endloop
  endfacet
  facet normal -0.352243 0.935909 0
    outer loop
      vertex 2.57152 64.2246 5.3
      vertex 3.06147 64.409 0
      vertex 2.57152 64.2246 0
    endloop
  endfacet
  facet normal -0.0979934 0.995187 0
    outer loop
      vertex 1.04421 63.8684 0
      vertex 0.523225 63.8171 5.3
      vertex 1.04421 63.8684 5.3
    endloop
  endfacet
  facet normal -0.0979934 0.995187 0
    outer loop
      vertex 0.523225 63.8171 5.3
      vertex 1.04421 63.8684 0
      vertex 0.523225 63.8171 0
    endloop
  endfacet
  facet normal -0.582565 0.812784 0
    outer loop
      vertex 4.87009 65.4532 0
      vertex 4.44456 65.1482 5.3
      vertex 4.87009 65.4532 5.3
    endloop
  endfacet
  facet normal -0.582565 0.812784 0
    outer loop
      vertex 4.44456 65.1482 5.3
      vertex 4.87009 65.4532 0
      vertex 4.44456 65.1482 0
    endloop
  endfacet
  facet normal 0.0979934 0.995187 -0
    outer loop
      vertex -0.523225 63.8171 0
      vertex -1.04421 63.8684 5.3
      vertex -0.523225 63.8171 5.3
    endloop
  endfacet
  facet normal 0.0979934 0.995187 0
    outer loop
      vertex -1.04421 63.8684 5.3
      vertex -0.523225 63.8171 0
      vertex -1.04421 63.8684 0
    endloop
  endfacet
  facet normal 0.471429 0.881904 -0
    outer loop
      vertex -3.53831 64.625 0
      vertex -4 64.8718 5.3
      vertex -3.53831 64.625 5.3
    endloop
  endfacet
  facet normal 0.471429 0.881904 0
    outer loop
      vertex -4 64.8718 5.3
      vertex -3.53831 64.625 0
      vertex -4 64.8718 0
    endloop
  endfacet
  facet normal -0.956928 0.290326 0
    outer loop
      vertex 7.57544 69.2285 0
      vertex 7.72741 69.7294 5.3
      vertex 7.72741 69.7294 0
    endloop
  endfacet
  facet normal -0.956928 0.290326 0
    outer loop
      vertex 7.72741 69.7294 5.3
      vertex 7.57544 69.2285 0
      vertex 7.57544 69.2285 5.3
    endloop
  endfacet
  facet normal -0.812828 0.582504 0
    outer loop
      vertex 6.34683 66.9299 0
      vertex 6.65176 67.3554 5.3
      vertex 6.65176 67.3554 0
    endloop
  endfacet
  facet normal -0.812828 0.582504 0
    outer loop
      vertex 6.65176 67.3554 5.3
      vertex 6.34683 66.9299 0
      vertex 6.34683 66.9299 5.3
    endloop
  endfacet
  facet normal -0.93592 0.352212 0
    outer loop
      vertex 7.39104 68.7385 0
      vertex 7.57544 69.2285 5.3
      vertex 7.57544 69.2285 0
    endloop
  endfacet
  facet normal -0.93592 0.352212 0
    outer loop
      vertex 7.57544 69.2285 5.3
      vertex 7.39104 68.7385 0
      vertex 7.39104 68.7385 5.3
    endloop
  endfacet
  facet normal 0.956928 0.290326 0
    outer loop
      vertex -7.57544 69.2285 5.3
      vertex -7.72741 69.7294 0
      vertex -7.72741 69.7294 5.3
    endloop
  endfacet
  facet normal 0.956928 0.290326 0
    outer loop
      vertex -7.72741 69.7294 0
      vertex -7.57544 69.2285 5.3
      vertex -7.57544 69.2285 0
    endloop
  endfacet
  facet normal -0.72987 0.683586 0
    outer loop
      vertex 5.65685 66.1431 0
      vertex 6.01472 66.5252 5.3
      vertex 6.01472 66.5252 0
    endloop
  endfacet
  facet normal -0.72987 0.683586 0
    outer loop
      vertex 6.01472 66.5252 5.3
      vertex 5.65685 66.1431 0
      vertex 5.65685 66.1431 5.3
    endloop
  endfacet
  facet normal -0.995192 0.0979431 0
    outer loop
      vertex 7.93591 70.8 0
      vertex 7.93156 70.7558 0
      vertex 7.93591 70.8 1.5
    endloop
  endfacet
  facet normal -0.995185 0.0980157 0
    outer loop
      vertex 7.93591 70.8 1.5
      vertex 7.98287 71.2768 5.3
      vertex 7.98287 71.2768 1.5
    endloop
  endfacet
  facet normal -0.995185 0.0980095 7.80143e-07
    outer loop
      vertex 7.93591 70.8 1.5
      vertex 7.93156 70.7558 5.3
      vertex 7.98287 71.2768 5.3
    endloop
  endfacet
  facet normal -0.995192 0.0979431 0
    outer loop
      vertex 7.93156 70.7558 5.3
      vertex 7.93591 70.8 1.5
      vertex 7.93156 70.7558 0
    endloop
  endfacet
  facet normal -0.290341 0.956923 0
    outer loop
      vertex 2.57152 64.2246 0
      vertex 2.07055 64.0726 5.3
      vertex 2.57152 64.2246 5.3
    endloop
  endfacet
  facet normal -0.290341 0.956923 0
    outer loop
      vertex 2.07055 64.0726 5.3
      vertex 2.57152 64.2246 0
      vertex 2.07055 64.0726 0
    endloop
  endfacet
  facet normal -0.22712 0.973867 0
    outer loop
      vertex 2.07055 64.0726 0
      vertex 1.56072 63.9537 5.3
      vertex 2.07055 64.0726 5.3
    endloop
  endfacet
  facet normal -0.22712 0.973867 0
    outer loop
      vertex 1.56072 63.9537 5.3
      vertex 2.07055 64.0726 0
      vertex 1.56072 63.9537 0
    endloop
  endfacet
  facet normal 0.16294 0.986636 -0
    outer loop
      vertex -1.04421 63.8684 0
      vertex -1.56072 63.9537 5.3
      vertex -1.04421 63.8684 5.3
    endloop
  endfacet
  facet normal 0.16294 0.986636 0
    outer loop
      vertex -1.56072 63.9537 5.3
      vertex -1.04421 63.8684 0
      vertex -1.56072 63.9537 0
    endloop
  endfacet
  facet normal 0.986642 0.162906 0
    outer loop
      vertex -7.84628 70.2393 5.3
      vertex -7.93156 70.7558 0
      vertex -7.93156 70.7558 5.3
    endloop
  endfacet
  facet normal 0.986642 0.162906 0
    outer loop
      vertex -7.93156 70.7558 0
      vertex -7.84628 70.2393 5.3
      vertex -7.84628 70.2393 0
    endloop
  endfacet
  facet normal -0.16294 0.986636 0
    outer loop
      vertex 1.56072 63.9537 0
      vertex 1.04421 63.8684 5.3
      vertex 1.56072 63.9537 5.3
    endloop
  endfacet
  facet normal -0.16294 0.986636 0
    outer loop
      vertex 1.04421 63.8684 5.3
      vertex 1.56072 63.9537 0
      vertex 1.04421 63.8684 0
    endloop
  endfacet
  facet normal 0.812828 0.582504 0
    outer loop
      vertex -6.34683 66.9299 5.3
      vertex -6.65176 67.3554 0
      vertex -6.65176 67.3554 5.3
    endloop
  endfacet
  facet normal 0.812828 0.582504 0
    outer loop
      vertex -6.65176 67.3554 0
      vertex -6.34683 66.9299 5.3
      vertex -6.34683 66.9299 0
    endloop
  endfacet
  facet normal -0.881924 0.471391 0
    outer loop
      vertex 6.9282 67.8 0
      vertex 7.17498 68.2617 5.3
      vertex 7.17498 68.2617 0
    endloop
  endfacet
  facet normal -0.881924 0.471391 0
    outer loop
      vertex 7.17498 68.2617 5.3
      vertex 6.9282 67.8 0
      vertex 6.9282 67.8 5.3
    endloop
  endfacet
  facet normal 0.528006 0.849241 -0
    outer loop
      vertex -4 64.8718 0
      vertex -4.44456 65.1482 5.3
      vertex -4 64.8718 5.3
    endloop
  endfacet
  facet normal 0.528006 0.849241 0
    outer loop
      vertex -4.44456 65.1482 5.3
      vertex -4 64.8718 0
      vertex -4.44456 65.1482 0
    endloop
  endfacet
  facet normal 0.352243 0.935909 -0
    outer loop
      vertex -2.57152 64.2246 0
      vertex -3.06147 64.409 5.3
      vertex -2.57152 64.2246 5.3
    endloop
  endfacet
  facet normal 0.352243 0.935909 0
    outer loop
      vertex -3.06147 64.409 5.3
      vertex -2.57152 64.2246 0
      vertex -3.06147 64.409 0
    endloop
  endfacet
  facet normal 0.0326645 0.999466 -0
    outer loop
      vertex 0 63.8 0
      vertex -0.523225 63.8171 5.3
      vertex 0 63.8 5.3
    endloop
  endfacet
  facet normal 0.0326645 0.999466 0
    outer loop
      vertex -0.523225 63.8171 5.3
      vertex 0 63.8 0
      vertex -0.523225 63.8171 0
    endloop
  endfacet
  facet normal 0.999464 0.0327233 0
    outer loop
      vertex -7.98287 71.2768 5.3
      vertex -8 71.8 1.5
      vertex -8 71.8 5.3
    endloop
  endfacet
  facet normal 0.999464 0.0327233 0
    outer loop
      vertex -8 71.8 1.5
      vertex -7.98287 71.2768 5.3
      vertex -7.98287 71.2768 1.5
    endloop
  endfacet
  facet normal 0.22712 0.973867 -0
    outer loop
      vertex -1.56072 63.9537 0
      vertex -2.07055 64.0726 5.3
      vertex -1.56072 63.9537 5.3
    endloop
  endfacet
  facet normal 0.22712 0.973867 0
    outer loop
      vertex -2.07055 64.0726 5.3
      vertex -1.56072 63.9537 0
      vertex -2.07055 64.0726 0
    endloop
  endfacet
  facet normal 0.72987 0.683586 0
    outer loop
      vertex -5.65685 66.1431 5.3
      vertex -6.01472 66.5252 0
      vertex -6.01472 66.5252 5.3
    endloop
  endfacet
  facet normal 0.72987 0.683586 0
    outer loop
      vertex -6.01472 66.5252 0
      vertex -5.65685 66.1431 5.3
      vertex -5.65685 66.1431 0
    endloop
  endfacet
  facet normal -0.849228 0.528026 0
    outer loop
      vertex 6.65176 67.3554 0
      vertex 6.9282 67.8 5.3
      vertex 6.9282 67.8 0
    endloop
  endfacet
  facet normal -0.849228 0.528026 0
    outer loop
      vertex 6.9282 67.8 5.3
      vertex 6.65176 67.3554 0
      vertex 6.65176 67.3554 5.3
    endloop
  endfacet
  facet normal -0.634379 0.773022 0
    outer loop
      vertex 5.27477 65.7853 0
      vertex 4.87009 65.4532 5.3
      vertex 5.27477 65.7853 5.3
    endloop
  endfacet
  facet normal -0.634379 0.773022 0
    outer loop
      vertex 4.87009 65.4532 5.3
      vertex 5.27477 65.7853 0
      vertex 4.87009 65.4532 0
    endloop
  endfacet
  facet normal 0.910846 0.412746 0
    outer loop
      vertex -7.17498 68.2617 5.3
      vertex -7.39104 68.7385 0
      vertex -7.39104 68.7385 5.3
    endloop
  endfacet
  facet normal 0.910846 0.412746 0
    outer loop
      vertex -7.39104 68.7385 0
      vertex -7.17498 68.2617 5.3
      vertex -7.17498 68.2617 0
    endloop
  endfacet
  facet normal 0.634379 0.773022 -0
    outer loop
      vertex -4.87009 65.4532 0
      vertex -5.27477 65.7853 5.3
      vertex -4.87009 65.4532 5.3
    endloop
  endfacet
  facet normal 0.634379 0.773022 0
    outer loop
      vertex -5.27477 65.7853 5.3
      vertex -4.87009 65.4532 0
      vertex -5.27477 65.7853 0
    endloop
  endfacet
  facet normal -0.973886 0.227036 0
    outer loop
      vertex 7.72741 69.7294 0
      vertex 7.84628 70.2393 5.3
      vertex 7.84628 70.2393 0
    endloop
  endfacet
  facet normal -0.973886 0.227036 0
    outer loop
      vertex 7.84628 70.2393 5.3
      vertex 7.72741 69.7294 0
      vertex 7.72741 69.7294 5.3
    endloop
  endfacet
  facet normal -0.910846 0.412746 0
    outer loop
      vertex 7.17498 68.2617 0
      vertex 7.39104 68.7385 5.3
      vertex 7.39104 68.7385 0
    endloop
  endfacet
  facet normal -0.910846 0.412746 0
    outer loop
      vertex 7.39104 68.7385 5.3
      vertex 7.17498 68.2617 0
      vertex 7.17498 68.2617 5.3
    endloop
  endfacet
  facet normal -0.683534 0.729918 0
    outer loop
      vertex 5.65685 66.1431 0
      vertex 5.27477 65.7853 5.3
      vertex 5.65685 66.1431 5.3
    endloop
  endfacet
  facet normal -0.683534 0.729918 0
    outer loop
      vertex 5.27477 65.7853 5.3
      vertex 5.65685 66.1431 0
      vertex 5.27477 65.7853 0
    endloop
  endfacet
endsolid OpenSCAD_Model
